erfeat,floor,arm,K,hold_min,n,gross,gross_sd,net,t,forfeit_atr,TR_n,TR,VA_n,VA,TE_n,TE,matched
er8,0.0,STATE,1,30,2646,0.7266628873771731,49.193455142907744,-0.5233371126228269,-0.5472290287179808,0.0,1027,0.4863680623174294,819,-2.6981074481074483,800,0.406875,False
er8,0.0,STATE,1,30,601,35.30823627287854,48.78764506734687,34.05823627287854,17.113921451448228,0.0,242,26.50619834710744,193,34.70984455958549,166,44.31024096385542,True
er8,0.0,STATE,1,60,2609,1.3177462629359908,70.2553016179196,0.06774626293599084,0.049254201220694606,0.0,1011,0.4248269040553907,806,0.25620347394540943,792,-0.5798611111111112,False
er8,0.0,STATE,1,60,601,58.51497504159734,71.65254985256544,57.26497504159734,19.592716832898127,0.0,242,45.07231404958678,193,58.94170984455958,166,73.09036144578313,True
er8,0.0,STATE,1,90,2536,1.225749211356467,87.27804536419384,-0.024250788643533028,-0.013992505288620123,0.0,981,-0.22935779816513763,787,0.7509529860228716,768,-0.556640625,False
er8,0.0,STATE,1,90,591,67.45769881556683,85.80001819831492,66.20769881556683,18.759223333659502,0.0,238,55.01890756302521,191,65.18193717277487,162,83.85493827160494,True
er8,0.0,STATE,1,120,2477,0.4266249495357287,101.80642813301216,-0.8233750504642713,-0.4025181850744141,0.0,960,-0.10598958333333333,768,-0.07259114583333333,749,-2.512683578104139,False
er8,0.0,STATE,1,120,579,67.67443868739205,99.4879081582799,66.42443868739205,16.06559725599384,0.0,234,54.45405982905983,186,65.29166666666667,159,85.36635220125787,True
er8,0.0,STATE,2,30,1656,1.633756038647343,48.51531120970871,0.3837560386473431,0.32188931974972873,0.3371114026375033,673,-0.2555720653789004,494,2.9154858299595143,489,-1.293967280163599,False
er8,0.0,STATE,2,30,601,28.21422628951747,49.93432529942412,26.96422628951747,13.238110839359436,0.4912070388798082,242,22.520661157024794,193,29.03886010362694,166,31.03012048192771,True
er8,0.0,STATE,2,60,1611,0.6885474860335196,71.89062351373259,-0.5614525139664804,-0.3134646348166139,0.3434243650431898,653,-1.6251914241960184,483,4.442028985507246,475,-4.186842105263158,False
er8,0.0,STATE,2,60,601,45.445923460898506,66.85802267382824,44.195923460898506,16.20563005755805,0.4912070388798082,242,34.87190082644628,193,45.9559585492228,166,55.74246987951807,True
er8,0.0,STATE,2,90,1580,-0.5792721518987342,90.05060460248768,-1.829272151898734,-0.8074585422018012,0.3440521627618179,642,-2.7309190031152646,473,3.6569767441860463,465,-6.16505376344086,False
er8,0.0,STATE,2,90,584,46.75256849315068,84.9931297914418,45.50256849315068,12.937742812119327,0.4922927145553176,236,37.76059322033898,188,49.32047872340426,160,52.4359375,True
er8,0.0,STATE,2,120,1545,-0.6993527508090615,100.89978844635216,-1.9493527508090613,-0.7593892089833734,0.3485221663571788,624,0.29607371794871795,465,1.4005376344086022,456,-8.438048245614034,False
er8,0.0,STATE,2,120,578,48.187716262975776,96.70626685943449,46.937716262975776,11.668935947872942,0.4916462183595863,233,42.11909871244635,186,45.17607526881721,159,56.05974842767296,True
er8,0.0,STATE,3,30,1184,1.6066300675675675,51.49230322261649,0.35663006756756754,0.23831506063812213,0.6755720303573564,479,-1.6847599164926932,349,5.77865329512894,356,-2.212078651685393,False
er8,0.0,STATE,3,30,601,23.203826955074874,46.9732686606259,21.953826955074874,11.457680055264916,0.8871216578634402,242,17.298553719008265,193,23.02979274611399,166,27.4894578313253,True
er8,0.0,STATE,3,60,1147,2.209023539668701,72.9200921106532,0.959023539668701,0.4454139017731302,0.6818946588989674,463,-0.6474082073434125,341,5.98900293255132,343,-1.8731778425655976,False
er8,0.0,STATE,3,60,591,32.47673434856176,65.82135385303359,31.226734348561763,11.533297592047077,0.8858979456992822,238,27.357142857142858,191,29.654450261780106,162,38.76543209876543,True
er8,0.0,STATE,3,90,1125,1.7575555555555555,87.54328078429806,0.5075555555555555,0.19446302121854958,0.6844351252399342,455,-0.4340659340659341,332,6.198795180722891,338,-3.81508875739645,False
er8,0.0,STATE,3,90,579,33.038428324697755,79.80133835274246,31.788428324697755,9.58513343407892,0.887847410363966,234,27.168803418803417,186,30.29032258064516,159,40.339622641509436,True
er8,0.0,STATE,3,120,1107,1.7233514001806685,104.36865036880943,0.47335140018066846,0.15089936390418043,0.6856112480897804,445,3.237078651685393,327,4.6880733944954125,335,-7.311940298507463,False
er8,0.0,STATE,3,120,574,34.29094076655052,99.36723484664368,33.04094076655052,7.96645570964318,0.8862908697678643,231,29.693722943722943,184,30.22961956521739,159,41.15723270440252,True
er8,0.0,STATE,4,30,910,1.8585164835164836,50.28508765181774,0.6085164835164836,0.36505124302961284,1.033147487627773,357,0.7976190476190477,279,2.565412186379928,274,-1.6304744525547445,False
er8,0.0,STATE,4,30,601,17.25124792013311,44.788490180031374,16.00124792013311,8.758397817598468,1.236563081546433,242,11.169421487603305,193,15.66839378238342,166,23.43222891566265,True
er8,0.0,STATE,4,60,892,1.7174887892376682,75.73616490633316,0.46748878923766823,0.18435304615135095,1.0344707110966758,351,0.9408831908831908,273,2.4963369963369964,268,-2.219216417910448,False
er8,0.0,STATE,4,60,584,18.79152397260274,67.0872560457317,17.54152397260274,6.318786997738758,1.2435397572627236,236,14.114406779661017,188,18.81648936170213,160,21.0984375,True
er8,0.0,STATE,4,90,879,0.9334470989761092,90.07923844551541,-0.3165529010238908,-0.10418759893964305,1.0387242126906269,344,5.255087209302325,271,-1.8560885608856088,264,-5.996212121212121,False
er8,0.0,STATE,4,90,578,20.060553633217992,80.06364864719585,18.810553633217992,5.64846080245653,1.2452358636130036,233,18.469957081545065,186,14.35752688172043,159,24.5188679245283,True
er8,0.0,STATE,4,120,865,0.2852601156069364,106.17172184331457,-0.9647398843930636,-0.2672449003905093,1.0415624257835814,339,2.02212389380531,265,0.46132075471698114,261,-6.292145593869732,False
er8,0.0,STATE,4,120,570,20.317543859649124,99.28958794935072,19.067543859649124,4.584885279804469,1.2460948740294688,229,14.318777292576419,183,17.93032786885246,158,27.26740506329114,True
er8,0.0,STATE,5,30,714,2.070028011204482,51.9230064182645,0.820028011204482,0.42200535575182274,1.4040419180083354,280,3.325892857142857,230,-1.1565217391304348,204,-0.3909313725490196,False
er8,0.0,STATE,5,30,591,8.787225042301184,50.29793322318369,7.537225042301184,3.6429657055860813,1.5209056343000054,238,8.326680672268907,191,4.982984293193717,162,9.38888888888889,True
er8,0.0,STATE,5,60,701,0.9750356633380884,71.38673034079041,-0.27496433666191156,-0.10198067610686555,1.4113814228941433,276,2.0317028985507246,224,-0.6127232142857143,201,-3.06592039800995,False
er8,0.0,STATE,5,60,579,9.013816925734025,68.38974519771689,7.763816925734025,2.731640746055937,1.5308936476070898,234,7.745726495726496,186,5.30241935483871,159,10.669811320754716,True
er8,0.0,STATE,5,90,692,1.9822976878612717,88.78984884846658,0.7322976878612717,0.21695886162671235,1.4170498189861436,271,4.032287822878229,222,-0.6024774774774775,199,-2.272613065326633,False
er8,0.0,STATE,5,90,574,10.22691637630662,87.6136833831029,8.97691637630662,2.4547721462381986,1.5328072310175194,231,9.979437229437229,184,5.548913043478261,159,11.4874213836478,True
er8,0.0,STATE,5,120,679,1.001840942562592,99.81772333182471,-0.24815905743740796,-0.06478244841973545,1.4251140489370129,267,0.6779026217228464,217,-1.4297235023041475,195,-0.2012820512820513,False
er8,0.0,STATE,5,120,564,9.584219858156029,99.01363788724957,8.334219858156029,1.9989847810060772,1.539844557471662,227,6.277533039647577,181,6.56767955801105,156,13.376602564102564,True
er8,0.0,STATE,6,30,584,0.9790239726027398,50.38419811267617,-0.27097602739726023,-0.12996994769911233,1.7115326733810419,236,1.097457627118644,188,1.553191489361702,160,-4.4328125,False
er8,0.0,STATE,6,30,584,0.9790239726027398,50.38419811267617,-0.27097602739726023,-0.12996994769911233,1.7115326733810419,236,1.097457627118644,188,1.553191489361702,160,-4.4328125,True
er8,0.0,STATE,6,60,578,2.16522491349481,65.80824444118784,0.9152249134948098,0.3343577911355476,1.715192248667402,233,5.332618025751073,186,-2.850806451612903,159,-1.1525157232704402,False
er8,0.0,STATE,6,60,578,2.16522491349481,65.80824444118784,0.9152249134948098,0.3343577911355476,1.715192248667402,233,5.332618025751073,186,-2.850806451612903,159,-1.1525157232704402,True
er8,0.0,STATE,6,90,570,2.238157894736842,87.96411167628463,0.9881578947368421,0.26819967751564533,1.7194894169837065,229,0.8100436681222707,183,0.3483606557377049,158,1.9873417721518987,False
er8,0.0,STATE,6,90,570,2.238157894736842,87.96411167628463,0.9881578947368421,0.26819967751564533,1.7194894169837065,229,0.8100436681222707,183,0.3483606557377049,158,1.9873417721518987,True
er8,0.0,STATE,6,120,564,2.7907801418439715,102.5754244183009,1.5407801418439715,0.35672775596931194,1.7240144808997926,227,1.327092511013216,181,2.1215469613259668,156,1.1778846153846154,False
er8,0.0,STATE,6,120,564,2.7907801418439715,102.5754244183009,1.5407801418439715,0.35672775596931194,1.7240144808997926,227,1.327092511013216,181,2.1215469613259668,156,1.1778846153846154,True
er8,0.0,ER,1,30,3573,0.44990204310103554,49.1143743583019,-0.8000979568989645,-0.9737580328656136,0.0,1439,-0.9527449617790132,1044,0.5172413793103449,1090,-1.8603211009174312,False
er8,0.0,ER,1,30,1388,25.2921469740634,44.83049694873485,24.0421469740634,19.979951410877547,0.0,542,20.391143911439116,440,24.010227272727274,406,28.950738916256157,True
er8,0.0,ER,1,60,3507,0.4037639007698888,71.79991177140266,-0.8462360992301112,-0.6979680133755631,0.0,1410,0.03226950354609929,1028,-1.1466439688715953,1069,-1.716089803554724,False
er8,0.0,ER,1,60,1388,39.044668587896254,63.240928206303025,37.794668587896254,22.265222473814696,0.0,542,30.68819188191882,440,36.08806818181818,406,49.13115763546798,True
er8,0.0,ER,1,90,3416,0.6186329039812647,85.49472895059367,-0.6313670960187353,-0.431619975669427,0.0,1369,-0.7669831994156319,1002,1.3817365269461077,1045,-2.3839712918660285,False
er8,0.0,ER,1,90,1365,42.75,77.57077933379045,41.5,19.76588515581316,0.0,533,32.74624765478424,431,41.94489559164733,401,52.6571072319202,True
er8,0.0,ER,1,120,3327,-0.3258941989780583,99.35318829442674,-1.5758941989780584,-0.914895831576668,0.0,1338,-1.3258594917787743,974,-0.9602156057494866,1015,-2.4963054187192117,False
er8,0.0,ER,1,120,1335,42.20543071161049,93.01016915000666,40.95543071161049,16.088727510798936,0.0,522,32.56609195402299,419,40.43973747016707,394,52.618654822335024,True
er8,0.0,ER,2,30,2587,0.6947236180904522,48.50841032426952,-0.5552763819095478,-0.5822243617017896,0.20468335196024307,1036,0.31805019305019305,776,-2.0637886597938144,775,-0.21225806451612902,False
er8,0.0,ER,2,30,1388,17.158321325648416,47.218520688671006,15.908321325648416,12.551820233323543,0.3453496607844105,542,13.039206642066421,440,15.502272727272727,406,20.178571428571427,True
er8,0.0,ER,2,60,2524,0.8264659270998416,72.230963414132,-0.42353407290015843,-0.2945843171008136,0.20834543660893434,1007,0.3920059582919563,761,-1.4181997371879107,756,-0.5085978835978836,False
er8,0.0,ER,2,60,1388,26.8771613832853,63.00511349577595,25.6271613832853,15.15372628930632,0.3453496607844105,542,20.22278597785978,440,25.619318181818183,406,32.85036945812808,True
er8,0.0,ER,2,90,2462,1.8977457351746547,85.07618892247147,0.6477457351746547,0.37778138941947775,0.20636839027262818,987,0.08054711246200608,739,0.05717185385656292,736,2.001358695652174,False
er8,0.0,ER,2,90,1351,28.099555884529977,79.88172094129767,26.849555884529977,12.35427796211271,0.34206370279533727,529,21.208884688090738,424,25.66391509433962,398,35.609924623115575,True
er8,0.0,ER,2,120,2398,0.5399291075896581,101.55142003566002,-0.7100708924103419,-0.34240515846708075,0.20828772998808692,961,-0.8982830385015609,719,-1.5469401947148818,718,0.37987465181058494,False
er8,0.0,ER,2,120,1316,26.456686930091184,93.76648562238748,25.206686930091184,9.752053454948305,0.34454165216392957,514,20.401750972762645,415,28.237951807228917,387,28.337855297157624,True
er8,0.0,ER,3,30,2101,1.0681818181818181,52.43948744098852,-0.18181818181818188,-0.15892488234712102,0.41148840197472414,832,1.3374399038461537,636,-3.3199685534591197,633,0.9743285939968405,False
er8,0.0,ER,3,30,1388,13.765670028818445,46.08310392066074,12.515670028818445,10.118289810641281,0.603504448712858,542,9.04889298892989,440,10.831818181818182,406,18.9685960591133,True
er8,0.0,ER,3,60,2048,1.42822265625,69.17072451416561,0.17822265625,0.11660188294337326,0.40854423794689976,809,0.0188504326328801,620,0.6024193548387097,619,-0.03836833602584814,False
er8,0.0,ER,3,60,1365,17.763919413919414,63.37034244010289,16.513919413919414,9.627874768131688,0.601498906525644,533,11.242026266416511,431,16.823085846867748,401,23.188902743142144,True
er8,0.0,ER,3,90,1999,1.0121310655327664,85.68483580977781,-0.23786893446723356,-0.12411953942051933,0.4124362820477182,793,0.011664564943253467,602,-2.0390365448504983,604,1.2297185430463575,False
er8,0.0,ER,3,90,1335,17.30486891385768,81.29190497433841,16.05486891385768,7.216059341471975,0.6058885054706293,522,11.560823754789272,419,15.432577565632458,394,22.67068527918782,True
er8,0.0,ER,3,120,1960,0.21785714285714286,103.93356495348742,-1.032142857142857,-0.43965500663700474,0.41116006828480584,775,-0.13612903225806453,593,-0.2403035413153457,592,-2.998310810810811,False
er8,0.0,ER,3,120,1309,15.98357524828113,97.7935776412777,14.73357524828113,5.450892715156365,0.6050051221896489,511,11.518101761252446,413,17.749394673123486,385,15.766233766233766,True
er8,0.0,ER,4,30,1786,-0.8386058230683091,52.283579753462696,-2.088605823068309,-1.6882311004916184,0.610142966764188,706,-1.3509206798866855,546,-1.2243589743589745,534,-3.947565543071161,False
er8,0.0,ER,4,30,1388,9.734870317002882,42.04556491949152,8.484870317002882,7.518301710184867,0.7885129381966469,542,5.949261992619927,440,8.883522727272727,406,11.437807881773399,True
er8,0.0,ER,4,60,1739,0.5188326624496837,68.92008804473036,-0.7311673375503163,-0.44240573677443007,0.6123561984647333,691,-1.280752532561505,528,-0.6439393939393939,520,-0.08942307692307692,False
er8,0.0,ER,4,60,1351,10.830495928941525,64.9791159246297,9.580495928941525,5.419283450100865,0.7921217104621044,529,6.76937618147448,424,8.752948113207546,398,14.198492462311558,True
er8,0.0,ER,4,90,1696,-1.0667747641509433,87.2732607979081,-2.316774764150943,-1.0932400542202378,0.6146775760819795,673,-2.148959881129272,516,0.8406007751937985,507,-5.752958579881657,False
er8,0.0,ER,4,90,1316,9.687310030395137,80.60297397110541,8.437310030395137,3.797352260177527,0.7952154097163997,514,6.751459143968872,415,11.024698795180722,387,7.901808785529716,True
er8,0.0,ER,4,120,1670,-2.6251497005988025,105.066036307876,-3.8751497005988025,-1.5072468032766797,0.615913422884759,662,-2.0751510574018126,506,-2.0345849802371543,502,-8.104083665338646,False
er8,0.0,ER,4,120,1297,8.078450269853509,97.35596834248037,6.828450269853509,2.5259779672581657,0.797442477301241,506,7.316205533596838,408,7.814338235294118,383,5.133812010443864,True
er8,0.0,ER,5,30,1541,-0.4297534068786502,48.97410333637044,-1.6797534068786502,-1.3464193879270503,0.8402565639433707,608,-3.1101973684210527,476,1.3755252100840336,457,-2.9589715536105032,False
er8,0.0,ER,5,30,1365,3.703846153846154,47.936036678011554,2.453846153846154,1.8912612850816957,0.9674758884288557,533,0.573170731707317,431,4.544083526682135,401,2.7069825436408976,True
er8,0.0,ER,5,60,1504,-0.8096742021276596,70.92738129705802,-2.0596742021276597,-1.1261818451383832,0.8488533099399936,595,-2.646638655462185,462,0.02922077922077922,447,-3.437360178970917,False
er8,0.0,ER,5,60,1335,3.2342696629213483,68.8799217783027,1.9842696629213483,1.0525644073762446,0.9759005674689502,522,0.9693486590038314,419,2.867541766109785,394,2.3895939086294415,True
er8,0.0,ER,5,90,1474,-1.9138398914518318,91.96249976472879,-3.1638398914518318,-1.3208468700383287,0.8496220109437477,582,-3.620704467353952,455,3.343956043956044,437,-9.331235697940503,False
er8,0.0,ER,5,90,1309,1.9071810542398777,88.0749186863323,0.6571810542398777,0.26996198146907485,0.9769423471677684,511,0.8028375733855186,413,5.349878934624697,385,-4.57012987012987,True
er8,0.0,ER,5,120,1444,-2.335006925207756,103.19465523779088,-3.585006925207756,-1.3201290594360733,0.8507103237019499,570,-2.937719298245614,441,2.1445578231292517,433,-10.272517321016167,False
er8,0.0,ER,5,120,1282,2.297971918876755,98.48462494366464,1.0479719188767551,0.3810002168343006,0.9791516234166946,499,2.3226452905811623,402,2.6921641791044775,381,-2.356299212598425,True
er8,0.0,ER,6,30,1351,0.6287934863064397,48.55040977004769,-0.6212065136935603,-0.47029544847917815,1.0548791687837749,529,-0.7892249527410208,424,-2.172759433962264,398,1.2550251256281406,False
er8,0.0,ER,6,30,1351,0.6287934863064397,48.55040977004769,-0.6212065136935603,-0.47029544847917815,1.0548791687837749,529,-0.7892249527410208,424,-2.172759433962264,398,1.2550251256281406,True
er8,0.0,ER,6,60,1316,-0.5132978723404256,70.69836729813122,-1.7632978723404256,-0.9047826077953572,1.0595639908848302,514,-0.7203307392996109,415,0.12831325301204818,387,-5.177002583979328,False
er8,0.0,ER,6,60,1316,-0.5132978723404256,70.69836729813122,-1.7632978723404256,-0.9047826077953572,1.0595639908848302,514,-0.7203307392996109,415,0.12831325301204818,387,-5.177002583979328,True
er8,0.0,ER,6,90,1297,-2.0877023901310716,90.00463523880313,-3.3377023901310716,-1.3355271510690678,1.0637896193847935,506,-0.058794466403162056,408,-3.0269607843137254,383,-8.00065274151436,False
er8,0.0,ER,6,90,1297,-2.0877023901310716,90.00463523880313,-3.3377023901310716,-1.3355271510690678,1.0637896193847935,506,-0.058794466403162056,408,-3.0269607843137254,383,-8.00065274151436,True
er8,0.0,ER,6,120,1265,-2.2035573122529644,98.36430932450118,-3.4535573122529644,-1.248746786064491,1.0689476973858658,493,-0.43052738336713997,398,-5.1293969849246235,374,-5.6550802139037435,False
er8,0.0,ER,6,120,1265,-2.2035573122529644,98.36430932450118,-3.4535573122529644,-1.248746786064491,1.0689476973858658,493,-0.43052738336713997,398,-5.1293969849246235,374,-5.6550802139037435,True
er8,0.0,BOTH,1,30,2646,0.7266628873771731,49.193455142907744,-0.5233371126228269,-0.5472290287179808,0.0,1027,0.4863680623174294,819,-2.6981074481074483,800,0.406875,False
er8,0.0,BOTH,1,30,601,35.30823627287854,48.78764506734687,34.05823627287854,17.113921451448228,0.0,242,26.50619834710744,193,34.70984455958549,166,44.31024096385542,True
er8,0.0,BOTH,1,60,2609,1.3177462629359908,70.2553016179196,0.06774626293599084,0.049254201220694606,0.0,1011,0.4248269040553907,806,0.25620347394540943,792,-0.5798611111111112,False
er8,0.0,BOTH,1,60,601,58.51497504159734,71.65254985256544,57.26497504159734,19.592716832898127,0.0,242,45.07231404958678,193,58.94170984455958,166,73.09036144578313,True
er8,0.0,BOTH,1,90,2536,1.225749211356467,87.27804536419384,-0.024250788643533028,-0.013992505288620123,0.0,981,-0.22935779816513763,787,0.7509529860228716,768,-0.556640625,False
er8,0.0,BOTH,1,90,591,67.45769881556683,85.80001819831492,66.20769881556683,18.759223333659502,0.0,238,55.01890756302521,191,65.18193717277487,162,83.85493827160494,True
er8,0.0,BOTH,1,120,2477,0.4266249495357287,101.80642813301216,-0.8233750504642713,-0.4025181850744141,0.0,960,-0.10598958333333333,768,-0.07259114583333333,749,-2.512683578104139,False
er8,0.0,BOTH,1,120,579,67.67443868739205,99.4879081582799,66.42443868739205,16.06559725599384,0.0,234,54.45405982905983,186,65.29166666666667,159,85.36635220125787,True
er8,0.0,BOTH,2,30,1656,1.633756038647343,48.51531120970871,0.3837560386473431,0.32188931974972873,0.3371114026375033,673,-0.2555720653789004,494,2.9154858299595143,489,-1.293967280163599,False
er8,0.0,BOTH,2,30,601,28.21422628951747,49.93432529942412,26.96422628951747,13.238110839359436,0.4912070388798082,242,22.520661157024794,193,29.03886010362694,166,31.03012048192771,True
er8,0.0,BOTH,2,60,1611,0.6885474860335196,71.89062351373259,-0.5614525139664804,-0.3134646348166139,0.3434243650431898,653,-1.6251914241960184,483,4.442028985507246,475,-4.186842105263158,False
er8,0.0,BOTH,2,60,601,45.445923460898506,66.85802267382824,44.195923460898506,16.20563005755805,0.4912070388798082,242,34.87190082644628,193,45.9559585492228,166,55.74246987951807,True
er8,0.0,BOTH,2,90,1580,-0.5792721518987342,90.05060460248768,-1.829272151898734,-0.8074585422018012,0.3440521627618179,642,-2.7309190031152646,473,3.6569767441860463,465,-6.16505376344086,False
er8,0.0,BOTH,2,90,584,46.75256849315068,84.9931297914418,45.50256849315068,12.937742812119327,0.4922927145553176,236,37.76059322033898,188,49.32047872340426,160,52.4359375,True
er8,0.0,BOTH,2,120,1545,-0.6993527508090615,100.89978844635216,-1.9493527508090613,-0.7593892089833734,0.3485221663571788,624,0.29607371794871795,465,1.4005376344086022,456,-8.438048245614034,False
er8,0.0,BOTH,2,120,578,48.187716262975776,96.70626685943449,46.937716262975776,11.668935947872942,0.4916462183595863,233,42.11909871244635,186,45.17607526881721,159,56.05974842767296,True
er8,0.0,BOTH,3,30,1184,1.6066300675675675,51.49230322261649,0.35663006756756754,0.23831506063812213,0.6755720303573564,479,-1.6847599164926932,349,5.77865329512894,356,-2.212078651685393,False
er8,0.0,BOTH,3,30,601,23.203826955074874,46.9732686606259,21.953826955074874,11.457680055264916,0.8871216578634402,242,17.298553719008265,193,23.02979274611399,166,27.4894578313253,True
er8,0.0,BOTH,3,60,1147,2.209023539668701,72.9200921106532,0.959023539668701,0.4454139017731302,0.6818946588989674,463,-0.6474082073434125,341,5.98900293255132,343,-1.8731778425655976,False
er8,0.0,BOTH,3,60,591,32.47673434856176,65.82135385303359,31.226734348561763,11.533297592047077,0.8858979456992822,238,27.357142857142858,191,29.654450261780106,162,38.76543209876543,True
er8,0.0,BOTH,3,90,1125,1.7575555555555555,87.54328078429806,0.5075555555555555,0.19446302121854958,0.6844351252399342,455,-0.4340659340659341,332,6.198795180722891,338,-3.81508875739645,False
er8,0.0,BOTH,3,90,579,33.038428324697755,79.80133835274246,31.788428324697755,9.58513343407892,0.887847410363966,234,27.168803418803417,186,30.29032258064516,159,40.339622641509436,True
er8,0.0,BOTH,3,120,1107,1.7233514001806685,104.36865036880943,0.47335140018066846,0.15089936390418043,0.6856112480897804,445,3.237078651685393,327,4.6880733944954125,335,-7.311940298507463,False
er8,0.0,BOTH,3,120,574,34.29094076655052,99.36723484664368,33.04094076655052,7.96645570964318,0.8862908697678643,231,29.693722943722943,184,30.22961956521739,159,41.15723270440252,True
er8,0.0,BOTH,4,30,910,1.8585164835164836,50.28508765181774,0.6085164835164836,0.36505124302961284,1.033147487627773,357,0.7976190476190477,279,2.565412186379928,274,-1.6304744525547445,False
er8,0.0,BOTH,4,30,601,17.25124792013311,44.788490180031374,16.00124792013311,8.758397817598468,1.236563081546433,242,11.169421487603305,193,15.66839378238342,166,23.43222891566265,True
er8,0.0,BOTH,4,60,892,1.7174887892376682,75.73616490633316,0.46748878923766823,0.18435304615135095,1.0344707110966758,351,0.9408831908831908,273,2.4963369963369964,268,-2.219216417910448,False
er8,0.0,BOTH,4,60,584,18.79152397260274,67.0872560457317,17.54152397260274,6.318786997738758,1.2435397572627236,236,14.114406779661017,188,18.81648936170213,160,21.0984375,True
er8,0.0,BOTH,4,90,879,0.9334470989761092,90.07923844551541,-0.3165529010238908,-0.10418759893964305,1.0387242126906269,344,5.255087209302325,271,-1.8560885608856088,264,-5.996212121212121,False
er8,0.0,BOTH,4,90,578,20.060553633217992,80.06364864719585,18.810553633217992,5.64846080245653,1.2452358636130036,233,18.469957081545065,186,14.35752688172043,159,24.5188679245283,True
er8,0.0,BOTH,4,120,865,0.2852601156069364,106.17172184331457,-0.9647398843930636,-0.2672449003905093,1.0415624257835814,339,2.02212389380531,265,0.46132075471698114,261,-6.292145593869732,False
er8,0.0,BOTH,4,120,570,20.317543859649124,99.28958794935072,19.067543859649124,4.584885279804469,1.2460948740294688,229,14.318777292576419,183,17.93032786885246,158,27.26740506329114,True
er8,0.0,BOTH,5,30,714,2.070028011204482,51.9230064182645,0.820028011204482,0.42200535575182274,1.4040419180083354,280,3.325892857142857,230,-1.1565217391304348,204,-0.3909313725490196,False
er8,0.0,BOTH,5,30,591,8.787225042301184,50.29793322318369,7.537225042301184,3.6429657055860813,1.5209056343000054,238,8.326680672268907,191,4.982984293193717,162,9.38888888888889,True
er8,0.0,BOTH,5,60,701,0.9750356633380884,71.38673034079041,-0.27496433666191156,-0.10198067610686555,1.4113814228941433,276,2.0317028985507246,224,-0.6127232142857143,201,-3.06592039800995,False
er8,0.0,BOTH,5,60,579,9.013816925734025,68.38974519771689,7.763816925734025,2.731640746055937,1.5308936476070898,234,7.745726495726496,186,5.30241935483871,159,10.669811320754716,True
er8,0.0,BOTH,5,90,692,1.9822976878612717,88.78984884846658,0.7322976878612717,0.21695886162671235,1.4170498189861436,271,4.032287822878229,222,-0.6024774774774775,199,-2.272613065326633,False
er8,0.0,BOTH,5,90,574,10.22691637630662,87.6136833831029,8.97691637630662,2.4547721462381986,1.5328072310175194,231,9.979437229437229,184,5.548913043478261,159,11.4874213836478,True
er8,0.0,BOTH,5,120,679,1.001840942562592,99.81772333182471,-0.24815905743740796,-0.06478244841973545,1.4251140489370129,267,0.6779026217228464,217,-1.4297235023041475,195,-0.2012820512820513,False
er8,0.0,BOTH,5,120,564,9.584219858156029,99.01363788724957,8.334219858156029,1.9989847810060772,1.539844557471662,227,6.277533039647577,181,6.56767955801105,156,13.376602564102564,True
er8,0.0,BOTH,6,30,584,0.9790239726027398,50.38419811267617,-0.27097602739726023,-0.12996994769911233,1.7115326733810419,236,1.097457627118644,188,1.553191489361702,160,-4.4328125,False
er8,0.0,BOTH,6,30,584,0.9790239726027398,50.38419811267617,-0.27097602739726023,-0.12996994769911233,1.7115326733810419,236,1.097457627118644,188,1.553191489361702,160,-4.4328125,True
er8,0.0,BOTH,6,60,578,2.16522491349481,65.80824444118784,0.9152249134948098,0.3343577911355476,1.715192248667402,233,5.332618025751073,186,-2.850806451612903,159,-1.1525157232704402,False
er8,0.0,BOTH,6,60,578,2.16522491349481,65.80824444118784,0.9152249134948098,0.3343577911355476,1.715192248667402,233,5.332618025751073,186,-2.850806451612903,159,-1.1525157232704402,True
er8,0.0,BOTH,6,90,570,2.238157894736842,87.96411167628463,0.9881578947368421,0.26819967751564533,1.7194894169837065,229,0.8100436681222707,183,0.3483606557377049,158,1.9873417721518987,False
er8,0.0,BOTH,6,90,570,2.238157894736842,87.96411167628463,0.9881578947368421,0.26819967751564533,1.7194894169837065,229,0.8100436681222707,183,0.3483606557377049,158,1.9873417721518987,True
er8,0.0,BOTH,6,120,564,2.7907801418439715,102.5754244183009,1.5407801418439715,0.35672775596931194,1.7240144808997926,227,1.327092511013216,181,2.1215469613259668,156,1.1778846153846154,False
er8,0.0,BOTH,6,120,564,2.7907801418439715,102.5754244183009,1.5407801418439715,0.35672775596931194,1.7240144808997926,227,1.327092511013216,181,2.1215469613259668,156,1.1778846153846154,True
er8,0.0,NEITHER,1,30,3573,0.44990204310103554,49.1143743583019,-0.8000979568989645,-0.9737580328656136,0.0,1439,-0.9527449617790132,1044,0.5172413793103449,1090,-1.8603211009174312,False
er8,0.0,NEITHER,1,30,1388,25.2921469740634,44.83049694873485,24.0421469740634,19.979951410877547,0.0,542,20.391143911439116,440,24.010227272727274,406,28.950738916256157,True
er8,0.0,NEITHER,1,60,3507,0.4037639007698888,71.79991177140266,-0.8462360992301112,-0.6979680133755631,0.0,1410,0.03226950354609929,1028,-1.1466439688715953,1069,-1.716089803554724,False
er8,0.0,NEITHER,1,60,1388,39.044668587896254,63.240928206303025,37.794668587896254,22.265222473814696,0.0,542,30.68819188191882,440,36.08806818181818,406,49.13115763546798,True
er8,0.0,NEITHER,1,90,3416,0.6186329039812647,85.49472895059367,-0.6313670960187353,-0.431619975669427,0.0,1369,-0.7669831994156319,1002,1.3817365269461077,1045,-2.3839712918660285,False
er8,0.0,NEITHER,1,90,1365,42.75,77.57077933379045,41.5,19.76588515581316,0.0,533,32.74624765478424,431,41.94489559164733,401,52.6571072319202,True
er8,0.0,NEITHER,1,120,3327,-0.3258941989780583,99.35318829442674,-1.5758941989780584,-0.914895831576668,0.0,1338,-1.3258594917787743,974,-0.9602156057494866,1015,-2.4963054187192117,False
er8,0.0,NEITHER,1,120,1335,42.20543071161049,93.01016915000666,40.95543071161049,16.088727510798936,0.0,522,32.56609195402299,419,40.43973747016707,394,52.618654822335024,True
er8,0.0,NEITHER,2,30,2587,0.6947236180904522,48.50841032426952,-0.5552763819095478,-0.5822243617017896,0.20468335196024307,1036,0.31805019305019305,776,-2.0637886597938144,775,-0.21225806451612902,False
er8,0.0,NEITHER,2,30,1388,17.158321325648416,47.218520688671006,15.908321325648416,12.551820233323543,0.3453496607844105,542,13.039206642066421,440,15.502272727272727,406,20.178571428571427,True
er8,0.0,NEITHER,2,60,2524,0.8264659270998416,72.230963414132,-0.42353407290015843,-0.2945843171008136,0.20834543660893434,1007,0.3920059582919563,761,-1.4181997371879107,756,-0.5085978835978836,False
er8,0.0,NEITHER,2,60,1388,26.8771613832853,63.00511349577595,25.6271613832853,15.15372628930632,0.3453496607844105,542,20.22278597785978,440,25.619318181818183,406,32.85036945812808,True
er8,0.0,NEITHER,2,90,2462,1.8977457351746547,85.07618892247147,0.6477457351746547,0.37778138941947775,0.20636839027262818,987,0.08054711246200608,739,0.05717185385656292,736,2.001358695652174,False
er8,0.0,NEITHER,2,90,1351,28.099555884529977,79.88172094129767,26.849555884529977,12.35427796211271,0.34206370279533727,529,21.208884688090738,424,25.66391509433962,398,35.609924623115575,True
er8,0.0,NEITHER,2,120,2398,0.5399291075896581,101.55142003566002,-0.7100708924103419,-0.34240515846708075,0.20828772998808692,961,-0.8982830385015609,719,-1.5469401947148818,718,0.37987465181058494,False
er8,0.0,NEITHER,2,120,1316,26.456686930091184,93.76648562238748,25.206686930091184,9.752053454948305,0.34454165216392957,514,20.401750972762645,415,28.237951807228917,387,28.337855297157624,True
er8,0.0,NEITHER,3,30,2101,1.0681818181818181,52.43948744098852,-0.18181818181818188,-0.15892488234712102,0.41148840197472414,832,1.3374399038461537,636,-3.3199685534591197,633,0.9743285939968405,False
er8,0.0,NEITHER,3,30,1388,13.765670028818445,46.08310392066074,12.515670028818445,10.118289810641281,0.603504448712858,542,9.04889298892989,440,10.831818181818182,406,18.9685960591133,True
er8,0.0,NEITHER,3,60,2048,1.42822265625,69.17072451416561,0.17822265625,0.11660188294337326,0.40854423794689976,809,0.0188504326328801,620,0.6024193548387097,619,-0.03836833602584814,False
er8,0.0,NEITHER,3,60,1365,17.763919413919414,63.37034244010289,16.513919413919414,9.627874768131688,0.601498906525644,533,11.242026266416511,431,16.823085846867748,401,23.188902743142144,True
er8,0.0,NEITHER,3,90,1999,1.0121310655327664,85.68483580977781,-0.23786893446723356,-0.12411953942051933,0.4124362820477182,793,0.011664564943253467,602,-2.0390365448504983,604,1.2297185430463575,False
er8,0.0,NEITHER,3,90,1335,17.30486891385768,81.29190497433841,16.05486891385768,7.216059341471975,0.6058885054706293,522,11.560823754789272,419,15.432577565632458,394,22.67068527918782,True
er8,0.0,NEITHER,3,120,1960,0.21785714285714286,103.93356495348742,-1.032142857142857,-0.43965500663700474,0.41116006828480584,775,-0.13612903225806453,593,-0.2403035413153457,592,-2.998310810810811,False
er8,0.0,NEITHER,3,120,1309,15.98357524828113,97.7935776412777,14.73357524828113,5.450892715156365,0.6050051221896489,511,11.518101761252446,413,17.749394673123486,385,15.766233766233766,True
er8,0.0,NEITHER,4,30,1786,-0.8386058230683091,52.283579753462696,-2.088605823068309,-1.6882311004916184,0.610142966764188,706,-1.3509206798866855,546,-1.2243589743589745,534,-3.947565543071161,False
er8,0.0,NEITHER,4,30,1388,9.734870317002882,42.04556491949152,8.484870317002882,7.518301710184867,0.7885129381966469,542,5.949261992619927,440,8.883522727272727,406,11.437807881773399,True
er8,0.0,NEITHER,4,60,1739,0.5188326624496837,68.92008804473036,-0.7311673375503163,-0.44240573677443007,0.6123561984647333,691,-1.280752532561505,528,-0.6439393939393939,520,-0.08942307692307692,False
er8,0.0,NEITHER,4,60,1351,10.830495928941525,64.9791159246297,9.580495928941525,5.419283450100865,0.7921217104621044,529,6.76937618147448,424,8.752948113207546,398,14.198492462311558,True
er8,0.0,NEITHER,4,90,1696,-1.0667747641509433,87.2732607979081,-2.316774764150943,-1.0932400542202378,0.6146775760819795,673,-2.148959881129272,516,0.8406007751937985,507,-5.752958579881657,False
er8,0.0,NEITHER,4,90,1316,9.687310030395137,80.60297397110541,8.437310030395137,3.797352260177527,0.7952154097163997,514,6.751459143968872,415,11.024698795180722,387,7.901808785529716,True
er8,0.0,NEITHER,4,120,1670,-2.6251497005988025,105.066036307876,-3.8751497005988025,-1.5072468032766797,0.615913422884759,662,-2.0751510574018126,506,-2.0345849802371543,502,-8.104083665338646,False
er8,0.0,NEITHER,4,120,1297,8.078450269853509,97.35596834248037,6.828450269853509,2.5259779672581657,0.797442477301241,506,7.316205533596838,408,7.814338235294118,383,5.133812010443864,True
er8,0.0,NEITHER,5,30,1541,-0.4297534068786502,48.97410333637044,-1.6797534068786502,-1.3464193879270503,0.8402565639433707,608,-3.1101973684210527,476,1.3755252100840336,457,-2.9589715536105032,False
er8,0.0,NEITHER,5,30,1365,3.703846153846154,47.936036678011554,2.453846153846154,1.8912612850816957,0.9674758884288557,533,0.573170731707317,431,4.544083526682135,401,2.7069825436408976,True
er8,0.0,NEITHER,5,60,1504,-0.8096742021276596,70.92738129705802,-2.0596742021276597,-1.1261818451383832,0.8488533099399936,595,-2.646638655462185,462,0.02922077922077922,447,-3.437360178970917,False
er8,0.0,NEITHER,5,60,1335,3.2342696629213483,68.8799217783027,1.9842696629213483,1.0525644073762446,0.9759005674689502,522,0.9693486590038314,419,2.867541766109785,394,2.3895939086294415,True
er8,0.0,NEITHER,5,90,1474,-1.9138398914518318,91.96249976472879,-3.1638398914518318,-1.3208468700383287,0.8496220109437477,582,-3.620704467353952,455,3.343956043956044,437,-9.331235697940503,False
er8,0.0,NEITHER,5,90,1309,1.9071810542398777,88.0749186863323,0.6571810542398777,0.26996198146907485,0.9769423471677684,511,0.8028375733855186,413,5.349878934624697,385,-4.57012987012987,True
er8,0.0,NEITHER,5,120,1444,-2.335006925207756,103.19465523779088,-3.585006925207756,-1.3201290594360733,0.8507103237019499,570,-2.937719298245614,441,2.1445578231292517,433,-10.272517321016167,False
er8,0.0,NEITHER,5,120,1282,2.297971918876755,98.48462494366464,1.0479719188767551,0.3810002168343006,0.9791516234166946,499,2.3226452905811623,402,2.6921641791044775,381,-2.356299212598425,True
er8,0.0,NEITHER,6,30,1351,0.6287934863064397,48.55040977004769,-0.6212065136935603,-0.47029544847917815,1.0548791687837749,529,-0.7892249527410208,424,-2.172759433962264,398,1.2550251256281406,False
er8,0.0,NEITHER,6,30,1351,0.6287934863064397,48.55040977004769,-0.6212065136935603,-0.47029544847917815,1.0548791687837749,529,-0.7892249527410208,424,-2.172759433962264,398,1.2550251256281406,True
er8,0.0,NEITHER,6,60,1316,-0.5132978723404256,70.69836729813122,-1.7632978723404256,-0.9047826077953572,1.0595639908848302,514,-0.7203307392996109,415,0.12831325301204818,387,-5.177002583979328,False
er8,0.0,NEITHER,6,60,1316,-0.5132978723404256,70.69836729813122,-1.7632978723404256,-0.9047826077953572,1.0595639908848302,514,-0.7203307392996109,415,0.12831325301204818,387,-5.177002583979328,True
er8,0.0,NEITHER,6,90,1297,-2.0877023901310716,90.00463523880313,-3.3377023901310716,-1.3355271510690678,1.0637896193847935,506,-0.058794466403162056,408,-3.0269607843137254,383,-8.00065274151436,False
er8,0.0,NEITHER,6,90,1297,-2.0877023901310716,90.00463523880313,-3.3377023901310716,-1.3355271510690678,1.0637896193847935,506,-0.058794466403162056,408,-3.0269607843137254,383,-8.00065274151436,True
er8,0.0,NEITHER,6,120,1265,-2.2035573122529644,98.36430932450118,-3.4535573122529644,-1.248746786064491,1.0689476973858658,493,-0.43052738336713997,398,-5.1293969849246235,374,-5.6550802139037435,False
er8,0.0,NEITHER,6,120,1265,-2.2035573122529644,98.36430932450118,-3.4535573122529644,-1.248746786064491,1.0689476973858658,493,-0.43052738336713997,398,-5.1293969849246235,374,-5.6550802139037435,True
er8,0.3,ER,1,30,2927,0.9385035872907413,51.88359348530086,-0.31149641270925865,-0.3248137181067123,0.0,1142,0.5720227670753065,903,-2.3640642303433,882,0.6459750566893424,False
er8,0.3,ER,1,30,744,32.00470430107527,47.769325481718845,30.75470430107527,17.560986723819433,0.0,301,23.290697674418606,236,29.704449152542374,207,42.80555555555556,True
er8,0.3,ER,1,60,2880,2.3020833333333335,71.43964693880582,1.0520833333333335,0.7903274841242306,0.0,1125,-0.21977777777777777,883,1.421291053227633,872,2.3190940366972477,False
er8,0.3,ER,1,60,744,51.243951612903224,68.6950389417726,49.993951612903224,19.850824931477927,0.0,301,38.70431893687708,236,51.498940677966104,207,64.69444444444444,True
er8,0.3,ER,1,90,2805,2.3848484848484848,87.82379600346442,1.1348484848484848,0.6843718070118179,0.0,1091,-0.7055453712190651,864,0.3090277777777778,850,4.3364705882352945,False
er8,0.3,ER,1,90,736,58.73131793478261,78.45706768821705,57.48131793478261,19.87620886612271,0.0,298,45.230704697986575,233,56.00965665236051,205,76.96219512195123,True
er8,0.3,ER,1,120,2745,0.5979963570127504,101.29350447319949,-0.6520036429872496,-0.337240403244676,0.0,1068,-1.3855337078651686,847,-0.7768595041322314,830,0.41927710843373495,False
er8,0.3,ER,1,120,720,57.170833333333334,89.76951237019279,55.920833333333334,16.71517842397757,0.0,292,45.92893835616438,228,53.94188596491228,200,72.765,True
er8,0.3,ER,2,30,1913,2.2710402509147936,48.79928693807087,1.0210402509147936,0.9151385955132397,0.29067486521708313,771,-1.083657587548638,581,2.9569707401032703,561,1.9086452762923352,False
er8,0.3,ER,2,30,744,26.104502688172044,48.49815195957405,24.854502688172044,13.97868619538594,0.41354549370858396,301,19.631229235880397,236,27.16419491525424,207,29.816425120772948,True
er8,0.3,ER,2,60,1858,0.863697524219591,69.51996743225196,-0.386302475780409,-0.2395194503343154,0.29492081108518464,743,-1.6534320323014804,570,3.192105263157895,545,-2.4013761467889907,False
er8,0.3,ER,2,60,744,39.98353494623656,60.61727797170245,38.73353494623656,17.429188674883328,0.41354549370858396,301,29.778239202657808,236,42.15677966101695,207,47.85265700483092,True
er8,0.3,ER,2,90,1825,-0.8749315068493151,86.02204857041154,-2.124931506849315,-1.0552772838351456,0.2920715102540965,732,-2.891734972677596,558,2.2517921146953404,535,-5.640654205607476,False
er8,0.3,ER,2,90,726,41.13223140495868,77.65874114962847,39.88223140495868,13.837492963384287,0.4070745026065582,295,31.801694915254238,229,43.75545851528384,202,47.29207920792079,True
er8,0.3,ER,2,120,1778,-0.4485376827896513,99.03586833450142,-1.6985376827896512,-0.7231835700297256,0.2946700276409282,708,0.043785310734463276,548,1.9352189781021898,522,-7.876436781609195,False
er8,0.3,ER,2,120,713,41.62868162692847,89.8011233613885,40.37868162692847,12.006464205922951,0.4080212961155945,289,35.44204152249135,226,39.98672566371681,198,48.031565656565654,True
er8,0.3,ER,3,30,1432,1.0745460893854748,47.346949754832394,-0.1754539106145252,-0.14023052367813482,0.6049308366168992,584,-1.1224315068493151,436,3.0797018348623855,412,-2.2779126213592233,False
er8,0.3,ER,3,30,744,19.202956989247312,42.492661918865956,17.952956989247312,11.524139856666405,0.8001627892359595,301,14.141196013289036,236,20.52012711864407,207,20.568840579710145,True
er8,0.3,ER,3,60,1388,0.7298270893371758,66.36333029543398,-0.5201729106628242,-0.2920211403173592,0.6112952494755682,562,-0.8594306049822064,425,1.3811764705882352,401,-2.0598503740648377,False
er8,0.3,ER,3,60,736,26.845108695652176,58.1440896370049,25.595108695652176,11.942364165412302,0.7972048930842612,298,20.83053691275168,233,25.31223175965665,205,32.84268292682927,True
er8,0.3,ER,3,90,1358,0.2709867452135493,81.877062555952,-0.9790132547864507,-0.4406321720578107,0.6126303043395201,550,-0.6081818181818182,417,1.1630695443645085,391,-3.785166240409207,False
er8,0.3,ER,3,90,720,25.992708333333333,71.51598072884711,24.742708333333333,9.283471003308286,0.7947563290955818,292,22.6875,228,23.892543859649123,200,28.7125,True
er8,0.3,ER,3,120,1327,-0.07592313489073098,98.51267102444822,-1.325923134890731,-0.4902997990622178,0.6157453609822141,536,3.027518656716418,406,0.6656403940886699,385,-9.487012987012987,False
er8,0.3,ER,3,120,708,26.6034604519774,90.23809742982029,25.3534604519774,7.47590790278514,0.7961497159591688,288,25.686631944444443,224,19.840401785714285,196,31.164540816326532,True
er8,0.3,ER,4,30,1108,0.30776173285198555,45.55355161084949,-0.9422382671480145,-0.6885070249651617,0.8916702427304564,440,-1.3005681818181818,343,1.599125364431487,325,-3.1392307692307693,False
er8,0.3,ER,4,30,744,13.913978494623656,39.41600939039025,12.663978494623656,8.76362891056683,1.0885352053239947,301,8.967607973421927,236,13.76906779661017,207,16.778985507246375,True
er8,0.3,ER,4,60,1087,0.19572217111315549,68.54701608388051,-1.0542778288868444,-0.5070856157448522,0.8896197289245177,433,-0.5796766743648961,335,0.5738805970149253,319,-3.408307210031348,False
er8,0.3,ER,4,60,726,15.09022038567493,58.796288770574144,13.84022038567493,6.342513522467375,1.0881582568713408,295,11.072033898305085,229,14.982532751091703,202,16.587871287128714,True
er8,0.3,ER,4,90,1064,0.6788063909774437,83.14656156724357,-0.5711936090225563,-0.2240834897728299,0.8948243458263513,420,2.5851190476190475,332,-1.0308734939759037,312,-4.330929487179487,False
er8,0.3,ER,4,90,713,15.53225806451613,72.31470905810261,14.28225806451613,5.273694861485668,1.094236117030364,289,15.238754325259515,226,10.91150442477876,198,16.733585858585858,True
er8,0.3,ER,4,120,1044,-0.21479885057471265,96.98304093505378,-1.4647988505747127,-0.48801418125846113,0.8997174104545819,415,3.507831325301205,325,-2.333846153846154,304,-7.324013157894737,False
er8,0.3,ER,4,120,704,15.395596590909092,87.09218682629894,14.145596590909092,4.3095150586903355,1.094079407095532,288,15.921006944444445,222,8.502252252252251,194,17.96778350515464,True
er8,0.3,ER,5,30,914,0.7480853391684902,50.539115008448434,-0.5019146608315098,-0.3002446978036565,1.1847049916502508,366,1.491120218579235,287,-3.6141114982578397,261,0.12547892720306514,False
er8,0.3,ER,5,30,736,7.435801630434782,45.7132370285525,6.185801630434782,3.6710721528259675,1.3262981316662072,298,5.297818791946309,233,3.282188841201717,205,10.776829268292683,True
er8,0.3,ER,5,60,896,-0.7045200892857143,69.10108747047205,-1.9545200892857144,-0.8466604271950394,1.1868503706278695,360,2.0194444444444444,282,-3.502659574468085,254,-5.868110236220472,False
er8,0.3,ER,5,60,720,6.493402777777778,61.52532814222623,5.243402777777778,2.28678602426999,1.3296106027005006,292,7.20804794520548,228,1.7225877192982457,200,6.38875,True
er8,0.3,ER,5,90,882,-0.2562358276643991,86.33150521069538,-1.506235827664399,-0.51815292388043,1.1922107165847782,355,5.580985915492958,277,-6.525270758122744,250,-6.009,False
er8,0.3,ER,5,90,708,6.879590395480226,80.83781191579908,5.629590395480226,1.8530147496030607,1.3377219435588483,288,9.940104166666666,224,-2.294642857142857,196,8.35204081632653,True
er8,0.3,ER,5,120,859,-0.8643771827706636,97.03884321243092,-2.1143771827706637,-0.6386066470676797,1.2055773127115341,347,5.587175792507205,270,-4.598148148148148,242,-10.386363636363637,False
er8,0.3,ER,5,120,696,7.212284482758621,91.32727001369813,5.962284482758621,1.7223318707926452,1.3424150487315185,284,9.232394366197184,219,0.2899543378995434,193,7.58678756476684,True
er8,0.3,ER,6,30,726,0.8323002754820936,46.29765794416849,-0.4176997245179064,-0.24309357315745778,1.4734924193609649,295,0.49915254237288137,229,-0.49563318777292575,202,-1.6683168316831682,False
er8,0.3,ER,6,30,726,0.8323002754820936,46.29765794416849,-0.4176997245179064,-0.24309357315745778,1.4734924193609649,295,0.49915254237288137,229,-0.49563318777292575,202,-1.6683168316831682,True
er8,0.3,ER,6,60,713,1.0452314165497896,63.58825431460779,-0.20476858345021043,-0.08598668148274413,1.485257670078979,289,4.426470588235294,226,-4.886061946902655,198,-1.621212121212121,False
er8,0.3,ER,6,60,713,1.0452314165497896,63.58825431460779,-0.20476858345021043,-0.08598668148274413,1.485257670078979,289,4.426470588235294,226,-4.886061946902655,198,-1.621212121212121,True
er8,0.3,ER,6,90,704,0.9936079545454546,78.80746313911904,-0.2563920454545454,-0.08632240451677402,1.487490062058788,288,5.150173611111111,222,-7.649774774774775,194,0.17783505154639176,False
er8,0.3,ER,6,90,704,0.9936079545454546,78.80746313911904,-0.2563920454545454,-0.08632240451677402,1.487490062058788,288,5.150173611111111,222,-7.649774774774775,194,0.17783505154639176,True
er8,0.3,ER,6,120,690,2.963405797101449,93.69099217765931,1.7134057971014491,0.4803822359010739,1.4948046310267273,281,5.469750889679715,218,-2.8772935779816513,191,1.4267015706806283,False
er8,0.3,ER,6,120,690,2.963405797101449,93.69099217765931,1.7134057971014491,0.4803822359010739,1.4948046310267273,281,5.469750889679715,218,-2.8772935779816513,191,1.4267015706806283,True
er8,0.3,BOTH,1,30,2548,1.6934850863422293,48.54464534849506,0.4434850863422293,0.46114488840612666,0.0,990,0.9964646464646465,793,-2.2137452711223204,765,2.4823529411764707,False
er8,0.3,BOTH,1,30,576,35.58506944444444,49.69386204066764,34.33506944444444,16.582363149644138,0.0,233,26.253218884120173,184,34.95652173913044,159,45.459119496855344,True
er8,0.3,BOTH,1,60,2510,1.752988047808765,69.92414533672898,0.5029880478087649,0.3603855417239482,0.0,973,0.23201438848920863,781,0.15492957746478872,756,1.2113095238095237,False
er8,0.3,BOTH,1,60,576,57.891927083333336,71.43942048989526,56.641927083333336,19.028797275760116,0.0,233,42.77038626609442,184,58.98097826086956,159,74.2625786163522,True
er8,0.3,BOTH,1,90,2442,2.0053235053235055,86.82016771604798,0.7553235053235055,0.42991758479333164,0.0,946,0.3150105708245243,763,0.9302096985583224,733,1.1415416098226467,False
er8,0.3,BOTH,1,90,567,67.3941798941799,84.40843069729648,66.1441798941799,18.659385597596632,0.0,229,52.51310043668122,182,66.10714285714286,156,86.19711538461539,True
er8,0.3,BOTH,1,120,2384,1.563863255033557,100.71385957461466,0.31386325503355694,0.15216135274664783,0.0,925,0.9462162162162162,745,0.37718120805369126,714,-0.5714285714285714,False
er8,0.3,BOTH,1,120,555,68.62972972972973,98.02393853595206,67.37972972972973,16.193607475612392,0.0,225,54.413333333333334,177,64.79661016949153,153,89.43627450980392,True
er8,0.3,BOTH,2,30,1600,1.56328125,49.07187221894859,0.31328124999999996,0.25536523130986605,0.3436819446019671,646,-0.6068111455108359,478,3.457112970711297,476,-1.5950630252100841,False
er8,0.3,BOTH,2,30,576,28.36762152777778,49.15299484248345,27.11762152777778,13.240758142048215,0.47959691196905574,233,21.95815450643777,184,29.925271739130434,159,31.42924528301887,True
er8,0.3,BOTH,2,60,1555,0.19340836012861737,72.20400799728772,-1.0565916398713826,-0.5770468320391038,0.3495455102594755,626,-1.972444089456869,468,5.343482905982906,461,-6.3101952277657265,False
er8,0.3,BOTH,2,60,576,45.240451388888886,63.214165961678844,43.990451388888886,16.701491149521036,0.47959691196905574,233,33.276824034334766,184,48.09103260869565,159,54.94496855345912,True
er8,0.3,BOTH,2,90,1525,0.021639344262295083,89.4372953368982,-1.228360655737705,-0.536342438421988,0.35071290093128876,615,-1.273170731707317,458,4.311681222707423,452,-6.780973451327434,False
er8,0.3,BOTH,2,90,560,47.93214285714286,82.85672777198917,46.68214285714286,13.332666592815931,0.4812133510988471,227,36.26541850220264,179,50.435754189944134,154,57.673701298701296,True
er8,0.3,BOTH,2,120,1490,0.30587248322147653,99.50279697502698,-0.9441275167785235,-0.3662591649434366,0.3555043649519357,597,2.2227805695142377,450,2.2266666666666666,443,-8.432844243792324,False
er8,0.3,BOTH,2,120,554,48.319945848375454,95.78256345128298,47.069945848375454,11.566770669333852,0.4804188547416783,224,38.995535714285715,177,47.20762711864407,153,58.73202614379085,True
er8,0.3,BOTH,3,30,1149,0.9460400348128808,49.027004082850695,-0.3039599651871192,-0.2101556377073235,0.6910684090957617,466,-2.2027896995708156,340,3.866911764705882,343,-1.858600583090379,False
er8,0.3,BOTH,3,30,576,22.29340277777778,45.537854104041465,21.04340277777778,11.090589941124266,0.9006422586234376,233,15.243562231759658,184,22.83016304347826,159,27.4748427672956,True
er8,0.3,BOTH,3,60,1116,2.0315860215053765,70.55246242579537,0.7815860215053765,0.37008092821145866,0.695133002109821,451,-0.47339246119733924,333,4.935435435435435,332,-1.6799698795180722,False
er8,0.3,BOTH,3,60,567,31.891534391534393,63.60717846743777,30.641534391534393,11.47085809628252,0.9001539933617886,229,25.106986899563317,182,30.357142857142858,156,39.09775641025641,True
er8,0.3,BOTH,3,90,1094,2.639396709323583,84.9853493213374,1.389396709323583,0.5407429463890712,0.69801167503873,443,1.492099322799097,324,4.74537037037037,327,-2.0749235474006116,False
er8,0.3,BOTH,3,90,555,33.475675675675674,77.14689030306101,32.225675675675674,9.840793047487821,0.9024959980695397,225,27.403333333333332,177,29.593220338983052,153,42.36274509803921,True
er8,0.3,BOTH,3,120,1076,0.7460501858736059,103.11600115252133,-0.5039498141263941,-0.16031249096913883,0.6994487994728915,433,3.259815242494226,319,2.6551724137931036,324,-8.64429012345679,False
er8,0.3,BOTH,3,120,550,31.99818181818182,97.37453510935431,30.74818181818182,7.405517080207428,0.9010047046811135,222,25.565315315315317,175,28.322857142857142,153,41.04248366013072,True
er8,0.3,BOTH,4,30,876,1.6992009132420092,48.978219525950095,0.44920091324200917,0.2714499026034569,1.025932498037428,348,0.09195402298850575,264,4.284090909090909,264,-2.914772727272727,False
er8,0.3,BOTH,4,30,576,16.903645833333332,41.45402959054135,15.653645833333332,9.06274983905838,1.2298057813851697,233,10.155579399141631,184,16.904891304347824,159,22.2625786163522,True
er8,0.3,BOTH,4,60,859,3.161233993015134,73.56622766768757,1.9112339930151339,0.7614334580966721,1.0278453752559018,342,1.8048245614035088,258,3.806201550387597,259,0.1640926640926641,False
er8,0.3,BOTH,4,60,560,19.713839285714286,63.590259268102535,18.463839285714286,6.871086708803988,1.2375706871731325,227,13.21806167400881,179,18.997206703910614,154,25.5762987012987,True
er8,0.3,BOTH,4,90,846,2.130614657210402,87.60659571019434,0.8806146572104021,0.2923709956743152,1.0321629858175483,335,5.321641791044776,256,0.1005859375,255,-4.170588235294118,False
er8,0.3,BOTH,4,90,554,19.925541516245488,77.86491979277655,18.675541516245488,5.6452898519878865,1.239275624086353,224,15.953125,177,15.427966101694915,153,26.41830065359477,True
er8,0.3,BOTH,4,120,831,0.9798435619735258,103.75234777357915,-0.27015643802647415,-0.07506161433519239,1.0350969007426585,330,2.775757575757576,250,1.342,251,-5.8804780876494025,False
er8,0.3,BOTH,4,120,545,19.346788990825686,97.45382184995677,18.096788990825686,4.335117749100925,1.2406039778717197,220,12.2625,174,16.889367816091955,151,27.98841059602649,True
er8,0.3,BOTH,5,30,685,2.5835766423357662,51.94281961782346,1.3335766423357662,0.6719512174786858,1.3791127677345476,273,3.6126373626373627,216,0.5347222222222222,196,-0.9604591836734694,False
er8,0.3,BOTH,5,30,567,9.19047619047619,49.30993202965614,7.94047619047619,3.8344552474570595,1.4996248518794537,229,8.163755458515285,182,5.916208791208791,156,9.974358974358974,True
er8,0.3,BOTH,5,60,672,3.107514880952381,69.30590701712407,1.857514880952381,0.6947790054265918,1.3862867468586426,269,4.567843866171004,210,0.12857142857142856,193,-0.038860103626943004,False
er8,0.3,BOTH,5,60,555,10.446396396396397,66.93416356639979,9.196396396396397,3.236803488518276,1.5095846542501838,225,10.088888888888889,177,4.826271186440678,153,12.93954248366013,True
er8,0.3,BOTH,5,90,663,1.7858220211161389,88.57341874767539,0.5358220211161389,0.15576644724843383,1.3918624301336724,264,3.756628787878788,208,-1.5096153846153846,191,-1.6884816753926701,False
er8,0.3,BOTH,5,90,550,8.936818181818182,87.95590173575069,7.686818181818182,2.0495710027063807,1.511388021360733,222,7.976351351351352,175,3.8814285714285712,153,11.619281045751634,True
er8,0.3,BOTH,5,120,649,1.9838212634822805,100.0036512074427,0.7338212634822805,0.18693765203350168,1.3999186273533033,260,1.2778846153846153,203,-0.43226600985221675,186,1.2459677419354838,False
er8,0.3,BOTH,5,120,539,9.495825602968461,99.6399482645532,8.245825602968461,1.9212993444555126,1.5187250928426959,218,5.7786697247706424,172,6.113372093023256,149,14.31711409395973,True
er8,0.3,BOTH,6,30,560,2.3017857142857143,48.38281396657602,1.0517857142857143,0.5144345845396522,1.6807402477141067,227,1.199339207048458,179,0.4594972067039106,154,1.5227272727272727,False
er8,0.3,BOTH,6,30,560,2.3017857142857143,48.38281396657602,1.0517857142857143,0.5144345845396522,1.6807402477141067,227,1.199339207048458,179,0.4594972067039106,154,1.5227272727272727,True
er8,0.3,BOTH,6,60,554,2.431407942238267,66.81567778879278,1.181407942238267,0.4161753852266958,1.6842248685832661,224,3.822544642857143,177,-3.0663841807909606,153,2.2287581699346406,False
er8,0.3,BOTH,6,60,554,2.431407942238267,66.81567778879278,1.181407942238267,0.4161753852266958,1.6842248685832661,224,3.822544642857143,177,-3.0663841807909606,153,2.2287581699346406,True
er8,0.3,BOTH,6,90,545,1.8871559633027524,88.10908606927417,0.6371559633027524,0.16881977099839449,1.6881912208275525,220,-0.23636363636363636,174,-2.0201149425287355,151,4.9718543046357615,False
er8,0.3,BOTH,6,90,545,1.8871559633027524,88.10908606927417,0.6371559633027524,0.16881977099839449,1.6881912208275525,220,-0.23636363636363636,174,-2.0201149425287355,151,4.9718543046357615,True
er8,0.3,BOTH,6,120,539,2.6354359925788495,102.85839838059448,1.3854359925788495,0.3127095114785674,1.692577764188843,218,-0.32798165137614677,172,-0.17151162790697674,149,5.689597315436242,False
er8,0.3,BOTH,6,120,539,2.6354359925788495,102.85839838059448,1.3854359925788495,0.3127095114785674,1.692577764188843,218,-0.32798165137614677,172,-0.17151162790697674,149,5.689597315436242,True
er8,0.45,ER,1,30,2259,0.8953076582558654,48.28966008528102,-0.35469234174413455,-0.34910476665808954,0.0,907,-1.0537486218302095,693,-0.22943722943722944,659,0.4757207890743551,False
er8,0.45,ER,1,30,440,35.0625,48.111580311010144,33.8125,14.74191824484207,0.0,177,24.875706214689266,140,38.892857142857146,123,40.890243902439025,True
er8,0.45,ER,1,60,2217,0.2223725755525485,71.09201361590495,-1.0276274244474515,-0.6806090459559251,0.0,888,0.15625,681,-0.45080763582966227,648,-3.256172839506173,False
er8,0.45,ER,1,60,440,58.41477272727273,72.27158943899978,57.16477272727273,16.59155967245022,0.0,177,43.38135593220339,140,63.675,123,69.58943089430895,True
er8,0.45,ER,1,90,2171,0.8400506678949793,88.16714696637847,-0.4099493321050207,-0.21664731319573668,0.0,866,1.61229792147806,667,0.6158170914542729,638,-4.2272727272727275,False
er8,0.45,ER,1,90,432,71.41030092592592,83.83136296665222,70.16030092592592,17.395094376747675,0.0,172,55.19331395348837,139,73.18525179856115,121,87.9607438016529,True
er8,0.45,ER,1,120,2112,-0.14973958333333334,102.20247475813511,-1.3997395833333333,-0.6294087687662246,0.0,838,2.6372315035799523,651,-0.7918586789554531,623,-7.465088282504013,False
er8,0.45,ER,1,120,419,72.62708830548927,96.30332264396336,71.37708830548927,15.171361888834483,0.0,167,56.92365269461078,134,74.02985074626865,118,88.81991525423729,True
er8,0.45,ER,2,30,1370,0.762956204379562,48.506950790976916,-0.487043795620438,-0.3716416021917752,0.32852520356565623,546,-1.289835164835165,419,3.7661097852028638,405,-3.8049382716049385,False
er8,0.45,ER,2,30,440,29.326136363636362,44.55681087175214,28.076136363636362,13.217508014821535,0.46321225554440526,177,19.800847457627118,140,34.026785714285715,123,33.21138211382114,True
er8,0.45,ER,2,60,1333,0.13840960240060016,69.90548014981547,-1.1115903975994,-0.5805620427445312,0.33209592489389117,531,-1.0268361581920904,407,5.496928746928747,395,-8.034810126582279,False
er8,0.45,ER,2,60,440,46.80397727272727,58.04650226258043,45.55397727272727,16.46177205194945,0.46321225554440526,177,35.68926553672316,140,49.392857142857146,123,55.38008130081301,True
er8,0.45,ER,2,90,1310,0.19103053435114503,86.2913135832936,-1.0589694656488549,-0.4441728465883617,0.3330575720057051,522,-0.018199233716475097,399,5.904135338345864,389,-9.597686375321336,False
er8,0.45,ER,2,90,425,50.37705882352941,75.8947087303393,49.12705882352941,13.34454377610458,0.4699884818551173,170,36.42941176470588,136,52.03125,119,63.94747899159664,True
er8,0.45,ER,2,120,1279,2.4630570758405006,98.3597847448055,1.2130570758405006,0.4410612846173057,0.33415110976775264,505,5.024752475247524,395,5.328481012658228,379,-8.155013192612138,False
er8,0.45,ER,2,120,418,54.83074162679426,90.93361134690603,53.58074162679426,12.046820029444254,0.4649209397916401,167,43.37125748502994,134,54.64179104477612,117,66.9380341880342,True
er8,0.45,ER,3,30,959,0.9126694473409802,51.18910531234865,-0.3373305526590198,-0.20407388975523072,0.6599887679355155,377,-0.5769230769230769,293,3.372013651877133,289,-3.7854671280276815,False
er8,0.45,ER,3,30,440,23.382954545454545,46.88494549701013,22.132954545454545,9.902214161644197,0.8650370505960651,177,17.26412429378531,140,23.6625,123,27.398373983739837,True
er8,0.45,ER,3,60,932,3.2588519313304722,69.66105595625477,2.0088519313304722,0.8803712057353136,0.6637853832152969,364,0.3385989010989011,286,7.543706293706293,282,-1.448581560283688,False
er8,0.45,ER,3,60,432,36.35300925925926,62.186693432850106,35.10300925925926,11.732451207025603,0.8679129144985643,172,29.32703488372093,139,33.32553956834533,121,45.35537190082645,True
er8,0.45,ER,3,90,910,2.0002747252747253,83.6282401430844,0.7502747252747253,0.27063755107216375,0.6664512054046676,354,0.8545197740112994,280,6.078571428571428,276,-4.788949275362318,False
er8,0.45,ER,3,90,419,37.835918854415276,74.76357723298709,36.585918854415276,10.016843885832719,0.8728866459453302,167,31.402694610778443,134,34.4365671641791,118,46.36228813559322,True
er8,0.45,ER,3,120,898,-0.6959910913140311,98.44619421589707,-1.9459910913140313,-0.5923523073411514,0.6691225189288325,351,-0.31339031339031337,275,2.55,272,-8.598345588235293,False
er8,0.45,ER,3,120,415,36.97469879518072,86.04115981304687,35.72469879518072,8.458363950518278,0.8738167660951678,166,31.028614457831324,132,31.422348484848484,117,47.24145299145299,True
er8,0.45,ER,4,30,693,0.3502886002886003,46.47857950193557,-0.8997113997113997,-0.5095854203807674,1.0291730247752697,277,0.20938628158844766,217,0.07142857142857142,199,-3.5025125628140703,False
er8,0.45,ER,4,30,440,17.485795454545453,38.73582770362823,16.235795454545453,8.791987645181017,1.2151149519650097,177,14.707627118644067,140,14.089285714285714,123,20.878048780487806,True
er8,0.45,ER,4,60,678,3.532448377581121,70.59237676627768,2.282448377581121,0.8418951476161289,1.0338185211430273,270,-0.08981481481481482,213,1.3051643192488263,195,6.634615384615385,False
er8,0.45,ER,4,60,425,21.230588235294118,63.58363006800462,19.980588235294118,6.478245711040806,1.2290885412478,170,15.41470588235294,136,16.779411764705884,119,30.16176470588235,True
er8,0.45,ER,4,90,666,5.433558558558558,86.13978517604255,4.183558558558558,1.2533696742181994,1.035192470345383,264,3.553030303030303,211,0.9585308056872038,191,8.61780104712042,False
er8,0.45,ER,4,90,418,25.624401913875598,78.14657040119403,24.374401913875598,6.376937872778911,1.2302307921282816,167,22.21556886227545,134,18.882462686567163,117,33.745726495726494,True
er8,0.45,ER,4,120,651,3.4270353302611367,99.52970012226491,2.1770353302611367,0.5580887599638983,1.0454697866533973,261,0.15613026819923373,202,-2.878712871287129,188,10.414893617021276,False
er8,0.45,ER,4,120,412,23.936893203883496,87.52491802613976,22.686893203883496,5.26128614039437,1.2350377459902424,165,19.195454545454545,131,14.851145038167939,116,36.502155172413794,True
er8,0.45,ER,5,30,549,3.4326047358834244,50.145909483336716,2.1826047358834244,1.0198252324088601,1.380033928996682,216,2.451388888888889,173,1.23121387283237,160,2.8484375,False
er8,0.45,ER,5,30,432,12.541087962962964,46.04221262955541,11.291087962962964,5.097080328939893,1.4869102195598616,172,9.943313953488373,139,8.456834532374101,121,16.462809917355372,True
er8,0.45,ER,5,60,536,3.925839552238806,65.30489225597775,2.675839552238806,0.9486297630914875,1.391166596560206,211,2.623222748815166,168,0.43005952380952384,157,5.149681528662421,False
er8,0.45,ER,5,60,419,13.469570405727923,61.49086366808929,12.219570405727923,4.067732230077171,1.504467502594158,167,11.516467065868264,134,8.809701492537313,118,17.08686440677966,True
er8,0.45,ER,5,90,529,3.56758034026465,81.68432454242577,2.31758034026465,0.652565202989484,1.3988594959643224,209,0.16028708133971292,166,-1.0075301204819278,154,8.829545454545455,False
er8,0.45,ER,5,90,415,12.70722891566265,75.0854533843633,11.45722891566265,3.1084782378521796,1.5074331878857568,166,11.01355421686747,132,6.214015151515151,117,18.002136752136753,True
er8,0.45,ER,5,120,521,4.337332053742802,99.54722522879776,3.087332053742802,0.7079018455145584,1.4048564941629211,207,-1.1328502415458936,163,-0.6993865030674846,151,12.960264900662251,False
er8,0.45,ER,5,120,408,12.302696078431373,87.82336691619767,11.052696078431373,2.542074223431873,1.514269860463374,164,11.158536585365853,130,4.786538461538462,114,18.04605263157895,True
er8,0.45,ER,6,30,425,2.922941176470588,48.067781197039224,1.6729411764705882,0.7174986034572968,1.6669733433527365,170,-1.4602941176470587,136,0.4834558823529412,119,7.508403361344538,False
er8,0.45,ER,6,30,425,2.922941176470588,48.067781197039224,1.6729411764705882,0.7174986034572968,1.6669733433527365,170,-1.4602941176470587,136,0.4834558823529412,119,7.508403361344538,True
er8,0.45,ER,6,60,418,7.225478468899522,62.927076788738525,5.975478468899522,1.9414368527552999,1.670884193551566,167,5.196107784431137,134,2.6772388059701493,117,10.865384615384615,False
er8,0.45,ER,6,60,418,7.225478468899522,62.927076788738525,5.975478468899522,1.9414368527552999,1.670884193551566,167,5.196107784431137,134,2.6772388059701493,117,10.865384615384615,True
er8,0.45,ER,6,90,412,5.52002427184466,75.70905938038183,4.27002427184466,1.1448039024638257,1.6774129671296978,165,2.2893939393939395,131,-2.0095419847328246,116,14.178879310344827,False
er8,0.45,ER,6,90,412,5.52002427184466,75.70905938038183,4.27002427184466,1.1448039024638257,1.6774129671296978,165,2.2893939393939395,131,-2.0095419847328246,116,14.178879310344827,True
er8,0.45,ER,6,120,406,4.929187192118227,87.74531258461775,3.679187192118227,0.8448721142165023,1.6843658741462717,164,4.053353658536586,130,0.36923076923076925,112,6.973214285714286,False
er8,0.45,ER,6,120,406,4.929187192118227,87.74531258461775,3.679187192118227,0.8448721142165023,1.6843658741462717,164,4.053353658536586,130,0.36923076923076925,112,6.973214285714286,True
er8,0.45,BOTH,1,30,2190,0.9454337899543379,48.57087268172528,-0.3045662100456621,-0.29344578103710073,0.0,871,-1.0602755453501722,679,-0.0861561119293078,640,0.4921875,False
er8,0.45,BOTH,1,30,429,35.6532634032634,48.372818611765965,34.4032634032634,14.730818984353625,0.0,174,25.30316091954023,135,39.92777777777778,120,41.38333333333333,True
er8,0.45,BOTH,1,60,2150,0.13209302325581396,71.67595702558464,-1.117906976744186,-0.7231883079062389,0.0,852,-0.12529342723004694,669,-0.05754857997010463,629,-3.590222575516693,False
er8,0.45,BOTH,1,60,429,59.58741258741259,72.96199036106769,58.33741258741259,16.560717027506644,0.0,174,44.08620689655172,135,65.41851851851852,120,71.03541666666666,True
er8,0.45,BOTH,1,90,2107,0.56015662078785,88.51937133445675,-0.68984337921215,-0.35772100927401274,0.0,833,0.9981992797118847,655,0.6179389312977099,619,-4.345315024232633,False
er8,0.45,BOTH,1,90,421,72.25356294536817,83.919134398703,71.00356294536817,17.360418663777917,0.0,169,55.98668639053255,134,73.81156716417911,118,89.32203389830508,True
er8,0.45,BOTH,1,120,2050,-0.47048780487804875,102.6140929359317,-1.7204878048780488,-0.759139376126762,0.0,807,1.914807930607187,639,-0.6122848200312989,604,-7.75,False
er8,0.45,BOTH,1,120,409,73.29217603911981,96.74013490217234,72.04217603911981,15.060583128615354,0.0,164,57.49085365853659,130,75.30384615384615,115,89.10652173913043,True
er8,0.45,BOTH,2,30,1333,0.9309827456864216,48.84322072222482,-0.3190172543135784,-0.23846516924143926,0.33612829352063367,532,-1.1597744360902256,407,3.8556511056511056,394,-3.496192893401015,False
er8,0.45,BOTH,2,30,429,29.572843822843822,44.28847622658986,28.322843822843822,13.245695448455692,0.47428419382451537,174,20.147988505747126,135,35.3,120,32.327083333333334,True
er8,0.45,BOTH,2,60,1297,-0.1141094834232845,70.62311937186065,-1.3641094834232845,-0.6956204165426507,0.33999813095531506,517,-1.1731141199226305,396,4.546085858585859,384,-7.716145833333333,False
er8,0.45,BOTH,2,60,429,47.21328671328671,57.87792016947602,45.96328671328671,16.448519196929343,0.47428419382451537,174,36.26867816091954,135,50.23518518518519,120,55.21458333333333,True
er8,0.45,BOTH,2,90,1274,0.24195447409733123,86.86431067021482,-1.0080455259026688,-0.41421276900215676,0.3411296132597806,508,0.3887795275590551,388,5.112113402061856,378,-9.167328042328043,False
er8,0.45,BOTH,2,90,415,50.42168674698795,75.94160458093282,49.17168674698795,13.190443118180244,0.48112977624742104,167,36.782934131736525,132,52.08901515151515,116,63.6875,True
er8,0.45,BOTH,2,120,1244,2.2682877813504825,99.17170396650981,1.0182877813504825,0.36215371738700436,0.3421700381505761,491,4.7474541751527495,384,4.639322916666667,369,-7.7120596205962055,False
er8,0.45,BOTH,2,120,408,55.26225490196079,91.26885976856121,54.01225490196079,11.953628795137597,0.4761291793802953,164,43.708841463414636,130,55.37692307692308,114,67.27850877192982,True
er8,0.45,BOTH,3,30,940,0.8555851063829787,51.70580468067831,-0.3944148936170213,-0.23387183951412294,0.6719623119002048,369,-0.5115176151761518,287,2.6228222996515678,284,-3.2913732394366195,False
er8,0.45,BOTH,3,30,429,23.965617715617714,47.15045527974424,22.715617715617714,9.97854698919453,0.8829870692135104,174,17.54597701149425,135,24.37962962962963,120,28.339583333333334,True
er8,0.45,BOTH,3,60,913,3.0287513691128147,70.28972434459543,1.7787513691128147,0.7646431389176158,0.6761920283600107,356,0.24367977528089887,280,6.292857142857143,277,-0.8113718411552346,False
er8,0.45,BOTH,3,60,421,36.59441805225653,62.002190041627955,35.34441805225653,11.696471134487764,0.886279167443485,169,29.689349112426036,134,32.923507462686565,118,46.192796610169495,True
er8,0.45,BOTH,3,90,892,2.278587443946188,84.20582161562253,1.0285874439461882,0.3648224268548589,0.6780617469040373,346,0.8807803468208093,274,5.720802919708029,272,-3.510110294117647,False
er8,0.45,BOTH,3,90,409,37.90342298288508,74.76010957290332,36.65342298288508,9.915309236859589,0.8905408291698478,164,31.53201219512195,130,34.74423076923077,115,46.11521739130435,True
er8,0.45,BOTH,3,120,880,-0.12926136363636365,98.84041048674163,-1.3792613636363638,-0.41395522288655795,0.6805287648457703,343,-0.20481049562682216,269,2.600371747211896,268,-6.876865671641791,False
er8,0.45,BOTH,3,120,405,37.379012345679016,86.22536520918753,36.129012345679016,8.432348721514424,0.891668277552763,163,31.262269938650306,128,32.09765625,114,47.6140350877193,True
er8,0.45,BOTH,4,30,685,0.10802919708029197,46.721324207797664,-1.141970802919708,-0.639712950433338,1.039351446426645,273,0.15842490842490842,215,-0.34186046511627904,197,-3.817258883248731,False
er8,0.45,BOTH,4,30,429,17.6497668997669,38.353132448825164,16.3997668997669,8.856568399307369,1.2405350907216988,174,14.938218390804598,135,13.662962962962963,120,21.597916666666666,True
er8,0.45,BOTH,4,60,670,3.1402985074626866,71.05010508013905,1.8902985074626866,0.6886571615603357,1.044280286519347,266,0.07988721804511278,211,0.052132701421800945,193,6.3950777202072535,False
er8,0.45,BOTH,4,60,415,21.051204819277107,63.399635858948905,19.801204819277107,6.362516196842172,1.2539054235189948,167,15.404191616766466,132,15.666666666666666,116,30.836206896551722,True
er8,0.45,BOTH,4,90,658,5.10144376899696,86.6406565828227,3.85144376899696,1.14028857649445,1.045861732345008,260,3.832692307692308,209,-0.2332535885167464,189,8.394179894179894,False
er8,0.45,BOTH,4,90,408,25.826593137254903,78.15950142691126,24.576593137254903,6.351407550620819,1.255501450587474,164,22.179878048780488,130,18.41346153846154,114,35.05263157894737,True
er8,0.45,BOTH,4,120,644,3.1475155279503104,99.94180546997595,1.8975155279503104,0.4818158486808117,1.0561275634822618,257,0.16634241245136186,201,-3.8694029850746268,186,10.521505376344086,False
er8,0.45,BOTH,4,120,403,24.26178660049628,87.66877477716608,23.01178660049628,5.2693606500740975,1.258823273664814,162,18.993827160493826,128,15.3515625,113,37.44911504424779,True
er8,0.45,BOTH,5,30,536,2.841417910447761,49.85444506325601,1.591417910447761,0.7390311596949247,1.4066708371907213,211,2.7334123222748814,169,-0.48372781065088755,156,2.2948717948717947,False
er8,0.45,BOTH,5,30,421,12.155581947743467,45.326370947732876,10.905581947743467,4.936725104524691,1.5221298884914123,169,9.997041420118343,134,7.266791044776119,118,16.338983050847457,True
er8,0.45,BOTH,5,60,523,3.204110898661568,65.29597400739102,1.9541108986615678,0.6844057456342825,1.4187423278610296,206,2.9696601941747574,164,-0.5350609756097561,153,3.2549019607843137,False
er8,0.45,BOTH,5,60,409,12.86002444987775,61.25430754960628,11.61002444987775,3.833170645013107,1.5390784740692802,164,11.31859756097561,130,8.232692307692307,115,15.843478260869565,True
er8,0.45,BOTH,5,90,516,2.94234496124031,82.1874186892444,1.6923449612403099,0.4677441913925618,1.4270031300003387,204,0.2622549019607843,162,-2.118827160493827,150,7.753333333333333,False
er8,0.45,BOTH,5,90,405,12.430246913580246,75.20832399052405,11.180246913580246,2.991665243920709,1.542459222913512,163,10.91564417177914,128,6.00390625,114,17.37061403508772,True
er8,0.45,BOTH,5,120,507,4.01577909270217,100.90625784884614,2.7657790927021697,0.6171679554029458,1.4325297828591403,202,-0.9814356435643564,159,-1.4921383647798743,146,12.587328767123287,False
er8,0.45,BOTH,5,120,399,12.521303258145364,88.41838312635647,11.271303258145364,2.5463495065851323,1.543378974089592,161,10.740683229813664,127,5.942913385826771,111,18.13738738738739,True
er8,0.45,BOTH,6,30,415,2.633132530120482,48.219589598849005,1.383132530120482,0.5843382751965521,1.695947512860732,167,-1.7245508982035929,132,0.013257575757575758,116,7.415948275862069,False
er8,0.45,BOTH,6,30,415,2.633132530120482,48.219589598849005,1.383132530120482,0.5843382751965521,1.695947512860732,167,-1.7245508982035929,132,0.013257575757575758,116,7.415948275862069,True
er8,0.45,BOTH,6,60,408,7.3131127450980395,63.32509308029902,6.0631127450980395,1.933970694154866,1.7004513230805034,164,4.899390243902439,130,2.8634615384615385,114,11.385964912280702,False
er8,0.45,BOTH,6,60,408,7.3131127450980395,63.32509308029902,6.0631127450980395,1.933970694154866,1.7004513230805034,164,4.899390243902439,130,2.8634615384615385,114,11.385964912280702,True
er8,0.45,BOTH,6,90,403,5.843672456575683,75.9902970921364,4.593672456575683,1.2135408666701866,1.7034658772194768,162,1.8256172839506173,128,-0.513671875,113,14.347345132743364,False
er8,0.45,BOTH,6,90,403,5.843672456575683,75.9902970921364,4.593672456575683,1.2135408666701866,1.7034658772194768,162,1.8256172839506173,128,-0.513671875,113,14.347345132743364,True
er8,0.45,BOTH,6,120,399,5.824561403508772,88.55041922242917,4.574561403508772,1.0319182367567377,1.7058726642760385,161,3.7065217391304346,127,2.97244094488189,111,7.666666666666667,False
er8,0.45,BOTH,6,120,399,5.824561403508772,88.55041922242917,4.574561403508772,1.0319182367567377,1.7058726642760385,161,3.7065217391304346,127,2.97244094488189,111,7.666666666666667,True
er8,0.6,ER,1,30,1463,1.465481886534518,48.1458575838722,0.21548188653451805,0.17118827089982339,0.0,575,0.29304347826086957,451,1.733370288248337,437,-1.4530892448512587,False
er8,0.6,ER,1,30,217,36.14976958525346,49.38561219703865,34.89976958525346,10.410030090026178,0.0,96,27.638020833333332,66,43.56818181818182,55,37.17272727272727,True
er8,0.6,ER,1,60,1428,1.582282913165266,71.67610641199629,0.33228291316526604,0.17518531866556125,0.0,557,-0.035457809694793535,442,1.6561085972850678,429,-0.5541958041958042,False
er8,0.6,ER,1,60,217,62.395161290322584,72.91048552910347,61.145161290322584,12.353839978166,0.0,96,49.263020833333336,66,65.95454545454545,55,76.11363636363636,True
er8,0.6,ER,1,90,1395,0.8340501792114695,86.55866869343743,-0.4159498207885305,-0.1794805852996407,0.0,549,-2.08879781420765,428,2.5408878504672896,418,-1.2464114832535884,False
er8,0.6,ER,1,90,215,72.67906976744186,88.83050135563369,71.42906976744186,11.790496968943078,0.0,94,58.337765957446805,66,74.50757575757575,55,90.10909090909091,True
er8,0.6,ER,1,120,1371,1.7310357403355214,101.40884766439213,0.48103574033552143,0.17563870435088977,0.0,534,-2.547752808988764,425,3.295294117647059,412,1.5036407766990292,False
er8,0.6,ER,1,120,209,77.36244019138756,106.14880888710647,76.11244019138756,10.366058695630013,0.0,90,59.486111111111114,65,79.47692307692307,54,99.77314814814815,True
er8,0.6,ER,2,30,895,-0.02094972067039106,55.921065781066,-1.270949720670391,-0.6799303822561193,0.40831900940437976,360,-3.3243055555555556,274,5.5273722627737225,261,-5.575670498084291,False
er8,0.6,ER,2,30,217,30.872119815668203,51.37139028613127,29.622119815668203,8.494243016125143,0.512719005395662,96,17.705729166666668,66,41.81060606060606,55,35.79545454545455,True
er8,0.6,ER,2,60,875,-0.35514285714285715,74.91664954170791,-1.6051428571428572,-0.6337812264844328,0.4052170800480421,354,-4.181497175141243,268,5.0158582089552235,253,-5.013833992094861,False
er8,0.6,ER,2,60,217,51.51152073732719,68.69240335506663,50.26152073732719,10.778461634683667,0.512719005395662,96,37.638020833333336,66,56.76893939393939,55,64.48636363636363,True
er8,0.6,ER,2,90,861,-0.6315331010452961,88.91866492773376,-1.8815331010452963,-0.6208983496180553,0.40894667277802527,345,-3.4,265,4.808490566037736,251,-6.857569721115538,False
er8,0.6,ER,2,90,211,55.01184834123223,84.72032688510915,53.76184834123223,9.217810938066815,0.5228397750970283,92,40.40760869565217,65,57.99230769230769,54,71.42129629629629,True
er8,0.6,ER,2,120,843,-1.8440094899169632,99.33704973680872,-3.0940094899169632,-0.9043242382665313,0.4079396597301857,336,-0.4575892857142857,260,3.2423076923076923,247,-13.350202429149798,False
er8,0.6,ER,2,120,208,54.625,94.57609785259781,53.375,8.139320766979786,0.5235547832698807,89,39.46910112359551,65,58.65,54,69.94444444444444,True
er8,0.6,ER,3,30,593,2.3338954468802697,51.61840255765298,1.0838954468802697,0.5113404842516209,0.7939392292599179,240,0.303125,177,2.4661016949152543,176,0.7585227272727273,False
er8,0.6,ER,3,30,217,26.246543778801843,47.144843543291714,24.996543778801843,7.810442363877627,0.9500166996880148,96,20.393229166666668,66,21.098484848484848,55,37.70909090909091,True
er8,0.6,ER,3,60,577,1.494367417677643,69.10404945716756,0.24436741767764292,0.08494302216045793,0.804946128130095,234,-0.8418803418803419,173,3.615606936416185,170,-1.6911764705882353,False
er8,0.6,ER,3,60,215,36.444186046511625,69.7150560721484,35.194186046511625,7.402247030896169,0.9546549607619212,94,29.425531914893618,66,29.651515151515152,55,51.70454545454545,True
er8,0.6,ER,3,90,566,2.8935512367491167,86.29432321654649,1.6435512367491167,0.4531158312074313,0.8070232017427827,225,4.705555555555556,172,1.2165697674418605,169,-1.9985207100591715,False
er8,0.6,ER,3,90,209,41.18421052631579,88.85877429227062,39.93421052631579,6.497075713708567,0.9675448765961709,90,31.42222222222222,65,34.51923076923077,54,60.638888888888886,True
er8,0.6,ER,3,120,554,-0.9368231046931408,96.08939750301832,-2.186823104693141,-0.5356647471933111,0.8089096359422349,223,2.8340807174887894,166,1.1099397590361446,165,-12.289393939393939,False
er8,0.6,ER,3,120,206,34.44174757281554,86.12710547451887,33.19174757281554,5.531257504791407,0.9747552710865973,89,29.25561797752809,64,28.8046875,53,45.09905660377358,True
er8,0.6,ER,4,30,411,-1.7074209245742094,45.956925879120504,-2.957420924574209,-1.304617145507602,1.1913184240927768,170,1.4558823529411764,127,-7.265748031496063,114,-4.739035087719298,False
er8,0.6,ER,4,30,217,20.617511520737327,39.09145428873722,19.367511520737327,7.298302540595225,1.2862403409249166,96,18.666666666666668,66,13.731060606060606,55,27.354545454545455,True
er8,0.6,ER,4,60,401,-0.007481296758104738,66.50899568021062,-1.2574812967581048,-0.37861108991982784,1.2082613144135486,164,4.234756097560975,124,-4.862903225806452,113,-5.272123893805309,False
er8,0.6,ER,4,60,211,23.648104265402843,61.076442510369006,22.398104265402843,5.326951671211243,1.3141780074651026,92,21.622282608695652,65,14.192307692307692,54,33.59722222222222,True
er8,0.6,ER,4,90,394,1.017766497461929,78.66856224752631,-0.23223350253807107,-0.058596512676991716,1.2133228336752686,160,6.3890625,123,-5.436991869918699,111,-4.009009009009009,False
er8,0.6,ER,4,90,208,22.91466346153846,72.20646216000318,21.66466346153846,4.327205772976741,1.3230597305405376,89,20.297752808988765,65,14.85,54,32.120370370370374,True
er8,0.6,ER,4,120,387,0.2351421188630491,91.5845538862135,-1.0148578811369509,-0.21799095646828454,1.2176342582651598,160,7.625,118,-9.811440677966102,109,-4.174311926605505,False
er8,0.6,ER,4,120,206,22.771844660194176,80.76729677165221,21.521844660194176,3.824525448208458,1.3254944835439726,89,25.081460674157302,64,12.15625,53,26.85377358490566,True
er8,0.6,ER,5,30,297,-2.6784511784511786,53.3968218284275,-3.9284511784511786,-1.2678975897287141,1.527569813099853,128,-1.5703125,91,-2.3653846153846154,78,-9.621794871794872,False
er8,0.6,ER,5,30,215,9.845348837209302,46.2338590348702,8.595348837209302,2.725979543240984,1.601175480668045,94,7.125,66,7.200757575757576,55,12.781818181818181,True
er8,0.6,ER,5,60,290,2.603448275862069,71.49798002208034,1.353448275862069,0.3223642627223063,1.548234962591908,123,3.152439024390244,90,-1.2583333333333333,77,1.5324675324675325,False
er8,0.6,ER,5,60,209,13.690191387559809,67.81668951582841,12.440191387559809,2.6519395430412955,1.6299082498521387,90,8.105555555555556,65,11.284615384615385,54,21.055555555555557,True
er8,0.6,ER,5,90,284,-2.250880281690141,79.3074693205822,-3.500880281690141,-0.7439133247900847,1.5576368939090743,122,-2.5061475409836067,87,-2.410919540229885,75,-6.383333333333334,False
er8,0.6,ER,5,90,206,7.191747572815534,74.18708802161069,5.941747572815534,1.1495278116921357,1.635912388908173,89,5.823033707865169,64,5.7109375,53,6.419811320754717,True
er8,0.6,ER,5,120,281,0.20195729537366547,95.00186983918277,-1.0480427046263345,-0.18492685591816974,1.5610147654838045,121,-1.5454545454545454,85,0.28823529411764703,75,-1.76,False
er8,0.6,ER,5,120,205,10.536585365853659,85.63920844214316,9.286585365853659,1.552602715226661,1.6370794841145941,89,7.185393258426966,63,9.71031746031746,53,12.31132075471698,True
er8,0.6,ER,6,30,211,2.603080568720379,46.26693103212675,1.353080568720379,0.42480947232714616,1.8420249737960321,92,0.8043478260869565,65,-1.0192307692307692,54,5.143518518518518,False
er8,0.6,ER,6,30,211,2.603080568720379,46.26693103212675,1.353080568720379,0.42480947232714616,1.8420249737960321,92,0.8043478260869565,65,-1.0192307692307692,54,5.143518518518518,True
er8,0.6,ER,6,60,208,1.7668269230769231,62.21534466369268,0.5168269230769231,0.11980619776468679,1.8523651109554382,89,-0.7528089887640449,65,-0.36153846153846153,54,3.6666666666666665,False
er8,0.6,ER,6,60,208,1.7668269230769231,62.21534466369268,0.5168269230769231,0.11980619776468679,1.8523651109554382,89,-0.7528089887640449,65,-0.36153846153846153,54,3.6666666666666665,True
er8,0.6,ER,6,90,206,2.1674757281553396,77.28533123961158,0.9174757281553396,0.1703849069273621,1.8501599353253002,89,4.030898876404494,64,-2.859375,53,0.25,False
er8,0.6,ER,6,90,206,2.1674757281553396,77.28533123961158,0.9174757281553396,0.1703849069273621,1.8501599353253002,89,4.030898876404494,64,-2.859375,53,0.25,True
er8,0.6,ER,6,120,203,3.9433497536945814,88.31203043983741,2.6933497536945814,0.43453113778171654,1.851174017827002,87,0.8275862068965517,63,4.496031746031746,53,3.6132075471698113,False
er8,0.6,ER,6,120,203,3.9433497536945814,88.31203043983741,2.6933497536945814,0.43453113778171654,1.851174017827002,87,0.8275862068965517,63,4.496031746031746,53,3.6132075471698113,True
er8,0.6,BOTH,1,30,1463,1.465481886534518,48.1458575838722,0.21548188653451805,0.17118827089982339,0.0,575,0.29304347826086957,451,1.733370288248337,437,-1.4530892448512587,False
er8,0.6,BOTH,1,30,217,36.14976958525346,49.38561219703865,34.89976958525346,10.410030090026178,0.0,96,27.638020833333332,66,43.56818181818182,55,37.17272727272727,True
er8,0.6,BOTH,1,60,1428,1.582282913165266,71.67610641199629,0.33228291316526604,0.17518531866556125,0.0,557,-0.035457809694793535,442,1.6561085972850678,429,-0.5541958041958042,False
er8,0.6,BOTH,1,60,217,62.395161290322584,72.91048552910347,61.145161290322584,12.353839978166,0.0,96,49.263020833333336,66,65.95454545454545,55,76.11363636363636,True
er8,0.6,BOTH,1,90,1395,0.8340501792114695,86.55866869343743,-0.4159498207885305,-0.1794805852996407,0.0,549,-2.08879781420765,428,2.5408878504672896,418,-1.2464114832535884,False
er8,0.6,BOTH,1,90,215,72.67906976744186,88.83050135563369,71.42906976744186,11.790496968943078,0.0,94,58.337765957446805,66,74.50757575757575,55,90.10909090909091,True
er8,0.6,BOTH,1,120,1371,1.7310357403355214,101.40884766439213,0.48103574033552143,0.17563870435088977,0.0,534,-2.547752808988764,425,3.295294117647059,412,1.5036407766990292,False
er8,0.6,BOTH,1,120,209,77.36244019138756,106.14880888710647,76.11244019138756,10.366058695630013,0.0,90,59.486111111111114,65,79.47692307692307,54,99.77314814814815,True
er8,0.6,BOTH,2,30,895,-0.02094972067039106,55.921065781066,-1.270949720670391,-0.6799303822561193,0.40831900940437976,360,-3.3243055555555556,274,5.5273722627737225,261,-5.575670498084291,False
er8,0.6,BOTH,2,30,217,30.872119815668203,51.37139028613127,29.622119815668203,8.494243016125143,0.512719005395662,96,17.705729166666668,66,41.81060606060606,55,35.79545454545455,True
er8,0.6,BOTH,2,60,875,-0.35514285714285715,74.91664954170791,-1.6051428571428572,-0.6337812264844328,0.4052170800480421,354,-4.181497175141243,268,5.0158582089552235,253,-5.013833992094861,False
er8,0.6,BOTH,2,60,217,51.51152073732719,68.69240335506663,50.26152073732719,10.778461634683667,0.512719005395662,96,37.638020833333336,66,56.76893939393939,55,64.48636363636363,True
er8,0.6,BOTH,2,90,861,-0.6315331010452961,88.91866492773376,-1.8815331010452963,-0.6208983496180553,0.40894667277802527,345,-3.4,265,4.808490566037736,251,-6.857569721115538,False
er8,0.6,BOTH,2,90,211,55.01184834123223,84.72032688510915,53.76184834123223,9.217810938066815,0.5228397750970283,92,40.40760869565217,65,57.99230769230769,54,71.42129629629629,True
er8,0.6,BOTH,2,120,843,-1.8440094899169632,99.33704973680872,-3.0940094899169632,-0.9043242382665313,0.4079396597301857,336,-0.4575892857142857,260,3.2423076923076923,247,-13.350202429149798,False
er8,0.6,BOTH,2,120,208,54.625,94.57609785259781,53.375,8.139320766979786,0.5235547832698807,89,39.46910112359551,65,58.65,54,69.94444444444444,True
er8,0.6,BOTH,3,30,593,2.3338954468802697,51.61840255765298,1.0838954468802697,0.5113404842516209,0.7939392292599179,240,0.303125,177,2.4661016949152543,176,0.7585227272727273,False
er8,0.6,BOTH,3,30,217,26.246543778801843,47.144843543291714,24.996543778801843,7.810442363877627,0.9500166996880148,96,20.393229166666668,66,21.098484848484848,55,37.70909090909091,True
er8,0.6,BOTH,3,60,577,1.494367417677643,69.10404945716756,0.24436741767764292,0.08494302216045793,0.804946128130095,234,-0.8418803418803419,173,3.615606936416185,170,-1.6911764705882353,False
er8,0.6,BOTH,3,60,215,36.444186046511625,69.7150560721484,35.194186046511625,7.402247030896169,0.9546549607619212,94,29.425531914893618,66,29.651515151515152,55,51.70454545454545,True
er8,0.6,BOTH,3,90,566,2.8935512367491167,86.29432321654649,1.6435512367491167,0.4531158312074313,0.8070232017427827,225,4.705555555555556,172,1.2165697674418605,169,-1.9985207100591715,False
er8,0.6,BOTH,3,90,209,41.18421052631579,88.85877429227062,39.93421052631579,6.497075713708567,0.9675448765961709,90,31.42222222222222,65,34.51923076923077,54,60.638888888888886,True
er8,0.6,BOTH,3,120,554,-0.9368231046931408,96.08939750301832,-2.186823104693141,-0.5356647471933111,0.8089096359422349,223,2.8340807174887894,166,1.1099397590361446,165,-12.289393939393939,False
er8,0.6,BOTH,3,120,206,34.44174757281554,86.12710547451887,33.19174757281554,5.531257504791407,0.9747552710865973,89,29.25561797752809,64,28.8046875,53,45.09905660377358,True
er8,0.6,BOTH,4,30,411,-1.7074209245742094,45.956925879120504,-2.957420924574209,-1.304617145507602,1.1913184240927768,170,1.4558823529411764,127,-7.265748031496063,114,-4.739035087719298,False
er8,0.6,BOTH,4,30,217,20.617511520737327,39.09145428873722,19.367511520737327,7.298302540595225,1.2862403409249166,96,18.666666666666668,66,13.731060606060606,55,27.354545454545455,True
er8,0.6,BOTH,4,60,401,-0.007481296758104738,66.50899568021062,-1.2574812967581048,-0.37861108991982784,1.2082613144135486,164,4.234756097560975,124,-4.862903225806452,113,-5.272123893805309,False
er8,0.6,BOTH,4,60,211,23.648104265402843,61.076442510369006,22.398104265402843,5.326951671211243,1.3141780074651026,92,21.622282608695652,65,14.192307692307692,54,33.59722222222222,True
er8,0.6,BOTH,4,90,394,1.017766497461929,78.66856224752631,-0.23223350253807107,-0.058596512676991716,1.2133228336752686,160,6.3890625,123,-5.436991869918699,111,-4.009009009009009,False
er8,0.6,BOTH,4,90,208,22.91466346153846,72.20646216000318,21.66466346153846,4.327205772976741,1.3230597305405376,89,20.297752808988765,65,14.85,54,32.120370370370374,True
er8,0.6,BOTH,4,120,387,0.2351421188630491,91.5845538862135,-1.0148578811369509,-0.21799095646828454,1.2176342582651598,160,7.625,118,-9.811440677966102,109,-4.174311926605505,False
er8,0.6,BOTH,4,120,206,22.771844660194176,80.76729677165221,21.521844660194176,3.824525448208458,1.3254944835439726,89,25.081460674157302,64,12.15625,53,26.85377358490566,True
er8,0.6,BOTH,5,30,297,-2.6784511784511786,53.3968218284275,-3.9284511784511786,-1.2678975897287141,1.527569813099853,128,-1.5703125,91,-2.3653846153846154,78,-9.621794871794872,False
er8,0.6,BOTH,5,30,215,9.845348837209302,46.2338590348702,8.595348837209302,2.725979543240984,1.601175480668045,94,7.125,66,7.200757575757576,55,12.781818181818181,True
er8,0.6,BOTH,5,60,290,2.603448275862069,71.49798002208034,1.353448275862069,0.3223642627223063,1.548234962591908,123,3.152439024390244,90,-1.2583333333333333,77,1.5324675324675325,False
er8,0.6,BOTH,5,60,209,13.690191387559809,67.81668951582841,12.440191387559809,2.6519395430412955,1.6299082498521387,90,8.105555555555556,65,11.284615384615385,54,21.055555555555557,True
er8,0.6,BOTH,5,90,284,-2.250880281690141,79.3074693205822,-3.500880281690141,-0.7439133247900847,1.5576368939090743,122,-2.5061475409836067,87,-2.410919540229885,75,-6.383333333333334,False
er8,0.6,BOTH,5,90,206,7.191747572815534,74.18708802161069,5.941747572815534,1.1495278116921357,1.635912388908173,89,5.823033707865169,64,5.7109375,53,6.419811320754717,True
er8,0.6,BOTH,5,120,281,0.20195729537366547,95.00186983918277,-1.0480427046263345,-0.18492685591816974,1.5610147654838045,121,-1.5454545454545454,85,0.28823529411764703,75,-1.76,False
er8,0.6,BOTH,5,120,205,10.536585365853659,85.63920844214316,9.286585365853659,1.552602715226661,1.6370794841145941,89,7.185393258426966,63,9.71031746031746,53,12.31132075471698,True
er8,0.6,BOTH,6,30,211,2.603080568720379,46.26693103212675,1.353080568720379,0.42480947232714616,1.8420249737960321,92,0.8043478260869565,65,-1.0192307692307692,54,5.143518518518518,False
er8,0.6,BOTH,6,30,211,2.603080568720379,46.26693103212675,1.353080568720379,0.42480947232714616,1.8420249737960321,92,0.8043478260869565,65,-1.0192307692307692,54,5.143518518518518,True
er8,0.6,BOTH,6,60,208,1.7668269230769231,62.21534466369268,0.5168269230769231,0.11980619776468679,1.8523651109554382,89,-0.7528089887640449,65,-0.36153846153846153,54,3.6666666666666665,False
er8,0.6,BOTH,6,60,208,1.7668269230769231,62.21534466369268,0.5168269230769231,0.11980619776468679,1.8523651109554382,89,-0.7528089887640449,65,-0.36153846153846153,54,3.6666666666666665,True
er8,0.6,BOTH,6,90,206,2.1674757281553396,77.28533123961158,0.9174757281553396,0.1703849069273621,1.8501599353253002,89,4.030898876404494,64,-2.859375,53,0.25,False
er8,0.6,BOTH,6,90,206,2.1674757281553396,77.28533123961158,0.9174757281553396,0.1703849069273621,1.8501599353253002,89,4.030898876404494,64,-2.859375,53,0.25,True
er8,0.6,BOTH,6,120,203,3.9433497536945814,88.31203043983741,2.6933497536945814,0.43453113778171654,1.851174017827002,87,0.8275862068965517,63,4.496031746031746,53,3.6132075471698113,False
er8,0.6,BOTH,6,120,203,3.9433497536945814,88.31203043983741,2.6933497536945814,0.43453113778171654,1.851174017827002,87,0.8275862068965517,63,4.496031746031746,53,3.6132075471698113,True
er4,0.0,STATE,1,30,2646,0.7266628873771731,49.193455142907744,-0.5233371126228269,-0.5472290287179808,0.0,1027,0.4863680623174294,819,-2.6981074481074483,800,0.406875,False
er4,0.0,STATE,1,30,601,35.30823627287854,48.78764506734687,34.05823627287854,17.113921451448228,0.0,242,26.50619834710744,193,34.70984455958549,166,44.31024096385542,True
er4,0.0,STATE,1,60,2609,1.3177462629359908,70.2553016179196,0.06774626293599084,0.049254201220694606,0.0,1011,0.4248269040553907,806,0.25620347394540943,792,-0.5798611111111112,False
er4,0.0,STATE,1,60,601,58.51497504159734,71.65254985256544,57.26497504159734,19.592716832898127,0.0,242,45.07231404958678,193,58.94170984455958,166,73.09036144578313,True
er4,0.0,STATE,1,90,2536,1.225749211356467,87.27804536419384,-0.024250788643533028,-0.013992505288620123,0.0,981,-0.22935779816513763,787,0.7509529860228716,768,-0.556640625,False
er4,0.0,STATE,1,90,591,67.45769881556683,85.80001819831492,66.20769881556683,18.759223333659502,0.0,238,55.01890756302521,191,65.18193717277487,162,83.85493827160494,True
er4,0.0,STATE,1,120,2477,0.4266249495357287,101.80642813301216,-0.8233750504642713,-0.4025181850744141,0.0,960,-0.10598958333333333,768,-0.07259114583333333,749,-2.512683578104139,False
er4,0.0,STATE,1,120,579,67.67443868739205,99.4879081582799,66.42443868739205,16.06559725599384,0.0,234,54.45405982905983,186,65.29166666666667,159,85.36635220125787,True
er4,0.0,STATE,2,30,1656,1.633756038647343,48.51531120970871,0.3837560386473431,0.32188931974972873,0.3371114026375033,673,-0.2555720653789004,494,2.9154858299595143,489,-1.293967280163599,False
er4,0.0,STATE,2,30,601,28.21422628951747,49.93432529942412,26.96422628951747,13.238110839359436,0.4912070388798082,242,22.520661157024794,193,29.03886010362694,166,31.03012048192771,True
er4,0.0,STATE,2,60,1611,0.6885474860335196,71.89062351373259,-0.5614525139664804,-0.3134646348166139,0.3434243650431898,653,-1.6251914241960184,483,4.442028985507246,475,-4.186842105263158,False
er4,0.0,STATE,2,60,601,45.445923460898506,66.85802267382824,44.195923460898506,16.20563005755805,0.4912070388798082,242,34.87190082644628,193,45.9559585492228,166,55.74246987951807,True
er4,0.0,STATE,2,90,1580,-0.5792721518987342,90.05060460248768,-1.829272151898734,-0.8074585422018012,0.3440521627618179,642,-2.7309190031152646,473,3.6569767441860463,465,-6.16505376344086,False
er4,0.0,STATE,2,90,584,46.75256849315068,84.9931297914418,45.50256849315068,12.937742812119327,0.4922927145553176,236,37.76059322033898,188,49.32047872340426,160,52.4359375,True
er4,0.0,STATE,2,120,1545,-0.6993527508090615,100.89978844635216,-1.9493527508090613,-0.7593892089833734,0.3485221663571788,624,0.29607371794871795,465,1.4005376344086022,456,-8.438048245614034,False
er4,0.0,STATE,2,120,578,48.187716262975776,96.70626685943449,46.937716262975776,11.668935947872942,0.4916462183595863,233,42.11909871244635,186,45.17607526881721,159,56.05974842767296,True
er4,0.0,STATE,3,30,1184,1.6066300675675675,51.49230322261649,0.35663006756756754,0.23831506063812213,0.6755720303573564,479,-1.6847599164926932,349,5.77865329512894,356,-2.212078651685393,False
er4,0.0,STATE,3,30,601,23.203826955074874,46.9732686606259,21.953826955074874,11.457680055264916,0.8871216578634402,242,17.298553719008265,193,23.02979274611399,166,27.4894578313253,True
er4,0.0,STATE,3,60,1147,2.209023539668701,72.9200921106532,0.959023539668701,0.4454139017731302,0.6818946588989674,463,-0.6474082073434125,341,5.98900293255132,343,-1.8731778425655976,False
er4,0.0,STATE,3,60,591,32.47673434856176,65.82135385303359,31.226734348561763,11.533297592047077,0.8858979456992822,238,27.357142857142858,191,29.654450261780106,162,38.76543209876543,True
er4,0.0,STATE,3,90,1125,1.7575555555555555,87.54328078429806,0.5075555555555555,0.19446302121854958,0.6844351252399342,455,-0.4340659340659341,332,6.198795180722891,338,-3.81508875739645,False
er4,0.0,STATE,3,90,579,33.038428324697755,79.80133835274246,31.788428324697755,9.58513343407892,0.887847410363966,234,27.168803418803417,186,30.29032258064516,159,40.339622641509436,True
er4,0.0,STATE,3,120,1107,1.7233514001806685,104.36865036880943,0.47335140018066846,0.15089936390418043,0.6856112480897804,445,3.237078651685393,327,4.6880733944954125,335,-7.311940298507463,False
er4,0.0,STATE,3,120,574,34.29094076655052,99.36723484664368,33.04094076655052,7.96645570964318,0.8862908697678643,231,29.693722943722943,184,30.22961956521739,159,41.15723270440252,True
er4,0.0,STATE,4,30,910,1.8585164835164836,50.28508765181774,0.6085164835164836,0.36505124302961284,1.033147487627773,357,0.7976190476190477,279,2.565412186379928,274,-1.6304744525547445,False
er4,0.0,STATE,4,30,601,17.25124792013311,44.788490180031374,16.00124792013311,8.758397817598468,1.236563081546433,242,11.169421487603305,193,15.66839378238342,166,23.43222891566265,True
er4,0.0,STATE,4,60,892,1.7174887892376682,75.73616490633316,0.46748878923766823,0.18435304615135095,1.0344707110966758,351,0.9408831908831908,273,2.4963369963369964,268,-2.219216417910448,False
er4,0.0,STATE,4,60,584,18.79152397260274,67.0872560457317,17.54152397260274,6.318786997738758,1.2435397572627236,236,14.114406779661017,188,18.81648936170213,160,21.0984375,True
er4,0.0,STATE,4,90,879,0.9334470989761092,90.07923844551541,-0.3165529010238908,-0.10418759893964305,1.0387242126906269,344,5.255087209302325,271,-1.8560885608856088,264,-5.996212121212121,False
er4,0.0,STATE,4,90,578,20.060553633217992,80.06364864719585,18.810553633217992,5.64846080245653,1.2452358636130036,233,18.469957081545065,186,14.35752688172043,159,24.5188679245283,True
er4,0.0,STATE,4,120,865,0.2852601156069364,106.17172184331457,-0.9647398843930636,-0.2672449003905093,1.0415624257835814,339,2.02212389380531,265,0.46132075471698114,261,-6.292145593869732,False
er4,0.0,STATE,4,120,570,20.317543859649124,99.28958794935072,19.067543859649124,4.584885279804469,1.2460948740294688,229,14.318777292576419,183,17.93032786885246,158,27.26740506329114,True
er4,0.0,STATE,5,30,714,2.070028011204482,51.9230064182645,0.820028011204482,0.42200535575182274,1.4040419180083354,280,3.325892857142857,230,-1.1565217391304348,204,-0.3909313725490196,False
er4,0.0,STATE,5,30,591,8.787225042301184,50.29793322318369,7.537225042301184,3.6429657055860813,1.5209056343000054,238,8.326680672268907,191,4.982984293193717,162,9.38888888888889,True
er4,0.0,STATE,5,60,701,0.9750356633380884,71.38673034079041,-0.27496433666191156,-0.10198067610686555,1.4113814228941433,276,2.0317028985507246,224,-0.6127232142857143,201,-3.06592039800995,False
er4,0.0,STATE,5,60,579,9.013816925734025,68.38974519771689,7.763816925734025,2.731640746055937,1.5308936476070898,234,7.745726495726496,186,5.30241935483871,159,10.669811320754716,True
er4,0.0,STATE,5,90,692,1.9822976878612717,88.78984884846658,0.7322976878612717,0.21695886162671235,1.4170498189861436,271,4.032287822878229,222,-0.6024774774774775,199,-2.272613065326633,False
er4,0.0,STATE,5,90,574,10.22691637630662,87.6136833831029,8.97691637630662,2.4547721462381986,1.5328072310175194,231,9.979437229437229,184,5.548913043478261,159,11.4874213836478,True
er4,0.0,STATE,5,120,679,1.001840942562592,99.81772333182471,-0.24815905743740796,-0.06478244841973545,1.4251140489370129,267,0.6779026217228464,217,-1.4297235023041475,195,-0.2012820512820513,False
er4,0.0,STATE,5,120,564,9.584219858156029,99.01363788724957,8.334219858156029,1.9989847810060772,1.539844557471662,227,6.277533039647577,181,6.56767955801105,156,13.376602564102564,True
er4,0.0,STATE,6,30,584,0.9790239726027398,50.38419811267617,-0.27097602739726023,-0.12996994769911233,1.7115326733810419,236,1.097457627118644,188,1.553191489361702,160,-4.4328125,False
er4,0.0,STATE,6,30,584,0.9790239726027398,50.38419811267617,-0.27097602739726023,-0.12996994769911233,1.7115326733810419,236,1.097457627118644,188,1.553191489361702,160,-4.4328125,True
er4,0.0,STATE,6,60,578,2.16522491349481,65.80824444118784,0.9152249134948098,0.3343577911355476,1.715192248667402,233,5.332618025751073,186,-2.850806451612903,159,-1.1525157232704402,False
er4,0.0,STATE,6,60,578,2.16522491349481,65.80824444118784,0.9152249134948098,0.3343577911355476,1.715192248667402,233,5.332618025751073,186,-2.850806451612903,159,-1.1525157232704402,True
er4,0.0,STATE,6,90,570,2.238157894736842,87.96411167628463,0.9881578947368421,0.26819967751564533,1.7194894169837065,229,0.8100436681222707,183,0.3483606557377049,158,1.9873417721518987,False
er4,0.0,STATE,6,90,570,2.238157894736842,87.96411167628463,0.9881578947368421,0.26819967751564533,1.7194894169837065,229,0.8100436681222707,183,0.3483606557377049,158,1.9873417721518987,True
er4,0.0,STATE,6,120,564,2.7907801418439715,102.5754244183009,1.5407801418439715,0.35672775596931194,1.7240144808997926,227,1.327092511013216,181,2.1215469613259668,156,1.1778846153846154,False
er4,0.0,STATE,6,120,564,2.7907801418439715,102.5754244183009,1.5407801418439715,0.35672775596931194,1.7240144808997926,227,1.327092511013216,181,2.1215469613259668,156,1.1778846153846154,True
er4,0.0,ER,1,30,3573,0.44990204310103554,49.1143743583019,-0.8000979568989645,-0.9737580328656136,0.0,1439,-0.9527449617790132,1044,0.5172413793103449,1090,-1.8603211009174312,False
er4,0.0,ER,1,30,1388,25.2921469740634,44.83049694873485,24.0421469740634,19.979951410877547,0.0,542,20.391143911439116,440,24.010227272727274,406,28.950738916256157,True
er4,0.0,ER,1,60,3507,0.4037639007698888,71.79991177140266,-0.8462360992301112,-0.6979680133755631,0.0,1410,0.03226950354609929,1028,-1.1466439688715953,1069,-1.716089803554724,False
er4,0.0,ER,1,60,1388,39.044668587896254,63.240928206303025,37.794668587896254,22.265222473814696,0.0,542,30.68819188191882,440,36.08806818181818,406,49.13115763546798,True
er4,0.0,ER,1,90,3416,0.6186329039812647,85.49472895059367,-0.6313670960187353,-0.431619975669427,0.0,1369,-0.7669831994156319,1002,1.3817365269461077,1045,-2.3839712918660285,False
er4,0.0,ER,1,90,1365,42.75,77.57077933379045,41.5,19.76588515581316,0.0,533,32.74624765478424,431,41.94489559164733,401,52.6571072319202,True
er4,0.0,ER,1,120,3327,-0.3258941989780583,99.35318829442674,-1.5758941989780584,-0.914895831576668,0.0,1338,-1.3258594917787743,974,-0.9602156057494866,1015,-2.4963054187192117,False
er4,0.0,ER,1,120,1335,42.20543071161049,93.01016915000666,40.95543071161049,16.088727510798936,0.0,522,32.56609195402299,419,40.43973747016707,394,52.618654822335024,True
er4,0.0,ER,2,30,2587,0.6947236180904522,48.50841032426952,-0.5552763819095478,-0.5822243617017896,0.20468335196024307,1036,0.31805019305019305,776,-2.0637886597938144,775,-0.21225806451612902,False
er4,0.0,ER,2,30,1388,17.158321325648416,47.218520688671006,15.908321325648416,12.551820233323543,0.3453496607844105,542,13.039206642066421,440,15.502272727272727,406,20.178571428571427,True
er4,0.0,ER,2,60,2524,0.8264659270998416,72.230963414132,-0.42353407290015843,-0.2945843171008136,0.20834543660893434,1007,0.3920059582919563,761,-1.4181997371879107,756,-0.5085978835978836,False
er4,0.0,ER,2,60,1388,26.8771613832853,63.00511349577595,25.6271613832853,15.15372628930632,0.3453496607844105,542,20.22278597785978,440,25.619318181818183,406,32.85036945812808,True
er4,0.0,ER,2,90,2462,1.8977457351746547,85.07618892247147,0.6477457351746547,0.37778138941947775,0.20636839027262818,987,0.08054711246200608,739,0.05717185385656292,736,2.001358695652174,False
er4,0.0,ER,2,90,1351,28.099555884529977,79.88172094129767,26.849555884529977,12.35427796211271,0.34206370279533727,529,21.208884688090738,424,25.66391509433962,398,35.609924623115575,True
er4,0.0,ER,2,120,2398,0.5399291075896581,101.55142003566002,-0.7100708924103419,-0.34240515846708075,0.20828772998808692,961,-0.8982830385015609,719,-1.5469401947148818,718,0.37987465181058494,False
er4,0.0,ER,2,120,1316,26.456686930091184,93.76648562238748,25.206686930091184,9.752053454948305,0.34454165216392957,514,20.401750972762645,415,28.237951807228917,387,28.337855297157624,True
er4,0.0,ER,3,30,2101,1.0681818181818181,52.43948744098852,-0.18181818181818188,-0.15892488234712102,0.41148840197472414,832,1.3374399038461537,636,-3.3199685534591197,633,0.9743285939968405,False
er4,0.0,ER,3,30,1388,13.765670028818445,46.08310392066074,12.515670028818445,10.118289810641281,0.603504448712858,542,9.04889298892989,440,10.831818181818182,406,18.9685960591133,True
er4,0.0,ER,3,60,2048,1.42822265625,69.17072451416561,0.17822265625,0.11660188294337326,0.40854423794689976,809,0.0188504326328801,620,0.6024193548387097,619,-0.03836833602584814,False
er4,0.0,ER,3,60,1365,17.763919413919414,63.37034244010289,16.513919413919414,9.627874768131688,0.601498906525644,533,11.242026266416511,431,16.823085846867748,401,23.188902743142144,True
er4,0.0,ER,3,90,1999,1.0121310655327664,85.68483580977781,-0.23786893446723356,-0.12411953942051933,0.4124362820477182,793,0.011664564943253467,602,-2.0390365448504983,604,1.2297185430463575,False
er4,0.0,ER,3,90,1335,17.30486891385768,81.29190497433841,16.05486891385768,7.216059341471975,0.6058885054706293,522,11.560823754789272,419,15.432577565632458,394,22.67068527918782,True
er4,0.0,ER,3,120,1960,0.21785714285714286,103.93356495348742,-1.032142857142857,-0.43965500663700474,0.41116006828480584,775,-0.13612903225806453,593,-0.2403035413153457,592,-2.998310810810811,False
er4,0.0,ER,3,120,1309,15.98357524828113,97.7935776412777,14.73357524828113,5.450892715156365,0.6050051221896489,511,11.518101761252446,413,17.749394673123486,385,15.766233766233766,True
er4,0.0,ER,4,30,1786,-0.8386058230683091,52.283579753462696,-2.088605823068309,-1.6882311004916184,0.610142966764188,706,-1.3509206798866855,546,-1.2243589743589745,534,-3.947565543071161,False
er4,0.0,ER,4,30,1388,9.734870317002882,42.04556491949152,8.484870317002882,7.518301710184867,0.7885129381966469,542,5.949261992619927,440,8.883522727272727,406,11.437807881773399,True
er4,0.0,ER,4,60,1739,0.5188326624496837,68.92008804473036,-0.7311673375503163,-0.44240573677443007,0.6123561984647333,691,-1.280752532561505,528,-0.6439393939393939,520,-0.08942307692307692,False
er4,0.0,ER,4,60,1351,10.830495928941525,64.9791159246297,9.580495928941525,5.419283450100865,0.7921217104621044,529,6.76937618147448,424,8.752948113207546,398,14.198492462311558,True
er4,0.0,ER,4,90,1696,-1.0667747641509433,87.2732607979081,-2.316774764150943,-1.0932400542202378,0.6146775760819795,673,-2.148959881129272,516,0.8406007751937985,507,-5.752958579881657,False
er4,0.0,ER,4,90,1316,9.687310030395137,80.60297397110541,8.437310030395137,3.797352260177527,0.7952154097163997,514,6.751459143968872,415,11.024698795180722,387,7.901808785529716,True
er4,0.0,ER,4,120,1670,-2.6251497005988025,105.066036307876,-3.8751497005988025,-1.5072468032766797,0.615913422884759,662,-2.0751510574018126,506,-2.0345849802371543,502,-8.104083665338646,False
er4,0.0,ER,4,120,1297,8.078450269853509,97.35596834248037,6.828450269853509,2.5259779672581657,0.797442477301241,506,7.316205533596838,408,7.814338235294118,383,5.133812010443864,True
er4,0.0,ER,5,30,1541,-0.4297534068786502,48.97410333637044,-1.6797534068786502,-1.3464193879270503,0.8402565639433707,608,-3.1101973684210527,476,1.3755252100840336,457,-2.9589715536105032,False
er4,0.0,ER,5,30,1365,3.703846153846154,47.936036678011554,2.453846153846154,1.8912612850816957,0.9674758884288557,533,0.573170731707317,431,4.544083526682135,401,2.7069825436408976,True
er4,0.0,ER,5,60,1504,-0.8096742021276596,70.92738129705802,-2.0596742021276597,-1.1261818451383832,0.8488533099399936,595,-2.646638655462185,462,0.02922077922077922,447,-3.437360178970917,False
er4,0.0,ER,5,60,1335,3.2342696629213483,68.8799217783027,1.9842696629213483,1.0525644073762446,0.9759005674689502,522,0.9693486590038314,419,2.867541766109785,394,2.3895939086294415,True
er4,0.0,ER,5,90,1474,-1.9138398914518318,91.96249976472879,-3.1638398914518318,-1.3208468700383287,0.8496220109437477,582,-3.620704467353952,455,3.343956043956044,437,-9.331235697940503,False
er4,0.0,ER,5,90,1309,1.9071810542398777,88.0749186863323,0.6571810542398777,0.26996198146907485,0.9769423471677684,511,0.8028375733855186,413,5.349878934624697,385,-4.57012987012987,True
er4,0.0,ER,5,120,1444,-2.335006925207756,103.19465523779088,-3.585006925207756,-1.3201290594360733,0.8507103237019499,570,-2.937719298245614,441,2.1445578231292517,433,-10.272517321016167,False
er4,0.0,ER,5,120,1282,2.297971918876755,98.48462494366464,1.0479719188767551,0.3810002168343006,0.9791516234166946,499,2.3226452905811623,402,2.6921641791044775,381,-2.356299212598425,True
er4,0.0,ER,6,30,1351,0.6287934863064397,48.55040977004769,-0.6212065136935603,-0.47029544847917815,1.0548791687837749,529,-0.7892249527410208,424,-2.172759433962264,398,1.2550251256281406,False
er4,0.0,ER,6,30,1351,0.6287934863064397,48.55040977004769,-0.6212065136935603,-0.47029544847917815,1.0548791687837749,529,-0.7892249527410208,424,-2.172759433962264,398,1.2550251256281406,True
er4,0.0,ER,6,60,1316,-0.5132978723404256,70.69836729813122,-1.7632978723404256,-0.9047826077953572,1.0595639908848302,514,-0.7203307392996109,415,0.12831325301204818,387,-5.177002583979328,False
er4,0.0,ER,6,60,1316,-0.5132978723404256,70.69836729813122,-1.7632978723404256,-0.9047826077953572,1.0595639908848302,514,-0.7203307392996109,415,0.12831325301204818,387,-5.177002583979328,True
er4,0.0,ER,6,90,1297,-2.0877023901310716,90.00463523880313,-3.3377023901310716,-1.3355271510690678,1.0637896193847935,506,-0.058794466403162056,408,-3.0269607843137254,383,-8.00065274151436,False
er4,0.0,ER,6,90,1297,-2.0877023901310716,90.00463523880313,-3.3377023901310716,-1.3355271510690678,1.0637896193847935,506,-0.058794466403162056,408,-3.0269607843137254,383,-8.00065274151436,True
er4,0.0,ER,6,120,1265,-2.2035573122529644,98.36430932450118,-3.4535573122529644,-1.248746786064491,1.0689476973858658,493,-0.43052738336713997,398,-5.1293969849246235,374,-5.6550802139037435,False
er4,0.0,ER,6,120,1265,-2.2035573122529644,98.36430932450118,-3.4535573122529644,-1.248746786064491,1.0689476973858658,493,-0.43052738336713997,398,-5.1293969849246235,374,-5.6550802139037435,True
er4,0.0,BOTH,1,30,2646,0.7266628873771731,49.193455142907744,-0.5233371126228269,-0.5472290287179808,0.0,1027,0.4863680623174294,819,-2.6981074481074483,800,0.406875,False
er4,0.0,BOTH,1,30,601,35.30823627287854,48.78764506734687,34.05823627287854,17.113921451448228,0.0,242,26.50619834710744,193,34.70984455958549,166,44.31024096385542,True
er4,0.0,BOTH,1,60,2609,1.3177462629359908,70.2553016179196,0.06774626293599084,0.049254201220694606,0.0,1011,0.4248269040553907,806,0.25620347394540943,792,-0.5798611111111112,False
er4,0.0,BOTH,1,60,601,58.51497504159734,71.65254985256544,57.26497504159734,19.592716832898127,0.0,242,45.07231404958678,193,58.94170984455958,166,73.09036144578313,True
er4,0.0,BOTH,1,90,2536,1.225749211356467,87.27804536419384,-0.024250788643533028,-0.013992505288620123,0.0,981,-0.22935779816513763,787,0.7509529860228716,768,-0.556640625,False
er4,0.0,BOTH,1,90,591,67.45769881556683,85.80001819831492,66.20769881556683,18.759223333659502,0.0,238,55.01890756302521,191,65.18193717277487,162,83.85493827160494,True
er4,0.0,BOTH,1,120,2477,0.4266249495357287,101.80642813301216,-0.8233750504642713,-0.4025181850744141,0.0,960,-0.10598958333333333,768,-0.07259114583333333,749,-2.512683578104139,False
er4,0.0,BOTH,1,120,579,67.67443868739205,99.4879081582799,66.42443868739205,16.06559725599384,0.0,234,54.45405982905983,186,65.29166666666667,159,85.36635220125787,True
er4,0.0,BOTH,2,30,1656,1.633756038647343,48.51531120970871,0.3837560386473431,0.32188931974972873,0.3371114026375033,673,-0.2555720653789004,494,2.9154858299595143,489,-1.293967280163599,False
er4,0.0,BOTH,2,30,601,28.21422628951747,49.93432529942412,26.96422628951747,13.238110839359436,0.4912070388798082,242,22.520661157024794,193,29.03886010362694,166,31.03012048192771,True
er4,0.0,BOTH,2,60,1611,0.6885474860335196,71.89062351373259,-0.5614525139664804,-0.3134646348166139,0.3434243650431898,653,-1.6251914241960184,483,4.442028985507246,475,-4.186842105263158,False
er4,0.0,BOTH,2,60,601,45.445923460898506,66.85802267382824,44.195923460898506,16.20563005755805,0.4912070388798082,242,34.87190082644628,193,45.9559585492228,166,55.74246987951807,True
er4,0.0,BOTH,2,90,1580,-0.5792721518987342,90.05060460248768,-1.829272151898734,-0.8074585422018012,0.3440521627618179,642,-2.7309190031152646,473,3.6569767441860463,465,-6.16505376344086,False
er4,0.0,BOTH,2,90,584,46.75256849315068,84.9931297914418,45.50256849315068,12.937742812119327,0.4922927145553176,236,37.76059322033898,188,49.32047872340426,160,52.4359375,True
er4,0.0,BOTH,2,120,1545,-0.6993527508090615,100.89978844635216,-1.9493527508090613,-0.7593892089833734,0.3485221663571788,624,0.29607371794871795,465,1.4005376344086022,456,-8.438048245614034,False
er4,0.0,BOTH,2,120,578,48.187716262975776,96.70626685943449,46.937716262975776,11.668935947872942,0.4916462183595863,233,42.11909871244635,186,45.17607526881721,159,56.05974842767296,True
er4,0.0,BOTH,3,30,1184,1.6066300675675675,51.49230322261649,0.35663006756756754,0.23831506063812213,0.6755720303573564,479,-1.6847599164926932,349,5.77865329512894,356,-2.212078651685393,False
er4,0.0,BOTH,3,30,601,23.203826955074874,46.9732686606259,21.953826955074874,11.457680055264916,0.8871216578634402,242,17.298553719008265,193,23.02979274611399,166,27.4894578313253,True
er4,0.0,BOTH,3,60,1147,2.209023539668701,72.9200921106532,0.959023539668701,0.4454139017731302,0.6818946588989674,463,-0.6474082073434125,341,5.98900293255132,343,-1.8731778425655976,False
er4,0.0,BOTH,3,60,591,32.47673434856176,65.82135385303359,31.226734348561763,11.533297592047077,0.8858979456992822,238,27.357142857142858,191,29.654450261780106,162,38.76543209876543,True
er4,0.0,BOTH,3,90,1125,1.7575555555555555,87.54328078429806,0.5075555555555555,0.19446302121854958,0.6844351252399342,455,-0.4340659340659341,332,6.198795180722891,338,-3.81508875739645,False
er4,0.0,BOTH,3,90,579,33.038428324697755,79.80133835274246,31.788428324697755,9.58513343407892,0.887847410363966,234,27.168803418803417,186,30.29032258064516,159,40.339622641509436,True
er4,0.0,BOTH,3,120,1107,1.7233514001806685,104.36865036880943,0.47335140018066846,0.15089936390418043,0.6856112480897804,445,3.237078651685393,327,4.6880733944954125,335,-7.311940298507463,False
er4,0.0,BOTH,3,120,574,34.29094076655052,99.36723484664368,33.04094076655052,7.96645570964318,0.8862908697678643,231,29.693722943722943,184,30.22961956521739,159,41.15723270440252,True
er4,0.0,BOTH,4,30,910,1.8585164835164836,50.28508765181774,0.6085164835164836,0.36505124302961284,1.033147487627773,357,0.7976190476190477,279,2.565412186379928,274,-1.6304744525547445,False
er4,0.0,BOTH,4,30,601,17.25124792013311,44.788490180031374,16.00124792013311,8.758397817598468,1.236563081546433,242,11.169421487603305,193,15.66839378238342,166,23.43222891566265,True
er4,0.0,BOTH,4,60,892,1.7174887892376682,75.73616490633316,0.46748878923766823,0.18435304615135095,1.0344707110966758,351,0.9408831908831908,273,2.4963369963369964,268,-2.219216417910448,False
er4,0.0,BOTH,4,60,584,18.79152397260274,67.0872560457317,17.54152397260274,6.318786997738758,1.2435397572627236,236,14.114406779661017,188,18.81648936170213,160,21.0984375,True
er4,0.0,BOTH,4,90,879,0.9334470989761092,90.07923844551541,-0.3165529010238908,-0.10418759893964305,1.0387242126906269,344,5.255087209302325,271,-1.8560885608856088,264,-5.996212121212121,False
er4,0.0,BOTH,4,90,578,20.060553633217992,80.06364864719585,18.810553633217992,5.64846080245653,1.2452358636130036,233,18.469957081545065,186,14.35752688172043,159,24.5188679245283,True
er4,0.0,BOTH,4,120,865,0.2852601156069364,106.17172184331457,-0.9647398843930636,-0.2672449003905093,1.0415624257835814,339,2.02212389380531,265,0.46132075471698114,261,-6.292145593869732,False
er4,0.0,BOTH,4,120,570,20.317543859649124,99.28958794935072,19.067543859649124,4.584885279804469,1.2460948740294688,229,14.318777292576419,183,17.93032786885246,158,27.26740506329114,True
er4,0.0,BOTH,5,30,714,2.070028011204482,51.9230064182645,0.820028011204482,0.42200535575182274,1.4040419180083354,280,3.325892857142857,230,-1.1565217391304348,204,-0.3909313725490196,False
er4,0.0,BOTH,5,30,591,8.787225042301184,50.29793322318369,7.537225042301184,3.6429657055860813,1.5209056343000054,238,8.326680672268907,191,4.982984293193717,162,9.38888888888889,True
er4,0.0,BOTH,5,60,701,0.9750356633380884,71.38673034079041,-0.27496433666191156,-0.10198067610686555,1.4113814228941433,276,2.0317028985507246,224,-0.6127232142857143,201,-3.06592039800995,False
er4,0.0,BOTH,5,60,579,9.013816925734025,68.38974519771689,7.763816925734025,2.731640746055937,1.5308936476070898,234,7.745726495726496,186,5.30241935483871,159,10.669811320754716,True
er4,0.0,BOTH,5,90,692,1.9822976878612717,88.78984884846658,0.7322976878612717,0.21695886162671235,1.4170498189861436,271,4.032287822878229,222,-0.6024774774774775,199,-2.272613065326633,False
er4,0.0,BOTH,5,90,574,10.22691637630662,87.6136833831029,8.97691637630662,2.4547721462381986,1.5328072310175194,231,9.979437229437229,184,5.548913043478261,159,11.4874213836478,True
er4,0.0,BOTH,5,120,679,1.001840942562592,99.81772333182471,-0.24815905743740796,-0.06478244841973545,1.4251140489370129,267,0.6779026217228464,217,-1.4297235023041475,195,-0.2012820512820513,False
er4,0.0,BOTH,5,120,564,9.584219858156029,99.01363788724957,8.334219858156029,1.9989847810060772,1.539844557471662,227,6.277533039647577,181,6.56767955801105,156,13.376602564102564,True
er4,0.0,BOTH,6,30,584,0.9790239726027398,50.38419811267617,-0.27097602739726023,-0.12996994769911233,1.7115326733810419,236,1.097457627118644,188,1.553191489361702,160,-4.4328125,False
er4,0.0,BOTH,6,30,584,0.9790239726027398,50.38419811267617,-0.27097602739726023,-0.12996994769911233,1.7115326733810419,236,1.097457627118644,188,1.553191489361702,160,-4.4328125,True
er4,0.0,BOTH,6,60,578,2.16522491349481,65.80824444118784,0.9152249134948098,0.3343577911355476,1.715192248667402,233,5.332618025751073,186,-2.850806451612903,159,-1.1525157232704402,False
er4,0.0,BOTH,6,60,578,2.16522491349481,65.80824444118784,0.9152249134948098,0.3343577911355476,1.715192248667402,233,5.332618025751073,186,-2.850806451612903,159,-1.1525157232704402,True
er4,0.0,BOTH,6,90,570,2.238157894736842,87.96411167628463,0.9881578947368421,0.26819967751564533,1.7194894169837065,229,0.8100436681222707,183,0.3483606557377049,158,1.9873417721518987,False
er4,0.0,BOTH,6,90,570,2.238157894736842,87.96411167628463,0.9881578947368421,0.26819967751564533,1.7194894169837065,229,0.8100436681222707,183,0.3483606557377049,158,1.9873417721518987,True
er4,0.0,BOTH,6,120,564,2.7907801418439715,102.5754244183009,1.5407801418439715,0.35672775596931194,1.7240144808997926,227,1.327092511013216,181,2.1215469613259668,156,1.1778846153846154,False
er4,0.0,BOTH,6,120,564,2.7907801418439715,102.5754244183009,1.5407801418439715,0.35672775596931194,1.7240144808997926,227,1.327092511013216,181,2.1215469613259668,156,1.1778846153846154,True
er4,0.0,NEITHER,1,30,3573,0.44990204310103554,49.1143743583019,-0.8000979568989645,-0.9737580328656136,0.0,1439,-0.9527449617790132,1044,0.5172413793103449,1090,-1.8603211009174312,False
er4,0.0,NEITHER,1,30,1388,25.2921469740634,44.83049694873485,24.0421469740634,19.979951410877547,0.0,542,20.391143911439116,440,24.010227272727274,406,28.950738916256157,True
er4,0.0,NEITHER,1,60,3507,0.4037639007698888,71.79991177140266,-0.8462360992301112,-0.6979680133755631,0.0,1410,0.03226950354609929,1028,-1.1466439688715953,1069,-1.716089803554724,False
er4,0.0,NEITHER,1,60,1388,39.044668587896254,63.240928206303025,37.794668587896254,22.265222473814696,0.0,542,30.68819188191882,440,36.08806818181818,406,49.13115763546798,True
er4,0.0,NEITHER,1,90,3416,0.6186329039812647,85.49472895059367,-0.6313670960187353,-0.431619975669427,0.0,1369,-0.7669831994156319,1002,1.3817365269461077,1045,-2.3839712918660285,False
er4,0.0,NEITHER,1,90,1365,42.75,77.57077933379045,41.5,19.76588515581316,0.0,533,32.74624765478424,431,41.94489559164733,401,52.6571072319202,True
er4,0.0,NEITHER,1,120,3327,-0.3258941989780583,99.35318829442674,-1.5758941989780584,-0.914895831576668,0.0,1338,-1.3258594917787743,974,-0.9602156057494866,1015,-2.4963054187192117,False
er4,0.0,NEITHER,1,120,1335,42.20543071161049,93.01016915000666,40.95543071161049,16.088727510798936,0.0,522,32.56609195402299,419,40.43973747016707,394,52.618654822335024,True
er4,0.0,NEITHER,2,30,2587,0.6947236180904522,48.50841032426952,-0.5552763819095478,-0.5822243617017896,0.20468335196024307,1036,0.31805019305019305,776,-2.0637886597938144,775,-0.21225806451612902,False
er4,0.0,NEITHER,2,30,1388,17.158321325648416,47.218520688671006,15.908321325648416,12.551820233323543,0.3453496607844105,542,13.039206642066421,440,15.502272727272727,406,20.178571428571427,True
er4,0.0,NEITHER,2,60,2524,0.8264659270998416,72.230963414132,-0.42353407290015843,-0.2945843171008136,0.20834543660893434,1007,0.3920059582919563,761,-1.4181997371879107,756,-0.5085978835978836,False
er4,0.0,NEITHER,2,60,1388,26.8771613832853,63.00511349577595,25.6271613832853,15.15372628930632,0.3453496607844105,542,20.22278597785978,440,25.619318181818183,406,32.85036945812808,True
er4,0.0,NEITHER,2,90,2462,1.8977457351746547,85.07618892247147,0.6477457351746547,0.37778138941947775,0.20636839027262818,987,0.08054711246200608,739,0.05717185385656292,736,2.001358695652174,False
er4,0.0,NEITHER,2,90,1351,28.099555884529977,79.88172094129767,26.849555884529977,12.35427796211271,0.34206370279533727,529,21.208884688090738,424,25.66391509433962,398,35.609924623115575,True
er4,0.0,NEITHER,2,120,2398,0.5399291075896581,101.55142003566002,-0.7100708924103419,-0.34240515846708075,0.20828772998808692,961,-0.8982830385015609,719,-1.5469401947148818,718,0.37987465181058494,False
er4,0.0,NEITHER,2,120,1316,26.456686930091184,93.76648562238748,25.206686930091184,9.752053454948305,0.34454165216392957,514,20.401750972762645,415,28.237951807228917,387,28.337855297157624,True
er4,0.0,NEITHER,3,30,2101,1.0681818181818181,52.43948744098852,-0.18181818181818188,-0.15892488234712102,0.41148840197472414,832,1.3374399038461537,636,-3.3199685534591197,633,0.9743285939968405,False
er4,0.0,NEITHER,3,30,1388,13.765670028818445,46.08310392066074,12.515670028818445,10.118289810641281,0.603504448712858,542,9.04889298892989,440,10.831818181818182,406,18.9685960591133,True
er4,0.0,NEITHER,3,60,2048,1.42822265625,69.17072451416561,0.17822265625,0.11660188294337326,0.40854423794689976,809,0.0188504326328801,620,0.6024193548387097,619,-0.03836833602584814,False
er4,0.0,NEITHER,3,60,1365,17.763919413919414,63.37034244010289,16.513919413919414,9.627874768131688,0.601498906525644,533,11.242026266416511,431,16.823085846867748,401,23.188902743142144,True
er4,0.0,NEITHER,3,90,1999,1.0121310655327664,85.68483580977781,-0.23786893446723356,-0.12411953942051933,0.4124362820477182,793,0.011664564943253467,602,-2.0390365448504983,604,1.2297185430463575,False
er4,0.0,NEITHER,3,90,1335,17.30486891385768,81.29190497433841,16.05486891385768,7.216059341471975,0.6058885054706293,522,11.560823754789272,419,15.432577565632458,394,22.67068527918782,True
er4,0.0,NEITHER,3,120,1960,0.21785714285714286,103.93356495348742,-1.032142857142857,-0.43965500663700474,0.41116006828480584,775,-0.13612903225806453,593,-0.2403035413153457,592,-2.998310810810811,False
er4,0.0,NEITHER,3,120,1309,15.98357524828113,97.7935776412777,14.73357524828113,5.450892715156365,0.6050051221896489,511,11.518101761252446,413,17.749394673123486,385,15.766233766233766,True
er4,0.0,NEITHER,4,30,1786,-0.8386058230683091,52.283579753462696,-2.088605823068309,-1.6882311004916184,0.610142966764188,706,-1.3509206798866855,546,-1.2243589743589745,534,-3.947565543071161,False
er4,0.0,NEITHER,4,30,1388,9.734870317002882,42.04556491949152,8.484870317002882,7.518301710184867,0.7885129381966469,542,5.949261992619927,440,8.883522727272727,406,11.437807881773399,True
er4,0.0,NEITHER,4,60,1739,0.5188326624496837,68.92008804473036,-0.7311673375503163,-0.44240573677443007,0.6123561984647333,691,-1.280752532561505,528,-0.6439393939393939,520,-0.08942307692307692,False
er4,0.0,NEITHER,4,60,1351,10.830495928941525,64.9791159246297,9.580495928941525,5.419283450100865,0.7921217104621044,529,6.76937618147448,424,8.752948113207546,398,14.198492462311558,True
er4,0.0,NEITHER,4,90,1696,-1.0667747641509433,87.2732607979081,-2.316774764150943,-1.0932400542202378,0.6146775760819795,673,-2.148959881129272,516,0.8406007751937985,507,-5.752958579881657,False
er4,0.0,NEITHER,4,90,1316,9.687310030395137,80.60297397110541,8.437310030395137,3.797352260177527,0.7952154097163997,514,6.751459143968872,415,11.024698795180722,387,7.901808785529716,True
er4,0.0,NEITHER,4,120,1670,-2.6251497005988025,105.066036307876,-3.8751497005988025,-1.5072468032766797,0.615913422884759,662,-2.0751510574018126,506,-2.0345849802371543,502,-8.104083665338646,False
er4,0.0,NEITHER,4,120,1297,8.078450269853509,97.35596834248037,6.828450269853509,2.5259779672581657,0.797442477301241,506,7.316205533596838,408,7.814338235294118,383,5.133812010443864,True
er4,0.0,NEITHER,5,30,1541,-0.4297534068786502,48.97410333637044,-1.6797534068786502,-1.3464193879270503,0.8402565639433707,608,-3.1101973684210527,476,1.3755252100840336,457,-2.9589715536105032,False
er4,0.0,NEITHER,5,30,1365,3.703846153846154,47.936036678011554,2.453846153846154,1.8912612850816957,0.9674758884288557,533,0.573170731707317,431,4.544083526682135,401,2.7069825436408976,True
er4,0.0,NEITHER,5,60,1504,-0.8096742021276596,70.92738129705802,-2.0596742021276597,-1.1261818451383832,0.8488533099399936,595,-2.646638655462185,462,0.02922077922077922,447,-3.437360178970917,False
er4,0.0,NEITHER,5,60,1335,3.2342696629213483,68.8799217783027,1.9842696629213483,1.0525644073762446,0.9759005674689502,522,0.9693486590038314,419,2.867541766109785,394,2.3895939086294415,True
er4,0.0,NEITHER,5,90,1474,-1.9138398914518318,91.96249976472879,-3.1638398914518318,-1.3208468700383287,0.8496220109437477,582,-3.620704467353952,455,3.343956043956044,437,-9.331235697940503,False
er4,0.0,NEITHER,5,90,1309,1.9071810542398777,88.0749186863323,0.6571810542398777,0.26996198146907485,0.9769423471677684,511,0.8028375733855186,413,5.349878934624697,385,-4.57012987012987,True
er4,0.0,NEITHER,5,120,1444,-2.335006925207756,103.19465523779088,-3.585006925207756,-1.3201290594360733,0.8507103237019499,570,-2.937719298245614,441,2.1445578231292517,433,-10.272517321016167,False
er4,0.0,NEITHER,5,120,1282,2.297971918876755,98.48462494366464,1.0479719188767551,0.3810002168343006,0.9791516234166946,499,2.3226452905811623,402,2.6921641791044775,381,-2.356299212598425,True
er4,0.0,NEITHER,6,30,1351,0.6287934863064397,48.55040977004769,-0.6212065136935603,-0.47029544847917815,1.0548791687837749,529,-0.7892249527410208,424,-2.172759433962264,398,1.2550251256281406,False
er4,0.0,NEITHER,6,30,1351,0.6287934863064397,48.55040977004769,-0.6212065136935603,-0.47029544847917815,1.0548791687837749,529,-0.7892249527410208,424,-2.172759433962264,398,1.2550251256281406,True
er4,0.0,NEITHER,6,60,1316,-0.5132978723404256,70.69836729813122,-1.7632978723404256,-0.9047826077953572,1.0595639908848302,514,-0.7203307392996109,415,0.12831325301204818,387,-5.177002583979328,False
er4,0.0,NEITHER,6,60,1316,-0.5132978723404256,70.69836729813122,-1.7632978723404256,-0.9047826077953572,1.0595639908848302,514,-0.7203307392996109,415,0.12831325301204818,387,-5.177002583979328,True
er4,0.0,NEITHER,6,90,1297,-2.0877023901310716,90.00463523880313,-3.3377023901310716,-1.3355271510690678,1.0637896193847935,506,-0.058794466403162056,408,-3.0269607843137254,383,-8.00065274151436,False
er4,0.0,NEITHER,6,90,1297,-2.0877023901310716,90.00463523880313,-3.3377023901310716,-1.3355271510690678,1.0637896193847935,506,-0.058794466403162056,408,-3.0269607843137254,383,-8.00065274151436,True
er4,0.0,NEITHER,6,120,1265,-2.2035573122529644,98.36430932450118,-3.4535573122529644,-1.248746786064491,1.0689476973858658,493,-0.43052738336713997,398,-5.1293969849246235,374,-5.6550802139037435,False
er4,0.0,NEITHER,6,120,1265,-2.2035573122529644,98.36430932450118,-3.4535573122529644,-1.248746786064491,1.0689476973858658,493,-0.43052738336713997,398,-5.1293969849246235,374,-5.6550802139037435,True
er4,0.4,ER,1,30,4741,-0.5530478801940519,48.973543853442,-1.803047880194052,-2.5350160039675855,0.0,1889,-0.8749338274219164,1415,-2.3991166077738515,1437,-2.436151704940849,False
er4,0.4,ER,1,30,526,36.489543726235745,43.64313489876062,35.239543726235745,18.51855987962068,0.0,205,30.64390243902439,164,35.58079268292683,157,40.88375796178344,True
er4,0.4,ER,1,60,4647,-0.5011835592855606,70.51011377629531,-1.7511835592855607,-1.6930375561825741,0.0,1849,-0.43915630070308276,1391,-1.7821710999281093,1407,-3.4447405828002844,False
er4,0.4,ER,1,60,526,66.78326996197718,69.33387707354095,65.53326996197718,21.677501489794135,0.0,205,53.64878048780488,164,68.61280487804878,157,77.8343949044586,True
er4,0.4,ER,1,90,4524,-1.9497679045092837,86.78955496510237,-3.199767904509284,-2.4797752127044923,0.0,1796,-1.5403674832962138,1351,-1.8051443375277572,1377,-6.732389251997095,False
er4,0.4,ER,1,90,517,77.57495164410058,89.46544559586266,76.32495164410058,19.39797878533357,0.0,203,63.416256157635466,161,77.59937888198758,153,92.11111111111111,True
er4,0.4,ER,1,120,4424,-1.4458069620253164,100.00732275327366,-2.6958069620253164,-1.7929350138965752,0.0,1762,-1.3588251986379114,1321,-1.6994700984102953,1341,-5.434004474272931,False
er4,0.4,ER,1,120,506,77.46146245059289,101.85748511666999,76.21146245059289,16.830716504309326,0.0,199,63.345477386934675,158,76.99683544303798,149,92.56208053691275,True
er4,0.4,ER,2,30,2604,0.8821044546850998,46.74075427593527,-0.3678955453149002,-0.4016514162171544,0.26954306595559885,1030,-0.262621359223301,792,-0.2831439393939394,782,-0.592391304347826,False
er4,0.4,ER,2,30,526,35.30798479087453,47.94297915657085,34.05798479087453,16.29246519382736,0.42674069852180285,205,24.84268292682927,164,36.541158536585364,157,43.496815286624205,True
er4,0.4,ER,2,60,2537,0.8996846669294443,72.83209820323738,-0.35031533307055573,-0.24226828138671022,0.2716940876915195,999,1.2442442442442443,774,1.221576227390181,764,-4.027814136125654,False
er4,0.4,ER,2,60,526,59.68916349809886,72.06164759270442,58.43916349809886,18.599131945868635,0.42674069852180285,205,44.707317073170735,164,58.85213414634146,157,75.93789808917198,True
er4,0.4,ER,2,90,2482,1.2224012892828364,88.85465225821086,-0.027598710717163577,-0.015474246521324151,0.26952188750221967,983,0.5104272634791455,750,3.1216666666666666,749,-3.8871829105473967,False
er4,0.4,ER,2,90,510,61.01274509803922,90.32602667343855,59.76274509803922,14.94179313010459,0.42919322243167846,201,47.309701492537314,158,58.936708860759495,151,77.20364238410596,True
er4,0.4,ER,2,120,2430,-0.9267489711934156,101.1256223872968,-2.1767489711934154,-1.0610852490819467,0.2702802147005447,967,1.0343846949327817,737,1.05359565807327,726,-9.733126721763085,False
er4,0.4,ER,2,120,501,60.89720558882235,101.04837411940703,59.64720558882235,13.212336775662838,0.4304603504715493,198,46.69444444444444,156,61.33653846153846,147,75.30102040816327,True
er4,0.4,ER,3,30,1683,3.2488116458704694,46.8507327044994,1.9988116458704694,1.7502397456475047,0.6267752632676765,677,0.8105612998522895,507,4.709566074950691,499,0.8567134268537074,False
er4,0.4,ER,3,30,526,30.252851711026615,44.29074923776669,29.002851711026615,15.018292107130618,0.9109175339610848,205,21.62439024390244,164,31.833841463414632,157,35.67993630573248,True
er4,0.4,ER,3,60,1636,2.3461185819070907,70.67424818478801,1.0961185819070907,0.6273183515671219,0.6287040922810294,659,1.0185887708649468,491,6.680244399185336,486,-4.440329218106996,False
er4,0.4,ER,3,60,517,41.12620889748549,66.88837459345778,39.87620889748549,13.555279954122142,0.9156364986759024,203,31.777093596059114,161,40.81987577639752,153,49.62908496732026,True
er4,0.4,ER,3,90,1598,2.482165206508135,87.18859782994507,1.2321652065081352,0.5649338987412171,0.6337254638877227,646,-0.0027089783281733747,477,6.988993710691824,475,-2.869473684210526,False
er4,0.4,ER,3,90,506,41.04397233201581,80.73164303027376,39.79397233201581,11.087886223377641,0.9187298440274787,199,31.60678391959799,158,40.38291139240506,149,50.104026845637584,True
er4,0.4,ER,3,120,1566,1.991698595146871,102.36504016808925,0.7416985951468711,0.2867290356717535,0.63523394598706,634,3.658123028391167,467,6.094218415417559,465,-8.61021505376344,False
er4,0.4,ER,3,120,498,42.321285140562246,96.24117947383077,41.071285140562246,9.523400023049005,0.9173245658859291,196,33.755102040816325,155,43.035483870967745,147,48.755102040816325,True
er4,0.4,ER,4,30,1166,1.1903945111492282,48.29705433058634,-0.05960548885077177,-0.04214197505820912,1.0626100732796264,458,-0.007096069868995633,371,0.9797843665768194,337,-1.2752225519287834,False
er4,0.4,ER,4,30,526,24.375950570342205,43.95660399540643,23.125950570342205,12.066139245447584,1.3220128875966248,205,18.65487804878049,164,21.024390243902438,157,31.159235668789808,True
er4,0.4,ER,4,60,1137,2.1921723834652593,71.42746314612737,0.9421723834652593,0.44478012935533606,1.0666111579740212,448,1.015625,359,2.16016713091922,330,-0.4825757575757576,False
er4,0.4,ER,4,60,510,25.38578431372549,68.82577316629047,24.13578431372549,7.919457005950237,1.3341587582850292,201,21.166666666666668,158,21.05221518987342,151,31.314569536423843,True
er4,0.4,ER,4,90,1115,2.0053811659192826,83.62824273346128,0.7553811659192826,0.30161338784145325,1.0732777430746865,442,2.481900452488688,352,2.656960227272727,321,-3.707165109034268,False
er4,0.4,ER,4,90,501,25.817365269461078,79.6331719689999,24.567365269461078,6.905313987874678,1.3364251975795864,198,20.69191919191919,156,23.78044871794872,147,30.622448979591837,True
er4,0.4,ER,4,120,1096,1.9425182481751824,99.20525458653678,0.6925182481751824,0.23110099900889294,1.0740089487751887,433,5.418013856812933,345,-0.6485507246376812,318,-4.286949685534591,False
er4,0.4,ER,4,120,493,26.24340770791075,91.56837810095098,24.99340770791075,6.060429611727922,1.3381516454402116,192,25.028645833333332,154,21.46590909090909,147,28.642857142857142,True
er4,0.4,ER,5,30,773,0.20213454075032342,48.28748951595947,-1.0478654592496766,-0.6033379524033468,1.6033697997772427,301,-0.893687707641196,243,-1.9444444444444444,229,-0.29912663755458513,False
er4,0.4,ER,5,30,517,10.605899419729207,46.101624336740976,9.355899419729207,4.614393089701987,1.7266444779672763,203,8.846059113300493,161,7.563664596273292,153,11.918300653594772,True
er4,0.4,ER,5,60,758,-0.20745382585751979,68.91368052706113,-1.4574538258575198,-0.5822693932227384,1.6088459829682726,295,-1.1305084745762712,239,-2.5638075313807533,224,-0.7075892857142857,False
er4,0.4,ER,5,60,506,10.510375494071146,67.83543362802577,9.260375494071146,3.07076972302312,1.7352132282057722,199,8.596733668341708,158,7.069620253164557,149,12.46979865771812,True
er4,0.4,ER,5,90,747,1.3805220883534137,82.64493949576035,0.13052208835341372,0.04316463260098268,1.6105539270156066,292,1.9143835616438356,234,-1.360042735042735,221,-0.6481900452488688,False
er4,0.4,ER,5,90,498,11.864457831325302,83.30966754250967,10.614457831325302,2.843263343966213,1.7387098737550213,196,10.697704081632653,155,10.30483870967742,147,10.829931972789115,True
er4,0.4,ER,5,120,733,1.2922919508867667,90.6551852985572,0.04229195088676674,0.012630398600106953,1.6219288509249428,283,1.1386925795053005,231,-2.932900432900433,219,1.7636986301369864,False
er4,0.4,ER,5,120,487,10.385010266940451,89.92291864413275,9.135010266940451,2.2418323198793564,1.753803221044565,189,10.306878306878307,152,7.4292763157894735,146,9.393835616438356,True
er4,0.4,ER,6,30,510,0.717156862745098,50.56180470517353,-0.532843137254902,-0.2379917474750419,1.9669977959792033,201,1.2176616915422886,158,-1.4651898734177216,151,-1.8874172185430464,False
er4,0.4,ER,6,30,510,0.717156862745098,50.56180470517353,-0.532843137254902,-0.2379917474750419,1.9669977959792033,201,1.2176616915422886,158,-1.4651898734177216,151,-1.8874172185430464,True
er4,0.4,ER,6,60,501,1.0109780439121756,64.66515390255803,-0.2390219560878244,-0.08273444227901836,1.9761370149889836,198,0.4797979797979798,156,1.7708333333333333,147,-3.3401360544217686,False
er4,0.4,ER,6,60,501,1.0109780439121756,64.66515390255803,-0.2390219560878244,-0.08273444227901836,1.9761370149889836,198,0.4797979797979798,156,1.7708333333333333,147,-3.3401360544217686,True
er4,0.4,ER,6,90,493,1.529918864097363,78.62300537360005,0.2799188640973631,0.0790507484189781,1.9805088559211284,192,4.920572916666667,154,-0.16071428571428573,147,-5.319727891156463,False
er4,0.4,ER,6,90,493,1.529918864097363,78.62300537360005,0.2799188640973631,0.0790507484189781,1.9805088559211284,192,4.920572916666667,154,-0.16071428571428573,147,-5.319727891156463,True
er4,0.4,ER,6,120,484,-0.6859504132231405,91.5775462442267,-1.9359504132231407,-0.4650802608024033,1.9936849451996388,188,1.2965425531914894,151,0.20364238410596028,145,-8.355172413793104,False
er4,0.4,ER,6,120,484,-0.6859504132231405,91.5775462442267,-1.9359504132231407,-0.4650802608024033,1.9936849451996388,188,1.2965425531914894,151,0.20364238410596028,145,-8.355172413793104,True
er4,0.4,BOTH,1,30,2705,0.5849353049907579,49.72940293728793,-0.6650646950092421,-0.6955594951704207,0.0,1063,0.30362182502351837,849,-2.9949941107184923,793,0.5308953341740227,False
er4,0.4,BOTH,1,30,337,39.775222551928785,47.99673803426114,38.525222551928785,14.734940412006033,0.0,132,31.301136363636363,110,36.43636363636364,95,50.98157894736842,True
er4,0.4,BOTH,1,60,2663,0.848009763424709,69.40576141827849,-0.401990236575291,-0.29888599482868206,0.0,1044,0.6592432950191571,837,-1.3894862604540024,782,-0.7618286445012787,False
er4,0.4,BOTH,1,60,337,74.70103857566765,74.2497783814333,73.45103857566765,18.160078841931206,0.0,132,58.75,110,77.2090909090909,95,89.52631578947368,True
er4,0.4,BOTH,1,90,2593,0.44186270728885463,87.33906921036892,-0.8081372927111454,-0.47117023538829333,0.0,1015,-0.6172413793103448,817,-0.3671970624235006,761,-1.5361366622864652,False
er4,0.4,BOTH,1,90,330,91.07954545454545,97.7618197586784,89.82954545454545,16.691943078098934,0.0,130,77.11730769230769,108,80.43518518518519,92,118.82065217391305,True
er4,0.4,BOTH,1,120,2534,0.111681136543015,101.24874413834831,-1.138318863456985,-0.5659493858439884,0.0,996,-0.5850903614457831,798,-1.2534461152882206,740,-1.7587837837837839,False
er4,0.4,BOTH,1,120,323,90.96362229102168,109.49725612804724,89.71362229102168,14.725037752926317,0.0,128,73.18359375,106,84.23820754716981,89,120.00842696629213,True
er4,0.4,BOTH,2,30,1557,2.058927424534361,48.70633900028088,0.8089274245343612,0.6553425676506381,0.3654581795691442,625,-0.0016,474,2.8644514767932487,458,-0.21233624454148473,False
er4,0.4,BOTH,2,30,337,40.06379821958457,51.83211087992353,38.81379821958457,13.746818485123171,0.4578994447951337,132,30.318181818181817,110,40.73863636363637,95,48.38947368421053,True
er4,0.4,BOTH,2,60,1517,1.8464073829927488,72.81838113563002,0.5964073829927488,0.3190030105790076,0.368947622858766,606,-0.32755775577557755,464,5.860452586206897,447,-3.615212527964206,False
er4,0.4,BOTH,2,60,337,68.68620178041543,75.30578296143898,67.43620178041543,16.439163831245107,0.4578994447951337,132,51.390151515151516,110,66.89090909090909,95,90.36315789473684,True
er4,0.4,BOTH,2,90,1483,0.21797033041132838,89.36343747047184,-1.0320296695886717,-0.4447366212617161,0.3710622881690164,594,-2.901094276094276,452,4.45575221238938,437,-4.167620137299771,False
er4,0.4,BOTH,2,90,324,71.63271604938272,93.1533913142365,70.38271604938272,13.600029703859768,0.46116460959635036,128,59.48828125,106,63.757075471698116,90,93.68055555555556,True
er4,0.4,BOTH,2,120,1457,-0.9708304735758407,102.50691567495194,-2.2208304735758406,-0.8269743087189798,0.37278559724813565,584,0.4233732876712329,446,2.0795964125560538,427,-10.32903981264637,False
er4,0.4,BOTH,2,120,321,74.07710280373831,104.00448689548217,72.82710280373831,12.545658849208534,0.4630314927303314,127,61.33661417322835,106,66.45990566037736,88,97.07954545454545,True
er4,0.4,BOTH,3,30,1072,0.7042910447761194,51.50519527484486,-0.5457089552238806,-0.3469025045292086,0.7418447521121311,427,-1.67096018735363,323,5.077399380804954,322,-4.694099378881988,False
er4,0.4,BOTH,3,30,337,34.88427299703264,45.24444147150131,33.63427299703264,13.646829447608985,0.9808059777017933,132,26.132575757575758,110,39.54090909090909,95,37.21842105263158,True
er4,0.4,BOTH,3,60,1040,1.1495192307692308,78.26728361865473,-0.1004807692307692,-0.04140181300952586,0.7462352901173613,414,-1.0948067632850242,315,5.753968253968254,311,-4.706591639871383,False
er4,0.4,BOTH,3,60,330,51.162121212121214,71.85381407629306,49.912121212121214,12.618658040992761,0.9837625979966833,130,44.353846153846156,108,43.06481481481482,92,65.80434782608695,True
er4,0.4,BOTH,3,90,1021,0.9199314397649363,91.22307293756205,-0.3300685602350637,-0.11561450711427987,0.7465011684379129,408,0.20649509803921567,307,5.214983713355049,306,-6.608660130718954,False
er4,0.4,BOTH,3,90,323,51.52012383900929,84.9495990360292,50.27012383900929,10.635303378665052,0.983925718213017,128,41.056640625,106,47.02594339622642,89,67.38483146067416,True
er4,0.4,BOTH,3,120,1003,0.693419740777667,107.11871166976715,-0.556580259222333,-0.16455569780739937,0.7477072507193163,397,4.981738035264484,303,2.0618811881188117,303,-10.431518151815181,False
er4,0.4,BOTH,3,120,317,54.459779179810724,102.97422790643185,53.209779179810724,9.200099904150582,0.9823618970042194,124,45.01411290322581,105,46.535714285714285,88,72.7215909090909,True
er4,0.4,BOTH,4,30,766,1.7424934725848564,51.25148037826819,0.49249347258485643,0.26595517744279407,1.1654194308530532,296,-0.06587837837837837,243,2.76440329218107,227,-1.2114537444933922,False
er4,0.4,BOTH,4,30,337,28.630563798219583,47.792462115880284,27.380563798219583,10.517146714780067,1.4830288281643043,132,19.94128787878788,110,24.861363636363638,95,40.63421052631579,True
er4,0.4,BOTH,4,60,745,4.5463087248322145,73.18958894936222,3.2963087248322145,1.229296678792125,1.171176953689295,289,2.9749134948096887,235,3.545744680851064,221,3.4513574660633486,False
er4,0.4,BOTH,4,60,324,31.410493827160494,69.98690787168404,30.160493827160494,7.757006351591309,1.499953276985273,128,27.787109375,106,21.27122641509434,90,44.00555555555555,True
er4,0.4,BOTH,4,90,734,5.762602179836512,86.45467348521406,4.512602179836512,1.4141211048391014,1.1738553685685003,285,7.908771929824561,234,2.177350427350427,215,2.552325581395349,False
er4,0.4,BOTH,4,90,321,34.374610591900314,82.15788469420335,33.124610591900314,7.223605976642079,1.5003657427955768,127,29.566929133858267,106,23.974056603773583,88,49.28125,True
er4,0.4,BOTH,4,120,722,3.3441828254847645,102.4610111265012,2.0941828254847645,0.5491924460361257,1.1733315955038297,279,3.839605734767025,230,0.016304347826086956,213,2.051643192488263,False
er4,0.4,BOTH,4,120,316,32.35443037974684,97.01788501124652,31.104430379746837,5.699201223011595,1.504906311705706,123,27.66260162601626,105,21.1,88,47.85227272727273,True
er4,0.4,BOTH,5,30,497,4.3385311871227366,52.39153984022778,3.0885311871227366,1.3142228759924162,1.7627976635194142,189,3.4537037037037037,161,-0.37111801242236025,147,6.408163265306122,False
er4,0.4,BOTH,5,30,330,15.786363636363637,51.6482708948975,14.536363636363637,5.11277830777575,1.9268334198549835,130,16.346153846153847,108,2.201388888888889,92,26.45923913043478,True
er4,0.4,BOTH,5,60,485,4.612371134020618,69.64786912092225,3.362371134020618,1.0631846168118333,1.7761154266997312,186,1.950268817204301,156,1.4695512820512822,143,7.263986013986014,False
er4,0.4,BOTH,5,60,323,15.84984520123839,71.39255038150664,14.59984520123839,3.6753323358717793,1.9365261656356378,128,12.52734375,106,6.566037735849057,89,27.14887640449438,True
er4,0.4,BOTH,5,90,478,6.1385983263598325,85.05316354896729,4.8885983263598325,1.2566311795697536,1.7818841337815734,182,5.5989010989010985,154,0.7646103896103896,142,8.450704225352112,False
er4,0.4,BOTH,5,90,317,18.40930599369085,88.37987234428878,17.15930599369085,3.4568137441994042,1.9483787521976603,124,15.788306451612904,105,5.997619047619048,88,32.40909090909091,True
er4,0.4,BOTH,5,120,470,4.232446808510638,94.64641068084913,2.9824468085106384,0.6831522249771638,1.7963546807971325,179,2.2374301675977653,151,-0.847682119205298,140,8.066071428571428,False
er4,0.4,BOTH,5,120,314,16.21735668789809,94.64967739516996,14.96735668789809,2.802146225269565,1.953104284865326,122,15.932377049180328,104,3.581730769230769,88,27.085227272727273,True
er4,0.4,BOTH,6,30,324,2.2314814814814814,48.70953949737254,0.9814814814814814,0.36269418370542444,2.2477982654531843,128,6.1796875,106,-4.60377358490566,90,0.16666666666666666,False
er4,0.4,BOTH,6,30,324,2.2314814814814814,48.70953949737254,0.9814814814814814,0.36269418370542444,2.2477982654531843,128,6.1796875,106,-4.60377358490566,90,0.16666666666666666,True
er4,0.4,BOTH,6,60,321,4.8107476635514015,64.62553047220774,3.5607476635514015,0.9871646458405372,2.2570878750920813,127,7.775590551181103,106,-1.900943396226415,88,4.056818181818182,False
er4,0.4,BOTH,6,60,321,4.8107476635514015,64.62553047220774,3.5607476635514015,0.9871646458405372,2.2570878750920813,127,7.775590551181103,106,-1.900943396226415,88,4.056818181818182,True
er4,0.4,BOTH,6,90,316,2.6392405063291138,83.81720470464701,1.3892405063291138,0.29463735413687736,2.2653392034499933,123,5.75,105,-4.757142857142857,88,2.627840909090909,False
er4,0.4,BOTH,6,90,316,2.6392405063291138,83.81720470464701,1.3892405063291138,0.29463735413687736,2.2653392034499933,123,5.75,105,-4.757142857142857,88,2.627840909090909,True
er4,0.4,BOTH,6,120,314,4.359076433121019,98.66684555090116,3.109076433121019,0.5583737318421547,2.26518300009056,122,7.713114754098361,104,-5.144230769230769,88,6.480113636363637,False
er4,0.4,BOTH,6,120,314,4.359076433121019,98.66684555090116,3.109076433121019,0.5583737318421547,2.26518300009056,122,7.713114754098361,104,-5.144230769230769,88,6.480113636363637,True
er4,0.55,ER,1,30,4090,-0.6339242053789731,48.64705289955705,-1.883924205378973,-2.4766722885039116,0.0,1654,-0.7026904474002419,1242,-2.6330515297906603,1194,-2.740996649916248,False
er4,0.55,ER,1,30,320,40.4078125,46.580832950202165,39.1578125,15.037864298184212,0.0,131,37.47709923664122,91,40.14835164835165,98,40.484693877551024,True
er4,0.55,ER,1,60,4006,-0.5592860708936596,68.77079854650255,-1.8092860708936596,-1.6651702567347597,0.0,1613,-0.36484810911345317,1226,-0.9855220228384992,1167,-4.671165381319623,False
er4,0.55,ER,1,60,320,76.30625,71.053218884109,75.05625,18.896357380791805,0.0,131,63.75,91,84.55494505494505,98,81.34948979591837,True
er4,0.55,ER,1,90,3907,-0.8919887381622729,84.7196810575105,-2.141988738162273,-1.5803547154509532,0.0,1568,-0.7649872448979592,1196,-0.5487040133779264,1143,-5.698162729658793,False
er4,0.55,ER,1,90,314,91.72691082802548,89.76925550297004,90.47691082802548,17.859733108188074,0.0,130,77.51346153846154,89,94.71348314606742,95,104.24736842105263,True
er4,0.55,ER,1,120,3816,-1.0319051362683438,99.29577878712131,-2.281905136268344,-1.4196163172377199,0.0,1534,-0.36766623207301175,1171,-0.7480785653287788,1111,-6.5416291629162915,False
er4,0.55,ER,1,120,306,88.71160130718954,105.88911980386484,87.46160130718954,14.448634311428485,0.0,128,73.013671875,86,96.85174418604652,92,98.78532608695652,True
er4,0.55,ER,2,30,2092,0.3998565965583174,46.79506497643445,-0.8501434034416826,-0.8309463314159928,0.29373166240046567,836,-1.6719497607655502,630,1.411904761904762,626,-2.0291533546325877,False
er4,0.55,ER,2,30,320,41.74453125,49.082057448888065,40.49453125,14.75871702180095,0.4177179574644443,131,30.545801526717558,91,47.18956043956044,98,47.576530612244895,True
er4,0.55,ER,2,60,2046,0.875733137829912,73.27035909614736,-0.374266862170088,-0.23104994569511686,0.2945206022558711,812,1.2336822660098523,622,3.1491157556270095,612,-6.088643790849673,False
er4,0.55,ER,2,60,320,73.1015625,76.0350330536486,71.8515625,16.904310719635056,0.4177179574644443,131,56.97328244274809,91,77.73351648351648,98,86.27806122448979,True
er4,0.55,ER,2,90,2004,0.9723053892215568,87.2650496226644,-0.27769461077844315,-0.1424544335305734,0.2936916542988415,801,-0.7359550561797753,606,3.503712871287129,597,-3.501256281407035,False
er4,0.55,ER,2,90,309,71.48705501618123,90.16009296995462,70.23705501618123,13.694027084765152,0.4177648119920598,130,56.17307692307692,86,74.24418604651163,93,86.19086021505376,True
er4,0.55,ER,2,120,1961,-0.721443141254462,101.72170424846509,-1.971443141254462,-0.858241330508965,0.29409606933376886,783,-1.049169859514687,595,2.526890756302521,583,-7.801029159519725,False
er4,0.55,ER,2,120,301,74.12126245847176,106.48513509594137,72.87126245847176,11.872729004041979,0.42233746333670724,126,55.19444444444444,83,84.33433734939759,92,86.73913043478261,True
er4,0.55,ER,3,30,1236,3.526496763754045,48.07560000220121,2.276496763754045,1.6647597209390639,0.727367886376555,486,0.5905349794238683,380,4.309210526315789,370,2.4033783783783784,False
er4,0.55,ER,3,30,320,35.89765625,42.85085989276268,34.64765625,14.464029861698165,0.9948121207312484,131,25.009541984732824,91,43.20054945054945,98,39.589285714285715,True
er4,0.55,ER,3,60,1207,3.8009527754763877,71.72199713226333,2.5509527754763877,1.2356733482890156,0.7286324704624648,474,0.3322784810126582,371,6.237870619946092,362,1.6774861878453038,False
er4,0.55,ER,3,60,314,51.21735668789809,63.981907084773866,49.96735668789809,13.838659344682053,0.9989401349434819,130,38.676923076923075,89,53.47191011235955,95,62.13421052631579,True
er4,0.55,ER,3,90,1185,3.3162447257383967,84.69878402827938,2.0662447257383967,0.8397765780976161,0.7293870651298954,466,0.5118025751072961,365,5.310958904109589,354,0.7669491525423728,False
er4,0.55,ER,3,90,306,48.05800653594771,81.53671169306492,46.80800653594771,10.04217224624463,1.0050272022793194,128,34.01953125,86,55.758720930232556,92,56.233695652173914,True
er4,0.55,ER,3,120,1160,5.442672413793104,100.27626985333731,4.192672413793104,1.424038579509802,0.7326592357193956,454,6.382709251101321,358,6.467877094972067,348,-1.0050287356321839,False
er4,0.55,ER,3,120,300,51.611666666666665,100.81318626866738,50.361666666666665,8.652535312994592,1.0132137320492571,125,39.782,83,54.39156626506024,92,61.10054347826087,True
er4,0.55,ER,4,30,813,4.028290282902829,47.375019975085706,2.7782902829028293,1.6721432755210413,1.1723038897793656,305,3.810655737704918,263,1.55893536121673,245,2.8020408163265307,False
er4,0.55,ER,4,30,320,31.278125,46.41099014110497,30.028125,11.573970481167118,1.460246486500808,131,25.188931297709924,91,29.11813186813187,98,37.34183673469388,True
er4,0.55,ER,4,60,793,4.093947036569987,68.74831151228459,2.843947036569987,1.1649198930180027,1.1763769249975258,300,2.558333333333333,254,0.8769685039370079,239,5.292887029288703,False
er4,0.55,ER,4,60,309,29.308252427184467,70.2059112344591,28.058252427184467,7.025321070913011,1.4692885414123749,130,24.375,86,25.203488372093023,93,35.846774193548384,True
er4,0.55,ER,4,90,776,3.4204252577319587,83.39522515734777,2.1704252577319587,0.7249941626576348,1.1853534222005389,292,4.613869863013699,250,2.217,234,-0.9284188034188035,False
er4,0.55,ER,4,90,301,31.87624584717608,84.175396299588,30.62624584717608,6.31236121145829,1.4859832731991156,126,23.21825396825397,83,35.38253012048193,92,36.48097826086956,True
er4,0.55,ER,4,120,763,3.2752293577981653,95.88103566970696,2.0252293577981653,0.5834501647610844,1.1864005282520569,285,7.314912280701755,247,-1.4827935222672064,231,-0.75,False
er4,0.55,ER,4,120,296,30.51689189189189,93.19525094361038,29.26689189189189,5.402921738185156,1.49671058168347,122,24.985655737704917,82,24.51219512195122,92,39.182065217391305,True
er4,0.55,ER,5,30,503,0.56610337972167,49.15419807475005,-0.68389662027833,-0.3120425618947953,1.8523415362152895,195,1.7153846153846153,157,-2.944267515923567,151,-1.4321192052980132,False
er4,0.55,ER,5,30,314,14.812898089171975,46.897884454787814,13.562898089171975,5.124648355758977,1.931114863573661,130,12.35576923076923,89,8.151685393258427,95,20.28421052631579,True
er4,0.55,ER,5,60,492,-1.8866869918699187,68.83608101490397,-3.1366869918699187,-1.010735680463299,1.8649463625690206,192,-0.9388020833333334,153,-5.637254901960785,147,-3.4047619047619047,False
er4,0.55,ER,5,60,306,11.726307189542483,71.87720381743799,10.476307189542483,2.549633542214563,1.9449324357965552,128,7.736328125,86,9.912790697674419,92,14.815217391304348,True
er4,0.55,ER,5,90,483,1.9140786749482401,88.86195304920965,0.6640786749482401,0.16423936057023886,1.8730780141199608,189,6.514550264550264,149,-5.23489932885906,145,-0.9,False
er4,0.55,ER,5,90,300,15.455833333333333,90.64033359688206,14.205833333333333,2.71460001533305,1.9562279383259258,125,13.502,83,9.19578313253012,92,19.682065217391305,True
er4,0.55,ER,5,120,475,0.92,95.9012885281017,-0.32999999999999996,-0.07499568949727516,1.8887989451859764,186,5.056451612903226,145,-4.208620689655173,144,-3.3819444444444446,False
er4,0.55,ER,5,120,292,14.625,93.39891879805703,13.375,2.447052954450245,1.9840794508259432,122,12.10860655737705,79,10.541139240506329,91,17.532967032967033,True
er4,0.55,ER,6,30,309,-2.690938511326861,50.63372690943965,-3.940938511326861,-1.36816666137593,2.300976795807979,130,-2.3115384615384613,86,-6.546511627906977,93,-3.8091397849462365,False
er4,0.55,ER,6,30,309,-2.690938511326861,50.63372690943965,-3.940938511326861,-1.36816666137593,2.300976795807979,130,-2.3115384615384613,86,-6.546511627906977,93,-3.8091397849462365,True
er4,0.55,ER,6,60,301,-0.24584717607973422,68.04961871823065,-1.4958471760797343,-0.3813684638644505,2.3280875948521307,126,-4.152777777777778,83,4.207831325301205,92,-3.0027173913043477,False
er4,0.55,ER,6,60,301,-0.24584717607973422,68.04961871823065,-1.4958471760797343,-0.3813684638644505,2.3280875948521307,126,-4.152777777777778,83,4.207831325301205,92,-3.0027173913043477,True
er4,0.55,ER,6,90,296,-1.3530405405405406,78.54428163249348,-2.6030405405405403,-0.5701803096958904,2.3419955051064263,122,-1.9631147540983607,82,-6.137195121951219,92,-0.3016304347826087,False
er4,0.55,ER,6,90,296,-1.3530405405405406,78.54428163249348,-2.6030405405405403,-0.5701803096958904,2.3419955051064263,122,-1.9631147540983607,82,-6.137195121951219,92,-0.3016304347826087,True
er4,0.55,ER,6,120,289,-1.1410034602076125,93.12089740420552,-2.3910034602076125,-0.43649771379559016,2.3686648804118033,120,-2.9458333333333333,78,0.5448717948717948,91,-4.175824175824176,False
er4,0.55,ER,6,120,289,-1.1410034602076125,93.12089740420552,-2.3910034602076125,-0.43649771379559016,2.3686648804118033,120,-2.9458333333333333,78,0.5448717948717948,91,-4.175824175824176,True
er4,0.55,BOTH,1,30,2530,0.6619565217391304,49.890110364923885,-0.5880434782608696,-0.5928642100179431,0.0,997,0.12863590772316952,801,-2.3398876404494384,732,0.35280054644808745,False
er4,0.55,BOTH,1,30,219,41.62557077625571,51.8512304580784,40.37557077625571,11.523427277166855,0.0,92,35.49728260869565,62,44.645161290322584,65,43.207692307692305,True
er4,0.55,BOTH,1,60,2489,1.1322820409803134,69.64869791198693,-0.11771795901968662,-0.08432224687987164,0.0,978,0.21830265848670757,792,-0.11142676767676768,719,-0.5817107093184979,False
er4,0.55,BOTH,1,60,219,79.9931506849315,76.3869274302186,78.7431506849315,15.25512616906836,0.0,92,64.06521739130434,62,96.01612903225806,65,83.04230769230769,True
er4,0.55,BOTH,1,90,2428,1.4502677100494235,85.7594071194958,0.20026771004942345,0.11506771875333673,0.0,950,-0.5307894736842105,776,0.7644974226804123,702,0.5658831908831908,False
er4,0.55,BOTH,1,90,214,99.75116822429906,97.57530947814413,98.50116822429906,14.767545938926494,0.0,91,81.45604395604396,61,98.65983606557377,62,123.36290322580645,True
er4,0.55,BOTH,1,120,2374,0.5693976411120472,99.71176037813676,-0.6806023588879528,-0.3325733335721855,0.0,932,-0.6759656652360515,759,0.1857707509881423,683,-1.6497071742313323,False
er4,0.55,BOTH,1,120,211,97.23341232227489,114.68283524455252,95.98341232227489,12.157352018182674,0.0,91,76.64285714285714,60,105.67916666666666,60,115.62083333333334,True
er4,0.55,BOTH,2,30,1388,1.7231628242074928,47.83397606962609,0.4731628242074928,0.3685266221194662,0.3656251610123277,565,-0.9119469026548672,414,3.8979468599033815,409,-1.0800733496332517,False
er4,0.55,BOTH,2,30,219,42.486301369863014,51.44155670701335,41.236301369863014,11.862812326496288,0.48307999420028663,92,31.20108695652174,62,50.604838709677416,65,46.503846153846155,True
er4,0.55,BOTH,2,60,1357,2.6449889462048635,73.31314184309808,1.3949889462048635,0.7009367950612435,0.3673586936028049,549,0.9212204007285975,405,6.917901234567902,403,-3.509925558312655,False
er4,0.55,BOTH,2,60,219,78.34132420091325,80.89958802006615,77.09132420091325,14.102017622993076,0.48307999420028663,92,60.192934782608695,62,84.60483870967742,65,93.8423076923077,True
er4,0.55,BOTH,2,90,1327,2.045026375282592,89.2221338897906,0.7950263752825921,0.3245969182826496,0.3680148576133535,539,-1.523191094619666,396,7.4728535353535355,392,-2.763392857142857,False
er4,0.55,BOTH,2,90,211,77.70734597156398,95.05389113334213,76.45734597156398,11.683973041512228,0.48104718199167457,91,61.3489010989011,60,76.40416666666667,60,99.425,True
er4,0.55,BOTH,2,120,1301,0.16333589546502691,104.09355690591411,-1.086664104534973,-0.3765391352652636,0.3697336864214879,526,0.6169201520912547,391,4.618925831202046,384,-9.229817708333334,False
er4,0.55,BOTH,2,120,210,79.85714285714286,108.96296096661047,78.60714285714286,10.454247131127921,0.4829753669982327,90,62.894444444444446,60,84.80416666666666,60,95.97916666666667,True
er4,0.55,BOTH,3,30,901,2.134850166481687,52.44721807795351,0.8848501664816868,0.5064186314609463,0.7899647975334966,362,-1.1650552486187846,270,6.425,269,-1.9172862453531598,False
er4,0.55,BOTH,3,30,219,38.31849315068493,43.71266939993042,37.06849315068493,12.549304613860434,1.0468363657069575,92,27.30163043478261,62,50.096774193548384,65,38.465384615384615,True
er4,0.55,BOTH,3,60,878,2.1509111617312073,78.20773330540753,0.9009111617312073,0.3413339815141917,0.795492918390385,351,-1.2371794871794872,264,4.6335227272727275,263,0.0076045627376425855,False
er4,0.55,BOTH,3,60,214,58.074766355140184,68.72594939931476,56.824766355140184,12.095499208434799,1.0454040149555859,91,44.57692307692308,61,53.46311475409836,62,78.10887096774194,True
er4,0.55,BOTH,3,90,860,2.1436046511627906,91.09556646255287,0.8936046511627906,0.2876718759405863,0.7957807667524504,345,0.6543478260869565,257,3.8832684824902723,258,-1.7645348837209303,False
er4,0.55,BOTH,3,90,211,55.574644549763036,87.4996941994205,54.324644549763036,9.01844343799303,1.0482300403400426,91,39.76373626373626,60,60.1,60,70.63333333333334,True
er4,0.55,BOTH,3,120,845,1.9742603550295859,107.97788427493555,0.7242603550295859,0.19497918648506768,0.7994773837605684,335,6.0111940298507465,254,-0.18503937007874016,256,-5.2919921875,False
er4,0.55,BOTH,3,120,208,56.74278846153846,106.40089147275309,55.49278846153846,7.521820219628138,1.054610400280454,89,43.37359550561798,59,52.94491525423729,60,75.975,True
er4,0.55,BOTH,4,30,598,3.50376254180602,50.8526223781772,2.25376254180602,1.083790637290366,1.2564783607488343,233,3.0128755364806867,186,0.9838709677419355,179,2.585195530726257,False
er4,0.55,BOTH,4,30,219,35.79337899543379,51.79076809711986,34.54337899543379,9.870394773844632,1.5832216563564687,92,27.79076086956522,62,32.58064516129032,65,45.973076923076924,True
er4,0.55,BOTH,4,60,579,4.622625215889465,72.27695278696372,3.3726252158894647,1.1228132534036368,1.2616588521617518,227,3.656387665198238,179,-0.15363128491620112,173,6.648843930635838,False
er4,0.55,BOTH,4,60,211,35.11255924170616,73.64099738784256,33.86255924170616,6.679459848315105,1.5896038965825543,91,28.92032967032967,60,23.429166666666667,60,51.791666666666664,True
er4,0.55,BOTH,4,90,569,5.599736379613357,86.29036132035014,4.349736379613357,1.2024216370123646,1.2686529550390562,222,9.59009009009009,178,-1.202247191011236,169,3.3136094674556213,False
er4,0.55,BOTH,4,90,210,37.05238095238095,85.829638867815,35.80238095238095,6.044832503496667,1.5971216509672235,90,30.08888888888889,60,31.829166666666666,60,48.34583333333333,True
er4,0.55,BOTH,4,120,560,3.1620535714285714,101.73959824850964,1.9120535714285714,0.44473780800673424,1.2650374129816928,219,6.9520547945205475,174,-3.4482758620689653,167,0.8877245508982036,False
er4,0.55,BOTH,4,120,208,34.96033653846154,99.22277636289743,33.71033653846154,4.89985672072041,1.5995295632280826,89,27.50561797752809,59,20.52542372881356,60,55.87916666666667,True
er4,0.55,BOTH,5,30,364,0.6998626373626373,54.812503411941606,-0.5501373626373627,-0.19148827866511076,1.983681980880706,139,4.530575539568345,117,-7.666666666666667,108,0.6203703703703703,False
er4,0.55,BOTH,5,30,214,19.147196261682243,51.30732169688629,17.897196261682243,5.102846950327848,2.096519174637881,91,15.936813186813186,61,1.430327868852459,62,36.975806451612904,True
er4,0.55,BOTH,5,60,355,0.05985915492957746,71.38420635299362,-1.1901408450704225,-0.3141307139349844,2.0029939182909153,138,3.681159420289855,112,-8.502232142857142,105,0.20714285714285716,False
er4,0.55,BOTH,5,60,211,16.53554502369668,75.3695927828269,15.285545023696681,2.945954177959948,2.1082908817426547,91,11.123626373626374,60,8.058333333333334,60,28.825,True
er4,0.55,BOTH,5,90,351,0.7222222222222222,90.48526188859499,-0.5277777777777778,-0.10927650858366394,2.0093786588333606,136,9.310661764705882,110,-10.743181818181819,105,-2.5690476190476192,False
er4,0.55,BOTH,5,90,208,17.53485576923077,94.32682122234091,16.28485576923077,2.4898912834599156,2.1196727079474025,89,14.648876404494382,59,0.5677966101694916,60,34.166666666666664,True
er4,0.55,BOTH,5,120,347,1.0194524495677233,97.14473858460076,-0.2305475504322767,-0.04420851895154443,2.014052654042613,135,8.59074074074074,107,-10.38551401869159,105,-1.223809523809524,False
er4,0.55,BOTH,5,120,205,20.64268292682927,94.45200926418202,19.39268292682927,2.9397041550125085,2.1245703654611443,88,16.24715909090909,57,3.6798245614035086,60,38.93333333333333,True
er4,0.55,BOTH,6,30,211,-1.6386255924170616,48.14498231786697,-2.8886255924170614,-0.8715282133357377,2.549549066883542,91,-0.5247252747252747,60,-10.595833333333333,60,1.2333333333333334,False
er4,0.55,BOTH,6,30,211,-1.6386255924170616,48.14498231786697,-2.8886255924170614,-0.8715282133357377,2.549549066883542,91,-0.5247252747252747,60,-10.595833333333333,60,1.2333333333333334,True
er4,0.55,BOTH,6,60,210,0.1869047619047619,63.760752034014146,-1.063095238095238,-0.24161750168974863,2.5589968017653333,90,0.4583333333333333,60,-2.1958333333333333,60,-2.2125,False
er4,0.55,BOTH,6,60,210,0.1869047619047619,63.760752034014146,-1.063095238095238,-0.24161750168974863,2.5589968017653333,90,0.4583333333333333,60,-2.1958333333333333,60,-2.2125,True
er4,0.55,BOTH,6,90,208,-2.0024038461538463,81.26454158383771,-3.2524038461538463,-0.5772115910468016,2.5648250429067465,89,-2.168539325842697,59,-13.60593220338983,60,5.320833333333334,False
er4,0.55,BOTH,6,90,208,-2.0024038461538463,81.26454158383771,-3.2524038461538463,-0.5772115910468016,2.5648250429067465,89,-2.168539325842697,59,-13.60593220338983,60,5.320833333333334,True
er4,0.55,BOTH,6,120,204,7.169117647058823,93.20631454541478,5.919117647058823,0.9070405850238616,2.576665615451026,87,0.8649425287356322,57,-2.0964912280701755,60,20.8625,False
er4,0.55,BOTH,6,120,204,7.169117647058823,93.20631454541478,5.919117647058823,0.9070405850238616,2.576665615451026,87,0.8649425287356322,57,-2.0964912280701755,60,20.8625,True
er4,0.7,ER,1,30,3217,-0.5908455082374884,50.2981325099291,-1.8408455082374884,-2.075826309096065,0.0,1302,-0.6466973886328725,973,-2.686536485097636,942,-2.6178343949044587,False
er4,0.7,ER,1,30,160,43.84375,55.73628628183408,42.59375,9.666468512574507,0.0,66,36.91287878787879,40,50.75,54,43.495370370370374,True
er4,0.7,ER,1,60,3156,0.2473067173637516,70.30870992725282,-1.0026932826362485,-0.8011751557611986,0.0,1274,0.14678178963893249,962,-0.8968295218295218,920,-2.7051630434782608,False
er4,0.7,ER,1,60,160,86.959375,89.97117763283065,85.709375,12.049940834856534,0.0,66,69.98863636363636,40,104.8375,54,90.75462962962963,True
er4,0.7,ER,1,90,3077,0.7288755281117972,84.24489668612472,-0.5211244718882028,-0.3431323100990491,0.0,1238,-0.035137318255250405,937,0.5525613660618997,902,-2.3034922394678494,False
er4,0.7,ER,1,90,158,103.69145569620254,105.42647756494951,102.44145569620254,12.213906420628016,0.0,66,86.11742424242425,40,114.4875,52,113.89423076923077,True
er4,0.7,ER,1,120,3018,0.1908548707753479,98.42575290104733,-1.059145129224652,-0.5911617763723569,0.0,1219,0.4481132075471698,920,-1.3084239130434783,879,-2.8885096700796358,False
er4,0.7,ER,1,120,155,98.40322580645162,118.93407260280898,97.15322580645162,10.169902370622122,0.0,65,78.57307692307693,38,120.01973684210526,52,103.66826923076923,True
er4,0.7,ER,2,30,1545,-0.09838187702265372,46.92856987971306,-1.3483818770226537,-1.1293793146355366,0.373548554929954,620,-2.685483870967742,457,2.0295404814004376,468,-2.8755341880341883,False
er4,0.7,ER,2,30,160,43.9796875,55.60363413332394,42.7296875,9.720453586413704,0.4748295793246314,66,31.518939393939394,40,54.88125,54,47.43055555555556,True
er4,0.7,ER,2,60,1513,1.4814937210839392,75.20324855002154,0.23149372108393917,0.11973526473365487,0.37556412086138624,605,1.1392561983471075,450,3.805,458,-4.478711790393013,False
er4,0.7,ER,2,60,160,83.4421875,78.85005983153292,82.1921875,13.185254084876592,0.4748295793246314,66,67.14772727272727,40,93.83125,54,91.95833333333333,True
er4,0.7,ER,2,90,1482,1.3665654520917678,88.1037339028757,0.11656545209176783,0.0509330448498419,0.3748122380642703,595,-0.3403361344537815,439,3.64123006833713,448,-2.73046875,False
er4,0.7,ER,2,90,156,77.65064102564102,89.6638331063778,76.40064102564102,10.642459367433512,0.480452415626831,66,62.82575757575758,38,85.89473684210526,52,86.6923076923077,True
er4,0.7,ER,2,120,1448,0.6465814917127072,103.84779119323701,-0.6034185082872928,-0.22110860478275374,0.3742753776782725,579,1.7271157167530224,432,2.7685185185185186,437,-7.024599542334096,False
er4,0.7,ER,2,120,154,80.44155844155844,118.42806478863669,79.19155844155844,8.29821375136958,0.4823470726966605,65,62.44230769230769,37,101.08783783783784,52,84.54807692307692,True
er4,0.7,ER,3,30,847,4.4935064935064934,49.86401975431548,3.2435064935064934,1.8930809750027213,0.8689257743917378,341,3.094574780058651,261,3.0047892720306515,245,3.7051020408163264,False
er4,0.7,ER,3,30,160,43.04375,49.52889340018148,41.79375,10.673643837895877,1.0744279798774408,66,31.810606060606062,40,52.60625,54,45.986111111111114,True
er4,0.7,ER,3,60,828,3.8756038647342996,73.66617702502654,2.6256038647342996,1.0255958126845601,0.8689977985071453,331,3.3648036253776437,257,4.078793774319066,240,0.05,False
er4,0.7,ER,3,60,158,59.598101265822784,70.26450728236121,58.348101265822784,10.43804743886278,1.078420423034853,66,47.93939393939394,40,62.25625,52,68.55288461538461,True
er4,0.7,ER,3,90,815,3.67239263803681,86.26727227142847,2.42239263803681,0.8016361179652817,0.8703981425543231,326,3.0161042944785277,253,2.4535573122529644,236,1.56885593220339,False
er4,0.7,ER,3,90,155,54.269354838709674,85.8160527824805,53.019354838709674,7.691866767225994,1.0813409133160026,65,40.184615384615384,38,67.71052631578948,52,58.32692307692308,True
er4,0.7,ER,3,120,795,6.031446540880503,100.95232675937481,4.781446540880503,1.3354466277710269,0.8777902364260504,316,10.658227848101266,246,2.1148373983739837,233,-0.37339055793991416,False
er4,0.7,ER,3,120,154,54.910714285714285,102.8456378636986,53.660714285714285,6.474868217347315,1.0866463356341902,65,43.18846153846154,37,70.85810810810811,52,54.51442307692308,True
er4,0.7,ER,4,30,503,5.579522862823062,45.90228001883202,4.329522862823062,2.1153867117158125,1.390202149525005,195,6.347435897435897,160,-0.709375,148,7.118243243243243,False
er4,0.7,ER,4,30,160,39.415625,45.221118927899106,38.165625,10.67556983862282,1.6154363951925443,66,34.38257575757576,40,37.55625,54,43.24074074074074,True
er4,0.7,ER,4,60,491,2.8375763747454177,66.75889429722096,1.5875763747454177,0.5269461532267016,1.3977604766321978,192,0.044270833333333336,156,0.1778846153846154,143,5.1975524475524475,False
er4,0.7,ER,4,60,156,33.68910256410256,69.10454545874954,32.43910256410256,5.863062385775704,1.62244219918545,66,30.060606060606062,38,29.894736842105264,52,37.31730769230769,True
er4,0.7,ER,4,90,480,6.359375,82.70226212359687,5.109375,1.3535397317527427,1.4122473945655456,185,6.589189189189189,153,3.8758169934640523,142,4.51056338028169,False
er4,0.7,ER,4,90,154,36.133116883116884,95.6272343445709,34.883116883116884,4.5268285676298134,1.6364087545499753,65,29.28076923076923,37,44.317567567567565,52,35.17307692307692,True
er4,0.7,ER,4,120,471,6.773354564755839,89.52925491323323,5.523354564755839,1.3389008167182168,1.415311820426908,181,9.498618784530386,150,0.10666666666666667,140,6.1875,False
er4,0.7,ER,4,120,151,29.885761589403973,92.6441702388739,28.635761589403973,3.798211249184442,1.6543052704971462,62,24.205645161290324,37,40.07432432432432,52,25.778846153846153,True
er4,0.7,ER,5,30,284,-4.441901408450704,50.401415734408175,-5.691901408450704,-1.9031534357879984,2.1814002598805855,115,-2.9391304347826086,84,-9.160714285714286,85,-5.988235294117647,False
er4,0.7,ER,5,30,158,16.147151898734176,43.31255949846406,14.897151898734176,4.323325564943878,2.2212446578201623,66,14.829545454545455,40,8.325,52,20.03846153846154,True
er4,0.7,ER,5,60,279,-6.683691756272402,67.82517659547082,-7.933691756272402,-1.9538287304305324,2.198605320333318,113,-8.024336283185841,82,-10.835365853658537,84,-4.979166666666667,False
er4,0.7,ER,5,60,155,10.462903225806452,64.32769061980684,9.212903225806452,1.78305359732532,2.2371585142237316,65,6.7153846153846155,38,12.664473684210526,52,9.8125,True
er4,0.7,ER,5,90,273,-4.4523809523809526,83.5830949026261,-5.7023809523809526,-1.1272470379085657,2.219218134634975,111,-1.009009009009009,79,-13.348101265822784,83,-4.701807228915663,False
er4,0.7,ER,5,90,154,11.006493506493506,82.71633819637813,9.756493506493506,1.4637362217046843,2.248053019704021,65,9.71923076923077,37,15.10135135135135,52,6.0,True
er4,0.7,ER,5,120,269,-11.00092936802974,90.04577893070574,-12.25092936802974,-2.231422545554755,2.232496442181881,108,-6.810185185185185,78,-16.30128205128205,83,-15.524096385542169,False
er4,0.7,ER,5,120,150,2.5833333333333335,84.61887842632845,1.3333333333333335,0.1929821326191627,2.272634381506647,62,2.185483870967742,36,12.555555555555555,52,-7.451923076923077,True
er4,0.7,ER,6,30,156,-6.3076923076923075,53.702164356529266,-7.5576923076923075,-1.7577605632690292,2.662015760194792,66,-5.549242424242424,38,-10.019736842105264,52,-8.307692307692308,False
er4,0.7,ER,6,30,156,-6.3076923076923075,53.702164356529266,-7.5576923076923075,-1.7577605632690292,2.662015760194792,66,-5.549242424242424,38,-10.019736842105264,52,-8.307692307692308,True
er4,0.7,ER,6,60,154,-4.178571428571429,78.39279509067687,-5.428571428571429,-0.8593493791693317,2.6865465036638025,65,-6.680769230769231,37,3.831081081081081,52,-10.451923076923077,False
er4,0.7,ER,6,60,154,-4.178571428571429,78.39279509067687,-5.428571428571429,-0.8593493791693317,2.6865465036638025,65,-6.680769230769231,37,3.831081081081081,52,-10.451923076923077,True
er4,0.7,ER,6,90,151,-10.334437086092715,82.29715916227617,-11.584437086092715,-1.7297309846364313,2.7113921975095674,62,-11.32258064516129,37,-0.41216216216216217,52,-19.846153846153847,False
er4,0.7,ER,6,90,151,-10.334437086092715,82.29715916227617,-11.584437086092715,-1.7297309846364313,2.7113921975095674,62,-11.32258064516129,37,-0.41216216216216217,52,-19.846153846153847,True
er4,0.7,ER,6,120,148,-13.006756756756756,89.98698860002469,-14.256756756756756,-1.9274001086764263,2.7259529242548006,61,-12.717213114754099,35,1.0928571428571427,52,-26.39423076923077,False
er4,0.7,ER,6,120,148,-13.006756756756756,89.98698860002469,-14.256756756756756,-1.9274001086764263,2.7259529242548006,61,-12.717213114754099,35,1.0928571428571427,52,-26.39423076923077,True
er4,0.7,BOTH,1,30,2178,0.6155876951331497,50.40999719615521,-0.6344123048668503,-0.5873322688791505,0.0,863,0.47074159907300117,676,-2.1664201183431953,639,-0.5062597809076682,False
er4,0.7,BOTH,1,30,122,48.21106557377049,64.3686600865243,46.96106557377049,8.058299214506881,0.0,50,40.74,32,58.6796875,40,45.3625,True
er4,0.7,BOTH,1,60,2142,1.785247432306256,72.73379322686954,0.5352474323062559,0.3405870165167435,0.0,850,1.26,667,0.5026236881559221,625,-0.4156,False
er4,0.7,BOTH,1,60,122,93.94672131147541,97.82154137051566,92.69672131147541,10.466700254872961,0.0,50,78.185,32,113.0234375,40,94.575,True
er4,0.7,BOTH,1,90,2095,2.908233890214797,86.87683551403592,1.658233890214797,0.8736426088990975,0.0,826,0.99909200968523,655,2.699618320610687,614,1.4340390879478828,False
er4,0.7,BOTH,1,90,119,113.2373949579832,112.68317878212517,111.9873949579832,10.841354186738945,0.0,50,93.655,31,115.7258064516129,38,133.05921052631578,True
er4,0.7,BOTH,1,120,2054,1.2891918208373905,101.34694001494952,0.03919182083739048,0.017526089301184256,0.0,812,0.9809113300492611,642,1.4419781931464175,600,-2.73625,False
er4,0.7,BOTH,1,120,118,104.77542372881356,128.55826686988334,103.52542372881356,8.747581782218626,0.0,50,83.97,30,127.41666666666667,38,110.39473684210526,True
er4,0.7,BOTH,2,30,1111,0.768001800180018,48.063993002984965,-0.48199819981998204,-0.3342586062138246,0.4506375278665006,455,-2.2774725274725274,320,3.98828125,336,-2.3080357142857144,False
er4,0.7,BOTH,2,30,122,45.13729508196721,55.82178236887306,43.88729508196721,8.68390434122824,0.5924136791732898,50,36.11,32,55.5234375,40,44.3,True
er4,0.7,BOTH,2,60,1087,3.731370745170193,73.31373169674046,2.481370745170193,1.1158892759749057,0.4537802806185193,442,1.284502262443439,314,6.590764331210191,331,0.18126888217522658,False
er4,0.7,BOTH,2,60,122,88.88524590163935,80.05132100967215,87.63524590163935,12.09177958095949,0.5924136791732898,50,75.925,32,95.2734375,40,96.1625,True
er4,0.7,BOTH,2,90,1062,2.326035781544256,87.88612889328962,1.076035781544256,0.3989960865081905,0.45422624491300595,433,-1.048498845265589,305,5.7639344262295085,324,-0.4976851851851852,False
er4,0.7,BOTH,2,90,118,81.95338983050847,93.47041186596827,80.70338983050847,9.379045102333162,0.5902533861031741,50,67.255,30,85.09166666666667,38,94.9342105263158,True
er4,0.7,BOTH,2,120,1039,2.6337824831568817,106.14134262343961,1.3837824831568817,0.4202338437430071,0.45429287908361465,421,3.6811163895486936,301,3.284053156146179,317,-3.471608832807571,False
er4,0.7,BOTH,2,120,118,83.85805084745763,123.79910524826461,82.60805084745763,7.248462106105707,0.5902533861031741,50,67.335,30,96.675,38,91.59868421052632,True
er4,0.7,BOTH,3,30,651,2.7135176651305684,53.617734523692334,1.4635176651305684,0.6964340606471614,0.9214016106893451,271,1.3339483394833949,193,3.160621761658031,187,-0.10026737967914438,False
er4,0.7,BOTH,3,30,122,45.64754098360656,51.23007326879794,44.39754098360656,9.572246088079977,1.1940253967539203,50,36.145,32,52.84375,40,47.95625,True
er4,0.7,BOTH,3,60,632,1.8065664556962024,80.66084928494122,0.5565664556962024,0.17346536590525125,0.928133769098418,260,2.121153846153846,189,1.1018518518518519,183,-2.2295081967213113,False
er4,0.7,BOTH,3,60,119,64.97899159663865,73.62122180913204,63.72899159663865,9.442946009319506,1.1929630356872933,50,51.615,31,56.50806451612903,38,85.5592105263158,True
er4,0.7,BOTH,3,90,619,1.5735056542810986,91.49055520509103,0.32350565428109856,0.08797331091637928,0.9323234675485722,254,4.9045275590551185,184,-0.18478260869565216,181,-5.588397790055248,False
er4,0.7,BOTH,3,90,118,56.29661016949152,89.66735147217614,55.04661016949152,6.66863951302725,1.1998524081980386,50,41.93,30,66.96666666666667,38,62.89473684210526,True
er4,0.7,BOTH,3,120,605,2.399586776859504,107.39766392193346,1.149586776859504,0.26328408773000633,0.9395283590407206,245,10.498979591836735,180,-2.3194444444444446,180,-8.106944444444444,False
er4,0.7,BOTH,3,120,117,54.166666666666664,103.07507412159553,52.916666666666664,5.553052179275486,1.2041755934381986,50,38.72,29,62.9051724137931,38,63.973684210526315,True
er4,0.7,BOTH,4,30,385,4.871428571428571,50.06733449696471,3.621428571428571,1.4192399172058725,1.502021207314022,157,7.060509554140127,123,-3.2621951219512195,105,6.542857142857143,False
er4,0.7,BOTH,4,30,122,43.717213114754095,50.37691561499003,42.467213114754095,9.31112384551615,1.765870774142675,50,38.625,32,38.3515625,40,50.5625,True
er4,0.7,BOTH,4,60,373,1.6340482573726542,68.32807082254699,0.38404825737265424,0.10855280640971855,1.5179155269548148,154,2.9642857142857144,118,-4.8940677966101696,101,2.616336633663366,False
er4,0.7,BOTH,4,60,118,36.188559322033896,73.70366091958691,34.938559322033896,5.149403650493165,1.7820826921034891,50,29.955,30,25.941666666666666,38,48.598684210526315,True
er4,0.7,BOTH,4,90,365,7.287671232876712,86.14248027554977,6.037671232876712,1.339055325222143,1.532452234630945,149,11.723154362416107,117,-0.344017094017094,99,5.0227272727272725,False
er4,0.7,BOTH,4,90,118,38.09322033898305,101.31651448549489,36.84322033898305,3.9501932845172454,1.7820826921034891,50,30.035,30,37.525,38,45.26315789473684,True
er4,0.7,BOTH,4,120,359,5.144150417827298,95.02441582329415,3.894150417827298,0.7764701035374875,1.5331982802424136,147,8.399659863945578,114,-3.3267543859649122,98,5.535714285714286,False
er4,0.7,BOTH,4,120,116,32.80603448275862,95.23059591355592,31.55603448275862,3.568904399244333,1.7929626929380142,49,22.29591836734694,29,33.35344827586207,38,42.125,True
er4,0.7,BOTH,5,30,214,-2.5151869158878504,51.44198328079519,-3.7651869158878504,-1.0707195282374582,2.3272379201053246,86,1.0319767441860466,64,-13.0,64,-0.9765625,False
er4,0.7,BOTH,5,30,119,18.49579831932773,44.97750123994761,17.24579831932773,4.182745680978915,2.4422622028928953,50,14.145,31,1.0161290322580645,38,34.56578947368421,True
er4,0.7,BOTH,5,60,212,-3.7818396226415096,61.165912299298185,-5.03183962264151,-1.1978026329049398,2.3402337906925674,86,-0.6540697674418605,62,-11.673387096774194,64,-4.48046875,False
er4,0.7,BOTH,5,60,118,9.85593220338983,63.89276712589549,8.60593220338983,1.4631445256295041,2.452284703143207,50,4.46,30,11.341666666666667,38,11.901315789473685,True
er4,0.7,BOTH,5,90,209,-6.561004784688995,81.08941333636318,-7.811004784688995,-1.392566323765701,2.3556959333295566,85,-3.038235294117647,60,-16.058333333333334,64,-6.41796875,False
er4,0.7,BOTH,5,90,117,7.604700854700854,78.78437426656085,6.354700854700854,0.8724648758776878,2.46147103869393,50,1.25,29,6.474137931034483,38,12.980263157894736,True
er4,0.7,BOTH,5,120,207,-7.446859903381642,88.97277633867742,-8.696859903381643,-1.406340566007747,2.3601514559319177,84,-2.1458333333333335,59,-17.258474576271187,64,-9.40234375,False
er4,0.7,BOTH,5,120,115,6.376086956521739,83.35056866007146,5.126086956521739,0.6595174973545209,2.471330546427994,49,-0.2193877551020408,28,10.794642857142858,38,7.842105263157895,True
er4,0.7,BOTH,6,30,118,-8.36228813559322,51.53767601052497,-9.61228813559322,-2.0260163848636394,2.953156472286748,50,-9.935,30,-14.583333333333334,38,-5.2631578947368425,False
er4,0.7,BOTH,6,30,118,-8.36228813559322,51.53767601052497,-9.61228813559322,-2.0260163848636394,2.953156472286748,50,-9.935,30,-14.583333333333334,38,-5.2631578947368425,True
er4,0.7,BOTH,6,60,118,-6.4576271186440675,79.35189737204482,-7.7076271186440675,-1.055126144058009,2.953156472286748,50,-9.855,30,-3.0,38,-8.598684210526315,False
er4,0.7,BOTH,6,60,118,-6.4576271186440675,79.35189737204482,-7.7076271186440675,-1.055126144058009,2.953156472286748,50,-9.855,30,-3.0,38,-8.598684210526315,True
er4,0.7,BOTH,6,90,116,-11.931034482758621,81.67848943988501,-13.181034482758621,-1.7380841272883856,2.9726213184055124,49,-17.596938775510203,29,-7.612068965517241,38,-11.736842105263158,False
er4,0.7,BOTH,6,90,116,-11.931034482758621,81.67848943988501,-13.181034482758621,-1.7380841272883856,2.9726213184055124,49,-17.596938775510203,29,-7.612068965517241,38,-11.736842105263158,True
er4,0.7,BOTH,6,120,114,-8.960526315789474,85.47885405166606,-10.210526315789474,-1.275386640094812,2.991603355648912,48,-17.802083333333332,28,0.026785714285714284,38,-8.164473684210526,False
er4,0.7,BOTH,6,120,114,-8.960526315789474,85.47885405166606,-10.210526315789474,-1.275386640094812,2.991603355648912,48,-17.802083333333332,28,0.026785714285714284,38,-8.164473684210526,True
