gate,side,qty,opened_at,closed_at,pnl_usd,fees_usd,exit_reason,ts,blk,net,day,regime,tod,atr,er
thrust,SHORT,1.0,2026-07-16T08:04:06.618875+00:00,2026-07-16T08:05:36.652470+00:00,-35.0,1.5,ABSORPTION_CUT,1784189046,1784188800,-35.0,2026-07-16,NORMAL-CHOP,ON,15.327083333333333,0.2714549303401573
thrust,SHORT,1.0,2026-07-16T08:11:06.250000+00:00,2026-07-16T08:11:49.322722+00:00,-2.0,1.5,ABSORPTION_CUT,1784189466,1784188800,-2.0,2026-07-16,NORMAL-CHOP,ON,15.327083333333333,0.2714549303401573
thrust,SHORT,1.0,2026-07-16T08:11:50.283392+00:00,2026-07-16T08:13:08.443726+00:00,16.0,1.5,ABSORPTION_CUT,1784189510,1784188800,16.0,2026-07-16,NORMAL-CHOP,ON,15.327083333333333,0.2714549303401573
thrust,LONG,1.0,2026-07-16T08:48:05.648303+00:00,2026-07-16T08:54:13.158594+00:00,-4.0,1.5,ABSORPTION_CUT,1784191685,1784190600,-4.0,2026-07-16,NORMAL-CHOP,ON,13.435,0.2295042153728162
thrust,SHORT,1.0,2026-07-16T09:59:51.826316+00:00,2026-07-16T10:03:15.144879+00:00,13.0,1.5,ABSORPTION_CUT,1784195991,1784194200,13.0,2026-07-16,NORMAL-CHOP,ON,10.580416666666668,0.2438979713245777
thrust,SHORT,1.0,2026-07-16T11:01:51.117434+00:00,2026-07-16T11:02:12.206711+00:00,-5.0,1.5,ABSORPTION_CUT,1784199711,1784199600,-5.0,2026-07-16,NORMAL-CHOP,ON,13.48375,0.2536589892981613
thrust,SHORT,1.0,2026-07-16T11:03:00.291588+00:00,2026-07-16T11:03:42.367451+00:00,-13.5,1.5,ABSORPTION_CUT,1784199780,1784199600,-13.5,2026-07-16,NORMAL-CHOP,ON,13.48375,0.2536589892981613
thrust,SHORT,1.0,2026-07-16T11:17:51.744894+00:00,2026-07-16T11:19:34.922717+00:00,14.5,1.5,ABSORPTION_CUT,1784200671,1784199600,14.5,2026-07-16,NORMAL-CHOP,ON,13.48375,0.2536589892981613
thrust,LONG,1.0,2026-07-16T11:24:51.374627+00:00,2026-07-16T11:25:44.454000+00:00,-8.0,1.5,ABSORPTION_CUT,1784201091,1784199600,-8.0,2026-07-16,NORMAL-CHOP,ON,13.48375,0.2536589892981613
thrust,SHORT,1.0,2026-07-16T11:32:51.188949+00:00,2026-07-16T11:32:52.182480+00:00,-0.5,1.5,ABSORPTION_CUT,1784201571,1784201400,-0.5,2026-07-16,VIOLENT-WHIPSAW,ON,15.894166666666669,0.13988177464405
thrust,SHORT,1.0,2026-07-16T11:50:51.059889+00:00,2026-07-16T11:50:55.077989+00:00,5.0,1.5,ABSORPTION_CUT,1784202651,1784201400,5.0,2026-07-16,VIOLENT-WHIPSAW,ON,15.894166666666669,0.13988177464405
thrust,SHORT,1.0,2026-07-16T12:05:50.565718+00:00,2026-07-16T12:14:38.432721+00:00,-46.0,1.5,ADVERSE_CUT,1784203550,1784203200,-46.0,2026-07-16,VIOLENT-WHIPSAW,ON,15.52875,0.129499430428848
thrust,LONG,1.0,2026-07-16T12:31:51.185721+00:00,2026-07-16T12:45:15.726752+00:00,-62.0,1.5,ABSORPTION_CUT,1784205111,1784205000,-62.0,2026-07-16,VIOLENT-WHIPSAW,ON,15.5575,0.1181073978360689
thrust,LONG,1.0,2026-07-16T13:01:51.518720+00:00,2026-07-16T13:02:52.687205+00:00,-43.0,1.5,ADVERSE_CUT,1784206911,1784206800,-43.0,2026-07-16,NORMAL-CHOP,ON,12.416666666666666,0.2894500029901815
thrust,LONG,1.0,2026-07-16T13:31:50.899852+00:00,2026-07-16T13:32:20.384509+00:00,-42.5,1.5,STOP,1784208710,1784208600,-42.5,2026-07-16,VIOLENT-WHIPSAW,US,36.41375,0.2438430942159043
thrust,SHORT,1.0,2026-07-16T14:51:51.136854+00:00,2026-07-16T14:58:22.189292+00:00,-58.5,1.5,STOP,1784213511,1784212200,-58.5,2026-07-16,VIOLENT-WHIPSAW,US,28.44458333333333,0.1009105301986569
thrust,LONG,1.0,2026-07-16T15:26:50.902414+00:00,2026-07-16T15:28:00.972180+00:00,-50.5,1.5,STOP,1784215610,1784214000,-50.5,2026-07-16,VIOLENT-WHIPSAW,US,25.78,0.1569327920321024
thrust,SHORT,1.0,2026-07-16T16:05:51.088920+00:00,2026-07-16T16:07:26.964090+00:00,-45.5,1.5,STOP,1784217951,1784217600,-45.5,2026-07-16,NORMAL-CHOP,US,22.4575,0.270949508209663
thrust,LONG,1.0,2026-07-16T16:56:50.781766+00:00,2026-07-16T17:00:13.580973+00:00,-39.5,1.5,STOP,1784221010,1784219400,-39.5,2026-07-16,VIOLENT-WHIPSAW,US,20.51875,0.1013837461603259
thrust,SHORT,1.0,2026-07-16T17:01:50.656668+00:00,2026-07-16T17:08:50.231701+00:00,-41.5,1.5,STOP,1784221310,1784221200,-41.5,2026-07-16,VIOLENT-WHIPSAW,US,20.236666666666668,0.062438161098642
thrust,SHORT,1.0,2026-07-16T17:41:50.742723+00:00,2026-07-16T17:48:55.394818+00:00,-38.5,1.5,STOP,1784223710,1784223000,-38.5,2026-07-16,VIOLENT-WHIPSAW,US,17.686666666666667,0.1740922930401275
thrust,LONG,1.0,2026-07-16T20:00:51.372966+00:00,2026-07-16T20:04:14.374970+00:00,-48.0,1.5,STOP,1784232051,1784232000,-48.0,2026-07-16,VIOLENT-WHIPSAW,ON,17.059166666666666,0.186233223972067
thrust,SHORT,1.0,2026-07-17T04:58:51.402553+00:00,2026-07-17T05:04:20.962968+00:00,-0.5,1.5,CHANDELIER,1784264331,1784262600,-0.5,2026-07-17,NORMAL-CHOP,ON,13.727916666666664,0.2164338654769557
thrust,LONG,1.0,2026-07-17T06:21:51.553286+00:00,2026-07-17T06:37:39.071173+00:00,10.5,1.5,CHANDELIER,1784269311,1784268000,10.5,2026-07-17,NORMAL-CHOP,ON,14.509166666666664,0.1317000729562474
thrust,SHORT,1.0,2026-07-17T06:38:51.162796+00:00,2026-07-17T06:48:26.105556+00:00,53.5,1.5,CHANDELIER,1784270331,1784269800,53.5,2026-07-17,NORMAL-CHOP,ON,12.973333333333333,0.2252667653995354
thrust,SHORT,1.0,2026-07-17T08:11:51.371130+00:00,2026-07-17T08:18:13.554203+00:00,148.0,1.5,CHANDELIER,1784275911,1784275200,148.0,2026-07-17,VIOLENT-WHIPSAW,ON,19.57708333333333,0.1873769360999151
thrust,SHORT,1.0,2026-07-17T08:18:21.535151+00:00,2026-07-17T08:54:14.665879+00:00,-66.5,1.5,ABSORPTION_CUT,1784276301,1784275200,-66.5,2026-07-17,VIOLENT-WHIPSAW,ON,19.57708333333333,0.1873769360999151
thrust,LONG,1.0,2026-07-17T08:55:05.763328+00:00,2026-07-17T08:59:13.204361+00:00,5.0,1.5,CHANDELIER,1784278505,1784277000,5.0,2026-07-17,VIOLENT-WHIPSAW,ON,17.28875,0.2197429898428376
thrust,LONG,1.0,2026-07-17T09:40:06.157583+00:00,2026-07-17T09:41:56.383574+00:00,-43.0,1.5,ADVERSE_CUT,1784281206,1784280600,-43.0,2026-07-17,NORMAL-CHOP,ON,14.290416666666664,0.189592637351935
thrust,SHORT,1.0,2026-07-17T10:22:06.478057+00:00,2026-07-17T10:29:12.245782+00:00,-69.5,1.5,ABSORPTION_CUT,1784283726,1784282400,-69.5,2026-07-17,NORMAL-CHOP,ON,15.755833333333332,0.2589787819088381
thrust,SHORT,1.0,2026-07-17T11:18:06.179168+00:00,2026-07-17T11:48:11.048612+00:00,5.5,1.5,CHANDELIER,1784287086,1784286000,5.5,2026-07-17,NORMAL-CHOP,ON,14.192083333333333,0.1880010291177004
thrust,SHORT,1.0,2026-07-17T12:03:05.472665+00:00,2026-07-17T12:12:37.579626+00:00,60.0,1.5,CHANDELIER,1784289785,1784289600,60.0,2026-07-17,NORMAL-CHOP,ON,12.584166666666668,0.2989821592124089
thrust,LONG,1.0,2026-07-17T12:47:05.745227+00:00,2026-07-17T12:49:26.017561+00:00,-47.5,1.5,ADVERSE_CUT,1784292425,1784291400,-47.5,2026-07-17,NORMAL-CHOP,ON,13.179583333333332,0.114167604100408
thrust,LONG,1.0,2026-07-17T12:57:05.877513+00:00,2026-07-17T13:00:04.213998+00:00,-47.0,1.5,ADVERSE_CUT,1784293025,1784291400,-47.0,2026-07-17,NORMAL-CHOP,ON,13.179583333333332,0.114167604100408
thrust,SHORT,1.0,2026-07-17T13:02:05.536257+00:00,2026-07-17T13:25:01.192460+00:00,41.5,1.5,CHANDELIER,1784293325,1784293200,41.5,2026-07-17,NORMAL-CHOP,ON,13.260833333333332,0.2694099652031033
thrust,LONG,1.0,2026-07-17T13:32:06.569881+00:00,2026-07-17T13:32:48.264268+00:00,-52.5,1.5,STOP,1784295126,1784295000,-52.5,2026-07-17,VIOLENT-WHIPSAW,US,38.4,0.2010728916380937
thrust,LONG,1.0,2026-07-17T13:32:48.958758+00:00,2026-07-17T13:33:25.850445+00:00,-52.5,1.5,STOP,1784295168,1784295000,-52.5,2026-07-17,VIOLENT-WHIPSAW,US,38.4,0.2010728916380937
thrust,LONG,1.0,2026-07-17T14:01:06.302628+00:00,2026-07-17T14:14:17.537672+00:00,87.5,1.5,CHANDELIER,1784296866,1784296800,87.5,2026-07-17,BUILDING,US,41.864583333333336,0.4412302253418022
thrust,LONG,1.0,2026-07-17T15:33:05.849919+00:00,2026-07-17T15:34:48.825553+00:00,-67.5,1.5,STOP,1784302385,1784302200,-67.5,2026-07-17,NORMAL-CHOP,US,30.889166666666664,0.2583351511709474
thrust,LONG,1.0,2026-07-17T15:55:05.908374+00:00,2026-07-17T16:01:14.524979+00:00,9.0,1.5,CHANDELIER,1784303705,1784302200,9.0,2026-07-17,NORMAL-CHOP,US,30.889166666666664,0.2583351511709474
thrust,LONG,1.0,2026-07-17T16:28:05.636340+00:00,2026-07-17T16:30:46.195264+00:00,-57.5,1.5,STOP,1784305685,1784304000,-57.5,2026-07-17,VIOLENT-WHIPSAW,US,28.49875,0.1835215908102922
thrust,LONG,1.0,2026-07-17T16:52:06.451110+00:00,2026-07-17T16:53:48.322032+00:00,-46.0,1.5,STOP,1784307126,1784305800,-46.0,2026-07-17,VIOLENT-WHIPSAW,US,23.985,0.1449199749957634
thrust,LONG,1.0,2026-07-17T17:27:06.100067+00:00,2026-07-17T17:35:09.726694+00:00,-45.5,1.5,STOP,1784309226,1784307600,-45.5,2026-07-17,VIOLENT-WHIPSAW,US,21.109583333333333,0.2013743330188092
thrust,SHORT,1.0,2026-07-17T17:36:06.479032+00:00,2026-07-17T17:54:08.553432+00:00,87.0,1.5,CHANDELIER,1784309766,1784309400,87.0,2026-07-17,VIOLENT-WHIPSAW,US,18.848333333333336,0.2206809393735131
thrust,LONG,1.0,2026-07-17T18:31:06.486147+00:00,2026-07-17T18:32:39.670364+00:00,-42.5,1.5,STOP,1784313066,1784313000,-42.5,2026-07-17,VIOLENT-WHIPSAW,US,20.734166666666667,0.1244603755232835
thrust,SHORT,1.0,2026-07-17T19:12:05.839477+00:00,2026-07-17T19:18:03.143518+00:00,62.0,1.5,CHANDELIER,1784315525,1784314800,62.0,2026-07-17,VIOLENT-WHIPSAW,US,18.773333333333333,0.228867983877943
thrust,SHORT,1.0,2026-07-17T19:26:05.714053+00:00,2026-07-17T19:27:10.039179+00:00,-37.5,1.5,STOP,1784316365,1784314800,-37.5,2026-07-17,VIOLENT-WHIPSAW,US,18.773333333333333,0.228867983877943
thrust,LONG,1.0,2026-07-17T19:29:06.441386+00:00,2026-07-17T19:31:06.039969+00:00,-2.0,1.5,CHANDELIER,1784316546,1784314800,-2.0,2026-07-17,VIOLENT-WHIPSAW,US,18.773333333333333,0.228867983877943
thrust,LONG,1.0,2026-07-17T19:31:07.045228+00:00,2026-07-17T19:39:18.356051+00:00,-44.0,1.5,STOP,1784316667,1784316600,-44.0,2026-07-17,VIOLENT-WHIPSAW,US,24.8425,0.1476130841845236
thrust,LONG,1.0,2026-07-19T22:37:11.388327+00:00,2026-07-19T23:45:31.079511+00:00,25.5,1.5,CHANDELIER,1784500631,1784500200,25.5,,NO-BLOCK,,,
thrust,LONG,1.0,2026-07-20T00:00:05.688121+00:00,2026-07-20T00:01:52.023002+00:00,-62.5,1.5,ABSORPTION_CUT,1784505605,1784505600,-62.5,2026-07-20,CLEAN-TREND,ON,19.926666666666662,0.5199822642367083
thrust,LONG,1.0,2026-07-20T00:09:06.475093+00:00,2026-07-20T00:32:14.360083+00:00,-62.0,1.5,ABSORPTION_CUT,1784506146,1784505600,-62.0,2026-07-20,CLEAN-TREND,ON,19.926666666666662,0.5199822642367083
thrust,LONG,2.0,2026-07-20T01:22:40.686741+00:00,2026-07-20T01:29:17.453197+00:00,-150.5,1.5,ABSORPTION_CUT,1784510560,1784509200,-150.5,2026-07-20,VIOLENT-WHIPSAW,ON,20.465416666666663,0.0826212132228391
thrust,LONG,2.0,2026-07-20T01:32:05.874053+00:00,2026-07-20T06:09:12+00:00,-141.0,1.5,ABSORPTION_CUT,1784511125,1784511000,-141.0,2026-07-20,NORMAL-CHOP,ON,18.77,0.2524109679337045
grind,LONG,1.0,2026-07-20T07:27:06.094415+00:00,2026-07-20T07:35:58.057088+00:00,65.0,1.5,CHANDELIER,1784532426,1784530800,65.0,2026-07-20,NORMAL-CHOP,ON,14.178333333333336,0.1518136477889275
grind,LONG,1.0,2026-07-20T07:36:55.157757+00:00,2026-07-20T08:33:14.335443+00:00,-64.5,1.5,ABSORPTION_CUT,1784533015,1784532600,-64.5,2026-07-20,BUILDING,ON,16.4225,0.3587855059526677
grind,LONG,1.0,2026-07-20T09:56:20.417207+00:00,2026-07-20T11:00:33.886915+00:00,21.5,1.5,CHANDELIER,1784541380,1784539800,21.5,2026-07-20,BUILDING,ON,9.785,0.38244866560355
grind,LONG,1.0,2026-07-20T11:05:06.331651+00:00,2026-07-20T11:14:02.157092+00:00,36.0,1.5,CHANDELIER,1784545506,1784545200,36.0,2026-07-20,NORMAL-CHOP,ON,10.254166666666666,0.2451054170352468
grind,LONG,1.0,2026-07-20T11:14:35.213776+00:00,2026-07-20T11:30:36.677517+00:00,90.0,1.5,CHANDELIER,1784546075,1784545200,90.0,2026-07-20,NORMAL-CHOP,ON,10.254166666666666,0.2451054170352468
grind,LONG,1.0,2026-07-20T11:31:05.757800+00:00,2026-07-20T11:32:33.078461+00:00,89.0,1.5,CHANDELIER,1784547065,1784547000,89.0,2026-07-20,BUILDING,ON,16.85,0.4058598955031227
grind,LONG,2.0,2026-07-20T11:36:56.744698+00:00,2026-07-20T11:50:02.131008+00:00,-122.5,1.5,ABSORPTION_CUT,1784547416,1784547000,-122.5,2026-07-20,BUILDING,ON,16.85,0.4058598955031227
grind,SHORT,1.0,2026-07-20T12:03:06.506178+00:00,2026-07-20T12:29:07.228215+00:00,-67.5,1.5,ABSORPTION_CUT,1784548986,1784548800,-67.5,2026-07-20,NORMAL-CHOP,ON,16.48875,0.2831905277567211
grind,LONG,1.0,2026-07-20T13:27:05.984391+00:00,2026-07-20T13:30:10.088572+00:00,-15.0,1.5,STOP,1784554025,1784552400,-15.0,2026-07-20,NORMAL-CHOP,ON,12.285416666666666,0.0862428325428114
grind,LONG,1.0,2026-07-20T13:33:05.511380+00:00,2026-07-20T13:35:53.512365+00:00,44.0,1.5,GIVEBACK,1784554385,1784554200,44.0,2026-07-20,NORMAL-CHOP,US,23.51833333333333,0.2707759840426845
grind,LONG,1.0,2026-07-20T13:35:54.509833+00:00,2026-07-20T13:39:06.451129+00:00,26.5,1.5,GIVEBACK,1784554554,1784554200,26.5,2026-07-20,NORMAL-CHOP,US,23.51833333333333,0.2707759840426845
grind,LONG,1.0,2026-07-20T13:40:00.765337+00:00,2026-07-20T13:46:00.511359+00:00,87.0,1.5,GIVEBACK,1784554800,1784554200,87.0,2026-07-20,NORMAL-CHOP,US,23.51833333333333,0.2707759840426845
grind,LONG,2.0,2026-07-20T13:47:17.928754+00:00,2026-07-20T13:49:42.150202+00:00,-156.5,1.5,STOP,1784555237,1784554200,-156.5,2026-07-20,NORMAL-CHOP,US,23.51833333333333,0.2707759840426845
rgv,LONG,2.0,2026-07-20T14:01:05.689195+00:00,2026-07-20T14:01:30.864697+00:00,-130.5,1.5,STOP,1784556065,1784556000,-130.5,2026-07-20,NORMAL-CHOP,US,32.71125,0.2695887954642073
grind,SHORT,1.0,2026-07-20T14:02:06.097955+00:00,2026-07-20T14:03:11.583778+00:00,-67.5,1.5,ABSORPTION_CUT,1784556126,1784556000,-67.5,2026-07-20,NORMAL-CHOP,US,32.71125,0.2695887954642073
grind,LONG,1.0,2026-07-20T14:03:11.691748+00:00,2026-07-20T14:06:33.252864+00:00,-68.0,1.5,STOP,1784556191,1784556000,-68.0,2026-07-20,NORMAL-CHOP,US,32.71125,0.2695887954642073
grind,SHORT,2.0,2026-07-20T14:13:05.852265+00:00,2026-07-20T14:13:31.016667+00:00,2.5,1.5,GIVEBACK,1784556785,1784556000,2.5,2026-07-20,NORMAL-CHOP,US,32.71125,0.2695887954642073
grind,SHORT,2.0,2026-07-20T14:13:31.986094+00:00,2026-07-20T14:14:11.853646+00:00,-197.0,1.5,STOP,1784556811,1784556000,-197.0,2026-07-20,NORMAL-CHOP,US,32.71125,0.2695887954642073
rgv,LONG,2.0,2026-07-20T14:14:12.185562+00:00,2026-07-20T14:15:05.079997+00:00,-130.5,1.5,STOP,1784556852,1784556000,-130.5,2026-07-20,NORMAL-CHOP,US,32.71125,0.2695887954642073
rgv,LONG,2.0,2026-07-20T14:15:05.495874+00:00,2026-07-20T14:15:21.607694+00:00,80.5,1.5,GIVEBACK,1784556905,1784556000,80.5,2026-07-20,NORMAL-CHOP,US,32.71125,0.2695887954642073
grind,SHORT,1.0,2026-07-20T14:15:22.612402+00:00,2026-07-20T14:18:33.659428+00:00,30.0,1.5,GIVEBACK,1784556922,1784556000,30.0,2026-07-20,NORMAL-CHOP,US,32.71125,0.2695887954642073
rgv,LONG,1.0,2026-07-20T14:20:06.124896+00:00,2026-07-20T14:20:30.437622+00:00,-72.0,1.5,STOP,1784557206,1784556000,-72.0,2026-07-20,NORMAL-CHOP,US,32.71125,0.2695887954642073
rgv,LONG,1.0,2026-07-20T14:20:31.296395+00:00,2026-07-20T14:31:20.721193+00:00,186.5,1.5,CHANDELIER,1784557231,1784556000,186.5,2026-07-20,NORMAL-CHOP,US,32.71125,0.2695887954642073
grind,SHORT,1.0,2026-07-20T14:57:06.073958+00:00,2026-07-20T15:01:12.217076+00:00,-64.5,1.5,STOP,1784559426,1784557800,-64.5,2026-07-20,VIOLENT-WHIPSAW,US,30.949583333333333,0.0884374437044511
grind,LONG,1.0,2026-07-20T15:26:06.390025+00:00,2026-07-20T15:28:10.214078+00:00,-47.0,1.5,STOP,1784561166,1784559600,-47.0,2026-07-20,VIOLENT-WHIPSAW,US,29.19125,0.1475734885985446
grind,LONG,1.0,2026-07-20T15:36:06.283454+00:00,2026-07-20T15:39:22.133965+00:00,-39.0,1.5,STOP,1784561766,1784561400,-39.0,2026-07-20,VIOLENT-WHIPSAW,US,20.421666666666667,0.1734929175458618
grind,LONG,1.0,2026-07-20T15:58:26.609840+00:00,2026-07-20T16:11:45.011571+00:00,120.0,1.5,CHANDELIER,1784563106,1784561400,120.0,2026-07-20,VIOLENT-WHIPSAW,US,20.421666666666667,0.1734929175458618
grind,LONG,1.0,2026-07-20T16:16:11.723575+00:00,2026-07-20T16:26:02.950280+00:00,-34.5,1.5,STOP,1784564171,1784563200,-34.5,2026-07-20,NORMAL-CHOP,US,17.07375,0.2595379048686507
grind,SHORT,1.0,2026-07-20T16:35:05.576809+00:00,2026-07-20T16:38:00.072963+00:00,-31.0,1.5,STOP,1784565305,1784565000,-31.0,2026-07-20,NORMAL-CHOP,US,20.85375,0.2648614603988174
grind,SHORT,1.0,2026-07-20T16:42:05.843707+00:00,2026-07-20T16:49:28.314101+00:00,-49.5,1.5,STOP,1784565725,1784565000,-49.5,2026-07-20,NORMAL-CHOP,US,20.85375,0.2648614603988174
grind,SHORT,1.0,2026-07-20T16:56:10.956949+00:00,2026-07-20T17:00:19.466323+00:00,-42.0,1.5,STOP,1784566570,1784565000,-42.0,2026-07-20,NORMAL-CHOP,US,20.85375,0.2648614603988174
rgv,LONG,1.0,2026-07-20T17:01:05.890283+00:00,2026-07-20T17:01:39.818090+00:00,-42.5,1.5,STOP,1784566865,1784566800,-42.5,2026-07-20,VIOLENT-WHIPSAW,US,18.71916666666667,0.2258794732032848
rgv,LONG,1.0,2026-07-20T17:01:40.017801+00:00,2026-07-20T17:05:24.841453+00:00,-42.0,1.5,STOP,1784566900,1784566800,-42.0,2026-07-20,VIOLENT-WHIPSAW,US,18.71916666666667,0.2258794732032848
rgv,LONG,2.0,2026-07-20T17:10:06.506626+00:00,2026-07-20T17:10:27.176630+00:00,-77.5,1.5,STOP,1784567406,1784566800,-77.5,2026-07-20,VIOLENT-WHIPSAW,US,18.71916666666667,0.2258794732032848
rgv,LONG,2.0,2026-07-20T17:10:27.581127+00:00,2026-07-20T17:13:42.327068+00:00,-80.5,1.5,STOP,1784567427,1784566800,-80.5,2026-07-20,VIOLENT-WHIPSAW,US,18.71916666666667,0.2258794732032848
rgv,LONG,2.0,2026-07-20T17:18:05.877035+00:00,2026-07-20T17:19:43.187447+00:00,23.5,1.5,GIVEBACK,1784567885,1784566800,23.5,2026-07-20,VIOLENT-WHIPSAW,US,18.71916666666667,0.2258794732032848
grind,SHORT,1.0,2026-07-20T17:19:44.190047+00:00,2026-07-20T17:22:04.197758+00:00,-37.0,1.5,STOP,1784567984,1784566800,-37.0,2026-07-20,VIOLENT-WHIPSAW,US,18.71916666666667,0.2258794732032848
rgv,LONG,2.0,2026-07-20T17:22:05.553775+00:00,2026-07-20T17:27:52.869242+00:00,-134.0,1.5,STOP,1784568125,1784566800,-134.0,2026-07-20,VIOLENT-WHIPSAW,US,18.71916666666667,0.2258794732032848
rgv,LONG,2.0,2026-07-20T17:30:05.771929+00:00,2026-07-20T17:36:36.473566+00:00,-68.5,1.5,STOP,1784568605,1784568600,-68.5,2026-07-20,VIOLENT-WHIPSAW,US,17.020416666666666,0.0469235460777038
grind,LONG,1.0,2026-07-20T18:15:16.262262+00:00,2026-07-20T18:21:31.566916+00:00,-44.5,1.5,STOP,1784571316,1784570400,-44.5,2026-07-20,VIOLENT-WHIPSAW,US,15.880416666666669,0.1411073474659154
grind,SHORT,1.0,2026-07-20T18:35:06.385054+00:00,2026-07-20T18:36:45.991156+00:00,-42.0,1.5,STOP,1784572506,1784572200,-42.0,2026-07-20,BUILDING,US,18.48958333333333,0.3015192898887832
grind,SHORT,1.0,2026-07-20T18:39:06.109823+00:00,2026-07-20T18:46:29.577294+00:00,74.0,1.5,GIVEBACK,1784572746,1784572200,74.0,2026-07-20,BUILDING,US,18.48958333333333,0.3015192898887832
rgv_long,LONG,1.0,2026-07-20T18:48:05.855723+00:00,2026-07-20T18:58:30.628868+00:00,-40.5,1.5,STOP,1784573285,1784572200,-40.5,2026-07-20,BUILDING,US,18.48958333333333,0.3015192898887832
rgv_long,LONG,2.0,2026-07-20T19:01:05.797412+00:00,2026-07-20T19:02:10.800196+00:00,-62.5,1.5,STOP,1784574065,1784574000,-62.5,2026-07-20,VIOLENT-WHIPSAW,US,18.615,0.2166161749072649
rgv_long,LONG,2.0,2026-07-20T19:02:10.998842+00:00,2026-07-20T19:02:58.707290+00:00,-66.5,1.5,STOP,1784574130,1784574000,-66.5,2026-07-20,VIOLENT-WHIPSAW,US,18.615,0.2166161749072649
rgv_long,LONG,2.0,2026-07-20T19:02:59.115087+00:00,2026-07-20T19:03:11.705292+00:00,-62.5,1.5,STOP,1784574179,1784574000,-62.5,2026-07-20,VIOLENT-WHIPSAW,US,18.615,0.2166161749072649
rgv_long,LONG,2.0,2026-07-20T19:07:05.934924+00:00,2026-07-20T19:11:01.583036+00:00,49.5,1.5,GIVEBACK,1784574425,1784574000,49.5,2026-07-20,VIOLENT-WHIPSAW,US,18.615,0.2166161749072649
rgv_long,LONG,2.0,2026-07-20T19:17:05.884067+00:00,2026-07-20T19:17:42.972803+00:00,-7.5,1.5,GIVEBACK,1784575025,1784574000,-7.5,2026-07-20,VIOLENT-WHIPSAW,US,18.615,0.2166161749072649
rgv_long,LONG,2.0,2026-07-20T19:17:43.975921+00:00,2026-07-20T19:25:03.122725+00:00,10.5,1.5,GIVEBACK,1784575063,1784574000,10.5,2026-07-20,VIOLENT-WHIPSAW,US,18.615,0.2166161749072649
rgv_long,LONG,1.0,2026-07-20T19:25:04.123196+00:00,2026-07-20T19:26:07.954937+00:00,-44.5,1.5,STOP,1784575504,1784574000,-44.5,2026-07-20,VIOLENT-WHIPSAW,US,18.615,0.2166161749072649
thrust_short,SHORT,1.0,2026-07-20T19:16:05.713282+00:00,2026-07-20T19:29:31.418432+00:00,-59.0,1.5,STOP,1784574965,1784574000,-59.0,2026-07-20,VIOLENT-WHIPSAW,US,18.615,0.2166161749072649
rgv_long,LONG,2.0,2026-07-20T20:13:06.290724+00:00,2026-07-20T20:17:36.102567+00:00,-67.5,1.5,STOP,1784578386,1784577600,-67.5,2026-07-20,VIOLENT-WHIPSAW,ON,15.407083333333333,0.2375322861191895
thrust_short,SHORT,1.0,2026-07-20T22:05:05.947248+00:00,2026-07-20T22:09:43.392656+00:00,-0.5,1.5,CHANDELIER,1784585105,1784584800,-0.5,2026-07-20,BUILDING,ON,12.55625,0.320240446509107
rgv_long,LONG,2.0,2026-07-20T22:20:06.349804+00:00,2026-07-20T23:07:07.361030+00:00,116.5,1.5,TARGET,1784586006,1784584800,116.5,2026-07-20,BUILDING,ON,12.55625,0.320240446509107
grind_long,LONG,1.0,2026-07-20T23:05:06.129167+00:00,2026-07-20T23:10:03.630234+00:00,66.0,1.5,CHANDELIER,1784588706,1784588400,66.0,2026-07-20,BUILDING,ON,8.766666666666667,0.4473620943367831
grind_long,LONG,1.0,2026-07-20T23:14:25.103935+00:00,2026-07-20T23:19:22.536768+00:00,63.0,1.5,CHANDELIER,1784589265,1784588400,63.0,2026-07-20,BUILDING,ON,8.766666666666667,0.4473620943367831
thrust_short,SHORT,1.0,2026-07-21T00:01:05.742895+00:00,2026-07-21T00:03:21.986160+00:00,8.5,1.5,GIVEBACK,1784592065,1784592000,8.5,2026-07-21,VIOLENT-WHIPSAW,ON,21.480416666666667,0.2010911903165804
rgv_long,LONG,1.0,2026-07-21T00:10:05.907236+00:00,2026-07-21T00:14:17.402440+00:00,30.5,1.5,GIVEBACK,1784592605,1784592000,30.5,2026-07-21,VIOLENT-WHIPSAW,ON,21.480416666666667,0.2010911903165804
grind_long,LONG,1.0,2026-07-21T00:32:20.668697+00:00,2026-07-21T00:37:12.237156+00:00,5.0,1.5,GIVEBACK,1784593940,1784593800,5.0,2026-07-21,BUILDING,ON,17.311666666666667,0.3655766292770098
rgv_short,SHORT,1.0,2026-07-21T00:30:06.453876+00:00,2026-07-21T02:30:10.579783+00:00,-171.0,1.5,MAX_HOLD,1784593806,1784593800,-171.0,2026-07-21,BUILDING,ON,17.311666666666667,0.3655766292770098
grind_long,LONG,1.0,2026-07-21T02:42:18.948297+00:00,2026-07-21T03:15:36.794622+00:00,50.0,1.5,CHANDELIER,1784601738,1784601000,50.0,2026-07-21,NORMAL-CHOP,ON,10.2125,0.2672021007840583
grind_long,LONG,1.0,2026-07-21T05:44:06.405559+00:00,2026-07-21T06:07:36.423827+00:00,57.5,1.5,CHANDELIER,1784612646,1784611800,57.5,2026-07-21,NORMAL-CHOP,ON,10.508333333333333,0.2100144346776202
grind_long,LONG,1.0,2026-07-21T06:20:22.587435+00:00,2026-07-21T06:29:55.115208+00:00,-24.0,1.5,STOP_UNFILLED,1784614822,1784613600,-24.0,2026-07-21,NORMAL-CHOP,ON,10.347916666666666,0.2956106096310398
grind_long,LONG,1.0,2026-07-21T08:17:06.586853+00:00,2026-07-21T08:35:06.084431+00:00,26.5,1.5,CHANDELIER,1784621826,1784620800,26.5,2026-07-21,NORMAL-CHOP,ON,10.5925,0.2166772817455211
grind_long,LONG,2.0,2026-07-21T09:19:06.633687+00:00,2026-07-21T09:20:08.554717+00:00,-31.5,1.5,STOP_UNFILLED,1784625546,1784624400,-31.5,2026-07-21,DEAD-CHOP,ON,7.911666666666666,0.1719083602775264
grind_long,LONG,1.0,2026-07-21T09:20:09.755896+00:00,2026-07-21T09:26:15.987814+00:00,-21.0,1.5,STOP_UNFILLED,1784625609,1784624400,-21.0,2026-07-21,DEAD-CHOP,ON,7.911666666666666,0.1719083602775264
capitulation_long,LONG,2.0,2026-07-21T10:26:09.306308+00:00,2026-07-21T10:30:32.721334+00:00,-45.5,1.5,GIVEBACK,1784629569,1784628000,-45.5,2026-07-21,NORMAL-CHOP,ON,10.495,0.0561365201107931
grind_long,LONG,1.0,2026-07-21T10:37:06.218705+00:00,2026-07-21T10:38:45.279783+00:00,-31.5,1.5,STOP_UNFILLED,1784630226,1784629800,-31.5,2026-07-21,DEAD-CHOP,ON,9.388333333333332,0.0810627333576275
capitulation_long,LONG,2.0,2026-07-21T10:46:17.031152+00:00,2026-07-21T10:48:51.262842+00:00,91.5,1.5,TARGET,1784630777,1784629800,91.5,2026-07-21,DEAD-CHOP,ON,9.388333333333332,0.0810627333576275
capitulation_long,LONG,2.0,2026-07-21T12:44:00.169873+00:00,2026-07-21T12:45:17.336390+00:00,76.5,1.5,TARGET,1784637840,1784637000,76.5,2026-07-21,NORMAL-CHOP,ON,11.911666666666669,0.18101083495514
exhaustion_short,SHORT,2.0,2026-07-21T13:31:18.907156+00:00,2026-07-21T13:31:41.180938+00:00,79.5,1.5,GIVEBACK,1784640678,1784640600,79.5,2026-07-21,VIOLENT-WHIPSAW,US,29.00375,0.0922552648065375
exhaustion_short,SHORT,2.0,2026-07-21T13:32:11.447888+00:00,2026-07-21T13:33:06.680298+00:00,-67.5,1.5,STOP,1784640731,1784640600,-67.5,2026-07-21,VIOLENT-WHIPSAW,US,29.00375,0.0922552648065375
exhaustion_short,SHORT,1.0,2026-07-21T13:37:31.199341+00:00,2026-07-21T13:38:42.577305+00:00,-63.0,1.5,STOP,1784641051,1784640600,-63.0,2026-07-21,VIOLENT-WHIPSAW,US,29.00375,0.0922552648065375
exhaustion_short,SHORT,1.0,2026-07-21T13:41:40.201219+00:00,2026-07-21T13:45:32.822938+00:00,16.0,1.5,GIVEBACK,1784641300,1784640600,16.0,2026-07-21,VIOLENT-WHIPSAW,US,29.00375,0.0922552648065375
exhaustion_short,SHORT,1.0,2026-07-21T14:06:49.666996+00:00,2026-07-21T14:11:36.609319+00:00,65.0,1.5,GIVEBACK,1784642809,1784642400,65.0,2026-07-21,VIOLENT-WHIPSAW,US,33.0425,0.0997042624486235
exhaustion_short,SHORT,1.0,2026-07-21T14:14:45.588019+00:00,2026-07-21T14:17:02.566099+00:00,62.5,1.5,GIVEBACK,1784643285,1784642400,62.5,2026-07-21,VIOLENT-WHIPSAW,US,33.0425,0.0997042624486235
rgv_short,SHORT,1.0,2026-07-21T14:34:06.328700+00:00,2026-07-21T14:35:26.130066+00:00,-52.5,1.5,STOP,1784644446,1784644200,-52.5,2026-07-21,VIOLENT-WHIPSAW,US,23.93125,0.2294334503340493
grind_long,LONG,1.0,2026-07-21T14:37:06.047735+00:00,2026-07-21T14:38:23.085370+00:00,-45.0,1.5,STOP,1784644626,1784644200,-45.0,2026-07-21,VIOLENT-WHIPSAW,US,23.93125,0.2294334503340493
rgv_short,SHORT,1.0,2026-07-21T14:38:06.326777+00:00,2026-07-21T14:40:44.981318+00:00,20.5,1.5,GIVEBACK,1784644686,1784644200,20.5,2026-07-21,VIOLENT-WHIPSAW,US,23.93125,0.2294334503340493
rgv_short,SHORT,1.0,2026-07-21T14:40:45.983194+00:00,2026-07-21T14:42:13.422896+00:00,83.0,1.5,TARGET,1784644845,1784644200,83.0,2026-07-21,VIOLENT-WHIPSAW,US,23.93125,0.2294334503340493
rgv_short,SHORT,1.0,2026-07-21T14:43:05.665488+00:00,2026-07-21T14:43:37.749116+00:00,-44.5,1.5,STOP,1784644985,1784644200,-44.5,2026-07-21,VIOLENT-WHIPSAW,US,23.93125,0.2294334503340493
rgv_short,SHORT,1.0,2026-07-21T14:43:38.857804+00:00,2026-07-21T14:45:16.526865+00:00,-45.5,1.5,STOP,1784645018,1784644200,-45.5,2026-07-21,VIOLENT-WHIPSAW,US,23.93125,0.2294334503340493
rgv_short,SHORT,1.0,2026-07-21T14:48:06.270662+00:00,2026-07-21T14:51:57.377571+00:00,26.5,1.5,GIVEBACK,1784645286,1784644200,26.5,2026-07-21,VIOLENT-WHIPSAW,US,23.93125,0.2294334503340493
grind_long,LONG,1.0,2026-07-21T14:52:33.534149+00:00,2026-07-21T15:02:56.346190+00:00,-57.0,1.5,STOP,1784645553,1784644200,-57.0,2026-07-21,VIOLENT-WHIPSAW,US,23.93125,0.2294334503340493
exhaustion_short,SHORT,1.0,2026-07-21T14:55:16.079932+00:00,2026-07-21T15:05:22.269257+00:00,89.5,1.5,TARGET,1784645716,1784644200,89.5,2026-07-21,VIOLENT-WHIPSAW,US,23.93125,0.2294334503340493
rgv_short,SHORT,1.0,2026-07-21T14:51:58.381139+00:00,2026-07-21T15:05:25.230402+00:00,93.5,1.5,TARGET,1784645518,1784644200,93.5,2026-07-21,VIOLENT-WHIPSAW,US,23.93125,0.2294334503340493
exhaustion_short,SHORT,2.0,2026-07-21T15:07:58.024071+00:00,2026-07-21T15:09:20.612135+00:00,-70.5,1.5,STOP,1784646478,1784646000,-70.5,2026-07-21,VIOLENT-WHIPSAW,US,18.34083333333333,0.1996063579105134
rgv_short,SHORT,2.0,2026-07-21T15:17:06.065939+00:00,2026-07-21T15:21:24.749912+00:00,2.5,1.5,GIVEBACK,1784647026,1784646000,2.5,2026-07-21,VIOLENT-WHIPSAW,US,18.34083333333333,0.1996063579105134
rgv_short,SHORT,2.0,2026-07-21T15:21:25.738121+00:00,2026-07-21T15:21:34.183747+00:00,-67.5,1.5,STOP,1784647285,1784646000,-67.5,2026-07-21,VIOLENT-WHIPSAW,US,18.34083333333333,0.1996063579105134
rgv_short,SHORT,2.0,2026-07-21T15:21:34.772860+00:00,2026-07-21T15:23:57.453454+00:00,14.5,1.5,GIVEBACK,1784647294,1784646000,14.5,2026-07-21,VIOLENT-WHIPSAW,US,18.34083333333333,0.1996063579105134
rgv_short,SHORT,2.0,2026-07-21T15:24:06.435804+00:00,2026-07-21T15:26:06.139865+00:00,-66.5,1.5,STOP,1784647446,1784646000,-66.5,2026-07-21,VIOLENT-WHIPSAW,US,18.34083333333333,0.1996063579105134
grind_long,LONG,1.0,2026-07-21T15:33:03.947668+00:00,2026-07-21T15:33:21.278279+00:00,-33.5,1.5,STOP,1784647983,1784647800,-33.5,2026-07-21,NORMAL-CHOP,US,14.619583333333331,0.1519424986887232
rgv_short,SHORT,2.0,2026-07-21T15:29:06.247996+00:00,2026-07-21T15:33:27.048393+00:00,130.5,1.5,TARGET,1784647746,1784646000,130.5,2026-07-21,VIOLENT-WHIPSAW,US,18.34083333333333,0.1996063579105134
rgv_short,SHORT,2.0,2026-07-21T15:33:28.069910+00:00,2026-07-21T15:34:26.355759+00:00,-59.5,1.5,STOP,1784648008,1784647800,-59.5,2026-07-21,NORMAL-CHOP,US,14.619583333333331,0.1519424986887232
thrust_short,SHORT,1.0,2026-07-21T15:34:06.184939+00:00,2026-07-21T15:34:47.669677+00:00,-31.5,1.5,STOP,1784648046,1784647800,-31.5,2026-07-21,NORMAL-CHOP,US,14.619583333333331,0.1519424986887232
rgv_short,SHORT,2.0,2026-07-21T15:34:27.273963+00:00,2026-07-21T15:35:11.164871+00:00,-117.0,1.5,STOP,1784648067,1784647800,-117.0,2026-07-21,NORMAL-CHOP,US,14.619583333333331,0.1519424986887232
capitulation_long,LONG,2.0,2026-07-21T15:33:28.008506+00:00,2026-07-21T15:35:14.440083+00:00,117.5,1.5,TARGET,1784648008,1784647800,117.5,2026-07-21,NORMAL-CHOP,US,14.619583333333331,0.1519424986887232
rgv_short,SHORT,2.0,2026-07-21T15:37:05.877814+00:00,2026-07-21T15:39:47.287972+00:00,18.5,1.5,GIVEBACK,1784648225,1784647800,18.5,2026-07-21,NORMAL-CHOP,US,14.619583333333331,0.1519424986887232
thrust_short,SHORT,1.0,2026-07-21T15:34:48.352043+00:00,2026-07-21T15:48:03.563169+00:00,33.5,1.5,GIVEBACK,1784648088,1784647800,33.5,2026-07-21,NORMAL-CHOP,US,14.619583333333331,0.1519424986887232
exhaustion_short,SHORT,2.0,2026-07-21T16:08:35.845661+00:00,2026-07-21T16:15:20.839732+00:00,13.0,1.5,GIVEBACK,1784650115,1784649600,13.0,2026-07-21,NORMAL-CHOP,US,12.260833333333332,0.1822751716730697
grind_long,LONG,1.0,2026-07-21T16:24:06.087460+00:00,2026-07-21T16:25:59.601260+00:00,-22.5,1.5,STOP,1784651046,1784649600,-22.5,2026-07-21,NORMAL-CHOP,US,12.260833333333332,0.1822751716730697
grind_long,LONG,1.0,2026-07-21T16:28:05.626642+00:00,2026-07-21T16:33:03.539889+00:00,-23.0,1.5,STOP,1784651285,1784649600,-23.0,2026-07-21,NORMAL-CHOP,US,12.260833333333332,0.1822751716730697
exhaustion_short,SHORT,2.0,2026-07-21T16:55:14.091776+00:00,2026-07-21T17:00:24.766800+00:00,14.5,1.5,GIVEBACK,1784652914,1784651400,14.5,2026-07-21,DEAD-CHOP,US,9.790416666666664,0.1425547673071696
exhaustion_short,SHORT,2.0,2026-07-21T17:21:19.380025+00:00,2026-07-21T17:30:09.066694+00:00,-44.5,1.5,STOP,1784654479,1784653200,-44.5,2026-07-21,DEAD-CHOP,US,9.2025,0.1621506394511461
grind_long,LONG,1.0,2026-07-21T17:51:06.046801+00:00,2026-07-21T17:52:33.742092+00:00,-19.5,1.5,STOP,1784656266,1784655000,-19.5,2026-07-21,DEAD-CHOP,US,8.988333333333333,0.0788929630707422
exhaustion_short,SHORT,2.0,2026-07-21T19:14:50.728581+00:00,2026-07-21T19:19:38.408470+00:00,-43.5,1.5,STOP,1784661290,1784660400,-43.5,2026-07-21,DEAD-CHOP,US,9.734166666666663,0.1832687530933915
capitulation_long,LONG,2.0,2026-07-21T19:26:23.028473+00:00,2026-07-21T19:29:52.636819+00:00,-37.5,1.5,STOP,1784661983,1784660400,-37.5,2026-07-21,DEAD-CHOP,US,9.734166666666663,0.1832687530933915
grind_long,LONG,1.0,2026-07-21T19:45:05.667804+00:00,2026-07-21T19:47:12.192434+00:00,-20.5,1.5,STOP,1784663105,1784662200,-20.5,2026-07-21,DEAD-CHOP,US,9.83,0.1761228279557634
capitulation_long,LONG,2.0,2026-07-21T19:50:07.343503+00:00,2026-07-21T19:50:27.443624+00:00,2.5,1.5,GIVEBACK,1784663407,1784662200,2.5,2026-07-21,DEAD-CHOP,US,9.83,0.1761228279557634
exhaustion_short,SHORT,2.0,2026-07-21T19:50:37.507062+00:00,2026-07-21T19:54:40.189631+00:00,-107.0,1.5,STOP,1784663437,1784662200,-107.0,2026-07-21,DEAD-CHOP,US,9.83,0.1761228279557634
exhaustion_short,SHORT,2.0,2026-07-21T19:54:47.676496+00:00,2026-07-21T19:59:50.108959+00:00,42.0,1.5,TARGET,1784663687,1784662200,42.0,2026-07-21,DEAD-CHOP,US,9.83,0.1761228279557634
grind_long,LONG,1.0,2026-07-21T23:15:24.125709+00:00,2026-07-21T23:20:20.521449+00:00,16.0,1.5,CHANDELIER,1784675724,1784674800,16.0,2026-07-21,DEAD-CHOP,ON,7.558333333333334,0.1592596883135807
grind_long,LONG,1.0,2026-07-21T23:20:21.531841+00:00,2026-07-21T23:42:03.049145+00:00,-33.0,1.5,STOP_UNFILLED,1784676021,1784674800,-33.0,2026-07-21,DEAD-CHOP,ON,7.558333333333334,0.1592596883135807
exhaustion_short,SHORT,2.0,2026-07-22T00:00:11.219117+00:00,2026-07-22T00:32:24.847714+00:00,88.5,1.5,TARGET,1784678411,1784678400,88.5,2026-07-22,NORMAL-CHOP,ON,13.53875,0.1798196681725763
thrust_short,SHORT,1.0,2026-07-22T00:47:06.334747+00:00,2026-07-22T01:12:54.984262+00:00,25.0,1.5,CHANDELIER,1784681226,1784680200,25.0,2026-07-22,NORMAL-CHOP,ON,12.41125,0.2177392572447032
rgv_long,LONG,2.0,2026-07-22T01:08:05.538345+00:00,2026-07-22T01:14:37.160683+00:00,19.5,1.5,GIVEBACK,1784682485,1784682000,19.5,2026-07-22,NORMAL-CHOP,ON,11.3475,0.1801432278978996
grind_long,LONG,1.0,2026-07-22T00:05:06.023573+00:00,2026-07-22T04:43:59.890979+00:00,-216.0,1.5,MAX_HOLD,1784678706,1784678400,-216.0,2026-07-22,NORMAL-CHOP,ON,13.53875,0.1798196681725763
thrust_short,SHORT,1.0,2026-07-22T07:07:06.327757+00:00,2026-07-22T07:10:58.381871+00:00,-30.0,1.5,STOP_UNFILLED,1784704026,1784703600,-30.0,2026-07-22,NORMAL-CHOP,ON,12.2625,0.1138360065729032
thrust_short,SHORT,1.0,2026-07-22T07:42:05.721478+00:00,2026-07-22T07:43:51.459399+00:00,-42.0,1.5,STOP_UNFILLED,1784706125,1784705400,-42.0,2026-07-22,NORMAL-CHOP,ON,13.647083333333336,0.1515975956975961
grind_long,LONG,1.0,2026-07-22T08:25:05.984508+00:00,2026-07-22T08:42:17.836457+00:00,-26.0,1.5,STOP_UNFILLED,1784708705,1784707200,-26.0,2026-07-22,VIOLENT-WHIPSAW,ON,15.119166666666668,0.135653080065115
grind_long,LONG,1.0,2026-07-22T09:09:05.888784+00:00,2026-07-22T09:12:59.545927+00:00,-26.5,1.5,STOP_UNFILLED,1784711345,1784710800,-26.5,2026-07-22,DEAD-CHOP,ON,9.969166666666666,0.2133991860584775
grind_long,LONG,1.0,2026-07-22T09:13:01.185334+00:00,2026-07-22T09:30:49.653314+00:00,-27.0,1.5,STOP_UNFILLED,1784711581,1784710800,-27.0,2026-07-22,DEAD-CHOP,ON,9.969166666666666,0.2133991860584775
rgv_long,LONG,1.0,2026-07-22T13:30:00.179151+00:00,2026-07-22T13:30:00.228862+00:00,-1.0,1.5,STOP,1784727000,1784727000,-1.0,2026-07-22,BUILDING,US,23.835416666666667,0.3722914104431822
grind_long,LONG,1.0,2026-07-22T13:37:42.570869+00:00,2026-07-22T13:38:14.232728+00:00,-42.0,1.5,STOP,1784727462,1784727000,-42.0,2026-07-22,BUILDING,US,23.835416666666667,0.3722914104431822
grind_long,LONG,1.0,2026-07-22T13:38:14.773589+00:00,2026-07-22T13:38:53.373749+00:00,-44.5,1.5,STOP,1784727494,1784727000,-44.5,2026-07-22,BUILDING,US,23.835416666666667,0.3722914104431822
grind_long,LONG,1.0,2026-07-22T13:46:16.794098+00:00,2026-07-22T13:48:31.359385+00:00,-60.5,1.5,STOP,1784727976,1784727000,-60.5,2026-07-22,BUILDING,US,23.835416666666667,0.3722914104431822
grind_long,LONG,1.0,2026-07-22T13:48:52.622683+00:00,2026-07-22T14:00:23.642366+00:00,181.5,1.5,CHANDELIER,1784728132,1784727000,181.5,2026-07-22,BUILDING,US,23.835416666666667,0.3722914104431822
grind_long,LONG,1.0,2026-07-22T14:05:06.146876+00:00,2026-07-22T14:07:32.235521+00:00,-50.5,1.5,STOP,1784729106,1784728800,-50.5,2026-07-22,VIOLENT-WHIPSAW,US,24.77125,0.175551789341596
rgv_long,LONG,2.0,2026-07-22T18:05:05.911577+00:00,2026-07-22T18:08:59.402927+00:00,45.5,1.5,GIVEBACK,1784743505,1784743200,45.5,2026-07-22,NORMAL-CHOP,US,12.745833333333334,0.2502376977841261
rgv_long,LONG,2.0,2026-07-22T18:22:06.333699+00:00,2026-07-22T18:30:17.262068+00:00,-55.5,1.5,STOP,1784744526,1784743200,-55.5,2026-07-22,NORMAL-CHOP,US,12.745833333333334,0.2502376977841261
rgv_long,LONG,2.0,2026-07-22T19:58:06.073409+00:00,2026-07-22T19:59:40.369257+00:00,9.5,1.5,GIVEBACK,1784750286,1784748600,9.5,2026-07-22,NORMAL-CHOP,US,12.685833333333331,0.1692471497787423
thrust_short,SHORT,1.0,2026-07-22T20:00:05.651530+00:00,2026-07-22T20:00:29.652547+00:00,-39.5,1.5,STOP,1784750405,1784750400,-39.5,2026-07-22,VIOLENT-WHIPSAW,ON,31.92,0.1066348629748575
thrust_short,SHORT,1.0,2026-07-22T20:00:30.630955+00:00,2026-07-22T20:01:00.433912+00:00,-44.0,1.5,STOP,1784750430,1784750400,-44.0,2026-07-22,VIOLENT-WHIPSAW,ON,31.92,0.1066348629748575
thrust_short,SHORT,1.0,2026-07-22T20:01:04.802114+00:00,2026-07-22T20:01:59.019697+00:00,23.0,1.5,CHANDELIER,1784750464,1784750400,23.0,2026-07-22,VIOLENT-WHIPSAW,ON,31.92,0.1066348629748575
rgv_long,LONG,2.0,2026-07-23T01:43:05.733805+00:00,2026-07-23T01:44:49.530423+00:00,-95.5,1.5,STOP_UNFILLED,1784770985,1784770200,-95.5,2026-07-23,VIOLENT-WHIPSAW,ON,15.350416666666666,0.2097741378974521
rgv_long,LONG,2.0,2026-07-23T01:44:49.752387+00:00,2026-07-23T01:48:00.267242+00:00,9.5,1.5,GIVEBACK,1784771089,1784770200,9.5,2026-07-23,VIOLENT-WHIPSAW,ON,15.350416666666666,0.2097741378974521
thrust_short,SHORT,1.0,2026-07-23T01:40:06.480437+00:00,2026-07-23T01:50:58.570683+00:00,20.5,1.5,GIVEBACK,1784770806,1784770200,20.5,2026-07-23,VIOLENT-WHIPSAW,ON,15.350416666666666,0.2097741378974521
rgv_long,LONG,2.0,2026-07-23T01:48:01.268967+00:00,2026-07-23T01:53:12.887943+00:00,-21.5,1.5,GIVEBACK,1784771281,1784770200,-21.5,2026-07-23,VIOLENT-WHIPSAW,ON,15.350416666666666,0.2097741378974521
rgv_long,LONG,2.0,2026-07-23T02:03:05.864435+00:00,2026-07-23T02:04:00.633004+00:00,-66.5,1.5,STOP_UNFILLED,1784772185,1784772000,-66.5,2026-07-23,NORMAL-CHOP,ON,13.70875,0.2663136174376019
rgv_long,LONG,2.0,2026-07-23T02:04:00.804220+00:00,2026-07-23T02:05:09.110241+00:00,52.5,1.5,GIVEBACK,1784772240,1784772000,52.5,2026-07-23,NORMAL-CHOP,ON,13.70875,0.2663136174376019
rgv_long,LONG,2.0,2026-07-23T03:15:06.176821+00:00,2026-07-23T03:21:51.839853+00:00,4.5,1.5,GIVEBACK,1784776506,1784775600,4.5,2026-07-23,NORMAL-CHOP,ON,12.63625,0.1440440576544641
capitulation_long,LONG,2.0,2026-07-23T05:54:34.432916+00:00,2026-07-23T05:57:19.700282+00:00,40.5,1.5,GIVEBACK,1784786074,1784784600,40.5,2026-07-23,NORMAL-CHOP,ON,12.215833333333334,0.2034191494862361
rgv_long,LONG,2.0,2026-07-23T05:58:06.770405+00:00,2026-07-23T06:02:03.092828+00:00,-14.5,1.5,GIVEBACK,1784786286,1784784600,-14.5,2026-07-23,NORMAL-CHOP,ON,12.215833333333334,0.2034191494862361
thrust_short,SHORT,1.0,2026-07-23T07:11:06.133442+00:00,2026-07-23T07:13:51.504255+00:00,16.5,1.5,GIVEBACK,1784790666,1784790000,16.5,2026-07-23,NORMAL-CHOP,ON,15.770833333333334,0.2988649846834098
rgv_long,LONG,2.0,2026-07-23T07:18:05.929422+00:00,2026-07-23T07:21:44.267119+00:00,52.5,1.5,GIVEBACK,1784791085,1784790000,52.5,2026-07-23,NORMAL-CHOP,ON,15.770833333333334,0.2988649846834098
rgv_long,LONG,2.0,2026-07-23T07:52:06.197877+00:00,2026-07-23T07:54:50.446451+00:00,30.5,1.5,GIVEBACK,1784793126,1784791800,30.5,2026-07-23,NORMAL-CHOP,ON,13.811666666666667,0.2379817270142892
rgv_long,LONG,2.0,2026-07-23T07:55:06.427963+00:00,2026-07-23T08:00:11.942817+00:00,65.5,1.5,GIVEBACK,1784793306,1784791800,65.5,2026-07-23,NORMAL-CHOP,ON,13.811666666666667,0.2379817270142892
capitulation_long,LONG,2.0,2026-07-23T10:06:42.054557+00:00,2026-07-23T10:10:31.496581+00:00,-116.5,1.5,STOP_UNFILLED,1784801202,1784800800,-116.5,2026-07-23,NORMAL-CHOP,ON,10.62125,0.1464747961480541
rgv_short,SHORT,2.0,2026-07-23T10:44:06.311672+00:00,2026-07-23T11:02:02.782691+00:00,112.5,1.5,TARGET,1784803446,1784802600,112.5,2026-07-23,BUILDING,ON,10.945833333333333,0.3310444594255136
rgv_long,LONG,2.0,2026-07-23T11:53:06.105112+00:00,2026-07-23T12:00:03.052185+00:00,-34.0,1.5,GIVEBACK,1784807586,1784806200,-34.0,2026-07-23,CLEAN-TREND,ON,14.955,0.4695637746830616
capitulation_long,LONG,2.0,2026-07-23T12:15:01.494524+00:00,2026-07-23T12:16:18.777798+00:00,-5.0,1.5,GIVEBACK,1784808901,1784808000,-5.0,2026-07-23,VIOLENT-WHIPSAW,ON,16.65125,0.1540757346773939
capitulation_long,LONG,2.0,2026-07-23T12:16:55.793874+00:00,2026-07-23T12:20:11.752995+00:00,-107.0,1.5,STOP_UNFILLED,1784809015,1784808000,-107.0,2026-07-23,VIOLENT-WHIPSAW,ON,16.65125,0.1540757346773939
rgv_long,LONG,1.0,2026-07-23T12:23:05.695038+00:00,2026-07-23T12:24:27.923227+00:00,-56.0,1.5,STOP_UNFILLED,1784809385,1784808000,-56.0,2026-07-23,VIOLENT-WHIPSAW,ON,16.65125,0.1540757346773939
rgv_long,LONG,1.0,2026-07-23T12:28:06.296732+00:00,2026-07-23T12:32:19.863725+00:00,-42.5,1.5,STOP_UNFILLED,1784809686,1784808000,-42.5,2026-07-23,VIOLENT-WHIPSAW,ON,16.65125,0.1540757346773939
thrust_short,SHORT,2.0,2026-07-23T12:37:05.599025+00:00,2026-07-23T12:41:05.241411+00:00,65.5,1.5,GIVEBACK,1784810225,1784809800,65.5,2026-07-23,BUILDING,ON,19.1975,0.4012365217885689
rgv_long,LONG,1.0,2026-07-23T12:50:05.765345+00:00,2026-07-23T13:05:30.581129+00:00,-55.0,1.5,STOP_UNFILLED,1784811005,1784809800,-55.0,2026-07-23,BUILDING,ON,19.1975,0.4012365217885689
rgv_long,LONG,2.0,2026-07-23T13:08:05.613637+00:00,2026-07-23T13:09:07.078274+00:00,-113.5,1.5,STOP_UNFILLED,1784812085,1784811600,-113.5,2026-07-23,VIOLENT-WHIPSAW,ON,18.571666666666665,0.2177042304220452
rgv_long,LONG,2.0,2026-07-23T13:09:07.245952+00:00,2026-07-23T13:12:13.561831+00:00,-94.5,1.5,STOP_UNFILLED,1784812147,1784811600,-94.5,2026-07-23,VIOLENT-WHIPSAW,ON,18.571666666666665,0.2177042304220452
grind_long,LONG,1.0,2026-07-23T13:41:05.763855+00:00,2026-07-23T13:44:22.345155+00:00,80.0,1.5,GIVEBACK,1784814065,1784813400,80.0,2026-07-23,VIOLENT-WHIPSAW,US,32.93958333333333,0.164761486942446
rgv_short,SHORT,1.0,2026-07-23T13:45:05.699582+00:00,2026-07-23T13:45:53.170651+00:00,41.0,1.5,GIVEBACK,1784814305,1784813400,41.0,2026-07-23,VIOLENT-WHIPSAW,US,32.93958333333333,0.164761486942446
rgv_short,SHORT,1.0,2026-07-23T13:45:54.131015+00:00,2026-07-23T13:46:33.528068+00:00,-1.0,1.5,GIVEBACK,1784814354,1784813400,-1.0,2026-07-23,VIOLENT-WHIPSAW,US,32.93958333333333,0.164761486942446
grind_long,LONG,1.0,2026-07-23T13:46:25.456492+00:00,2026-07-23T13:48:05.659738+00:00,-69.5,1.5,STOP,1784814385,1784813400,-69.5,2026-07-23,VIOLENT-WHIPSAW,US,32.93958333333333,0.164761486942446
rgv_short,SHORT,1.0,2026-07-23T13:46:34.538565+00:00,2026-07-23T13:49:18.831269+00:00,158.0,1.5,TARGET,1784814394,1784813400,158.0,2026-07-23,VIOLENT-WHIPSAW,US,32.93958333333333,0.164761486942446
exhaustion_short,SHORT,1.0,2026-07-23T14:03:17.296366+00:00,2026-07-23T14:05:42.444561+00:00,-92.0,1.5,STOP,1784815397,1784815200,-92.0,2026-07-23,VIOLENT-WHIPSAW,US,41.60625,0.0931351146987933
thrust_short,SHORT,1.0,2026-07-23T15:07:06.449446+00:00,2026-07-23T15:14:54.946509+00:00,73.0,1.5,GIVEBACK,1784819226,1784818800,73.0,2026-07-23,BUILDING,US,24.821666666666665,0.3328450892316359
exhaustion_short,SHORT,1.0,2026-07-23T15:46:51.751566+00:00,2026-07-23T15:49:49.575278+00:00,-56.0,1.5,STOP,1784821611,1784820600,-56.0,2026-07-23,VIOLENT-WHIPSAW,US,26.83125,0.1396196913691325
grind_long,LONG,1.0,2026-07-23T15:56:05.777842+00:00,2026-07-23T16:01:24.013481+00:00,15.5,1.5,GIVEBACK,1784822165,1784820600,15.5,2026-07-23,VIOLENT-WHIPSAW,US,26.83125,0.1396196913691325
grind_long,LONG,1.0,2026-07-23T16:02:33.363893+00:00,2026-07-23T16:05:41.172901+00:00,-40.5,1.5,STOP,1784822553,1784822400,-40.5,2026-07-23,BUILDING,US,21.440416666666668,0.4012054685629797
rgv_short,SHORT,2.0,2026-07-23T16:20:06.023517+00:00,2026-07-23T16:20:31.719967+00:00,-80.5,1.5,STOP,1784823606,1784822400,-80.5,2026-07-23,BUILDING,US,21.440416666666668,0.4012054685629797
rgv_short,SHORT,2.0,2026-07-23T16:20:32.127693+00:00,2026-07-23T16:22:49.943298+00:00,-71.5,1.5,STOP,1784823632,1784822400,-71.5,2026-07-23,BUILDING,US,21.440416666666668,0.4012054685629797
rgv_long,LONG,2.0,2026-07-23T17:43:05.844106+00:00,2026-07-23T17:46:18.455675+00:00,76.5,1.5,GIVEBACK,1784828585,1784827800,76.5,2026-07-23,VIOLENT-WHIPSAW,US,19.9125,0.1519717997522314
rgv_long,LONG,2.0,2026-07-23T18:04:06.357209+00:00,2026-07-23T18:05:14.379275+00:00,-69.5,1.5,STOP,1784829846,1784829600,-69.5,2026-07-23,VIOLENT-WHIPSAW,US,16.792916666666667,0.1777627653234354
rgv_long,LONG,2.0,2026-07-23T18:07:05.750988+00:00,2026-07-23T18:07:30.159166+00:00,-69.5,1.5,STOP,1784830025,1784829600,-69.5,2026-07-23,VIOLENT-WHIPSAW,US,16.792916666666667,0.1777627653234354
rgv_long,LONG,2.0,2026-07-23T18:07:30.808475+00:00,2026-07-23T18:14:36.916975+00:00,81.5,1.5,GIVEBACK,1784830050,1784829600,81.5,2026-07-23,VIOLENT-WHIPSAW,US,16.792916666666667,0.1777627653234354
rgv_long,LONG,2.0,2026-07-23T18:14:37.880088+00:00,2026-07-23T18:17:48.226362+00:00,-66.5,1.5,STOP,1784830477,1784829600,-66.5,2026-07-23,VIOLENT-WHIPSAW,US,16.792916666666667,0.1777627653234354
rgv_long,LONG,2.0,2026-07-23T18:17:48.393144+00:00,2026-07-23T18:18:43.505245+00:00,10.5,1.5,GIVEBACK,1784830668,1784829600,10.5,2026-07-23,VIOLENT-WHIPSAW,US,16.792916666666667,0.1777627653234354
rgv_long,LONG,2.0,2026-07-23T18:20:05.739131+00:00,2026-07-23T18:23:01.084669+00:00,-4.5,1.5,GIVEBACK,1784830805,1784829600,-4.5,2026-07-23,VIOLENT-WHIPSAW,US,16.792916666666667,0.1777627653234354
rgv_long,LONG,2.0,2026-07-23T18:23:06.091730+00:00,2026-07-23T18:25:25.426846+00:00,31.5,1.5,GIVEBACK,1784830986,1784829600,31.5,2026-07-23,VIOLENT-WHIPSAW,US,16.792916666666667,0.1777627653234354
rgv_long,LONG,2.0,2026-07-23T19:06:06.305629+00:00,2026-07-23T19:07:53.100352+00:00,-59.5,1.5,STOP,1784833566,1784833200,-59.5,2026-07-23,NORMAL-CHOP,US,13.978333333333332,0.1915993105727636
rgv_long,LONG,2.0,2026-07-23T19:07:53.516145+00:00,2026-07-23T19:17:59.852830+00:00,66.5,1.5,GIVEBACK,1784833673,1784833200,66.5,2026-07-23,NORMAL-CHOP,US,13.978333333333332,0.1915993105727636
rgv_long,LONG,2.0,2026-07-24T02:24:06.549410+00:00,2026-07-24T02:27:24.766899+00:00,43.0,1.5,GIVEBACK,1784859846,1784858400,43.0,2026-07-24,NORMAL-CHOP,ON,13.3575,0.2418019762321435
rgv_short,SHORT,2.0,2026-07-24T05:11:06.766655+00:00,2026-07-24T05:12:58.138111+00:00,-64.5,1.5,STOP_UNFILLED,1784869866,1784869200,-64.5,2026-07-24,NORMAL-CHOP,ON,12.824166666666668,0.2409410299004936
rgv_long,LONG,2.0,2026-07-24T08:15:05.967767+00:00,2026-07-24T08:17:30.212991+00:00,49.5,1.5,TARGET,1784880905,1784880000,49.5,2026-07-24,NORMAL-CHOP,ON,12.1575,0.2854929279471412
exhaustion_short,SHORT,2.0,2026-07-24T13:25:07.154045+00:00,2026-07-24T13:26:33.379726+00:00,22.5,1.5,GIVEBACK,1784899507,1784898000,22.5,2026-07-24,NORMAL-CHOP,ON,11.015,0.2848007784557917
thrust_short,SHORT,1.0,2026-07-24T13:32:06.069562+00:00,2026-07-24T13:32:47.818223+00:00,-41.0,1.5,STOP,1784899926,1784899800,-41.0,2026-07-24,NORMAL-CHOP,US,32.49791666666667,0.2808867121075206
thrust_short,SHORT,1.0,2026-07-24T13:32:48.451844+00:00,2026-07-24T13:33:02.664428+00:00,-40.0,1.5,STOP,1784899968,1784899800,-40.0,2026-07-24,NORMAL-CHOP,US,32.49791666666667,0.2808867121075206
thrust_short,SHORT,1.0,2026-07-24T13:33:03.560215+00:00,2026-07-24T13:34:48.761589+00:00,-46.5,1.5,STOP,1784899983,1784899800,-46.5,2026-07-24,NORMAL-CHOP,US,32.49791666666667,0.2808867121075206
exhaustion_short,SHORT,1.0,2026-07-24T14:22:10.168538+00:00,2026-07-24T14:23:38.352450+00:00,-84.0,1.5,STOP,1784902930,1784901600,-84.0,2026-07-24,VIOLENT-WHIPSAW,US,39.55916666666667,0.1861457042450782
exhaustion_short,SHORT,1.0,2026-07-24T14:32:40.860583+00:00,2026-07-24T14:35:08.621986+00:00,6.0,1.5,GIVEBACK,1784903560,1784903400,6.0,2026-07-24,VIOLENT-WHIPSAW,US,34.61541666666667,0.117288656970832
rgv_long,LONG,1.0,2026-07-24T14:37:06.212571+00:00,2026-07-24T14:39:24.948437+00:00,-75.5,1.5,STOP,1784903826,1784903400,-75.5,2026-07-24,VIOLENT-WHIPSAW,US,34.61541666666667,0.117288656970832
rgv_long,LONG,1.0,2026-07-24T14:45:05.738253+00:00,2026-07-24T14:46:02.796030+00:00,-59.0,1.5,STOP,1784904305,1784903400,-59.0,2026-07-24,VIOLENT-WHIPSAW,US,34.61541666666667,0.117288656970832
rgv_long,LONG,1.0,2026-07-24T14:46:03.038409+00:00,2026-07-24T14:47:44.665786+00:00,47.0,1.5,GIVEBACK,1784904363,1784903400,47.0,2026-07-24,VIOLENT-WHIPSAW,US,34.61541666666667,0.117288656970832
rgv_long,LONG,1.0,2026-07-24T14:47:45.639974+00:00,2026-07-24T14:50:16.345413+00:00,120.5,1.5,TARGET,1784904465,1784903400,120.5,2026-07-24,VIOLENT-WHIPSAW,US,34.61541666666667,0.117288656970832
grind_long,LONG,1.0,2026-07-24T15:15:05.513748+00:00,2026-07-24T15:15:11.525699+00:00,43.0,1.5,GIVEBACK,1784906105,1784905200,43.0,2026-07-24,VIOLENT-WHIPSAW,US,38.412083333333335,0.2234257029593839
grind_long,LONG,1.0,2026-07-24T15:15:16.568760+00:00,2026-07-24T15:16:12.103864+00:00,26.5,1.5,GIVEBACK,1784906116,1784905200,26.5,2026-07-24,VIOLENT-WHIPSAW,US,38.412083333333335,0.2234257029593839
rgv_short,SHORT,1.0,2026-07-24T15:18:05.827227+00:00,2026-07-24T15:19:13.257992+00:00,21.5,1.5,GIVEBACK,1784906285,1784905200,21.5,2026-07-24,VIOLENT-WHIPSAW,US,38.412083333333335,0.2234257029593839
grind_long,LONG,1.0,2026-07-24T15:18:07.833491+00:00,2026-07-24T15:19:38.287007+00:00,-90.5,1.5,STOP,1784906287,1784905200,-90.5,2026-07-24,VIOLENT-WHIPSAW,US,38.412083333333335,0.2234257029593839
rgv_short,SHORT,1.0,2026-07-24T15:19:14.229956+00:00,2026-07-24T15:20:09.520492+00:00,21.0,1.5,GIVEBACK,1784906354,1784905200,21.0,2026-07-24,VIOLENT-WHIPSAW,US,38.412083333333335,0.2234257029593839
rgv_short,SHORT,1.0,2026-07-24T15:30:06.242899+00:00,2026-07-24T15:31:16.501407+00:00,-66.5,1.5,STOP,1784907006,1784907000,-66.5,2026-07-24,VIOLENT-WHIPSAW,US,28.94083333333333,0.1245767189652837
rgv_short,SHORT,1.0,2026-07-24T15:31:21.629020+00:00,2026-07-24T15:35:24.670846+00:00,31.0,1.5,GIVEBACK,1784907081,1784907000,31.0,2026-07-24,VIOLENT-WHIPSAW,US,28.94083333333333,0.1245767189652837
rgv_short,SHORT,1.0,2026-07-24T15:35:25.632089+00:00,2026-07-24T15:37:59.936966+00:00,-58.0,1.5,STOP,1784907325,1784907000,-58.0,2026-07-24,VIOLENT-WHIPSAW,US,28.94083333333333,0.1245767189652837
rgv_short,SHORT,1.0,2026-07-24T15:42:06.341467+00:00,2026-07-24T15:44:10.847123+00:00,45.5,1.5,GIVEBACK,1784907726,1784907000,45.5,2026-07-24,VIOLENT-WHIPSAW,US,28.94083333333333,0.1245767189652837
rgv_short,SHORT,1.0,2026-07-24T15:45:06.033653+00:00,2026-07-24T15:50:55.896838+00:00,-58.5,1.5,STOP,1784907906,1784907000,-58.5,2026-07-24,VIOLENT-WHIPSAW,US,28.94083333333333,0.1245767189652837
rgv_short,SHORT,1.0,2026-07-24T15:53:05.669976+00:00,2026-07-24T15:54:02.449566+00:00,-50.0,1.5,STOP,1784908385,1784907000,-50.0,2026-07-24,VIOLENT-WHIPSAW,US,28.94083333333333,0.1245767189652837
rgv_short,SHORT,1.0,2026-07-24T15:54:02.845422+00:00,2026-07-24T15:56:54.002934+00:00,-51.0,1.5,STOP,1784908442,1784907000,-51.0,2026-07-24,VIOLENT-WHIPSAW,US,28.94083333333333,0.1245767189652837
rgv_short,SHORT,1.0,2026-07-24T16:01:10.199804+00:00,2026-07-24T16:03:38.064998+00:00,-46.0,1.5,STOP,1784908870,1784908800,-46.0,2026-07-24,VIOLENT-WHIPSAW,US,20.519583333333333,0.1483551634114879
rgv_short,SHORT,2.0,2026-07-24T16:07:06.173973+00:00,2026-07-24T16:07:40.781420+00:00,-81.5,1.5,STOP,1784909226,1784908800,-81.5,2026-07-24,VIOLENT-WHIPSAW,US,20.519583333333333,0.1483551634114879
rgv_short,SHORT,2.0,2026-07-24T16:07:41.270794+00:00,2026-07-24T16:10:17.042318+00:00,-83.5,1.5,STOP,1784909261,1784908800,-83.5,2026-07-24,VIOLENT-WHIPSAW,US,20.519583333333333,0.1483551634114879
rgv_short,SHORT,2.0,2026-07-24T16:10:17.780560+00:00,2026-07-24T16:12:09.209833+00:00,30.5,1.5,GIVEBACK,1784909417,1784908800,30.5,2026-07-24,VIOLENT-WHIPSAW,US,20.519583333333333,0.1483551634114879
grind_long,LONG,1.0,2026-07-24T16:13:08.434489+00:00,2026-07-24T16:15:03.295061+00:00,-41.0,1.5,STOP,1784909588,1784908800,-41.0,2026-07-24,VIOLENT-WHIPSAW,US,20.519583333333333,0.1483551634114879
rgv_short,SHORT,1.0,2026-07-24T16:13:06.425608+00:00,2026-07-24T16:19:17.738736+00:00,32.0,1.5,GIVEBACK,1784909586,1784908800,32.0,2026-07-24,VIOLENT-WHIPSAW,US,20.519583333333333,0.1483551634114879
rgv_short,SHORT,2.0,2026-07-24T16:25:05.618689+00:00,2026-07-24T16:25:52.726904+00:00,-4.5,1.5,GIVEBACK,1784910305,1784908800,-4.5,2026-07-24,VIOLENT-WHIPSAW,US,20.519583333333333,0.1483551634114879
rgv_short,SHORT,2.0,2026-07-24T16:25:53.680845+00:00,2026-07-24T16:30:16.334709+00:00,155.5,1.5,TARGET,1784910353,1784908800,155.5,2026-07-24,VIOLENT-WHIPSAW,US,20.519583333333333,0.1483551634114879
rgv_long,LONG,2.0,2026-07-24T16:51:05.924086+00:00,2026-07-24T16:53:32.884981+00:00,-69.5,1.5,STOP,1784911865,1784910600,-69.5,2026-07-24,BUILDING,US,17.896250000000002,0.3278338040439444
rgv_long,LONG,2.0,2026-07-24T16:55:05.464302+00:00,2026-07-24T16:56:32.771176+00:00,68.5,1.5,GIVEBACK,1784912105,1784910600,68.5,2026-07-24,BUILDING,US,17.896250000000002,0.3278338040439444
rgv_long,LONG,2.0,2026-07-24T16:56:33.735211+00:00,2026-07-24T16:58:58.138992+00:00,48.5,1.5,GIVEBACK,1784912193,1784910600,48.5,2026-07-24,BUILDING,US,17.896250000000002,0.3278338040439444
rgv_long,LONG,2.0,2026-07-24T16:58:59.103511+00:00,2026-07-24T17:00:32.367132+00:00,-65.5,1.5,STOP,1784912339,1784910600,-65.5,2026-07-24,BUILDING,US,17.896250000000002,0.3278338040439444
rgv_long,LONG,2.0,2026-07-24T17:06:06.303418+00:00,2026-07-24T17:06:10.687499+00:00,-133.5,1.5,STOP,1784912766,1784912400,-133.5,2026-07-24,VIOLENT-WHIPSAW,US,18.7875,0.1977539054188718
rgv_long,LONG,2.0,2026-07-24T17:06:11.282889+00:00,2026-07-24T17:06:43.449004+00:00,26.5,1.5,GIVEBACK,1784912771,1784912400,26.5,2026-07-24,VIOLENT-WHIPSAW,US,18.7875,0.1977539054188718
rgv_long,LONG,2.0,2026-07-24T17:06:44.462721+00:00,2026-07-24T17:07:45.931740+00:00,-67.5,1.5,STOP,1784912804,1784912400,-67.5,2026-07-24,VIOLENT-WHIPSAW,US,18.7875,0.1977539054188718
rgv_long,LONG,2.0,2026-07-24T17:12:05.691215+00:00,2026-07-24T17:14:28.045397+00:00,0.5,1.5,GIVEBACK,1784913125,1784912400,0.5,2026-07-24,VIOLENT-WHIPSAW,US,18.7875,0.1977539054188718
rgv_long,LONG,2.0,2026-07-24T17:14:29.065852+00:00,2026-07-24T17:18:15.674774+00:00,18.5,1.5,GIVEBACK,1784913269,1784912400,18.5,2026-07-24,VIOLENT-WHIPSAW,US,18.7875,0.1977539054188718
rgv_short,SHORT,2.0,2026-07-24T17:37:05.704509+00:00,2026-07-24T17:38:42.919322+00:00,41.5,1.5,GIVEBACK,1784914625,1784914200,41.5,2026-07-24,VIOLENT-WHIPSAW,US,17.037083333333335,0.1206968849204409
rgv_long,LONG,2.0,2026-07-24T18:39:06.286003+00:00,2026-07-24T18:39:48.216398+00:00,-89.5,1.5,STOP,1784918346,1784917800,-89.5,2026-07-24,CLEAN-TREND,US,19.42833333333333,0.5148881707623504
rgv_long,LONG,2.0,2026-07-24T18:39:48.399890+00:00,2026-07-24T18:42:04.052412+00:00,-75.5,1.5,STOP,1784918388,1784917800,-75.5,2026-07-24,CLEAN-TREND,US,19.42833333333333,0.5148881707623504
rgv_long,LONG,1.0,2026-07-24T18:44:06.277479+00:00,2026-07-24T18:48:44.525451+00:00,30.0,1.5,GIVEBACK,1784918646,1784917800,30.0,2026-07-24,CLEAN-TREND,US,19.42833333333333,0.5148881707623504
exhaustion_short,SHORT,1.0,2026-07-24T19:50:05.167616+00:00,2026-07-24T19:54:12.052950+00:00,35.0,1.5,GIVEBACK,1784922605,1784921400,35.0,2026-07-24,VIOLENT-WHIPSAW,US,20.151666666666664,0.0938221184689903
abs_veto_long,LONG,1.0,2026-07-26T22:02:02.132287+00:00,2026-07-26T22:04:29.307274+00:00,7.0,1.5,GIVEBACK,1785103322,1785103200,7.0,,NO-BLOCK,,,
abs_veto_long,LONG,1.0,2026-07-26T22:18:00.830212+00:00,2026-07-26T23:04:42.389663+00:00,-43.0,1.5,STOP_UNFILLED,1785104280,1785103200,-43.0,,NO-BLOCK,,,
abs_veto_long,LONG,1.0,2026-07-26T23:53:01.052923+00:00,2026-07-26T23:55:41.237472+00:00,-35.5,1.5,STOP_UNFILLED,1785109981,1785108600,-35.5,,NO-BLOCK,,,
abs_veto_short,SHORT,1.0,2026-07-27T00:20:00.994001+00:00,2026-07-27T00:25:56.000352+00:00,-61.5,1.5,STOP_UNFILLED,1785111600,1785110400,-61.5,2026-07-27,CLEAN-TREND,ON,31.42375,0.5142901079501407
abs_veto_short,SHORT,1.0,2026-07-27T01:18:00.997281+00:00,2026-07-27T01:30:02.373717+00:00,20.5,1.5,GIVEBACK,1785115080,1785114000,20.5,2026-07-27,VIOLENT-WHIPSAW,ON,17.6125,0.1498071812138419
abs_veto_long,LONG,1.0,2026-07-27T01:33:00.784126+00:00,2026-07-27T01:35:21.030450+00:00,-51.0,1.5,STOP_UNFILLED,1785115980,1785115800,-51.0,2026-07-27,VIOLENT-WHIPSAW,ON,18.749166666666667,0.1173712402227323
capitulation_long,LONG,2.0,2026-07-27T03:55:58.623541+00:00,2026-07-27T03:58:00.872365+00:00,79.5,1.5,TARGET,1785124558,1785123000,79.5,2026-07-27,NORMAL-CHOP,ON,10.939583333333331,0.1080694963075441
exhaustion_short,SHORT,2.0,2026-07-27T13:00:22.026841+00:00,2026-07-27T13:01:02.077789+00:00,44.5,1.5,TARGET,1785157222,1785157200,44.5,2026-07-27,NORMAL-CHOP,ON,11.2075,0.1790306340627595
exhaustion_short,SHORT,2.0,2026-07-27T13:31:41.177434+00:00,2026-07-27T13:32:02.343653+00:00,-52.5,1.5,STOP,1785159101,1785159000,-52.5,2026-07-27,BUILDING,US,34.73041666666666,0.3872017651328986
abs_veto_short,SHORT,1.0,2026-07-27T13:33:01.820274+00:00,2026-07-27T13:34:01.305907+00:00,23.0,1.5,GIVEBACK,1785159181,1785159000,23.0,2026-07-27,BUILDING,US,34.73041666666666,0.3872017651328986
exhaustion_short,SHORT,1.0,2026-07-27T13:39:59.068754+00:00,2026-07-27T13:40:10.142913+00:00,30.0,1.5,TARGET,1785159599,1785159000,30.0,2026-07-27,BUILDING,US,34.73041666666666,0.3872017651328986
exhaustion_short,SHORT,1.0,2026-07-27T13:40:37.388356+00:00,2026-07-27T13:41:12.638361+00:00,24.5,1.5,TARGET,1785159637,1785159000,24.5,2026-07-27,BUILDING,US,34.73041666666666,0.3872017651328986
exhaustion_short,SHORT,1.0,2026-07-27T13:41:36.857367+00:00,2026-07-27T13:42:08.049948+00:00,-16.5,1.5,STOP,1785159696,1785159000,-16.5,2026-07-27,BUILDING,US,34.73041666666666,0.3872017651328986
exhaustion_short,SHORT,1.0,2026-07-27T13:43:51.946624+00:00,2026-07-27T13:43:59.959778+00:00,-19.0,1.5,STOP,1785159831,1785159000,-19.0,2026-07-27,BUILDING,US,34.73041666666666,0.3872017651328986
exhaustion_short,SHORT,1.0,2026-07-27T13:45:10.475369+00:00,2026-07-27T13:45:31.673930+00:00,-28.5,1.5,STOP,1785159910,1785159000,-28.5,2026-07-27,BUILDING,US,34.73041666666666,0.3872017651328986
exhaustion_short,SHORT,1.0,2026-07-27T13:52:03.342114+00:00,2026-07-27T13:52:08.375649+00:00,20.5,1.5,TARGET,1785160323,1785159000,20.5,2026-07-27,BUILDING,US,34.73041666666666,0.3872017651328986
exhaustion_short,SHORT,1.0,2026-07-27T14:08:47.737981+00:00,2026-07-27T14:08:53.775809+00:00,-30.5,1.5,STOP,1785161327,1785160800,-30.5,2026-07-27,BUILDING,US,38.26875,0.3833744102124612
exhaustion_short,SHORT,1.0,2026-07-27T14:12:21.168738+00:00,2026-07-27T14:12:49.351273+00:00,-20.0,1.5,STOP,1785161541,1785160800,-20.0,2026-07-27,BUILDING,US,38.26875,0.3833744102124612
exhaustion_short,SHORT,1.0,2026-07-27T14:18:12.206410+00:00,2026-07-27T14:18:24.230310+00:00,20.0,1.5,TARGET,1785161892,1785160800,20.0,2026-07-27,BUILDING,US,38.26875,0.3833744102124612
exhaustion_short,SHORT,1.0,2026-07-27T14:29:12.201367+00:00,2026-07-27T14:29:50.354663+00:00,29.5,1.5,TARGET,1785162552,1785160800,29.5,2026-07-27,BUILDING,US,38.26875,0.3833744102124612
exhaustion_short,SHORT,1.0,2026-07-27T14:42:34.798609+00:00,2026-07-27T14:42:45.835008+00:00,26.0,1.5,TARGET,1785163354,1785162600,26.0,2026-07-27,BUILDING,US,40.98833333333334,0.3680952020882429
exhaustion_short,SHORT,1.0,2026-07-27T14:45:36.034417+00:00,2026-07-27T14:45:41.077856+00:00,-17.0,1.5,STOP,1785163536,1785162600,-17.0,2026-07-27,BUILDING,US,40.98833333333334,0.3680952020882429
exhaustion_short,SHORT,1.0,2026-07-27T14:51:04.506345+00:00,2026-07-27T14:51:27.673068+00:00,24.0,1.5,TARGET,1785163864,1785162600,24.0,2026-07-27,BUILDING,US,40.98833333333334,0.3680952020882429
exhaustion_short,SHORT,1.0,2026-07-27T14:53:04.325492+00:00,2026-07-27T14:53:46.631468+00:00,29.5,1.5,TARGET,1785163984,1785162600,29.5,2026-07-27,BUILDING,US,40.98833333333334,0.3680952020882429
exhaustion_short,SHORT,1.0,2026-07-27T14:59:53.596645+00:00,2026-07-27T15:00:04.680303+00:00,26.5,1.5,TARGET,1785164393,1785162600,26.5,2026-07-27,BUILDING,US,40.98833333333334,0.3680952020882429
exhaustion_short,SHORT,1.0,2026-07-27T15:01:11.179556+00:00,2026-07-27T15:01:15.204825+00:00,-18.5,1.5,STOP,1785164471,1785164400,-18.5,2026-07-27,VIOLENT-WHIPSAW,US,35.50208333333333,0.1903980939812065
exhaustion_short,SHORT,1.0,2026-07-27T15:19:36.721137+00:00,2026-07-27T15:19:57.842924+00:00,-32.5,1.5,STOP,1785165576,1785164400,-32.5,2026-07-27,VIOLENT-WHIPSAW,US,35.50208333333333,0.1903980939812065
exhaustion_short,SHORT,1.0,2026-07-27T15:21:11.245710+00:00,2026-07-27T15:21:22.320254+00:00,-22.0,1.5,STOP,1785165671,1785164400,-22.0,2026-07-27,VIOLENT-WHIPSAW,US,35.50208333333333,0.1903980939812065
exhaustion_short,SHORT,1.0,2026-07-27T15:27:43.293503+00:00,2026-07-27T15:27:47.262316+00:00,18.5,1.5,TARGET,1785166063,1785164400,18.5,2026-07-27,VIOLENT-WHIPSAW,US,35.50208333333333,0.1903980939812065
grind_long,LONG,1.0,2026-07-27T16:05:07.654718+00:00,2026-07-27T16:06:20.498628+00:00,-52.0,1.5,STOP,1785168307,1785168000,-52.0,2026-07-27,VIOLENT-WHIPSAW,US,26.23125,0.2345778420584108
grind_long,LONG,1.0,2026-07-27T16:06:57.151258+00:00,2026-07-27T16:14:13.604935+00:00,-51.5,1.5,STOP,1785168417,1785168000,-51.5,2026-07-27,VIOLENT-WHIPSAW,US,26.23125,0.2345778420584108
abs_veto_long,LONG,1.0,2026-07-27T16:27:01.293712+00:00,2026-07-27T16:28:40.690439+00:00,31.5,1.5,GIVEBACK,1785169621,1785168000,31.5,2026-07-27,VIOLENT-WHIPSAW,US,26.23125,0.2345778420584108
grind_long,LONG,1.0,2026-07-27T16:28:08.615111+00:00,2026-07-27T16:29:09.203550+00:00,-68.5,1.5,STOP,1785169688,1785168000,-68.5,2026-07-27,VIOLENT-WHIPSAW,US,26.23125,0.2345778420584108
abs_veto_long,LONG,1.0,2026-07-27T17:56:00.724797+00:00,2026-07-27T18:16:29.924037+00:00,-45.5,1.5,STOP,1785174960,1785173400,-45.5,2026-07-27,VIOLENT-WHIPSAW,US,20.741666666666667,0.1155503213835029
rgv_short,SHORT,1.0,2026-07-27T19:01:05.988628+00:00,2026-07-27T19:06:54.867196+00:00,-47.5,1.5,STOP,1785178865,1785178800,-47.5,2026-07-27,BUILDING,US,19.3425,0.3649462996253141
exhaustion_short,SHORT,1.0,2026-07-27T19:08:05.115907+00:00,2026-07-27T19:23:24.179623+00:00,-44.0,1.5,STOP,1785179285,1785178800,-44.0,2026-07-27,BUILDING,US,19.3425,0.3649462996253141
exhaustion_short,SHORT,2.0,2026-07-27T19:23:38.386172+00:00,2026-07-27T19:26:07.788087+00:00,21.5,1.5,CHANDELIER,1785180218,1785178800,21.5,2026-07-27,BUILDING,US,19.3425,0.3649462996253141
abs_veto_short,SHORT,1.0,2026-07-27T19:39:00.682952+00:00,2026-07-27T19:40:35.982884+00:00,12.0,1.5,CHANDELIER,1785181140,1785180600,12.0,2026-07-27,VIOLENT-WHIPSAW,US,18.18875,0.1630604124524258
grind_long,LONG,1.0,2026-07-27T18:54:06.574586+00:00,2026-07-27T19:45:46.673224+00:00,23.0,1.5,CHANDELIER,1785178446,1785177000,23.0,2026-07-27,VIOLENT-WHIPSAW,US,20.025,0.1910368357191758
abs_veto_long,LONG,1.0,2026-07-27T18:54:01.557023+00:00,2026-07-27T19:45:46.727761+00:00,19.0,1.5,CHANDELIER,1785178441,1785177000,19.0,2026-07-27,VIOLENT-WHIPSAW,US,20.025,0.1910368357191758
abs_veto_short,SHORT,1.0,2026-07-28T02:28:01.736460+00:00,2026-07-28T02:34:30.321291+00:00,36.0,1.5,CHANDELIER,1785205681,1785204000,36.0,2026-07-28,NORMAL-CHOP,ON,14.34625,0.2552658899519563
capitulation_long,LONG,2.0,2026-07-28T03:11:07.029808+00:00,2026-07-28T03:13:49.385574+00:00,105.5,1.5,CHANDELIER,1785208267,1785207600,105.5,2026-07-28,NORMAL-CHOP,ON,14.6,0.1173386783204251
abs_veto_long,LONG,1.0,2026-07-28T06:37:01.174884+00:00,2026-07-28T06:37:48.757093+00:00,-38.0,1.5,STOP_UNFILLED,1785220621,1785220200,-38.0,2026-07-28,NORMAL-CHOP,ON,14.14125,0.2270472158209839
abs_veto_short,SHORT,1.0,2026-07-28T08:02:01.038966+00:00,2026-07-28T08:02:52.705080+00:00,-44.5,1.5,STOP_UNFILLED,1785225721,1785225600,-44.5,2026-07-28,VIOLENT-WHIPSAW,ON,18.06375,0.1276510139720015
capitulation_long,LONG,2.0,2026-07-28T10:34:39.562018+00:00,2026-07-28T10:35:25.282272+00:00,-48.5,1.5,STOP,1785234879,1785234600,-48.5,2026-07-28,NORMAL-CHOP,ON,14.1025,0.0912081214662383
abs_veto_long,LONG,1.0,2026-07-28T12:27:00.914644+00:00,2026-07-28T12:35:05.591865+00:00,-40.0,1.5,STOP,1785241620,1785240000,-40.0,2026-07-28,BUILDING,ON,15.747083333333334,0.3256023059371931
capitulation_long,LONG,2.0,2026-07-28T12:34:19.718056+00:00,2026-07-28T12:41:01.187297+00:00,-147.0,1.5,STOP,1785242059,1785241800,-147.0,2026-07-28,VIOLENT-WHIPSAW,ON,18.905416666666667,0.0927660100796605
abs_veto_long,LONG,1.0,2026-07-28T12:48:01.317429+00:00,2026-07-28T12:50:20.899775+00:00,-47.0,1.5,STOP,1785242881,1785241800,-47.0,2026-07-28,VIOLENT-WHIPSAW,ON,18.905416666666667,0.0927660100796605
abs_veto_short,SHORT,1.0,2026-07-28T13:29:57.078484+00:00,2026-07-28T13:30:00.970247+00:00,-32.5,1.5,STOP,1785245397,1785243600,-32.5,2026-07-28,NORMAL-CHOP,ON,14.8875,0.1129399171933586
exhaustion_short,SHORT,1.0,2026-07-28T13:32:03.153288+00:00,2026-07-28T13:32:45.513446+00:00,57.0,1.5,CHANDELIER,1785245523,1785245400,57.0,2026-07-28,BUILDING,US,39.07958333333333,0.415482388534604
abs_veto_short,SHORT,1.0,2026-07-28T13:32:01.183056+00:00,2026-07-28T13:32:45.567767+00:00,51.5,1.5,CHANDELIER,1785245521,1785245400,51.5,2026-07-28,BUILDING,US,39.07958333333333,0.415482388534604
exhaustion_short,SHORT,1.0,2026-07-28T13:33:43.955226+00:00,2026-07-28T13:44:02.536536+00:00,324.5,1.5,CHANDELIER,1785245623,1785245400,324.5,2026-07-28,BUILDING,US,39.07958333333333,0.415482388534604
exhaustion_short,SHORT,1.0,2026-07-28T13:53:55.476561+00:00,2026-07-28T14:05:31.301209+00:00,-103.0,1.5,STOP,1785246835,1785245400,-103.0,2026-07-28,BUILDING,US,39.07958333333333,0.415482388534604
exhaustion_short,SHORT,1.0,2026-07-28T14:15:25.449027+00:00,2026-07-28T14:23:57.048157+00:00,-94.5,1.5,STOP,1785248125,1785247200,-94.5,2026-07-28,VIOLENT-WHIPSAW,US,48.24625,0.1176171512934345
exhaustion_short,SHORT,1.0,2026-07-28T14:30:34.208778+00:00,2026-07-28T14:31:13.440979+00:00,18.5,1.5,CHANDELIER,1785249034,1785249000,18.5,2026-07-28,VIOLENT-WHIPSAW,US,38.59791666666667,0.1881056281944085
exhaustion_short,SHORT,1.0,2026-07-28T14:52:04.390252+00:00,2026-07-28T14:55:51.646643+00:00,18.0,1.5,CHANDELIER,1785250324,1785249000,18.0,2026-07-28,VIOLENT-WHIPSAW,US,38.59791666666667,0.1881056281944085
exhaustion_short,SHORT,1.0,2026-07-28T15:16:46.239503+00:00,2026-07-28T15:18:23.252346+00:00,-72.0,1.5,STOP,1785251806,1785250800,-72.0,2026-07-28,VIOLENT-WHIPSAW,US,32.32083333333333,0.2127107284975675
abs_veto_long,LONG,1.0,2026-07-28T15:28:01.538128+00:00,2026-07-28T16:30:15.288244+00:00,3.0,1.5,CHANDELIER,1785252481,1785250800,3.0,2026-07-28,VIOLENT-WHIPSAW,US,32.32083333333333,0.2127107284975675
abs_veto_short,SHORT,1.0,2026-07-28T17:04:01.639709+00:00,2026-07-28T17:06:23.058978+00:00,18.0,1.5,CHANDELIER,1785258241,1785258000,18.0,2026-07-28,VIOLENT-WHIPSAW,US,19.488333333333333,0.1745266261411998
exhaustion_short,SHORT,2.0,2026-07-28T17:19:12.393046+00:00,2026-07-28T17:20:48.175041+00:00,-121.0,1.5,STOP,1785259152,1785258000,-121.0,2026-07-28,VIOLENT-WHIPSAW,US,19.488333333333333,0.1745266261411998
exhaustion_short,LONG,1.0,2026-07-28T17:20:48.175041+00:00,2026-07-28T17:21:07.713972+00:00,28.5,1.5,CHANDELIER,1785259248,1785258000,28.5,2026-07-28,VIOLENT-WHIPSAW,US,19.488333333333333,0.1745266261411998
abs_veto_short,SHORT,1.0,2026-07-28T17:42:00.977408+00:00,2026-07-28T17:45:03.463468+00:00,39.5,1.5,CHANDELIER,1785260520,1785259800,39.5,2026-07-28,VIOLENT-WHIPSAW,US,18.60666666666667,0.1250451351639069
exhaustion_short,SHORT,1.0,2026-07-28T18:01:06.155564+00:00,2026-07-28T18:02:15.415781+00:00,34.0,1.5,CHANDELIER,1785261666,1785261600,34.0,2026-07-28,VIOLENT-WHIPSAW,US,18.139166666666664,0.1196829032102546
abs_veto_long,LONG,1.0,2026-07-28T22:07:01.529031+00:00,2026-07-28T22:12:37.622282+00:00,-27.0,1.5,STOP,1785276421,1785276000,-27.0,2026-07-28,NORMAL-CHOP,ON,12.132083333333332,0.1684254375091975
abs_veto_short,SHORT,1.0,2026-07-28T22:47:01.720145+00:00,2026-07-28T23:07:53.562061+00:00,59.0,1.5,CHANDELIER,1785278821,1785277800,59.0,2026-07-28,BUILDING,ON,17.267916666666668,0.4409412443131099
abs_veto_short,SHORT,1.0,2026-07-29T01:12:00.864998+00:00,2026-07-29T01:23:14.255702+00:00,-50.0,1.5,STOP,1785287520,1785286800,-50.0,2026-07-29,VIOLENT-WHIPSAW,ON,21.14333333333333,0.2307423262376761
exhaustion_short,SHORT,1.0,2026-07-29T01:27:26.942745+00:00,2026-07-29T01:30:17.241494+00:00,36.5,1.5,CHANDELIER,1785288446,1785286800,36.5,2026-07-29,VIOLENT-WHIPSAW,ON,21.14333333333333,0.2307423262376761
abs_veto_short,SHORT,1.0,2026-07-29T02:38:00.938613+00:00,2026-07-29T02:40:01.750017+00:00,-54.5,1.5,STOP,1785292680,1785292200,-54.5,2026-07-29,VIOLENT-WHIPSAW,ON,19.32708333333333,0.1515440584798784
abs_veto_short,SHORT,1.0,2026-07-29T03:31:00.690132+00:00,2026-07-29T03:32:07.804776+00:00,-1.0,1.5,CHANDELIER,1785295860,1785295800,-1.0,2026-07-29,NORMAL-CHOP,ON,16.112083333333334,0.2746837490173433
abs_veto_short,SHORT,1.0,2026-07-29T03:53:01.038653+00:00,2026-07-29T04:27:22.922815+00:00,8.0,1.5,CHANDELIER,1785297181,1785295800,8.0,2026-07-29,NORMAL-CHOP,ON,16.112083333333334,0.2746837490173433
abs_veto_short,SHORT,1.0,2026-07-29T12:18:57.421781+00:00,2026-07-29T12:44:19.765038+00:00,-43.0,1.5,STOP,1785327537,1785326400,-43.0,2026-07-29,VIOLENT-WHIPSAW,ON,17.020416666666666,0.1601615949062838
abs_veto_short,SHORT,1.0,2026-07-29T13:32:01.579066+00:00,2026-07-29T13:32:26.666776+00:00,-53.5,1.5,STOP,1785331921,1785331800,-53.5,2026-07-29,VIOLENT-WHIPSAW,US,40.912083333333335,0.129960189611599
exhaustion_short,SHORT,1.0,2026-07-29T13:43:48.855666+00:00,2026-07-29T13:44:53.746353+00:00,-101.0,1.5,STOP,1785332628,1785331800,-101.0,2026-07-29,VIOLENT-WHIPSAW,US,40.912083333333335,0.129960189611599
exhaustion_short,SHORT,1.0,2026-07-29T13:48:27.408699+00:00,2026-07-29T13:53:26.129879+00:00,180.0,1.5,CHANDELIER,1785332907,1785331800,180.0,2026-07-29,VIOLENT-WHIPSAW,US,40.912083333333335,0.129960189611599
exhaustion_short,SHORT,1.0,2026-07-29T14:13:33.753757+00:00,2026-07-29T14:50:38.069036+00:00,145.5,1.5,CHANDELIER,1785334413,1785333600,145.5,2026-07-29,NORMAL-CHOP,US,39.939166666666665,0.2584938363583069
exhaustion_short_B,SHORT,1.0,2026-07-29T19:10:52.666748+00:00,2026-07-29T19:11:14.990390+00:00,-85.5,1.5,STOP,1785352252,1785351600,-85.5,2026-07-29,BUILDING,US,43.617916666666666,0.3305185596203019
exhaustion_short_A,SHORT,1.0,2026-07-29T19:10:52.591441+00:00,2026-07-29T19:11:15.953936+00:00,-80.5,1.5,STOP,1785352252,1785351600,-80.5,2026-07-29,BUILDING,US,43.617916666666666,0.3305185596203019
abs_veto_short_A,SHORT,1.0,2026-07-29T19:23:01.164273+00:00,2026-07-29T19:34:03.340285+00:00,232.0,1.5,TARGET,1785352981,1785351600,232.0,2026-07-29,BUILDING,US,43.617916666666666,0.3305185596203019
abs_veto_short_B,SHORT,1.0,2026-07-29T19:23:01.233357+00:00,2026-07-29T19:48:00.677619+00:00,536.0,1.5,CHANDELIER,1785352981,1785351600,536.0,2026-07-29,BUILDING,US,43.617916666666666,0.3305185596203019
abs_veto_short_A,SHORT,1.0,2026-07-29T20:28:01.467682+00:00,2026-07-29T20:29:08.834844+00:00,-62.5,1.5,STOP,1785356881,1785355200,-62.5,2026-07-29,BUILDING,ON,48.69958333333333,0.3317252942418648
abs_veto_long_A,LONG,1.0,2026-07-29T22:04:01.671628+00:00,2026-07-29T22:08:06.245388+00:00,134.5,1.5,TARGET,1785362641,1785362400,134.5,2026-07-29,BUILDING,ON,27.024166666666662,0.3285964737265259
grind_long_A,LONG,1.0,2026-07-29T22:06:12.993999+00:00,2026-07-29T22:10:40.628158+00:00,140.0,1.5,TARGET,1785362772,1785362400,140.0,2026-07-29,BUILDING,ON,27.024166666666662,0.3285964737265259
grind_long_A,LONG,1.0,2026-07-29T22:14:29.301264+00:00,2026-07-29T22:28:34.745742+00:00,-80.5,1.5,STOP,1785363269,1785362400,-80.5,2026-07-29,BUILDING,ON,27.024166666666662,0.3285964737265259
grind_long_A,LONG,1.0,2026-07-29T22:38:11.142978+00:00,2026-07-29T22:40:37.531375+00:00,-48.0,1.5,STOP,1785364691,1785364200,-48.0,2026-07-29,VIOLENT-WHIPSAW,ON,18.68875,0.1050526173535214
abs_veto_long_A,LONG,1.0,2026-07-29T22:38:02.172144+00:00,2026-07-29T22:40:37.531375+00:00,-50.0,1.5,STOP,1785364682,1785364200,-50.0,2026-07-29,VIOLENT-WHIPSAW,ON,18.68875,0.1050526173535214
abs_veto_long_A,LONG,1.0,2026-07-29T22:47:01.118439+00:00,2026-07-29T22:49:54.988853+00:00,-36.0,1.5,STOP,1785365221,1785364200,-36.0,2026-07-29,VIOLENT-WHIPSAW,ON,18.68875,0.1050526173535214
grind_long_A,LONG,1.0,2026-07-29T22:40:37.700359+00:00,2026-07-29T23:08:48.339280+00:00,101.0,1.5,TARGET,1785364837,1785364200,101.0,2026-07-29,VIOLENT-WHIPSAW,ON,18.68875,0.1050526173535214
abs_veto_long_A,LONG,1.0,2026-07-29T23:02:01.601581+00:00,2026-07-29T23:08:49.321120+00:00,86.0,1.5,TARGET,1785366121,1785366000,86.0,2026-07-29,VIOLENT-WHIPSAW,ON,17.045416666666668,0.2016817023468998
abs_veto_long_B,LONG,1.0,2026-07-29T22:04:01.685280+00:00,2026-07-29T23:09:18.442588+00:00,342.0,1.5,CHANDELIER,1785362641,1785362400,342.0,2026-07-29,BUILDING,ON,27.024166666666662,0.3285964737265259
grind_long_A,LONG,1.0,2026-07-29T23:08:53.312371+00:00,2026-07-29T23:10:06.304863+00:00,-49.0,1.5,STOP,1785366533,1785366000,-49.0,2026-07-29,VIOLENT-WHIPSAW,ON,17.045416666666668,0.2016817023468998
abs_veto_long_A,LONG,1.0,2026-07-29T23:10:01.573823+00:00,2026-07-29T23:10:09.255834+00:00,-44.0,1.5,STOP,1785366601,1785366000,-44.0,2026-07-29,VIOLENT-WHIPSAW,ON,17.045416666666668,0.2016817023468998
grind_long_A,LONG,1.0,2026-07-29T23:10:06.543357+00:00,2026-07-29T23:10:21.290191+00:00,-28.5,1.5,STOP,1785366606,1785366000,-28.5,2026-07-29,VIOLENT-WHIPSAW,ON,17.045416666666668,0.2016817023468998
grind_long_A,LONG,1.0,2026-07-29T23:10:21.584353+00:00,2026-07-29T23:11:43.469893+00:00,-44.5,1.5,STOP,1785366621,1785366000,-44.5,2026-07-29,VIOLENT-WHIPSAW,ON,17.045416666666668,0.2016817023468998
grind_long_A,LONG,1.0,2026-07-29T23:12:43.941426+00:00,2026-07-29T23:13:46.733239+00:00,-34.5,1.5,STOP,1785366763,1785366000,-34.5,2026-07-29,VIOLENT-WHIPSAW,ON,17.045416666666668,0.2016817023468998
grind_long_A,LONG,1.0,2026-07-29T23:13:47.020957+00:00,2026-07-29T23:23:14.102806+00:00,93.0,1.5,TARGET,1785366827,1785366000,93.0,2026-07-29,VIOLENT-WHIPSAW,ON,17.045416666666668,0.2016817023468998
grind_long_B,LONG,1.0,2026-07-29T22:06:13.047748+00:00,2026-07-29T23:33:22.274860+00:00,305.0,1.5,CHANDELIER,1785362773,1785362400,305.0,2026-07-29,BUILDING,ON,27.024166666666662,0.3285964737265259
grind_long_A,LONG,1.0,2026-07-29T23:23:15.107588+00:00,2026-07-29T23:52:25.155760+00:00,-44.0,1.5,STOP,1785367395,1785366000,-44.0,2026-07-29,VIOLENT-WHIPSAW,ON,17.045416666666668,0.2016817023468998
grind_long_B,LONG,1.0,2026-07-29T23:51:13.455273+00:00,2026-07-30T00:02:11.517495+00:00,-46.5,1.5,STOP,1785369073,1785367800,-46.5,2026-07-29,VIOLENT-WHIPSAW,ON,16.5575,0.1474660471335765
abs_veto_long_B,LONG,1.0,2026-07-29T23:20:01.809793+00:00,2026-07-30T00:02:29.474003+00:00,-53.5,1.5,STOP,1785367201,1785366000,-53.5,2026-07-29,VIOLENT-WHIPSAW,ON,17.045416666666668,0.2016817023468998
abs_veto_long_A,LONG,1.0,2026-07-29T23:20:01.755650+00:00,2026-07-30T00:02:30.677038+00:00,-46.0,1.5,STOP,1785367201,1785366000,-46.0,2026-07-29,VIOLENT-WHIPSAW,ON,17.045416666666668,0.2016817023468998
grind_long_A,LONG,1.0,2026-07-30T00:10:06.292889+00:00,2026-07-30T00:20:28.383397+00:00,-64.0,1.5,STOP,1785370206,1785369600,-64.0,2026-07-30,VIOLENT-WHIPSAW,ON,26.990416666666665,0.1332855271195861
grind_long_B,LONG,1.0,2026-07-30T00:10:06.349748+00:00,2026-07-30T00:20:29.915056+00:00,-56.0,1.5,STOP,1785370206,1785369600,-56.0,2026-07-30,VIOLENT-WHIPSAW,ON,26.990416666666665,0.1332855271195861
abs_veto_long_A,LONG,1.0,2026-07-30T00:08:00.984717+00:00,2026-07-30T00:35:24.214063+00:00,-66.5,1.5,STOP,1785370080,1785369600,-66.5,2026-07-30,VIOLENT-WHIPSAW,ON,26.990416666666665,0.1332855271195861
abs_veto_long_B,LONG,1.0,2026-07-30T00:08:01.029790+00:00,2026-07-30T00:35:24.214063+00:00,-66.5,1.5,STOP,1785370081,1785369600,-66.5,2026-07-30,VIOLENT-WHIPSAW,ON,26.990416666666665,0.1332855271195861
abs_veto_long_A,LONG,1.0,2026-07-30T01:02:00.874230+00:00,2026-07-30T01:06:11.474667+00:00,101.5,1.5,TARGET,1785373320,1785373200,101.5,2026-07-30,VIOLENT-WHIPSAW,ON,23.205,0.2146398571541632
grind_long_A,LONG,1.0,2026-07-30T01:05:09.270207+00:00,2026-07-30T01:08:37.810642+00:00,120.5,1.5,TARGET,1785373509,1785373200,120.5,2026-07-30,VIOLENT-WHIPSAW,ON,23.205,0.2146398571541632
grind_long_A,LONG,1.0,2026-07-30T01:08:38.816662+00:00,2026-07-30T01:08:54.571132+00:00,-56.0,1.5,STOP,1785373718,1785373200,-56.0,2026-07-30,VIOLENT-WHIPSAW,ON,23.205,0.2146398571541632
abs_veto_long_A,LONG,1.0,2026-07-30T01:08:00.763316+00:00,2026-07-30T01:09:40.614858+00:00,-50.5,1.5,STOP,1785373680,1785373200,-50.5,2026-07-30,VIOLENT-WHIPSAW,ON,23.205,0.2146398571541632
grind_long_A,LONG,1.0,2026-07-30T01:08:54.859897+00:00,2026-07-30T01:09:56.629219+00:00,-50.5,1.5,STOP,1785373734,1785373200,-50.5,2026-07-30,VIOLENT-WHIPSAW,ON,23.205,0.2146398571541632
abs_veto_long_B,LONG,1.0,2026-07-30T01:02:00.927888+00:00,2026-07-30T01:13:01.468937+00:00,61.5,1.5,CHANDELIER,1785373320,1785373200,61.5,2026-07-30,VIOLENT-WHIPSAW,ON,23.205,0.2146398571541632
grind_long_A,LONG,1.0,2026-07-30T01:09:56.800632+00:00,2026-07-30T01:14:24.752548+00:00,-42.0,1.5,STOP,1785373796,1785373200,-42.0,2026-07-30,VIOLENT-WHIPSAW,ON,23.205,0.2146398571541632
grind_long_B,LONG,1.0,2026-07-30T01:05:09.325773+00:00,2026-07-30T01:14:50.288476+00:00,-46.5,1.5,STOP,1785373509,1785373200,-46.5,2026-07-30,VIOLENT-WHIPSAW,ON,23.205,0.2146398571541632
grind_long_A,LONG,1.0,2026-07-30T01:25:05.853581+00:00,2026-07-30T01:32:05.654609+00:00,98.5,1.5,TARGET,1785374705,1785373200,98.5,2026-07-30,VIOLENT-WHIPSAW,ON,23.205,0.2146398571541632
abs_veto_long_B,LONG,1.0,2026-07-30T01:33:00.871723+00:00,2026-07-30T01:53:48.734982+00:00,-40.0,1.5,STOP,1785375180,1785375000,-40.0,2026-07-30,BUILDING,ON,16.279166666666665,0.4039314420163379
abs_veto_long_A,LONG,1.0,2026-07-30T01:33:00.771353+00:00,2026-07-30T01:59:38.416913+00:00,-45.0,1.5,STOP,1785375180,1785375000,-45.0,2026-07-30,BUILDING,ON,16.279166666666665,0.4039314420163379
grind_long_B,LONG,1.0,2026-07-30T01:25:05.906791+00:00,2026-07-30T02:17:51.685693+00:00,13.0,1.5,CHANDELIER,1785374705,1785373200,13.0,2026-07-30,VIOLENT-WHIPSAW,ON,23.205,0.2146398571541632
grind_long_A,LONG,1.0,2026-07-30T03:49:05.954011+00:00,2026-07-30T03:50:36.940938+00:00,-44.5,1.5,STOP,1785383345,1785382200,-44.5,2026-07-30,VIOLENT-WHIPSAW,ON,18.949166666666667,0.1547230812205429
grind_long_B,LONG,1.0,2026-07-30T03:49:05.996752+00:00,2026-07-30T03:50:40.853488+00:00,-38.0,1.5,STOP,1785383345,1785382200,-38.0,2026-07-30,VIOLENT-WHIPSAW,ON,18.949166666666667,0.1547230812205429
grind_long_A,LONG,1.0,2026-07-30T03:51:04.189987+00:00,2026-07-30T03:58:03.162401+00:00,-49.5,1.5,STOP,1785383464,1785382200,-49.5,2026-07-30,VIOLENT-WHIPSAW,ON,18.949166666666667,0.1547230812205429
grind_long_B,LONG,1.0,2026-07-30T03:51:04.243716+00:00,2026-07-30T03:58:03.162401+00:00,-53.5,1.5,STOP,1785383464,1785382200,-53.5,2026-07-30,VIOLENT-WHIPSAW,ON,18.949166666666667,0.1547230812205429
abs_veto_long_A,LONG,1.0,2026-07-30T04:29:01.967708+00:00,2026-07-30T04:37:35.418362+00:00,-41.0,1.5,STOP,1785385741,1785384000,-41.0,2026-07-30,VIOLENT-WHIPSAW,ON,16.4875,0.1501041769686411
abs_veto_long_B,LONG,1.0,2026-07-30T04:29:02.020700+00:00,2026-07-30T04:37:36.800175+00:00,-44.5,1.5,STOP,1785385742,1785384000,-44.5,2026-07-30,VIOLENT-WHIPSAW,ON,16.4875,0.1501041769686411
abs_veto_long_A,LONG,1.0,2026-07-30T05:17:00.803536+00:00,2026-07-30T05:32:45.296768+00:00,91.5,1.5,TARGET,1785388620,1785387600,91.5,2026-07-30,VIOLENT-WHIPSAW,ON,16.65458333333333,0.203997297867178
abs_veto_long_A,LONG,1.0,2026-07-30T05:48:00.781037+00:00,2026-07-30T05:48:43.567974+00:00,-41.5,1.5,STOP,1785390480,1785389400,-41.5,2026-07-30,VIOLENT-WHIPSAW,ON,18.19458333333333,0.1643268955577578
abs_veto_long_B,LONG,1.0,2026-07-30T05:17:01.084784+00:00,2026-07-30T05:49:46.006981+00:00,55.0,1.5,CHANDELIER,1785388621,1785387600,55.0,2026-07-30,VIOLENT-WHIPSAW,ON,16.65458333333333,0.203997297867178
capitulation_long_B,LONG,1.0,2026-07-30T09:15:05.867577+00:00,2026-07-30T09:21:50.344972+00:00,25.0,1.5,CHANDELIER,1785402905,1785402000,25.0,2026-07-30,NORMAL-CHOP,ON,13.82125,0.2714115556855067
capitulation_long_A,LONG,1.0,2026-07-30T09:15:05.864385+00:00,2026-07-30T09:23:14.490584+00:00,47.5,1.5,TARGET,1785402905,1785402000,47.5,2026-07-30,NORMAL-CHOP,ON,13.82125,0.2714115556855067
grind_long_A,LONG,1.0,2026-07-30T09:39:47.881726+00:00,2026-07-30T09:42:02.725794+00:00,-25.0,1.5,STOP,1785404387,1785403800,-25.0,2026-07-30,NORMAL-CHOP,ON,12.113333333333332,0.2196962286134507
grind_long_B,LONG,1.0,2026-07-30T09:39:47.923735+00:00,2026-07-30T09:42:02.725794+00:00,-24.5,1.5,STOP,1785404387,1785403800,-24.5,2026-07-30,NORMAL-CHOP,ON,12.113333333333332,0.2196962286134507
capitulation_long_B,LONG,1.0,2026-07-30T09:59:33.565790+00:00,2026-07-30T10:00:07.323797+00:00,-36.0,1.5,STOP,1785405573,1785403800,-36.0,2026-07-30,NORMAL-CHOP,ON,12.113333333333332,0.2196962286134507
capitulation_long_A,LONG,1.0,2026-07-30T09:59:33.501505+00:00,2026-07-30T10:00:08.274279+00:00,-27.0,1.5,STOP,1785405573,1785403800,-27.0,2026-07-30,NORMAL-CHOP,ON,12.113333333333332,0.2196962286134507
abs_veto_long_A,LONG,1.0,2026-07-30T10:09:01.399430+00:00,2026-07-30T10:18:38.250628+00:00,77.5,1.5,TARGET,1785406141,1785405600,77.5,2026-07-30,NORMAL-CHOP,ON,14.24125,0.1869582881875322
abs_veto_long_B,LONG,1.0,2026-07-30T10:09:01.442731+00:00,2026-07-30T10:41:16.332653+00:00,174.0,1.5,CHANDELIER,1785406141,1785405600,174.0,2026-07-30,NORMAL-CHOP,ON,14.24125,0.1869582881875322
grind_long_B,LONG,1.0,2026-07-30T11:09:30.129869+00:00,2026-07-30T11:11:04.029007+00:00,-32.0,1.5,STOP,1785409770,1785409200,-32.0,2026-07-30,NORMAL-CHOP,ON,13.634583333333332,0.2594732726376515
grind_long_A,LONG,1.0,2026-07-30T11:09:30.077686+00:00,2026-07-30T11:11:06.443863+00:00,-35.5,1.5,STOP,1785409770,1785409200,-35.5,2026-07-30,NORMAL-CHOP,ON,13.634583333333332,0.2594732726376515
abs_veto_long_A,LONG,1.0,2026-07-30T11:04:01.524391+00:00,2026-07-30T11:17:29.782976+00:00,69.0,1.5,TARGET,1785409441,1785409200,69.0,2026-07-30,NORMAL-CHOP,ON,13.634583333333332,0.2594732726376515
grind_long_A,LONG,1.0,2026-07-30T11:11:57.294868+00:00,2026-07-30T11:24:49.523378+00:00,68.5,1.5,TARGET,1785409917,1785409200,68.5,2026-07-30,NORMAL-CHOP,ON,13.634583333333332,0.2594732726376515
abs_veto_long_A,LONG,1.0,2026-07-30T11:20:01.048282+00:00,2026-07-30T11:28:31.905310+00:00,62.5,1.5,TARGET,1785410401,1785409200,62.5,2026-07-30,NORMAL-CHOP,ON,13.634583333333332,0.2594732726376515
abs_veto_long_B,LONG,1.0,2026-07-30T11:04:01.566811+00:00,2026-07-30T11:55:37.573116+00:00,157.0,1.5,CHANDELIER,1785409441,1785409200,157.0,2026-07-30,NORMAL-CHOP,ON,13.634583333333332,0.2594732726376515
grind_long_B,LONG,1.0,2026-07-30T11:11:57.399120+00:00,2026-07-30T12:07:11.776003+00:00,159.0,1.5,CHANDELIER,1785409917,1785409200,159.0,2026-07-30,NORMAL-CHOP,ON,13.634583333333332,0.2594732726376515
abs_veto_long_A,LONG,1.0,2026-07-30T12:32:01.435267+00:00,2026-07-30T12:32:23.851976+00:00,-42.0,1.5,STOP,1785414721,1785414600,-42.0,2026-07-30,VIOLENT-WHIPSAW,ON,21.585416666666667,0.1276537794258713
abs_veto_long_B,LONG,1.0,2026-07-30T12:32:01.477765+00:00,2026-07-30T12:32:23.851976+00:00,-38.0,1.5,STOP,1785414721,1785414600,-38.0,2026-07-30,VIOLENT-WHIPSAW,ON,21.585416666666667,0.1276537794258713
grind_long_A,LONG,1.0,2026-07-30T12:43:05.904111+00:00,2026-07-30T12:59:38.339201+00:00,41.5,1.5,MANUAL_CLAIM,1785415385,1785414600,41.5,2026-07-30,VIOLENT-WHIPSAW,ON,21.585416666666667,0.1276537794258713
grind_long_A,LONG,1.0,2026-07-30T12:59:40.870546+00:00,2026-07-30T13:01:45.295311+00:00,84.0,1.5,TARGET,1785416380,1785414600,84.0,2026-07-30,VIOLENT-WHIPSAW,ON,21.585416666666667,0.1276537794258713
grind_long_A,LONG,1.0,2026-07-30T13:01:46.257004+00:00,2026-07-30T13:10:13.280772+00:00,-38.0,1.5,STOP,1785416506,1785416400,-38.0,2026-07-30,BUILDING,ON,16.695833333333333,0.3003784770854302
abs_veto_long_A,LONG,1.0,2026-07-30T13:02:01.312249+00:00,2026-07-30T13:10:31.042112+00:00,-31.5,1.5,STOP,1785416521,1785416400,-31.5,2026-07-30,BUILDING,ON,16.695833333333333,0.3003784770854302
abs_veto_long_B,LONG,1.0,2026-07-30T13:02:01.391514+00:00,2026-07-30T13:10:31.042112+00:00,-32.0,1.5,STOP,1785416521,1785416400,-32.0,2026-07-30,BUILDING,ON,16.695833333333333,0.3003784770854302
grind_long_B,LONG,1.0,2026-07-30T12:43:05.946892+00:00,2026-07-30T13:31:15.579775+00:00,156.5,1.5,MANUAL_CLAIM,1785415385,1785414600,156.5,2026-07-30,VIOLENT-WHIPSAW,ON,21.585416666666667,0.1276537794258713
grind_long_B,LONG,1.0,2026-07-30T13:31:15.760707+00:00,2026-07-30T13:33:04.707339+00:00,-39.0,1.5,STOP,1785418275,1785418200,-39.0,2026-07-30,BUILDING,US,35.91458333333333,0.3573522290698795
abs_veto_long_A,LONG,1.0,2026-07-30T13:31:01.627401+00:00,2026-07-30T13:33:09.006451+00:00,-31.5,1.5,STOP,1785418261,1785418200,-31.5,2026-07-30,BUILDING,US,35.91458333333333,0.3573522290698795
abs_veto_long_B,LONG,1.0,2026-07-30T13:31:01.703583+00:00,2026-07-30T13:33:09.049768+00:00,-73.0,1.5,STOP,1785418261,1785418200,-73.0,2026-07-30,BUILDING,US,35.91458333333333,0.3573522290698795
grind_long_A,LONG,5.0,2026-07-30T13:30:53.413316+00:00,2026-07-30T13:33:12.406072+00:00,-235.49999999997817,1.5,STOP,1785418253,1785418200,-235.49999999997817,2026-07-30,BUILDING,US,35.91458333333333,0.3573522290698795
grind_long_B,LONG,1.0,2026-07-30T13:34:03.819853+00:00,2026-07-30T13:34:12.467585+00:00,-51.0,1.5,STOP,1785418443,1785418200,-51.0,2026-07-30,BUILDING,US,35.91458333333333,0.3573522290698795
grind_long_A,LONG,1.0,2026-07-30T13:34:03.769128+00:00,2026-07-30T13:34:12.600955+00:00,-50.5,1.5,STOP,1785418443,1785418200,-50.5,2026-07-30,BUILDING,US,35.91458333333333,0.3573522290698795
grind_long_A,LONG,1.0,2026-07-30T13:45:06.327335+00:00,2026-07-30T13:51:13.586238+00:00,234.0,1.5,TARGET,1785419106,1785418200,234.0,2026-07-30,BUILDING,US,35.91458333333333,0.3573522290698795
abs_veto_long_A,LONG,1.0,2026-07-30T13:52:01.013487+00:00,2026-07-30T13:52:35.435014+00:00,-85.5,1.5,STOP,1785419521,1785418200,-85.5,2026-07-30,BUILDING,US,35.91458333333333,0.3573522290698795
abs_veto_long_B,LONG,1.0,2026-07-30T13:52:01.048473+00:00,2026-07-30T13:52:35.477778+00:00,-85.5,1.5,STOP,1785419521,1785418200,-85.5,2026-07-30,BUILDING,US,35.91458333333333,0.3573522290698795
grind_long_B,LONG,1.0,2026-07-30T13:45:06.385693+00:00,2026-07-30T13:56:14.334960+00:00,243.5,1.5,MANUAL_CLAIM,1785419106,1785418200,243.5,2026-07-30,BUILDING,US,35.91458333333333,0.3573522290698795
grind_long_A,LONG,1.0,2026-07-30T13:53:06.521405+00:00,2026-07-30T14:01:01.513800+00:00,197.5,1.5,TARGET,1785419586,1785418200,197.5,2026-07-30,BUILDING,US,35.91458333333333,0.3573522290698795
abs_veto_long_B,LONG,1.0,2026-07-30T14:29:01.642801+00:00,2026-07-30T14:30:30.636730+00:00,-62.5,1.5,STOP,1785421741,1785420000,-62.5,2026-07-30,BUILDING,US,32.858333333333334,0.3208502662611897
abs_veto_long_A,LONG,1.0,2026-07-30T14:29:01.587526+00:00,2026-07-30T14:30:30.749435+00:00,-63.5,1.5,STOP,1785421741,1785420000,-63.5,2026-07-30,BUILDING,US,32.858333333333334,0.3208502662611897
exhaustion_short_B,SHORT,1.0,2026-07-30T15:05:54.576712+00:00,2026-07-30T15:12:24.021032+00:00,117.0,1.5,MANUAL_CLAIM,1785423954,1785423600,117.0,2026-07-30,VIOLENT-WHIPSAW,US,37.43708333333333,0.1954200873916767
exhaustion_short_A,SHORT,1.0,2026-07-30T15:05:54.524544+00:00,2026-07-30T15:12:54.709531+00:00,107.5,1.5,MANUAL_CLAIM,1785423954,1785423600,107.5,2026-07-30,VIOLENT-WHIPSAW,US,37.43708333333333,0.1954200873916767
exhaustion_short_B,SHORT,1.0,2026-07-30T15:22:25.453717+00:00,2026-07-30T15:29:09.089425+00:00,109.5,1.5,MANUAL_CLAIM,1785424945,1785423600,109.5,2026-07-30,VIOLENT-WHIPSAW,US,37.43708333333333,0.1954200873916767
exhaustion_short_A,SHORT,1.0,2026-07-30T15:22:25.401493+00:00,2026-07-30T15:32:21.053829+00:00,38.5,1.5,MANUAL_CLAIM,1785424945,1785423600,38.5,2026-07-30,VIOLENT-WHIPSAW,US,37.43708333333333,0.1954200873916767
exhaustion_short_B,SHORT,1.0,2026-07-30T15:44:31.847731+00:00,2026-07-30T15:46:35.141630+00:00,-55.0,1.5,STOP,1785426271,1785425400,-55.0,2026-07-30,VIOLENT-WHIPSAW,US,30.414166666666667,0.1097304810518408
exhaustion_short_A,SHORT,1.0,2026-07-30T15:44:31.787631+00:00,2026-07-30T15:46:35.183756+00:00,-100.5,1.5,STOP,1785426271,1785425400,-100.5,2026-07-30,VIOLENT-WHIPSAW,US,30.414166666666667,0.1097304810518408
grind_long_A,LONG,1.0,2026-07-30T15:49:22.782387+00:00,2026-07-30T15:52:26.432328+00:00,-55.0,1.5,STOP,1785426562,1785425400,-55.0,2026-07-30,VIOLENT-WHIPSAW,US,30.414166666666667,0.1097304810518408
grind_long_B,LONG,1.0,2026-07-30T15:49:22.837779+00:00,2026-07-30T15:52:26.474712+00:00,-54.0,1.5,STOP,1785426562,1785425400,-54.0,2026-07-30,VIOLENT-WHIPSAW,US,30.414166666666667,0.1097304810518408
grind_long_B,LONG,1.0,2026-07-30T15:52:27.477831+00:00,2026-07-30T15:54:50.884330+00:00,53.0,1.5,MANUAL_CLAIM,1785426747,1785425400,53.0,2026-07-30,VIOLENT-WHIPSAW,US,30.414166666666667,0.1097304810518408
grind_long_A,LONG,1.0,2026-07-30T15:52:27.477831+00:00,2026-07-30T15:56:42.188624+00:00,111.0,1.5,MANUAL_CLAIM,1785426747,1785425400,111.0,2026-07-30,VIOLENT-WHIPSAW,US,30.414166666666667,0.1097304810518408
abs_veto_long_B,LONG,1.0,2026-07-30T22:03:01.241630+00:00,2026-07-30T22:05:37.238527+00:00,-39.0,1.5,STOP,1785448981,1785448800,-39.0,2026-07-30,VIOLENT-WHIPSAW,ON,17.563750000000002,0.1803275917289678
abs_veto_long_A,LONG,1.0,2026-07-30T22:03:01.164350+00:00,2026-07-30T22:06:20.317374+00:00,-43.0,1.5,STOP,1785448981,1785448800,-43.0,2026-07-30,VIOLENT-WHIPSAW,ON,17.563750000000002,0.1803275917289678
rgv_short_A,SHORT,1.0,2026-07-30T22:07:06.635002+00:00,2026-07-30T22:10:36.720231+00:00,-54.5,1.5,STOP,1785449226,1785448800,-54.5,2026-07-30,VIOLENT-WHIPSAW,ON,17.563750000000002,0.1803275917289678
rgv_short_B,SHORT,1.0,2026-07-30T22:07:06.688849+00:00,2026-07-30T22:10:36.720231+00:00,-52.5,1.5,STOP,1785449226,1785448800,-52.5,2026-07-30,VIOLENT-WHIPSAW,ON,17.563750000000002,0.1803275917289678
grind_long_A,LONG,1.0,2026-07-30T22:02:06.012656+00:00,2026-07-30T22:23:19.712378+00:00,-42.0,1.5,STOP,1785448926,1785448800,-42.0,2026-07-30,VIOLENT-WHIPSAW,ON,17.563750000000002,0.1803275917289678
grind_long_B,LONG,1.0,2026-07-30T22:02:06.065803+00:00,2026-07-30T22:23:19.712378+00:00,-44.5,1.5,STOP,1785448926,1785448800,-44.5,2026-07-30,VIOLENT-WHIPSAW,ON,17.563750000000002,0.1803275917289678
capitulation_long_A,LONG,1.0,2026-07-30T23:16:30.204076+00:00,2026-07-30T23:21:57.389888+00:00,-31.5,1.5,STOP,1785453390,1785452400,-31.5,2026-07-30,NORMAL-CHOP,ON,10.174166666666668,0.1890578584472044
capitulation_long_B,LONG,1.0,2026-07-30T23:16:30.246748+00:00,2026-07-30T23:21:57.389888+00:00,-29.0,1.5,STOP,1785453390,1785452400,-29.0,2026-07-30,NORMAL-CHOP,ON,10.174166666666668,0.1890578584472044
capitulation_long_A,LONG,1.0,2026-07-31T05:00:23.902558+00:00,2026-07-31T05:03:24.925500+00:00,-15.5,1.5,STOP,1785474023,1785474000,-15.5,2026-07-31,DEAD-CHOP,ON,7.749583333333334,0.1825195871316712
capitulation_long_B,LONG,1.0,2026-07-31T05:00:24.136079+00:00,2026-07-31T05:05:37.868823+00:00,-23.5,1.5,STOP,1785474024,1785474000,-23.5,2026-07-31,DEAD-CHOP,ON,7.749583333333334,0.1825195871316712
capitulation_long_A,LONG,1.0,2026-07-31T06:30:39.370272+00:00,2026-07-31T06:30:52.988239+00:00,-18.5,1.5,STOP,1785479439,1785479400,-18.5,2026-07-31,CLEAN-TREND,ON,15.140833333333337,0.4588710558028381
capitulation_long_B,LONG,1.0,2026-07-31T06:30:39.414788+00:00,2026-07-31T06:30:52.988239+00:00,-20.0,1.5,STOP,1785479439,1785479400,-20.0,2026-07-31,CLEAN-TREND,ON,15.140833333333337,0.4588710558028381
abs_veto_long_A,LONG,1.0,2026-07-31T13:32:01.196096+00:00,2026-07-31T13:33:07.847244+00:00,106.5,1.5,TARGET,1785504721,1785504600,106.5,2026-07-31,BUILDING,US,42.474583333333335,0.3438863378326445
abs_veto_long_B,LONG,1.0,2026-07-31T13:32:01.247804+00:00,2026-07-31T13:36:52.369100+00:00,94.0,1.5,MANUAL_CLAIM,1785504721,1785504600,94.0,2026-07-31,BUILDING,US,42.474583333333335,0.3438863378326445
abs_veto_long_A,LONG,1.0,2026-07-31T13:34:04.262445+00:00,2026-07-31T13:37:22.668773+00:00,-54.0,1.5,STOP,1785504844,1785504600,-54.0,2026-07-31,BUILDING,US,42.474583333333335,0.3438863378326445
grind_long_B,LONG,1.0,2026-07-31T13:38:23.298772+00:00,2026-07-31T13:38:49.531714+00:00,-69.5,1.5,STOP,1785505103,1785504600,-69.5,2026-07-31,BUILDING,US,42.474583333333335,0.3438863378326445
grind_long_A,LONG,1.0,2026-07-31T13:38:23.247404+00:00,2026-07-31T13:38:49.573756+00:00,-69.5,1.5,STOP,1785505103,1785504600,-69.5,2026-07-31,BUILDING,US,42.474583333333335,0.3438863378326445
grind_long_A,LONG,1.0,2026-07-31T13:38:50.491576+00:00,2026-07-31T13:39:52.300950+00:00,-72.0,1.5,STOP,1785505130,1785504600,-72.0,2026-07-31,BUILDING,US,42.474583333333335,0.3438863378326445
grind_long_B,LONG,1.0,2026-07-31T13:38:50.533712+00:00,2026-07-31T13:39:52.343699+00:00,-73.0,1.5,STOP,1785505130,1785504600,-73.0,2026-07-31,BUILDING,US,42.474583333333335,0.3438863378326445
exhaustion_short_A,SHORT,1.0,2026-07-31T13:52:56.657575+00:00,2026-07-31T13:53:13.872771+00:00,51.5,1.5,TARGET,1785505976,1785504600,51.5,2026-07-31,BUILDING,US,42.474583333333335,0.3438863378326445
exhaustion_short_B,SHORT,1.0,2026-07-31T13:52:56.710699+00:00,2026-07-31T13:57:12.276610+00:00,-123.5,1.5,STOP,1785505976,1785504600,-123.5,2026-07-31,BUILDING,US,42.474583333333335,0.3438863378326445
abs_veto_short_A,SHORT,1.0,2026-07-31T16:43:01.197779+00:00,2026-07-31T16:50:17.966783+00:00,-43.5,1.5,STOP,1785516181,1785515400,-43.5,2026-07-31,VIOLENT-WHIPSAW,US,20.9925,0.1911054217630962
abs_veto_short_B,SHORT,1.0,2026-07-31T16:43:01.251690+00:00,2026-07-31T16:50:18.009741+00:00,-43.0,1.5,STOP,1785516181,1785515400,-43.0,2026-07-31,VIOLENT-WHIPSAW,US,20.9925,0.1911054217630962
abs_veto_long_B,LONG,1.0,2026-07-31T16:52:00.958586+00:00,2026-07-31T16:55:00.789709+00:00,-42.0,1.5,STOP,1785516720,1785515400,-42.0,2026-07-31,VIOLENT-WHIPSAW,US,20.9925,0.1911054217630962
abs_veto_long_A,LONG,1.0,2026-07-31T16:52:00.925148+00:00,2026-07-31T16:55:21.611178+00:00,-40.0,1.5,STOP,1785516720,1785515400,-40.0,2026-07-31,VIOLENT-WHIPSAW,US,20.9925,0.1911054217630962
abs_veto_long_A,LONG,1.0,2026-07-31T17:03:00.777496+00:00,2026-07-31T17:07:04.136532+00:00,-45.5,1.5,STOP,1785517380,1785517200,-45.5,2026-07-31,VIOLENT-WHIPSAW,US,17.509583333333335,0.1982738347651391
abs_veto_long_B,LONG,1.0,2026-07-31T17:03:00.826784+00:00,2026-07-31T17:07:04.180420+00:00,-81.5,1.5,STOP,1785517380,1785517200,-81.5,2026-07-31,VIOLENT-WHIPSAW,US,17.509583333333335,0.1982738347651391
abs_veto_long_A,LONG,1.0,2026-07-31T17:17:00.863560+00:00,2026-07-31T17:24:31.944622+00:00,77.5,1.5,TARGET,1785518220,1785517200,77.5,2026-07-31,VIOLENT-WHIPSAW,US,17.509583333333335,0.1982738347651391
abs_veto_long_B,LONG,1.0,2026-07-31T17:17:00.917818+00:00,2026-07-31T17:25:40.684553+00:00,96.0,1.5,MANUAL_CLAIM,1785518220,1785517200,96.0,2026-07-31,VIOLENT-WHIPSAW,US,17.509583333333335,0.1982738347651391
abs_veto_long_A,LONG,1.0,2026-07-31T17:26:01.316707+00:00,2026-07-31T17:36:16.141485+00:00,55.0,1.5,MANUAL_CLAIM,1785518761,1785517200,55.0,2026-07-31,VIOLENT-WHIPSAW,US,17.509583333333335,0.1982738347651391
abs_veto_short_A,SHORT,1.0,2026-07-31T17:50:01.443547+00:00,2026-07-31T17:51:36.708289+00:00,-36.5,1.5,STOP,1785520201,1785519000,-36.5,2026-07-31,VIOLENT-WHIPSAW,US,17.049583333333334,0.2050260478566574
abs_veto_short_B,SHORT,1.0,2026-07-31T17:50:01.493814+00:00,2026-07-31T17:51:36.750686+00:00,-36.5,1.5,STOP,1785520201,1785519000,-36.5,2026-07-31,VIOLENT-WHIPSAW,US,17.049583333333334,0.2050260478566574
abs_veto_short_A,SHORT,1.0,2026-07-31T18:13:01.071024+00:00,2026-07-31T18:15:40.839774+00:00,-37.5,1.5,STOP,1785521581,1785520800,-37.5,2026-07-31,VIOLENT-WHIPSAW,US,17.263333333333332,0.1201634314285975
abs_veto_short_B,SHORT,1.0,2026-07-31T18:13:01.126755+00:00,2026-07-31T18:15:40.882702+00:00,-77.0,1.5,STOP,1785521581,1785520800,-77.0,2026-07-31,VIOLENT-WHIPSAW,US,17.263333333333332,0.1201634314285975
exhaustion_short_A,SHORT,1.0,2026-07-31T18:41:58.053088+00:00,2026-07-31T18:43:01.660516+00:00,-27.5,1.5,STOP,1785523318,1785522600,-27.5,2026-07-31,NORMAL-CHOP,US,13.483333333333333,0.0795870740813318
abs_veto_long_B,LONG,1.0,2026-08-02T22:02:02.061935+00:00,2026-08-02T22:58:34.884882+00:00,-93.5,1.5,STOP,1785708122,1785708000,-93.5,,NO-BLOCK,,,
abs_veto_long_A,LONG,1.0,2026-08-02T22:02:01.862002+00:00,2026-08-02T22:58:35.885146+00:00,-87.0,1.5,STOP,1785708121,1785708000,-87.0,,NO-BLOCK,,,
nipc_short_B,SHORT,1.0,2026-08-03T13:34:53.163666+00:00,2026-08-03T13:34:56.586796+00:00,-30.5,1.5,STOP,1785764093,1785763800,-30.5,2026-08-03,VIOLENT-WHIPSAW,US,42.48791666666667,0.1247675413930616
nipc_short_A,SHORT,1.0,2026-08-03T13:34:52.932987+00:00,2026-08-03T13:34:56.629787+00:00,-29.5,1.5,STOP,1785764092,1785763800,-29.5,2026-08-03,VIOLENT-WHIPSAW,US,42.48791666666667,0.1247675413930616
nipc_long_A,LONG,1.0,2026-08-03T13:38:15.589710+00:00,2026-08-03T13:38:35.015975+00:00,-59.5,1.5,STOP,1785764295,1785763800,-59.5,2026-08-03,VIOLENT-WHIPSAW,US,42.48791666666667,0.1247675413930616
nipc_long_B,LONG,1.0,2026-08-03T13:38:15.642710+00:00,2026-08-03T13:38:35.058754+00:00,-59.5,1.5,STOP,1785764295,1785763800,-59.5,2026-08-03,VIOLENT-WHIPSAW,US,42.48791666666667,0.1247675413930616
nipc_short_A,SHORT,1.0,2026-08-03T13:43:16.760899+00:00,2026-08-03T13:43:20.832016+00:00,-39.0,1.5,STOP,1785764596,1785763800,-39.0,2026-08-03,VIOLENT-WHIPSAW,US,42.48791666666667,0.1247675413930616
nipc_short_B,SHORT,1.0,2026-08-03T13:43:16.814802+00:00,2026-08-03T13:43:20.874797+00:00,-38.5,1.5,STOP,1785764596,1785763800,-38.5,2026-08-03,VIOLENT-WHIPSAW,US,42.48791666666667,0.1247675413930616
nipc_long_A,LONG,1.0,2026-08-03T13:45:52.606594+00:00,2026-08-03T13:45:59.663728+00:00,-47.0,1.5,STOP,1785764752,1785763800,-47.0,2026-08-03,VIOLENT-WHIPSAW,US,42.48791666666667,0.1247675413930616
nipc_long_B,LONG,1.0,2026-08-03T13:45:52.661789+00:00,2026-08-03T13:45:59.705756+00:00,-44.5,1.5,STOP,1785764752,1785763800,-44.5,2026-08-03,VIOLENT-WHIPSAW,US,42.48791666666667,0.1247675413930616
nipc_long_A,LONG,1.0,2026-08-03T13:49:10.808618+00:00,2026-08-03T13:49:16.774389+00:00,-43.5,1.5,STOP,1785764950,1785763800,-43.5,2026-08-03,VIOLENT-WHIPSAW,US,42.48791666666667,0.1247675413930616
nipc_long_B,LONG,1.0,2026-08-03T13:49:10.857748+00:00,2026-08-03T13:49:16.817735+00:00,-43.0,1.5,STOP,1785764950,1785763800,-43.0,2026-08-03,VIOLENT-WHIPSAW,US,42.48791666666667,0.1247675413930616
nipc_long_B,LONG,1.0,2026-08-03T14:00:32.560758+00:00,2026-08-03T14:00:38.478368+00:00,-34.5,1.5,STOP,1785765632,1785765600,-34.5,2026-08-03,VIOLENT-WHIPSAW,US,34.98166666666667,0.2401690603445648
nipc_long_A,LONG,1.0,2026-08-03T14:00:32.492331+00:00,2026-08-03T14:00:38.520752+00:00,-36.0,1.5,STOP,1785765632,1785765600,-36.0,2026-08-03,VIOLENT-WHIPSAW,US,34.98166666666667,0.2401690603445648
nipc_short_B,SHORT,1.0,2026-08-03T14:05:02.182696+00:00,2026-08-03T14:05:28.915572+00:00,-23.0,1.5,STOP,1785765902,1785765600,-23.0,2026-08-03,VIOLENT-WHIPSAW,US,34.98166666666667,0.2401690603445648
nipc_short_A,SHORT,1.0,2026-08-03T14:05:02.132306+00:00,2026-08-03T14:05:28.957767+00:00,-24.0,1.5,STOP,1785765902,1785765600,-24.0,2026-08-03,VIOLENT-WHIPSAW,US,34.98166666666667,0.2401690603445648
nipc_long_A,LONG,1.0,2026-08-03T14:10:15.905738+00:00,2026-08-03T14:11:46.341485+00:00,57.0,1.5,TARGET,1785766215,1785765600,57.0,2026-08-03,VIOLENT-WHIPSAW,US,34.98166666666667,0.2401690603445648
nipc_long_B,LONG,1.0,2026-08-03T14:10:15.948703+00:00,2026-08-03T14:12:20.496626+00:00,80.0,1.5,TARGET,1785766215,1785765600,80.0,2026-08-03,VIOLENT-WHIPSAW,US,34.98166666666667,0.2401690603445648
nipc_long_A,LONG,1.0,2026-08-03T14:17:31.090981+00:00,2026-08-03T14:21:41.357993+00:00,51.0,1.5,TARGET,1785766651,1785765600,51.0,2026-08-03,VIOLENT-WHIPSAW,US,34.98166666666667,0.2401690603445648
nipc_long_B,LONG,1.0,2026-08-03T14:17:31.139726+00:00,2026-08-03T14:21:57.414137+00:00,68.5,1.5,TARGET,1785766651,1785765600,68.5,2026-08-03,VIOLENT-WHIPSAW,US,34.98166666666667,0.2401690603445648
nipc_long_B,LONG,1.0,2026-08-03T14:27:01.881849+00:00,2026-08-03T14:27:18.248117+00:00,-16.5,1.5,STOP,1785767221,1785765600,-16.5,2026-08-03,VIOLENT-WHIPSAW,US,34.98166666666667,0.2401690603445648
nipc_long_A,LONG,1.0,2026-08-03T14:27:01.828789+00:00,2026-08-03T14:27:18.290728+00:00,-16.5,1.5,STOP,1785767221,1785765600,-16.5,2026-08-03,VIOLENT-WHIPSAW,US,34.98166666666667,0.2401690603445648
nipc_long_A,LONG,1.0,2026-08-03T14:30:56.898211+00:00,2026-08-03T14:35:43.950682+00:00,37.0,1.5,TARGET,1785767456,1785767400,37.0,2026-08-03,CLEAN-TREND,US,20.633750000000003,0.4508748199183801
nipc_long_B,LONG,1.0,2026-08-03T14:30:56.947701+00:00,2026-08-03T14:36:00.965670+00:00,50.5,1.5,TARGET,1785767456,1785767400,50.5,2026-08-03,CLEAN-TREND,US,20.633750000000003,0.4508748199183801
nipc_long_B,LONG,1.0,2026-08-03T14:39:07.823772+00:00,2026-08-03T14:42:22.526312+00:00,-20.5,1.5,STOP,1785767947,1785767400,-20.5,2026-08-03,CLEAN-TREND,US,20.633750000000003,0.4508748199183801
nipc_long_A,LONG,1.0,2026-08-03T14:39:07.773577+00:00,2026-08-03T14:42:23.086492+00:00,-20.0,1.5,STOP,1785767947,1785767400,-20.0,2026-08-03,CLEAN-TREND,US,20.633750000000003,0.4508748199183801
nipc_long_A,LONG,1.0,2026-08-03T14:47:12.613670+00:00,2026-08-03T14:47:34.438083+00:00,-21.0,1.5,STOP,1785768432,1785767400,-21.0,2026-08-03,CLEAN-TREND,US,20.633750000000003,0.4508748199183801
nipc_long_B,LONG,1.0,2026-08-03T14:47:12.664789+00:00,2026-08-03T14:47:34.481766+00:00,-21.0,1.5,STOP,1785768432,1785767400,-21.0,2026-08-03,CLEAN-TREND,US,20.633750000000003,0.4508748199183801
nipc_long_A,LONG,1.0,2026-08-03T14:50:10.325713+00:00,2026-08-03T14:51:25.610692+00:00,31.0,1.5,TARGET,1785768610,1785767400,31.0,2026-08-03,CLEAN-TREND,US,20.633750000000003,0.4508748199183801
nipc_long_B,LONG,1.0,2026-08-03T14:50:10.378809+00:00,2026-08-03T14:51:38.674106+00:00,47.0,1.5,TARGET,1785768610,1785767400,47.0,2026-08-03,CLEAN-TREND,US,20.633750000000003,0.4508748199183801
nipc_long_B,LONG,1.0,2026-08-03T14:53:55.380709+00:00,2026-08-03T14:54:34.547321+00:00,-17.5,1.5,STOP,1785768835,1785767400,-17.5,2026-08-03,CLEAN-TREND,US,20.633750000000003,0.4508748199183801
nipc_long_A,LONG,1.0,2026-08-03T14:53:55.329712+00:00,2026-08-03T14:54:34.589685+00:00,-17.0,1.5,STOP,1785768835,1785767400,-17.0,2026-08-03,CLEAN-TREND,US,20.633750000000003,0.4508748199183801
abs_veto_long_A,LONG,1.0,2026-08-04T07:28:01.659433+00:00,2026-08-04T07:36:15.852516+00:00,-30.0,1.5,STOP,1785828481,1785826800,-30.0,2026-08-04,NORMAL-CHOP,ON,11.472083333333334,0.1138847027279503
abs_veto_long_B,LONG,1.0,2026-08-04T07:28:01.888986+00:00,2026-08-04T07:36:15.852516+00:00,-30.0,1.5,STOP,1785828481,1785826800,-30.0,2026-08-04,NORMAL-CHOP,ON,11.472083333333334,0.1138847027279503
abs_veto_long_A,LONG,1.0,2026-08-04T10:46:00.963673+00:00,2026-08-04T10:50:47.911168+00:00,-33.0,1.5,STOP,1785840360,1785839400,-33.0,2026-08-04,NORMAL-CHOP,ON,12.218333333333334,0.1224028203159793
abs_veto_long_B,LONG,1.0,2026-08-04T10:46:01.006786+00:00,2026-08-04T10:50:47.911168+00:00,-32.5,1.5,STOP,1785840361,1785839400,-32.5,2026-08-04,NORMAL-CHOP,ON,12.218333333333334,0.1224028203159793
abs_veto_long_A,LONG,1.0,2026-08-04T11:45:00.768763+00:00,2026-08-04T11:45:23.457572+00:00,-23.5,1.5,STOP,1785843900,1785843000,-23.5,2026-08-04,BUILDING,ON,12.375416666666666,0.3070398207802963
abs_veto_long_B,LONG,1.0,2026-08-04T11:45:00.813790+00:00,2026-08-04T11:45:23.457572+00:00,-24.5,1.5,STOP,1785843900,1785843000,-24.5,2026-08-04,BUILDING,ON,12.375416666666666,0.3070398207802963
abs_veto_long_A,LONG,1.0,2026-08-04T13:32:01.632815+00:00,2026-08-04T13:33:31.315530+00:00,61.0,1.5,TARGET,1785850321,1785850200,61.0,2026-08-04,CLEAN-TREND,US,30.5575,0.4520134315221839
abs_veto_long_B,LONG,1.0,2026-08-04T13:32:01.688720+00:00,2026-08-04T13:33:51.420529+00:00,76.5,1.5,TARGET,1785850321,1785850200,76.5,2026-08-04,CLEAN-TREND,US,30.5575,0.4520134315221839
abs_veto_long_B,LONG,1.0,2026-08-04T14:07:00.936749+00:00,2026-08-04T14:12:54.895835+00:00,50.5,1.5,MANUAL_CLAIM,1785852420,1785852000,50.5,2026-08-04,NORMAL-CHOP,US,25.28708333333333,0.2525589197176557
abs_veto_long_A,LONG,1.0,2026-08-04T14:07:00.894013+00:00,2026-08-04T14:13:05.504475+00:00,59.5,1.5,TARGET,1785852420,1785852000,59.5,2026-08-04,NORMAL-CHOP,US,25.28708333333333,0.2525589197176557
abs_veto_long_A,LONG,1.0,2026-08-04T15:03:01.159730+00:00,2026-08-04T15:11:59.966471+00:00,38.5,1.5,TARGET,1785855781,1785855600,38.5,2026-08-04,BUILDING,US,14.239166666666668,0.3581144919622245
abs_veto_long_B,LONG,1.0,2026-08-04T15:03:01.173539+00:00,2026-08-04T15:12:30.079020+00:00,56.0,1.5,TARGET,1785855781,1785855600,56.0,2026-08-04,BUILDING,US,14.239166666666668,0.3581144919622245
abs_veto_long_A,LONG,1.0,2026-08-04T15:14:01.484210+00:00,2026-08-04T15:21:06.900736+00:00,37.5,1.5,TARGET,1785856441,1785855600,37.5,2026-08-04,BUILDING,US,14.239166666666668,0.3581144919622245
abs_veto_long_B,LONG,1.0,2026-08-04T15:14:01.537762+00:00,2026-08-04T15:22:04.047139+00:00,60.5,1.5,TARGET,1785856441,1785855600,60.5,2026-08-04,BUILDING,US,14.239166666666668,0.3581144919622245
abs_veto_long_A,LONG,1.0,2026-08-04T15:40:01.796012+00:00,2026-08-04T15:47:12.086021+00:00,35.0,1.5,TARGET,1785858001,1785857400,35.0,2026-08-04,BUILDING,US,12.7425,0.3263462846107534
abs_veto_long_B,LONG,1.0,2026-08-04T15:40:01.844738+00:00,2026-08-04T15:48:45.464500+00:00,29.0,1.5,MANUAL_CLAIM,1785858001,1785857400,29.0,2026-08-04,BUILDING,US,12.7425,0.3263462846107534
capitulation_long_A,LONG,1.0,2026-08-05T00:00:06.811360+00:00,2026-08-05T00:00:34.132180+00:00,-36.0,1.5,STOP,1785888006,1785888000,-36.0,2026-08-05,NORMAL-CHOP,ON,14.902916666666666,0.0739601203656116
capitulation_long_B,LONG,1.0,2026-08-05T00:00:06.870821+00:00,2026-08-05T00:00:34.132180+00:00,-34.5,1.5,STOP,1785888006,1785888000,-34.5,2026-08-05,NORMAL-CHOP,ON,14.902916666666666,0.0739601203656116
abs_veto_long_B,LONG,1.0,2026-08-05T12:29:01.272895+00:00,2026-08-05T12:31:14.934879+00:00,-33.0,1.5,STOP,1785932941,1785931200,-33.0,2026-08-05,NORMAL-CHOP,ON,12.277916666666666,0.0864329751679967
abs_veto_long_A,LONG,1.0,2026-08-05T12:29:01.071452+00:00,2026-08-05T12:31:20.886340+00:00,-36.0,1.5,STOP,1785932941,1785931200,-36.0,2026-08-05,NORMAL-CHOP,ON,12.277916666666666,0.0864329751679967
nipc_short_A,SHORT,1.0,2026-08-05T13:17:24.567774+00:00,2026-08-05T13:19:21.321924+00:00,-15.0,1.5,STOP,1785935844,1785934800,-15.0,2026-08-05,DEAD-CHOP,ON,9.990416666666668,0.1085260316330138
nipc_short_B,SHORT,1.0,2026-08-05T13:17:24.619705+00:00,2026-08-05T13:19:21.321924+00:00,-15.5,1.5,STOP,1785935844,1785934800,-15.5,2026-08-05,DEAD-CHOP,ON,9.990416666666668,0.1085260316330138
nipc_long_A,LONG,1.0,2026-08-05T13:31:11.061007+00:00,2026-08-05T13:31:14.641833+00:00,-25.5,1.5,STOP,1785936671,1785936600,-25.5,2026-08-05,VIOLENT-WHIPSAW,US,35.812916666666666,0.1916325846547573
grind_long_A,LONG,1.0,2026-08-05T13:33:24.232823+00:00,2026-08-05T13:33:30.559290+00:00,-44.0,1.5,STOP,1785936804,1785936600,-44.0,2026-08-05,VIOLENT-WHIPSAW,US,35.812916666666666,0.1916325846547573
grind_long_B,LONG,1.0,2026-08-05T13:33:24.288768+00:00,2026-08-05T13:33:30.601684+00:00,-44.0,1.5,STOP,1785936804,1785936600,-44.0,2026-08-05,VIOLENT-WHIPSAW,US,35.812916666666666,0.1916325846547573
grind_long_A,LONG,1.0,2026-08-05T13:33:51.528305+00:00,2026-08-05T13:35:53.519414+00:00,44.5,1.5,TARGET,1785936831,1785936600,44.5,2026-08-05,VIOLENT-WHIPSAW,US,35.812916666666666,0.1916325846547573
nipc_long_A,LONG,1.0,2026-08-05T13:34:32.860324+00:00,2026-08-05T13:35:53.534288+00:00,47.5,1.5,TARGET,1785936872,1785936600,47.5,2026-08-05,VIOLENT-WHIPSAW,US,35.812916666666666,0.1916325846547573
nipc_long_B,LONG,1.0,2026-08-05T13:34:32.914704+00:00,2026-08-05T13:36:11.305405+00:00,-21.0,1.5,STOP,1785936872,1785936600,-21.0,2026-08-05,VIOLENT-WHIPSAW,US,35.812916666666666,0.1916325846547573
grind_long_B,LONG,1.0,2026-08-05T13:33:51.531204+00:00,2026-08-05T13:36:21.235748+00:00,-36.5,1.5,STOP,1785936831,1785936600,-36.5,2026-08-05,VIOLENT-WHIPSAW,US,35.812916666666666,0.1916325846547573
grind_long_A,LONG,1.0,2026-08-05T13:36:05.614242+00:00,2026-08-05T13:36:21.803678+00:00,-49.0,1.5,STOP,1785936965,1785936600,-49.0,2026-08-05,VIOLENT-WHIPSAW,US,35.812916666666666,0.1916325846547573
grind_long_B,LONG,1.0,2026-08-05T13:36:21.739342+00:00,2026-08-05T13:36:24.845853+00:00,-43.0,1.5,STOP,1785936981,1785936600,-43.0,2026-08-05,VIOLENT-WHIPSAW,US,35.812916666666666,0.1916325846547573
nipc_long_A,LONG,1.0,2026-08-05T13:39:41.678472+00:00,2026-08-05T13:39:53.784094+00:00,57.5,1.5,TARGET,1785937181,1785936600,57.5,2026-08-05,VIOLENT-WHIPSAW,US,35.812916666666666,0.1916325846547573
nipc_long_B,LONG,1.0,2026-08-05T13:39:41.729752+00:00,2026-08-05T13:39:53.852196+00:00,60.0,1.5,TARGET,1785937181,1785936600,60.0,2026-08-05,VIOLENT-WHIPSAW,US,35.812916666666666,0.1916325846547573
nipc_long_B,LONG,1.0,2026-08-05T13:45:37.518715+00:00,2026-08-05T13:46:01.898313+00:00,-30.0,1.5,STOP,1785937537,1785936600,-30.0,2026-08-05,VIOLENT-WHIPSAW,US,35.812916666666666,0.1916325846547573
nipc_long_A,LONG,1.0,2026-08-05T13:45:37.459959+00:00,2026-08-05T13:46:01.940705+00:00,-31.0,1.5,STOP,1785937537,1785936600,-31.0,2026-08-05,VIOLENT-WHIPSAW,US,35.812916666666666,0.1916325846547573
nipc_short_B,SHORT,1.0,2026-08-05T13:50:30.444711+00:00,2026-08-05T13:51:23.807544+00:00,-29.0,1.5,STOP,1785937830,1785936600,-29.0,2026-08-05,VIOLENT-WHIPSAW,US,35.812916666666666,0.1916325846547573
nipc_short_A,SHORT,1.0,2026-08-05T13:50:30.390427+00:00,2026-08-05T13:51:23.849691+00:00,-29.0,1.5,STOP,1785937830,1785936600,-29.0,2026-08-05,VIOLENT-WHIPSAW,US,35.812916666666666,0.1916325846547573
nipc_long_A,LONG,1.0,2026-08-05T14:06:18.231333+00:00,2026-08-05T14:06:42.907509+00:00,-30.0,1.5,STOP,1785938778,1785938400,-30.0,2026-08-05,VIOLENT-WHIPSAW,US,38.77625,0.0982970121642769
nipc_long_B,LONG,1.0,2026-08-05T14:06:18.286703+00:00,2026-08-05T14:06:42.949706+00:00,-29.5,1.5,STOP,1785938778,1785938400,-29.5,2026-08-05,VIOLENT-WHIPSAW,US,38.77625,0.0982970121642769
abs_veto_short_A,SHORT,1.0,2026-08-05T14:22:01.719434+00:00,2026-08-05T14:25:32.680544+00:00,-66.0,1.5,STOP,1785939721,1785938400,-66.0,2026-08-05,VIOLENT-WHIPSAW,US,38.77625,0.0982970121642769
abs_veto_short_B,SHORT,1.0,2026-08-05T14:22:01.770781+00:00,2026-08-05T14:25:32.722703+00:00,-66.0,1.5,STOP,1785939721,1785938400,-66.0,2026-08-05,VIOLENT-WHIPSAW,US,38.77625,0.0982970121642769
abs_veto_short_B,SHORT,1.0,2026-08-05T14:32:01.901241+00:00,2026-08-05T14:33:14.921322+00:00,-71.0,1.5,STOP,1785940321,1785940200,-71.0,2026-08-05,VIOLENT-WHIPSAW,US,35.38708333333333,0.235810559513958
abs_veto_short_A,SHORT,1.0,2026-08-05T14:32:01.824696+00:00,2026-08-05T14:33:14.963688+00:00,-71.0,1.5,STOP,1785940321,1785940200,-71.0,2026-08-05,VIOLENT-WHIPSAW,US,35.38708333333333,0.235810559513958
exhaustion_short_B,SHORT,1.0,2026-08-05T14:31:48.774729+00:00,2026-08-05T14:33:35.681422+00:00,-70.5,1.5,STOP,1785940308,1785940200,-70.5,2026-08-05,VIOLENT-WHIPSAW,US,35.38708333333333,0.235810559513958
exhaustion_short_A,SHORT,1.0,2026-08-05T14:31:48.725286+00:00,2026-08-05T14:33:35.723721+00:00,-70.5,1.5,STOP,1785940308,1785940200,-70.5,2026-08-05,VIOLENT-WHIPSAW,US,35.38708333333333,0.235810559513958
abs_veto_long_A,LONG,1.0,2026-08-06T07:08:01.491036+00:00,2026-08-06T07:17:22.208632+00:00,23.5,1.5,TARGET,1786000081,1785999600,23.5,2026-08-06,NORMAL-CHOP,ON,10.719166666666666,0.2481497981097354
abs_veto_long_B,LONG,1.0,2026-08-06T07:08:01.721262+00:00,2026-08-06T07:19:03.293977+00:00,32.5,1.5,TARGET,1786000081,1785999600,32.5,2026-08-06,NORMAL-CHOP,ON,10.719166666666666,0.2481497981097354
day_rider_crossdesk,SHORT,1.0,2026-08-06T07:08:21+00:00,2026-08-06T07:18:21+00:00,-42.5,1.5,CROSS_DESK_FLATTEN,1786000101,1785999600,-42.5,2026-08-06,NORMAL-CHOP,ON,10.719166666666666,0.2481497981097354
day_rider_crossdesk,SHORT,1.0,2026-08-06T07:08:21+00:00,2026-08-06T07:19:21+00:00,-53.0,1.5,CROSS_DESK_FLATTEN,1786000101,1785999600,-53.0,2026-08-06,NORMAL-CHOP,ON,10.719166666666666,0.2481497981097354
nipc_short_B,SHORT,1.0,2026-08-06T13:04:34.427824+00:00,2026-08-06T13:04:38.035557+00:00,-18.5,1.5,STOP,1786021474,1786021200,-18.5,2026-08-06,BUILDING,ON,13.353333333333332,0.3484151629834163
nipc_short_A,SHORT,1.0,2026-08-06T13:04:34.372218+00:00,2026-08-06T13:05:59.545500+00:00,28.5,1.5,TARGET,1786021474,1786021200,28.5,2026-08-06,BUILDING,ON,13.353333333333332,0.3484151629834163
nipc_short_A,SHORT,1.0,2026-08-06T13:08:22.840724+00:00,2026-08-06T13:08:38.689300+00:00,-19.5,1.5,STOP,1786021702,1786021200,-19.5,2026-08-06,BUILDING,ON,13.353333333333332,0.3484151629834163
nipc_short_B,SHORT,1.0,2026-08-06T13:08:22.892758+00:00,2026-08-06T13:08:39.490879+00:00,-20.0,1.5,STOP,1786021702,1786021200,-20.0,2026-08-06,BUILDING,ON,13.353333333333332,0.3484151629834163
abs_veto_short_A,SHORT,1.0,2026-08-06T13:33:01.530014+00:00,2026-08-06T13:33:45.562965+00:00,-45.5,1.5,STOP,1786023181,1786023000,-45.5,2026-08-06,NORMAL-CHOP,US,34.46,0.2554021284662384
abs_veto_short_B,SHORT,1.0,2026-08-06T13:33:01.581688+00:00,2026-08-06T13:33:45.604715+00:00,-84.0,1.5,STOP,1786023181,1786023000,-84.0,2026-08-06,NORMAL-CHOP,US,34.46,0.2554021284662384
nipc_short_A,SHORT,1.0,2026-08-06T13:47:28.807758+00:00,2026-08-06T13:48:04.248114+00:00,-17.5,1.5,STOP,1786024048,1786023000,-17.5,2026-08-06,NORMAL-CHOP,US,34.46,0.2554021284662384
nipc_short_B,SHORT,1.0,2026-08-06T13:47:28.865783+00:00,2026-08-06T13:48:04.290726+00:00,-17.0,1.5,STOP,1786024048,1786023000,-17.0,2026-08-06,NORMAL-CHOP,US,34.46,0.2554021284662384
abs_veto_long_A,LONG,1.0,2026-08-06T22:15:01.171740+00:00,2026-08-06T22:22:45.538681+00:00,-35.5,1.5,STOP,1786054501,1786053600,-35.5,2026-08-06,CLEAN-TREND,ON,9.871666666666666,0.4782746147632641
abs_veto_long_B,LONG,1.0,2026-08-06T22:15:01.224772+00:00,2026-08-06T22:22:45.538681+00:00,-36.5,1.5,STOP,1786054501,1786053600,-36.5,2026-08-06,CLEAN-TREND,ON,9.871666666666666,0.4782746147632641
capitulation_long_A,LONG,1.0,2026-08-07T12:30:02.828734+00:00,2026-08-07T12:30:08.697535+00:00,98.5,1.5,TARGET,1786105802,1786105800,98.5,2026-08-07,CLEAN-TREND,ON,23.4025,0.5945546093666857
capitulation_long_B,LONG,1.0,2026-08-07T12:29:58.206778+00:00,2026-08-07T12:30:08.751857+00:00,108.5,1.5,TARGET,1786105798,1786104000,108.5,2026-08-07,NORMAL-CHOP,ON,10.89375,0.0836197556575141
abs_veto_short_A,SHORT,1.0,2026-08-07T13:29:01.155129+00:00,2026-08-07T13:30:00.177275+00:00,-59.5,1.5,STOP,1786109341,1786107600,-59.5,2026-08-07,BUILDING,ON,16.13125,0.3244584948223609
abs_veto_short_B,SHORT,1.0,2026-08-07T13:29:01.212805+00:00,2026-08-07T13:30:01.057684+00:00,-60.5,1.5,STOP,1786109341,1786107600,-60.5,2026-08-07,BUILDING,ON,16.13125,0.3244584948223609
abs_veto_short_B,LONG,1.0,2026-08-07T13:30:02.074382+00:00,2026-08-07T13:30:06.414973+00:00,-35.5,1.5,STOP,1786109402,1786109400,-35.5,2026-08-07,VIOLENT-WHIPSAW,US,37.80708333333334,0.0795926598474462
exhaustion_short_A,SHORT,1.0,2026-08-07T13:30:48.800885+00:00,2026-08-07T13:31:01.634773+00:00,-47.0,1.5,STOP,1786109448,1786109400,-47.0,2026-08-07,VIOLENT-WHIPSAW,US,37.80708333333334,0.0795926598474462
exhaustion_short_B,SHORT,1.0,2026-08-07T13:30:48.854674+00:00,2026-08-07T13:31:01.634773+00:00,-78.0,1.5,STOP,1786109448,1786109400,-78.0,2026-08-07,VIOLENT-WHIPSAW,US,37.80708333333334,0.0795926598474462
exhaustion_short_A,SHORT,1.0,2026-08-07T14:48:15.941117+00:00,2026-08-07T14:51:52.867781+00:00,54.0,1.5,TARGET,1786114095,1786113000,54.0,2026-08-07,VIOLENT-WHIPSAW,US,32.283750000000005,0.1087259106813864
exhaustion_short_B,SHORT,1.0,2026-08-07T14:48:15.956335+00:00,2026-08-07T14:52:31.125964+00:00,50.0,1.5,CHANDELIER,1786114095,1786113000,50.0,2026-08-07,VIOLENT-WHIPSAW,US,32.283750000000005,0.1087259106813864
abs_veto_long_A,LONG,1.0,2026-08-07T15:28:00.765344+00:00,2026-08-07T15:30:10.210980+00:00,37.0,1.5,TARGET,1786116480,1786114800,37.0,2026-08-07,VIOLENT-WHIPSAW,US,21.84125,0.2236353307595434
abs_veto_long_B,LONG,1.0,2026-08-07T15:28:00.808874+00:00,2026-08-07T15:32:59.851682+00:00,57.5,1.5,TARGET,1786116480,1786114800,57.5,2026-08-07,VIOLENT-WHIPSAW,US,21.84125,0.2236353307595434
capitulation_long_B,LONG,1.0,2026-08-07T16:19:26.849730+00:00,2026-08-07T16:19:46.983741+00:00,-26.5,1.5,STOP,1786119566,1786118400,-26.5,2026-08-07,VIOLENT-WHIPSAW,US,15.104583333333332,0.1744796412901865
capitulation_long_A,LONG,1.0,2026-08-07T16:19:26.795129+00:00,2026-08-07T16:19:47.058899+00:00,-25.5,1.5,STOP,1786119566,1786118400,-25.5,2026-08-07,VIOLENT-WHIPSAW,US,15.104583333333332,0.1744796412901865
abs_veto_long_A,LONG,1.0,2026-08-07T19:03:01.635235+00:00,2026-08-07T19:06:07.070327+00:00,39.0,1.5,TARGET,1786129381,1786129200,39.0,2026-08-07,BUILDING,US,13.325416666666666,0.4103305837691554
abs_veto_long_B,LONG,1.0,2026-08-07T19:03:01.648537+00:00,2026-08-07T19:06:53.245505+00:00,62.0,1.5,TARGET,1786129381,1786129200,62.0,2026-08-07,BUILDING,US,13.325416666666666,0.4103305837691554
abs_veto_long_B,LONG,1.0,2026-08-07T19:12:01.173774+00:00,2026-08-07T19:30:15.422399+00:00,-36.0,1.5,STOP,1786129921,1786129200,-36.0,2026-08-07,BUILDING,US,13.325416666666666,0.4103305837691554
abs_veto_long_A,LONG,1.0,2026-08-07T19:12:01.129551+00:00,2026-08-07T19:30:15.464747+00:00,-36.0,1.5,STOP,1786129921,1786129200,-36.0,2026-08-07,BUILDING,US,13.325416666666666,0.4103305837691554
abs_veto_long_A,LONG,1.0,2026-08-07T19:52:01.167895+00:00,2026-08-07T19:53:43.452145+00:00,38.0,1.5,TARGET,1786132321,1786131000,38.0,2026-08-07,NORMAL-CHOP,US,12.781666666666666,0.1044724426882102
abs_veto_long_B,LONG,1.0,2026-08-07T19:52:01.221827+00:00,2026-08-07T19:55:02.708008+00:00,64.5,1.5,TARGET,1786132321,1786131000,64.5,2026-08-07,NORMAL-CHOP,US,12.781666666666666,0.1044724426882102
abs_veto_long_A,LONG,1.0,2026-08-07T19:56:00.973018+00:00,2026-08-07T19:57:15.187329+00:00,37.5,1.5,TARGET,1786132560,1786131000,37.5,2026-08-07,NORMAL-CHOP,US,12.781666666666666,0.1044724426882102
abs_veto_long_B,LONG,1.0,2026-08-07T19:56:01.025822+00:00,2026-08-07T19:58:11.388065+00:00,57.0,1.5,TARGET,1786132561,1786131000,57.0,2026-08-07,NORMAL-CHOP,US,12.781666666666666,0.1044724426882102
abs_veto_short_B,SHORT,1.0,2026-08-10T12:15:01.859690+00:00,2026-08-10T12:18:02.811369+00:00,15.5,1.5,MANUAL_CLAIM,1786364101,1786363200,15.5,2026-08-10,NORMAL-CHOP,ON,11.322916666666666,0.1937993746710473
abs_veto_short_A,SHORT,1.0,2026-08-10T12:15:01.670778+00:00,2026-08-10T12:18:13.368323+00:00,18.5,1.5,MANUAL_CLAIM,1786364101,1786363200,18.5,2026-08-10,NORMAL-CHOP,ON,11.322916666666666,0.1937993746710473
exhaustion_short_A,SHORT,1.0,2026-08-10T13:37:32.661655+00:00,2026-08-10T13:40:17.772705+00:00,38.0,1.5,TARGET,1786369052,1786368600,38.0,2026-08-10,VIOLENT-WHIPSAW,US,28.71625,0.0884601844584689
exhaustion_short_B,SHORT,1.0,2026-08-10T13:37:32.676550+00:00,2026-08-10T13:41:48.386705+00:00,44.5,1.5,CHANDELIER,1786369052,1786368600,44.5,2026-08-10,VIOLENT-WHIPSAW,US,28.71625,0.0884601844584689
exhaustion_short_A,SHORT,1.0,2026-08-10T13:45:39.803194+00:00,2026-08-10T13:50:38.237844+00:00,-72.5,1.5,STOP,1786369539,1786368600,-72.5,2026-08-10,VIOLENT-WHIPSAW,US,28.71625,0.0884601844584689
exhaustion_short_B,SHORT,1.0,2026-08-10T13:45:39.855755+00:00,2026-08-10T13:50:38.280691+00:00,-72.5,1.5,STOP,1786369539,1786368600,-72.5,2026-08-10,VIOLENT-WHIPSAW,US,28.71625,0.0884601844584689
abs_veto_short_A,SHORT,1.0,2026-08-10T14:54:01.201884+00:00,2026-08-10T14:55:21.743914+00:00,34.0,1.5,TARGET,1786373641,1786372200,34.0,2026-08-10,VIOLENT-WHIPSAW,US,20.646666666666665,0.1158442144119277
exhaustion_short_B,SHORT,1.0,2026-08-10T14:55:54.928779+00:00,2026-08-10T14:56:48.964790+00:00,-37.5,1.5,STOP,1786373754,1786372200,-37.5,2026-08-10,VIOLENT-WHIPSAW,US,20.646666666666665,0.1158442144119277
exhaustion_short_A,SHORT,1.0,2026-08-10T14:55:54.879394+00:00,2026-08-10T14:56:49.006715+00:00,-37.5,1.5,STOP,1786373754,1786372200,-37.5,2026-08-10,VIOLENT-WHIPSAW,US,20.646666666666665,0.1158442144119277
abs_veto_short_B,SHORT,1.0,2026-08-10T14:54:01.258713+00:00,2026-08-10T15:00:16.033643+00:00,62.5,1.5,TARGET,1786373641,1786372200,62.5,2026-08-10,VIOLENT-WHIPSAW,US,20.646666666666665,0.1158442144119277
abs_veto_short_B,SHORT,1.0,2026-08-10T15:14:01.391784+00:00,2026-08-10T15:15:43.473055+00:00,-45.5,1.5,STOP,1786374841,1786374000,-45.5,2026-08-10,VIOLENT-WHIPSAW,US,20.35625,0.2085136965835362
abs_veto_short_A,SHORT,1.0,2026-08-10T15:14:01.340100+00:00,2026-08-10T15:15:43.515760+00:00,-45.5,1.5,STOP,1786374841,1786374000,-45.5,2026-08-10,VIOLENT-WHIPSAW,US,20.35625,0.2085136965835362
abs_veto_long_A,LONG,1.0,2026-08-10T15:56:01.213284+00:00,2026-08-10T16:08:45.196592+00:00,-27.0,1.5,STOP,1786377361,1786375800,-27.0,2026-08-10,VIOLENT-WHIPSAW,US,15.715833333333334,0.1494006079433315
abs_veto_long_B,LONG,1.0,2026-08-10T15:56:01.266685+00:00,2026-08-10T16:08:45.238765+00:00,-27.0,1.5,STOP,1786377361,1786375800,-27.0,2026-08-10,VIOLENT-WHIPSAW,US,15.715833333333334,0.1494006079433315
exhaustion_short_B,SHORT,1.0,2026-08-10T17:58:40.010826+00:00,2026-08-10T18:42:58.741954+00:00,-21.0,1.5,STOP,1786384720,1786383000,-21.0,2026-08-10,NORMAL-CHOP,US,8.608749999999999,0.2897760979222949
exhaustion_short_A,SHORT,1.0,2026-08-10T17:58:39.956020+00:00,2026-08-10T18:42:58.784764+00:00,-21.0,1.5,STOP,1786384719,1786383000,-21.0,2026-08-10,NORMAL-CHOP,US,8.608749999999999,0.2897760979222949
exhaustion_short_A,SHORT,1.0,2026-08-10T19:54:04.321330+00:00,2026-08-10T19:55:00.543964+00:00,-24.0,1.5,STOP,1786391644,1786390200,-24.0,2026-08-10,DEAD-CHOP,US,9.237916666666669,0.1451567061948539
exhaustion_short_B,SHORT,1.0,2026-08-10T19:54:04.375733+00:00,2026-08-10T19:55:00.616715+00:00,-26.5,1.5,STOP,1786391644,1786390200,-26.5,2026-08-10,DEAD-CHOP,US,9.237916666666669,0.1451567061948539
abs_veto_long_A,LONG,1.0,2026-08-11T09:17:01.118742+00:00,2026-08-11T09:31:04.127385+00:00,40.0,1.5,TARGET,1786439821,1786438800,40.0,2026-08-11,DEAD-CHOP,ON,9.935833333333331,0.0663439780166161
abs_veto_long_B,LONG,1.0,2026-08-11T09:17:01.342629+00:00,2026-08-11T09:40:50.926459+00:00,58.0,1.5,TARGET,1786439821,1786438800,58.0,2026-08-11,DEAD-CHOP,ON,9.935833333333331,0.0663439780166161
abs_veto_short_A,SHORT,1.0,2026-08-11T13:32:01.910743+00:00,2026-08-11T13:32:31.220106+00:00,32.0,1.5,TARGET,1786455121,1786455000,32.0,2026-08-11,BUILDING,US,27.737916666666667,0.3978727299487303
abs_veto_short_A,SHORT,1.0,2026-08-11T13:33:27.622269+00:00,2026-08-11T13:33:56.863513+00:00,39.0,1.5,TARGET,1786455207,1786455000,39.0,2026-08-11,BUILDING,US,27.737916666666667,0.3978727299487303
exhaustion_short_A,SHORT,1.0,2026-08-11T13:33:32.656816+00:00,2026-08-11T13:33:58.832731+00:00,42.5,1.5,TARGET,1786455212,1786455000,42.5,2026-08-11,BUILDING,US,27.737916666666667,0.3978727299487303
abs_veto_short_B,SHORT,1.0,2026-08-11T13:32:01.968773+00:00,2026-08-11T13:33:58.901467+00:00,60.5,1.5,TARGET,1786455121,1786455000,60.5,2026-08-11,BUILDING,US,27.737916666666667,0.3978727299487303
exhaustion_short_B,SHORT,1.0,2026-08-11T13:33:32.734790+00:00,2026-08-11T13:35:21.438341+00:00,65.5,1.5,TARGET,1786455212,1786455000,65.5,2026-08-11,BUILDING,US,27.737916666666667,0.3978727299487303
exhaustion_short_A,SHORT,1.0,2026-08-11T13:37:53.771877+00:00,2026-08-11T13:38:16.971629+00:00,40.0,1.5,TARGET,1786455473,1786455000,40.0,2026-08-11,BUILDING,US,27.737916666666667,0.3978727299487303
exhaustion_short_B,SHORT,1.0,2026-08-11T13:37:53.825718+00:00,2026-08-11T13:38:42.179903+00:00,43.0,1.5,CHANDELIER,1786455473,1786455000,43.0,2026-08-11,BUILDING,US,27.737916666666667,0.3978727299487303
exhaustion_short_B,SHORT,1.0,2026-08-11T14:01:26.509759+00:00,2026-08-11T14:06:02.583652+00:00,-61.0,1.5,STOP,1786456886,1786456800,-61.0,2026-08-11,VIOLENT-WHIPSAW,US,23.36625,0.1917966531050104
exhaustion_short_A,SHORT,1.0,2026-08-11T14:01:26.458107+00:00,2026-08-11T14:06:02.625759+00:00,-61.0,1.5,STOP,1786456886,1786456800,-61.0,2026-08-11,VIOLENT-WHIPSAW,US,23.36625,0.1917966531050104
abs_veto_short_A,SHORT,1.0,2026-08-11T15:07:01.126128+00:00,2026-08-11T15:08:30.570608+00:00,42.0,1.5,TARGET,1786460821,1786460400,42.0,2026-08-11,VIOLENT-WHIPSAW,US,15.415833333333332,0.2184544332662434
abs_veto_short_B,SHORT,1.0,2026-08-11T15:07:01.177705+00:00,2026-08-11T15:09:44.979622+00:00,61.5,1.5,TARGET,1786460821,1786460400,61.5,2026-08-11,VIOLENT-WHIPSAW,US,15.415833333333332,0.2184544332662434
abs_veto_short_A,SHORT,1.0,2026-08-11T15:10:01.025193+00:00,2026-08-11T15:12:42.409826+00:00,-30.5,1.5,STOP,1786461001,1786460400,-30.5,2026-08-11,VIOLENT-WHIPSAW,US,15.415833333333332,0.2184544332662434
day_rider,SHORT,2.0,2026-08-11T13:39:21+00:00,2026-08-11T16:50:23+00:00,189.0,3.0,MANUAL_CLAIM,1786455561,1786455000,189.0,2026-08-11,BUILDING,US,27.737916666666667,0.3978727299487303
capitulation_long_A,LONG,1.0,2026-08-12T13:31:03.129531+00:00,2026-08-12T13:31:06.198922+00:00,-23.5,1.5,STOP,1786541463,1786541400,-23.5,2026-08-12,VIOLENT-WHIPSAW,US,27.31833333333333,0.1176414477336207
capitulation_long_B,LONG,1.0,2026-08-12T13:31:03.478740+00:00,2026-08-12T13:31:07.142743+00:00,-24.5,1.5,STOP,1786541463,1786541400,-24.5,2026-08-12,VIOLENT-WHIPSAW,US,27.31833333333333,0.1176414477336207
exhaustion_short_A,SHORT,1.0,2026-08-12T13:40:11.702891+00:00,2026-08-12T13:42:27.507180+00:00,-66.5,1.5,STOP,1786542011,1786541400,-66.5,2026-08-12,VIOLENT-WHIPSAW,US,27.31833333333333,0.1176414477336207
exhaustion_short_B,SHORT,1.0,2026-08-12T13:40:11.706946+00:00,2026-08-12T13:42:27.718798+00:00,-67.5,1.5,STOP,1786542011,1786541400,-67.5,2026-08-12,VIOLENT-WHIPSAW,US,27.31833333333333,0.1176414477336207
exhaustion_short_A,SHORT,1.0,2026-08-12T13:47:27.591195+00:00,2026-08-12T13:48:52.441723+00:00,-66.0,1.5,STOP,1786542447,1786541400,-66.0,2026-08-12,VIOLENT-WHIPSAW,US,27.31833333333333,0.1176414477336207
exhaustion_short_B,SHORT,1.0,2026-08-12T13:47:27.647721+00:00,2026-08-12T13:48:52.441723+00:00,-64.5,1.5,STOP,1786542447,1786541400,-64.5,2026-08-12,VIOLENT-WHIPSAW,US,27.31833333333333,0.1176414477336207
exhaustion_short_A,SHORT,1.0,2026-08-12T13:50:11.925694+00:00,2026-08-12T13:51:27.389962+00:00,50.0,1.5,TARGET,1786542611,1786541400,50.0,2026-08-12,VIOLENT-WHIPSAW,US,27.31833333333333,0.1176414477336207
abs_veto_long_B,LONG,1.0,2026-08-12T13:50:01.919696+00:00,2026-08-12T13:51:27.466646+00:00,-66.5,1.5,STOP,1786542601,1786541400,-66.5,2026-08-12,VIOLENT-WHIPSAW,US,27.31833333333333,0.1176414477336207
abs_veto_long_A,LONG,1.0,2026-08-12T13:50:01.870568+00:00,2026-08-12T13:51:27.469887+00:00,-66.5,1.5,STOP,1786542601,1786541400,-66.5,2026-08-12,VIOLENT-WHIPSAW,US,27.31833333333333,0.1176414477336207
exhaustion_short_B,SHORT,1.0,2026-08-12T13:50:11.976742+00:00,2026-08-12T13:53:58.391242+00:00,73.0,1.5,CHANDELIER,1786542611,1786541400,73.0,2026-08-12,VIOLENT-WHIPSAW,US,27.31833333333333,0.1176414477336207
exhaustion_short_A,SHORT,1.0,2026-08-12T14:06:49.286860+00:00,2026-08-12T14:11:22.175906+00:00,-60.5,1.5,STOP,1786543609,1786543200,-60.5,2026-08-12,VIOLENT-WHIPSAW,US,25.66916666666667,0.075299223744983
exhaustion_short_B,SHORT,1.0,2026-08-12T14:06:49.340778+00:00,2026-08-12T14:11:22.217764+00:00,-61.0,1.5,STOP,1786543609,1786543200,-61.0,2026-08-12,VIOLENT-WHIPSAW,US,25.66916666666667,0.075299223744983
exhaustion_short_A,SHORT,1.0,2026-08-12T14:11:43.846237+00:00,2026-08-12T14:12:36.127201+00:00,39.5,1.5,TARGET,1786543903,1786543200,39.5,2026-08-12,VIOLENT-WHIPSAW,US,25.66916666666667,0.075299223744983
exhaustion_short_B,SHORT,1.0,2026-08-12T14:11:43.899711+00:00,2026-08-12T14:13:22.429151+00:00,57.5,1.5,CHANDELIER,1786543903,1786543200,57.5,2026-08-12,VIOLENT-WHIPSAW,US,25.66916666666667,0.075299223744983
exhaustion_short_B,SHORT,1.0,2026-08-12T14:21:27.792691+00:00,2026-08-12T14:22:15.523416+00:00,-45.5,1.5,STOP,1786544487,1786543200,-45.5,2026-08-12,VIOLENT-WHIPSAW,US,25.66916666666667,0.075299223744983
exhaustion_short_A,SHORT,1.0,2026-08-12T14:21:27.739474+00:00,2026-08-12T14:22:15.565793+00:00,-45.5,1.5,STOP,1786544487,1786543200,-45.5,2026-08-12,VIOLENT-WHIPSAW,US,25.66916666666667,0.075299223744983
exhaustion_short_B,SHORT,1.0,2026-08-12T14:25:13.814724+00:00,2026-08-12T14:26:46.102689+00:00,-50.5,1.5,STOP,1786544713,1786543200,-50.5,2026-08-12,VIOLENT-WHIPSAW,US,25.66916666666667,0.075299223744983
exhaustion_short_A,SHORT,1.0,2026-08-12T14:25:13.757864+00:00,2026-08-12T14:26:46.183490+00:00,-51.5,1.5,STOP,1786544713,1786543200,-51.5,2026-08-12,VIOLENT-WHIPSAW,US,25.66916666666667,0.075299223744983
abs_veto_short_B,SHORT,1.0,2026-08-12T14:33:01.365297+00:00,2026-08-12T14:37:17.290446+00:00,-56.0,1.5,STOP,1786545181,1786545000,-56.0,2026-08-12,VIOLENT-WHIPSAW,US,23.540416666666665,0.0697750048947242
abs_veto_short_A,SHORT,1.0,2026-08-12T14:33:01.351466+00:00,2026-08-12T14:37:17.332727+00:00,-55.5,1.5,STOP,1786545181,1786545000,-55.5,2026-08-12,VIOLENT-WHIPSAW,US,23.540416666666665,0.0697750048947242
exhaustion_short_A,SHORT,1.0,2026-08-12T14:40:49.692980+00:00,2026-08-12T14:47:54.308863+00:00,42.0,1.5,TARGET,1786545649,1786545000,42.0,2026-08-12,VIOLENT-WHIPSAW,US,23.540416666666665,0.0697750048947242
exhaustion_short_B,SHORT,1.0,2026-08-12T14:40:49.747814+00:00,2026-08-12T14:52:19.522045+00:00,70.5,1.5,CHANDELIER,1786545649,1786545000,70.5,2026-08-12,VIOLENT-WHIPSAW,US,23.540416666666665,0.0697750048947242
exhaustion_short_A,SHORT,1.0,2026-08-12T14:50:55.163187+00:00,2026-08-12T14:54:02.230014+00:00,-39.5,1.5,STOP,1786546255,1786545000,-39.5,2026-08-12,VIOLENT-WHIPSAW,US,23.540416666666665,0.0697750048947242
exhaustion_short_B,SHORT,1.0,2026-08-12T14:53:55.967493+00:00,2026-08-12T14:55:57.588749+00:00,57.0,1.5,TARGET,1786546435,1786545000,57.0,2026-08-12,VIOLENT-WHIPSAW,US,23.540416666666665,0.0697750048947242
exhaustion_short_A,SHORT,1.0,2026-08-12T16:09:04.549407+00:00,2026-08-12T16:11:56.448564+00:00,-22.0,1.5,STOP,1786550944,1786550400,-22.0,2026-08-12,NORMAL-CHOP,US,10.948333333333332,0.1639987885003018
exhaustion_short_B,SHORT,1.0,2026-08-12T16:09:04.599823+00:00,2026-08-12T16:11:56.491779+00:00,-22.0,1.5,STOP,1786550944,1786550400,-22.0,2026-08-12,NORMAL-CHOP,US,10.948333333333332,0.1639987885003018
exhaustion_short_B,SHORT,1.0,2026-08-12T16:14:04.369742+00:00,2026-08-12T16:25:16.495530+00:00,-24.0,1.5,STOP,1786551244,1786550400,-24.0,2026-08-12,NORMAL-CHOP,US,10.948333333333332,0.1639987885003018
exhaustion_short_A,SHORT,1.0,2026-08-12T16:14:04.317165+00:00,2026-08-12T16:25:16.538727+00:00,-24.0,1.5,STOP,1786551244,1786550400,-24.0,2026-08-12,NORMAL-CHOP,US,10.948333333333332,0.1639987885003018
exhaustion_short_A,SHORT,1.0,2026-08-12T16:40:16.118448+00:00,2026-08-12T16:48:51.294543+00:00,-23.5,1.5,STOP,1786552816,1786552200,-23.5,2026-08-12,DEAD-CHOP,US,9.5725,0.1500365011682403
exhaustion_short_B,SHORT,1.0,2026-08-12T16:40:16.135709+00:00,2026-08-12T16:48:51.344692+00:00,-23.0,1.5,STOP,1786552816,1786552200,-23.0,2026-08-12,DEAD-CHOP,US,9.5725,0.1500365011682403
abs_veto_long_A,LONG,1.0,2026-08-13T14:00:01.344231+00:00,2026-08-13T14:11:24.367737+00:00,54.0,1.5,TARGET,1786629601,1786629600,54.0,2026-08-13,BUILDING,US,18.407916666666665,0.3831129915621308
abs_veto_long_B,LONG,1.0,2026-08-13T14:00:01.403783+00:00,2026-08-13T14:13:31.921740+00:00,78.0,1.5,TARGET,1786629601,1786629600,78.0,2026-08-13,BUILDING,US,18.407916666666665,0.3831129915621308
abs_veto_long_A,LONG,1.0,2026-08-13T14:13:00.867852+00:00,2026-08-13T14:20:16.243505+00:00,-37.0,1.5,STOP,1786630380,1786629600,-37.0,2026-08-13,BUILDING,US,18.407916666666665,0.3831129915621308
day_rider,LONG,2.0,2026-08-13T13:38:21.596087+00:00,2026-08-13T14:26:23.051647+00:00,731.0,3.0,MANUAL_CLAIM,1786628301,1786627800,731.0,2026-08-13,BUILDING,US,22.97583333333333,0.3805294980366733
day_rider,SHORT,2.0,2026-08-10T13:42:21+00:00,2026-08-10T20:40:00+00:00,39.0,3.0,CLOCK_FLAT_RECON,1786369341,1786368600,39.0,2026-08-10,VIOLENT-WHIPSAW,US,28.71625,0.0884601844584689
day_rider,SHORT,2.0,2026-08-12T13:39:21.557591+00:00,2026-08-12T20:40:00+00:00,224.5,3.0,CLOCK_FLAT_RECON,1786541961,1786541400,224.5,2026-08-12,VIOLENT-WHIPSAW,US,27.31833333333333,0.1176414477336207
abs_veto_short_A,SHORT,1.0,2026-08-13T15:29:01.165182+00:00,2026-08-13T15:34:18.707026+00:00,47.0,1.5,TARGET,1786634941,1786633200,47.0,2026-08-13,VIOLENT-WHIPSAW,US,16.0775,0.0960348898426144
abs_veto_short_B,SHORT,1.0,2026-08-13T15:29:01.214729+00:00,2026-08-13T15:34:44.831613+00:00,63.0,1.5,TARGET,1786634941,1786633200,63.0,2026-08-13,VIOLENT-WHIPSAW,US,16.0775,0.0960348898426144
abs_veto_short_B,SHORT,1.0,2026-08-13T15:53:01.503703+00:00,2026-08-13T15:56:11.564688+00:00,-29.5,1.5,STOP,1786636381,1786635000,-29.5,2026-08-13,NORMAL-CHOP,US,17.49375,0.2730921999260459
abs_veto_short_A,SHORT,1.0,2026-08-13T15:53:01.452977+00:00,2026-08-13T15:56:11.606793+00:00,-71.5,1.5,STOP,1786636381,1786635000,-71.5,2026-08-13,NORMAL-CHOP,US,17.49375,0.2730921999260459
abs_veto_short_B,SHORT,1.0,2026-08-13T16:15:02.847324+00:00,2026-08-13T16:22:13.524869+00:00,-33.5,1.5,STOP,1786637702,1786636800,-33.5,2026-08-13,NORMAL-CHOP,US,13.435416666666669,0.1166964150173421
abs_veto_short_A,SHORT,1.0,2026-08-13T16:15:02.226804+00:00,2026-08-13T16:22:13.567739+00:00,-33.0,1.5,STOP,1786637702,1786636800,-33.0,2026-08-13,NORMAL-CHOP,US,13.435416666666669,0.1166964150173421
exhaustion_short_A,SHORT,1.0,2026-08-14T12:04:13.650895+00:00,2026-08-14T12:12:05.195712+00:00,40.5,1.5,TARGET,1786709053,1786708800,40.5,2026-08-14,DEAD-CHOP,ON,8.2575,0.183913358510307
exhaustion_short_B,SHORT,1.0,2026-08-14T12:04:13.881511+00:00,2026-08-14T12:13:24.387975+00:00,59.0,1.5,TARGET,1786709053,1786708800,59.0,2026-08-14,DEAD-CHOP,ON,8.2575,0.183913358510307
exhaustion_short_B,SHORT,1.0,2026-08-14T13:06:11.459771+00:00,2026-08-14T13:13:09.931789+00:00,17.0,1.5,MANUAL_CLAIM,1786712771,1786712400,17.0,2026-08-14,DEAD-CHOP,ON,7.715416666666667,0.1003088668187795
exhaustion_short_A,SHORT,1.0,2026-08-14T13:06:11.407314+00:00,2026-08-14T13:15:01.494295+00:00,32.0,1.5,MANUAL_CLAIM,1786712771,1786712400,32.0,2026-08-14,DEAD-CHOP,ON,7.715416666666667,0.1003088668187795
abs_veto_short_B,SHORT,1.0,2026-08-14T13:35:01.715797+00:00,2026-08-14T13:35:22.643982+00:00,-35.5,1.5,STOP,1786714501,1786714200,-35.5,2026-08-14,VIOLENT-WHIPSAW,US,22.44125,0.1432868459189935
abs_veto_short_A,SHORT,1.0,2026-08-14T13:35:01.671690+00:00,2026-08-14T13:35:22.976813+00:00,-34.0,1.5,STOP,1786714501,1786714200,-34.0,2026-08-14,VIOLENT-WHIPSAW,US,22.44125,0.1432868459189935
exhaustion_short_B,SHORT,1.0,2026-08-14T13:38:53.586853+00:00,2026-08-14T13:40:02.634368+00:00,-43.5,1.5,STOP,1786714733,1786714200,-43.5,2026-08-14,VIOLENT-WHIPSAW,US,22.44125,0.1432868459189935
exhaustion_short_A,SHORT,1.0,2026-08-14T13:38:53.543303+00:00,2026-08-14T13:40:02.676725+00:00,-44.0,1.5,STOP,1786714733,1786714200,-44.0,2026-08-14,VIOLENT-WHIPSAW,US,22.44125,0.1432868459189935
exhaustion_short_A,SHORT,1.0,2026-08-14T13:42:39.434699+00:00,2026-08-14T13:44:01.193874+00:00,-53.5,1.5,STOP,1786714959,1786714200,-53.5,2026-08-14,VIOLENT-WHIPSAW,US,22.44125,0.1432868459189935
exhaustion_short_B,SHORT,1.0,2026-08-14T13:42:39.434699+00:00,2026-08-14T13:44:01.239712+00:00,-53.5,1.5,STOP,1786714959,1786714200,-53.5,2026-08-14,VIOLENT-WHIPSAW,US,22.44125,0.1432868459189935
abs_veto_short_B,SHORT,1.0,2026-08-14T14:20:00.912718+00:00,2026-08-14T14:20:51.803797+00:00,-40.5,1.5,STOP,1786717200,1786716000,-40.5,2026-08-14,VIOLENT-WHIPSAW,US,21.5975,0.1834972902550501
abs_veto_short_A,SHORT,1.0,2026-08-14T14:20:00.849886+00:00,2026-08-14T14:20:52.795265+00:00,-41.0,1.5,STOP,1786717200,1786716000,-41.0,2026-08-14,VIOLENT-WHIPSAW,US,21.5975,0.1834972902550501
exhaustion_short_A,SHORT,1.0,2026-08-14T14:19:43.728409+00:00,2026-08-14T14:24:38.518186+00:00,40.0,1.5,TARGET,1786717183,1786716000,40.0,2026-08-14,VIOLENT-WHIPSAW,US,21.5975,0.1834972902550501
exhaustion_short_B,SHORT,1.0,2026-08-14T14:19:43.777717+00:00,2026-08-14T14:28:12.582364+00:00,69.0,1.5,TARGET,1786717183,1786716000,69.0,2026-08-14,VIOLENT-WHIPSAW,US,21.5975,0.1834972902550501
exhaustion_short_A,SHORT,1.0,2026-08-14T14:25:55.984192+00:00,2026-08-14T14:30:48.492729+00:00,40.5,1.5,TARGET,1786717555,1786716000,40.5,2026-08-14,VIOLENT-WHIPSAW,US,21.5975,0.1834972902550501
exhaustion_short_A,SHORT,1.0,2026-08-14T15:01:20.557677+00:00,2026-08-14T15:09:11.329323+00:00,38.5,1.5,TARGET,1786719680,1786719600,38.5,2026-08-14,NORMAL-CHOP,US,14.106666666666666,0.2764166837395482
exhaustion_short_B,SHORT,1.0,2026-08-14T15:01:20.612720+00:00,2026-08-14T15:14:15.489169+00:00,56.0,1.5,TARGET,1786719680,1786719600,56.0,2026-08-14,NORMAL-CHOP,US,14.106666666666666,0.2764166837395482
exhaustion_short_A,SHORT,1.0,2026-08-14T15:23:36.664626+00:00,2026-08-14T15:24:26.975090+00:00,39.0,1.5,TARGET,1786721016,1786719600,39.0,2026-08-14,NORMAL-CHOP,US,14.106666666666666,0.2764166837395482
abs_veto_short_A,SHORT,1.0,2026-08-14T15:23:01.442000+00:00,2026-08-14T15:26:29.640658+00:00,38.0,1.5,TARGET,1786720981,1786719600,38.0,2026-08-14,NORMAL-CHOP,US,14.106666666666666,0.2764166837395482
exhaustion_short_B,SHORT,1.0,2026-08-14T15:23:36.713715+00:00,2026-08-14T15:26:37.670527+00:00,63.5,1.5,TARGET,1786721016,1786719600,63.5,2026-08-14,NORMAL-CHOP,US,14.106666666666666,0.2764166837395482
abs_veto_short_B,SHORT,1.0,2026-08-14T15:23:01.484774+00:00,2026-08-14T15:29:53.747642+00:00,-26.5,1.5,STOP,1786720981,1786719600,-26.5,2026-08-14,NORMAL-CHOP,US,14.106666666666666,0.2764166837395482
exhaustion_short_A,SHORT,1.0,2026-08-14T15:46:13.874911+00:00,2026-08-14T15:48:28.363919+00:00,36.0,1.5,TARGET,1786722373,1786721400,36.0,2026-08-14,NORMAL-CHOP,US,14.264583333333333,0.2387748806440086
exhaustion_short_B,SHORT,1.0,2026-08-14T15:46:13.924773+00:00,2026-08-14T15:48:55.463203+00:00,61.5,1.5,TARGET,1786722373,1786721400,61.5,2026-08-14,NORMAL-CHOP,US,14.264583333333333,0.2387748806440086
exhaustion_short_B,SHORT,1.0,2026-08-14T15:53:14.365722+00:00,2026-08-14T15:57:50.760434+00:00,-27.0,1.5,STOP,1786722794,1786721400,-27.0,2026-08-14,NORMAL-CHOP,US,14.264583333333333,0.2387748806440086
exhaustion_short_A,SHORT,1.0,2026-08-14T15:53:14.316457+00:00,2026-08-14T15:57:50.802772+00:00,-27.0,1.5,STOP,1786722794,1786721400,-27.0,2026-08-14,NORMAL-CHOP,US,14.264583333333333,0.2387748806440086
day_rider,SHORT,2.0,2026-08-14T13:38:21.625379+00:00,2026-08-14T16:16:25.843628+00:00,434.0,3.0,TRAIL,1786714701,1786714200,434.0,2026-08-14,VIOLENT-WHIPSAW,US,22.44125,0.1432868459189935
exhaustion_short_B,SHORT,1.0,2026-08-14T17:08:04.100710+00:00,2026-08-14T17:11:44.674465+00:00,-16.5,1.5,STOP,1786727284,1786726800,-16.5,2026-08-14,DEAD-CHOP,US,9.147916666666667,0.0835858331498662
exhaustion_short_A,SHORT,1.0,2026-08-14T17:08:04.051030+00:00,2026-08-14T17:11:44.716765+00:00,-16.5,1.5,STOP,1786727284,1786726800,-16.5,2026-08-14,DEAD-CHOP,US,9.147916666666667,0.0835858331498662
exhaustion_short_A,SHORT,1.0,2026-08-14T17:12:38.438721+00:00,2026-08-14T17:24:34.917682+00:00,37.0,1.5,TARGET,1786727558,1786726800,37.0,2026-08-14,DEAD-CHOP,US,9.147916666666667,0.0835858331498662
exhaustion_short_B,SHORT,1.0,2026-08-14T17:12:38.491755+00:00,2026-08-14T17:25:27.967294+00:00,45.5,1.5,MANUAL_CLAIM,1786727558,1786726800,45.5,2026-08-14,DEAD-CHOP,US,9.147916666666667,0.0835858331498662
exhaustion_short_B,SHORT,1.0,2026-08-14T18:02:55.854690+00:00,2026-08-14T18:14:56.638766+00:00,13.0,1.5,MANUAL_CLAIM,1786730575,1786730400,13.0,2026-08-14,DEAD-CHOP,US,7.734166666666667,0.1845745955063016
exhaustion_short_A,SHORT,1.0,2026-08-14T18:02:55.801065+00:00,2026-08-14T18:28:43.737391+00:00,37.0,1.5,TARGET,1786730575,1786730400,37.0,2026-08-14,DEAD-CHOP,US,7.734166666666667,0.1845745955063016
exhaustion_short_B,SHORT,1.0,2026-08-14T18:39:06.060703+00:00,2026-08-14T18:41:08.852730+00:00,-15.0,1.5,STOP,1786732746,1786732200,-15.0,2026-08-14,DEAD-CHOP,US,6.485833333333333,0.113261842246134
exhaustion_short_A,SHORT,1.0,2026-08-14T18:39:06.006896+00:00,2026-08-14T18:41:08.908140+00:00,-55.5,1.5,STOP,1786732746,1786732200,-55.5,2026-08-14,DEAD-CHOP,US,6.485833333333333,0.113261842246134
exhaustion_short_A,SHORT,1.0,2026-08-14T18:41:19.249744+00:00,2026-08-14T18:44:29.157911+00:00,-16.0,1.5,STOP,1786732879,1786732200,-16.0,2026-08-14,DEAD-CHOP,US,6.485833333333333,0.113261842246134
exhaustion_short_B,SHORT,1.0,2026-08-14T18:41:19.302732+00:00,2026-08-14T18:44:29.200836+00:00,-16.0,1.5,STOP,1786732879,1786732200,-16.0,2026-08-14,DEAD-CHOP,US,6.485833333333333,0.113261842246134
exhaustion_short_A,SHORT,1.0,2026-08-14T19:41:03.158463+00:00,2026-08-14T19:43:53.178437+00:00,-15.0,1.5,STOP,1786736463,1786735800,-15.0,2026-08-14,NORMAL-CHOP,US,7.31625,0.2393083341810521
exhaustion_short_B,SHORT,1.0,2026-08-14T19:41:03.208798+00:00,2026-08-14T19:43:54.397336+00:00,-16.0,1.5,STOP,1786736463,1786735800,-16.0,2026-08-14,NORMAL-CHOP,US,7.31625,0.2393083341810521
