blk,day,n,atr,er,rng,lo,vol,brk,brkd,c0,c1,range_pt,net_pt,rt,brk_any,hour,minute,tod,regime
1784161800,2026-07-16,30,16.660416666666666,0.2251022046739895,29696.25,29622.25,40155.0,0,1,29675.5,29652.0,74.0,-23.5,4.441665624609229,1,0,30,ON,VIOLENT-WHIPSAW
1784163600,2026-07-16,30,15.339583333333334,0.127811429710616,29669.0,29601.75,33285.0,0,1,29654.25,29605.5,67.25,-48.75,4.384082575037349,1,1,0,ON,VIOLENT-WHIPSAW
1784165400,2026-07-16,30,14.193333333333333,0.18873518541644257,29686.5,29593.5,36767.0,0,1,29608.75,29650.75,93.0,42.0,6.552372005636449,1,1,30,ON,NORMAL-CHOP
1784167200,2026-07-16,30,12.945,0.0781833922838239,29706.25,29620.0,26739.0,1,0,29642.5,29696.25,86.25,53.75,6.662804171494786,1,2,0,ON,NORMAL-CHOP
1784169000,2026-07-16,30,10.729999999999999,0.3364344340198467,29735.75,29672.0,22930.0,1,0,29694.5,29727.25,63.75,32.75,5.941286113699907,1,2,30,ON,BUILDING
1784170800,2026-07-16,30,8.6,0.2710295553284576,29752.5,29710.0,18948.0,1,0,29725.25,29716.75,42.5,-8.5,4.941860465116279,1,3,0,ON,NORMAL-CHOP
1784172600,2026-07-16,30,10.01,0.10216076836494886,29746.75,29705.75,16976.0,0,0,29734.25,29744.0,41.0,9.75,4.095904095904096,0,3,30,ON,DEAD-CHOP
1784174400,2026-07-16,30,9.14375,0.08482861471747531,29756.0,29710.0,15814.0,1,0,29745.5,29715.75,46.0,-29.75,5.030758714969241,1,4,0,ON,DEAD-CHOP
1784176200,2026-07-16,30,7.380833333333333,0.18318838081613686,29721.25,29695.75,10439.0,0,0,29714.75,29708.75,25.5,-6.0,3.45489443378119,0,4,30,ON,DEAD-CHOP
1784178000,2026-07-16,30,9.621666666666666,0.21470540829814733,29776.0,29697.25,21088.0,1,0,29716.75,29766.25,78.75,49.5,8.184652693573533,1,5,0,ON,DEAD-CHOP
1784179800,2026-07-16,30,15.927083333333334,0.18715352484620607,29796.5,29667.0,32410.0,1,1,29781.75,29687.0,129.5,-94.75,8.13080444735121,1,5,30,ON,VIOLENT-WHIPSAW
1784181600,2026-07-16,30,18.326666666666664,0.0921902413603926,29748.75,29646.0,36704.0,0,1,29725.75,29685.5,102.75,-40.25,5.606584212440889,1,6,0,ON,VIOLENT-WHIPSAW
1784183400,2026-07-16,30,11.819583333333332,0.18300904961422734,29697.25,29642.25,16360.0,0,1,29689.25,29685.25,55.0,-4.0,4.653294320865795,1,6,30,ON,NORMAL-CHOP
1784185200,2026-07-16,30,11.97625,0.21563746955391,29686.75,29612.0,21324.0,0,1,29649.0,29622.25,74.75,-26.75,6.241519674355495,1,7,0,ON,NORMAL-CHOP
1784187000,2026-07-16,30,11.44375,0.3680077367341682,29630.25,29548.5,23246.0,0,1,29624.5,29563.25,81.75,-61.25,7.143637356635718,1,7,30,ON,BUILDING
1784188800,2026-07-16,30,15.327083333333333,0.2714549303401573,29572.75,29478.0,32864.0,0,1,29559.0,29538.75,94.75,-20.25,6.181867609079788,1,8,0,ON,NORMAL-CHOP
1784190600,2026-07-16,30,13.435,0.22950421537281623,29595.75,29528.5,18384.0,0,0,29540.0,29591.25,67.25,51.25,5.005582433941198,0,8,30,ON,NORMAL-CHOP
1784192400,2026-07-16,30,11.003333333333334,0.2921767980799053,29644.75,29591.75,17998.0,0,0,29617.25,29613.5,53.0,-3.75,4.816722205392305,0,9,0,ON,NORMAL-CHOP
1784194200,2026-07-16,30,10.580416666666668,0.2438979713245777,29632.5,29527.5,20113.0,0,0,29621.25,29531.25,105.0,-90.0,9.923994801717008,0,9,30,ON,NORMAL-CHOP
1784196000,2026-07-16,30,11.79,0.28068243425054734,29562.0,29510.75,19110.0,0,1,29523.0,29540.25,51.25,17.25,4.346904156064462,1,10,0,ON,NORMAL-CHOP
1784197800,2026-07-16,30,10.801666666666668,0.10725778239846924,29555.75,29502.75,18792.0,0,1,29543.0,29529.5,53.0,-13.5,4.906650208301188,1,10,30,ON,NORMAL-CHOP
1784199600,2026-07-16,30,13.483749999999999,0.25365898929816133,29531.75,29447.25,33314.0,0,1,29495.5,29472.25,84.5,-23.25,6.26680263279874,1,11,0,ON,NORMAL-CHOP
1784201400,2026-07-16,30,15.894166666666667,0.13988177464405005,29473.5,29353.5,38386.0,0,1,29460.5,29446.25,120.0,-14.25,7.549939705342631,1,11,30,ON,VIOLENT-WHIPSAW
1784203200,2026-07-16,30,15.52875,0.12949943042884804,29458.25,29378.0,31642.0,0,0,29454.0,29405.0,80.25,-49.0,5.1678338565563875,0,12,0,ON,VIOLENT-WHIPSAW
1784205000,2026-07-16,30,15.557500000000001,0.11810739783606894,29432.0,29363.25,41393.0,0,0,29411.75,29392.0,68.75,-19.75,4.419090470834003,0,12,30,ON,VIOLENT-WHIPSAW
1784206800,2026-07-16,30,12.416666666666666,0.2894500029901815,29488.5,29387.5,53346.0,0,0,29425.75,29464.5,101.0,38.75,8.134228187919463,0,13,0,ON,NORMAL-CHOP
1784208600,2026-07-16,30,36.41375,0.24384309421590433,29532.0,29257.75,352101.0,1,1,29504.75,29346.5,274.25,-158.25,7.531495657546943,1,13,30,US,VIOLENT-WHIPSAW
1784210400,2026-07-16,30,37.00833333333333,0.22880280927062066,29501.25,29315.0,256509.0,0,0,29379.75,29482.5,186.25,102.75,5.032650303985589,0,14,0,US,VIOLENT-WHIPSAW
1784212200,2026-07-16,30,28.444583333333334,0.10091053019865694,29509.0,29362.25,179414.0,0,0,29469.25,29435.5,146.75,-33.75,5.159154496315936,0,14,30,US,VIOLENT-WHIPSAW
1784214000,2026-07-16,30,25.779999999999998,0.1569327920321024,29459.0,29335.75,170589.0,0,0,29442.5,29407.25,123.25,-35.25,4.780837858805276,0,15,0,US,VIOLENT-WHIPSAW
1784215800,2026-07-16,30,26.315416666666668,0.071271813621604,29466.25,29354.0,133240.0,0,0,29389.75,29392.25,112.25,2.5,4.265560428772741,0,15,30,US,VIOLENT-WHIPSAW
1784217600,2026-07-16,30,22.4575,0.270949508209663,29395.5,29263.0,137728.0,0,1,29377.0,29299.75,132.5,-77.25,5.900033396415451,1,16,0,US,NORMAL-CHOP
1784219400,2026-07-16,30,20.51875,0.1013837461603259,29352.5,29270.75,99618.0,0,0,29307.75,29338.5,81.75,30.75,3.9841608285105083,0,16,30,US,VIOLENT-WHIPSAW
1784221200,2026-07-16,30,20.236666666666668,0.06243816109864209,29343.5,29274.5,81387.0,0,0,29297.75,29333.25,69.0,35.5,3.4096524460550155,0,17,0,US,VIOLENT-WHIPSAW
1784223000,2026-07-16,30,17.686666666666667,0.17409229304012755,29344.5,29219.25,95077.0,0,1,29329.75,29243.5,125.25,-86.25,7.081605729362985,1,17,30,US,VIOLENT-WHIPSAW
1784224800,2026-07-16,30,19.470416666666665,0.1410910554542753,29304.25,29215.0,100491.0,0,1,29256.75,29269.5,89.25,12.75,4.583877249673651,1,18,0,US,VIOLENT-WHIPSAW
1784226600,2026-07-16,30,18.59875,0.12951867758213992,29269.5,29197.75,83256.0,0,1,29251.0,29210.5,71.75,-40.5,3.8577861415417707,1,18,30,US,VIOLENT-WHIPSAW
1784228400,2026-07-16,30,17.910416666666666,0.18444057218212398,29242.25,29119.25,97183.0,0,1,29228.0,29148.0,123.0,-80.0,6.867511922763755,1,19,0,US,VIOLENT-WHIPSAW
1784230200,2026-07-16,30,20.33875,0.1875414573173033,29235.0,29079.0,139439.0,0,1,29148.0,29217.25,156.0,69.25,7.6700878864236985,1,19,30,US,VIOLENT-WHIPSAW
1784232000,2026-07-16,30,17.059166666666666,0.18623322397206707,29230.75,29162.0,37124.0,0,0,29221.25,29180.0,68.75,-41.25,4.030091348737238,0,20,0,ON,VIOLENT-WHIPSAW
1784233800,2026-07-16,30,7.2683333333333335,0.12757774653145876,29190.25,29164.0,11326.0,0,0,29171.0,29178.5,26.25,7.5,3.611556982343499,0,20,30,ON,DEAD-CHOP
1784239200,2026-07-16,30,10.79375,0.14604865526026392,29220.0,29137.0,21846.0,0,0,29210.75,29139.75,83.0,-71.0,7.689635205558773,0,22,0,ON,NORMAL-CHOP
1784241000,2026-07-16,30,9.624583333333334,0.274367685833118,29159.25,29116.0,19559.0,0,1,29138.25,29135.75,43.25,-2.5,4.493701026018442,1,22,30,ON,NORMAL-CHOP
1784242800,2026-07-16,30,10.051250000000001,0.16449121784532542,29145.25,29075.25,22270.0,0,1,29133.25,29091.75,70.0,-41.5,6.96430792190026,1,23,0,ON,DEAD-CHOP
1784244600,2026-07-16,30,12.595833333333333,0.14448814667834842,29128.75,29060.5,26941.0,0,1,29087.75,29096.5,68.25,8.75,5.418458484948727,1,23,30,ON,NORMAL-CHOP
1784246400,2026-07-17,30,18.68,0.16634241614369175,29124.0,29011.0,49706.0,0,1,29120.75,29019.0,113.0,-101.75,6.049250535331906,1,0,0,ON,VIOLENT-WHIPSAW
1784248200,2026-07-17,30,15.059166666666666,0.18762818071446974,29082.0,28993.5,40120.0,0,1,29012.0,29057.75,88.5,45.75,5.876819213103868,1,0,30,ON,NORMAL-CHOP
1784250000,2026-07-17,30,16.913333333333334,0.16629656244239718,29106.5,29011.25,37214.0,0,0,29070.5,29039.75,95.25,-30.75,5.631651556957036,0,1,0,ON,VIOLENT-WHIPSAW
1784251800,2026-07-17,30,15.12625,0.27714254937317967,29052.25,28946.25,40796.0,0,1,29021.5,28971.25,106.0,-50.25,7.007685315263201,1,1,30,ON,NORMAL-CHOP
1784253600,2026-07-17,30,12.242083333333333,0.16022310419045205,28987.0,28917.25,27874.0,0,1,28978.0,28928.75,69.75,-49.25,5.697559647391171,1,2,0,ON,NORMAL-CHOP
1784255400,2026-07-17,30,11.24375,0.20612674894176664,28938.75,28893.75,31240.0,0,1,28918.5,28925.25,45.0,6.75,4.002223457476376,1,2,30,ON,NORMAL-CHOP
1784257200,2026-07-17,30,10.22,0.3210470683543756,29026.5,28912.5,30648.0,0,0,28927.0,29015.0,114.0,88.0,11.154598825831702,0,3,0,ON,BUILDING
1784259000,2026-07-17,30,11.81375,0.2541861758899797,29017.75,28910.25,30265.0,0,0,28995.75,28911.0,107.5,-84.75,9.099566183472648,0,3,30,ON,NORMAL-CHOP
1784260800,2026-07-17,30,14.027916666666666,0.5285721773834577,28912.75,28803.25,43822.0,0,1,28893.5,28808.75,109.5,-84.75,7.805863308284077,1,4,0,ON,CLEAN-TREND
1784262600,2026-07-17,30,13.727916666666665,0.21643386547695576,28841.25,28773.75,37113.0,0,1,28803.75,28805.5,67.5,1.75,4.916987889640939,1,4,30,ON,NORMAL-CHOP
1784264400,2026-07-17,30,13.800833333333333,0.08256457620184988,28822.5,28783.75,27042.0,0,0,28797.75,28791.25,38.75,-6.5,2.8078014612644164,0,5,0,ON,NORMAL-CHOP
1784266200,2026-07-17,30,15.5625,0.21083530161709998,28811.5,28726.5,37213.0,0,1,28797.75,28755.75,85.0,-42.0,5.461847389558233,1,5,30,ON,VIOLENT-WHIPSAW
1784268000,2026-07-17,30,14.509166666666665,0.1317000729562474,28825.0,28722.0,34110.0,0,1,28761.75,28815.25,103.0,53.5,7.098960427316065,1,6,0,ON,NORMAL-CHOP
1784269800,2026-07-17,30,12.973333333333333,0.22526676539953547,28825.0,28732.0,26978.0,0,0,28820.25,28742.75,93.0,-77.5,7.168550873586845,0,6,30,ON,NORMAL-CHOP
1784271600,2026-07-17,30,15.084166666666667,0.13721957167914323,28767.75,28711.5,34646.0,0,1,28738.25,28747.25,56.25,9.0,3.729075741671731,1,7,0,ON,NORMAL-CHOP
1784273400,2026-07-17,30,13.840833333333334,0.18283517110026504,28759.75,28682.75,27680.0,0,1,28753.75,28686.75,77.0,-67.0,5.563248840989824,1,7,30,ON,NORMAL-CHOP
1784275200,2026-07-17,30,19.577083333333334,0.18737693609991518,28735.5,28576.75,58323.0,0,1,28700.0,28609.5,158.75,-90.5,8.10897094817495,1,8,0,ON,VIOLENT-WHIPSAW
1784277000,2026-07-17,30,17.28875,0.21974298984283766,28660.5,28554.75,38528.0,0,1,28607.5,28628.75,105.75,21.25,6.116694382184947,1,8,30,ON,VIOLENT-WHIPSAW
1784278800,2026-07-17,30,15.1575,0.2358371813443195,28690.75,28618.0,27566.0,0,0,28632.25,28690.0,72.75,57.75,4.799604156358238,0,9,0,ON,VIOLENT-WHIPSAW
1784280600,2026-07-17,30,14.290416666666665,0.18959263735193507,28728.0,28661.5,26475.0,0,0,28682.0,28711.25,66.5,29.25,4.653468233373181,0,9,30,ON,NORMAL-CHOP
1784282400,2026-07-17,30,15.755833333333333,0.25897878190883816,28787.75,28693.0,38734.0,1,0,28720.0,28773.75,94.75,53.75,6.013645739673137,1,10,0,ON,NORMAL-CHOP
1784284200,2026-07-17,30,14.31,0.242756873147877,28826.0,28763.5,28639.0,1,0,28778.75,28783.5,62.5,4.75,4.367575122292103,1,10,30,ON,NORMAL-CHOP
1784286000,2026-07-17,30,14.192083333333333,0.18800102911770042,28808.5,28728.5,33254.0,0,0,28803.75,28762.0,80.0,-41.75,5.636945480167935,0,11,0,ON,NORMAL-CHOP
1784287800,2026-07-17,30,12.3925,0.09456347641295276,28765.5,28717.5,22191.0,0,0,28746.0,28740.25,48.0,-5.75,3.873310470042364,0,11,30,ON,NORMAL-CHOP
1784289600,2026-07-17,30,12.584166666666667,0.29898215921240895,28745.5,28661.5,34385.0,0,1,28741.25,28676.25,84.0,-65.0,6.675054632143567,1,12,0,ON,NORMAL-CHOP
1784291400,2026-07-17,30,13.179583333333333,0.114167604100408,28692.25,28645.5,39723.0,0,1,28674.0,28665.25,46.75,-8.75,3.547153109291518,1,12,30,ON,NORMAL-CHOP
1784293200,2026-07-17,30,13.260833333333332,0.26940996520310334,28665.75,28581.5,64596.0,0,1,28656.0,28607.0,84.25,-49.0,6.35329604725696,1,13,0,ON,NORMAL-CHOP
1784295000,2026-07-17,30,38.4,0.2010728916380937,28685.5,28408.25,384153.0,0,1,28644.0,28673.75,277.25,29.75,7.220052083333334,1,13,30,US,VIOLENT-WHIPSAW
1784296800,2026-07-17,30,41.864583333333336,0.44123022534180223,28887.5,28665.0,325079.0,1,0,28738.25,28831.5,222.5,93.25,5.31475491415775,1,14,0,US,BUILDING
1784298600,2026-07-17,30,37.47791666666667,0.11035400642484951,28896.0,28721.0,257689.0,1,0,28834.75,28726.25,175.0,-108.5,4.669416434122316,1,14,30,US,VIOLENT-WHIPSAW
1784300400,2026-07-17,30,32.814166666666665,0.19918553956902496,28759.5,28672.0,206723.0,0,0,28709.25,28753.0,87.5,43.75,2.6665312238108543,0,15,0,US,VIOLENT-WHIPSAW
1784302200,2026-07-17,30,30.889166666666664,0.25833515117094746,28948.5,28717.25,185929.0,1,0,28771.25,28933.25,231.25,162.0,7.4864434672350075,1,15,30,US,NORMAL-CHOP
1784304000,2026-07-17,30,28.498749999999998,0.1835215908102922,28960.0,28845.5,160859.0,1,0,28947.25,28914.0,114.5,-33.25,4.017720075441906,1,16,0,US,VIOLENT-WHIPSAW
1784305800,2026-07-17,30,23.985,0.14491997499576345,29028.75,28885.25,113172.0,1,0,28891.0,28974.5,143.5,83.5,5.982905982905983,1,16,30,US,VIOLENT-WHIPSAW
1784307600,2026-07-17,30,21.109583333333333,0.2013743330188092,29047.0,28966.25,104736.0,1,0,29014.25,29035.5,80.75,21.25,3.825276829244222,1,17,0,US,VIOLENT-WHIPSAW
1784309400,2026-07-17,30,18.848333333333336,0.22068093937351313,29042.5,28883.25,89879.0,0,0,29039.25,28896.0,159.25,-143.25,8.44902290211336,0,17,30,US,VIOLENT-WHIPSAW
1784311200,2026-07-17,30,19.833333333333332,0.36940324260226354,28935.75,28822.0,98524.0,0,1,28887.75,28851.75,113.75,-36.0,5.735294117647059,1,18,0,US,BUILDING
1784313000,2026-07-17,30,20.734166666666667,0.12446037552328353,28891.25,28796.75,97364.0,0,1,28877.0,28861.25,94.5,-15.75,4.5576946264217675,1,18,30,US,VIOLENT-WHIPSAW
1784314800,2026-07-17,30,18.773333333333333,0.228867983877943,28869.25,28718.5,103713.0,0,1,28853.5,28795.25,150.75,-58.25,8.030007102272727,1,19,0,US,VIOLENT-WHIPSAW
1784316600,2026-07-17,30,24.842499999999998,0.14761308418452368,28853.75,28753.5,135797.0,0,0,28807.75,28765.0,100.25,-42.75,4.035423165945457,0,19,30,US,VIOLENT-WHIPSAW
1784318400,2026-07-17,30,18.960833333333333,0.23971883621651088,28768.0,28712.5,44079.0,0,1,28744.0,28750.0,55.5,6.0,2.9270865380389397,1,20,0,ON,VIOLENT-WHIPSAW
1784320200,2026-07-17,30,6.6587499999999995,0.19541829065001518,28779.25,28749.25,13819.0,0,0,28757.5,28768.75,30.0,11.25,4.505350103247607,0,20,30,ON,DEAD-CHOP
1784505600,2026-07-20,30,19.926666666666666,0.5199822642367083,28964.0,28804.25,58877.0,1,0,28835.75,28934.75,159.75,99.0,8.016895282703246,1,0,0,ON,CLEAN-TREND
1784507400,2026-07-20,30,19.259166666666665,0.1729364211119112,28938.25,28850.0,49111.0,0,0,28911.75,28858.25,88.25,-53.5,4.582233568430618,0,0,30,ON,VIOLENT-WHIPSAW
1784509200,2026-07-20,30,20.465416666666666,0.08262121322283916,28918.5,28811.25,49982.0,0,0,28876.5,28816.0,107.25,-60.5,5.240548079076491,0,1,0,ON,VIOLENT-WHIPSAW
1784511000,2026-07-20,30,18.77,0.2524109679337045,28835.0,28762.75,38912.0,0,0,28817.0,28796.5,72.25,-20.5,3.8492274906766117,0,1,30,ON,NORMAL-CHOP
1784512800,2026-07-20,30,18.81,0.11984806299100118,28888.25,28792.75,39366.0,0,0,28829.5,28812.0,95.5,-17.5,5.077086656034025,0,2,0,ON,VIOLENT-WHIPSAW
1784514600,2026-07-20,30,17.876666666666665,0.2111625841490471,28939.75,28808.75,37008.0,1,0,28841.75,28886.25,131.0,44.5,7.327988066380757,1,2,30,ON,VIOLENT-WHIPSAW
1784516400,2026-07-20,30,15.615833333333335,0.08056869355731672,28914.75,28856.0,24701.0,0,0,28907.0,28877.75,58.75,-29.25,3.762207161534767,0,3,0,ON,VIOLENT-WHIPSAW
1784518200,2026-07-20,30,16.848333333333333,0.08702997066699357,28937.5,28849.75,24849.0,0,0,28892.0,28898.0,87.75,6.0,5.208230289840736,0,3,30,ON,VIOLENT-WHIPSAW
1784520000,2026-07-20,30,12.930416666666668,0.18004140042392897,28919.25,28842.5,21648.0,0,0,28905.75,28900.25,76.75,-5.5,5.935616923919698,0,4,0,ON,NORMAL-CHOP
1784521800,2026-07-20,30,15.02875,0.17512336941703702,28942.75,28888.25,20896.0,1,0,28892.75,28896.75,54.5,4.0,3.626382766364468,1,4,30,ON,NORMAL-CHOP
1784523600,2026-07-20,30,14.065833333333334,0.31771435707379403,28903.0,28812.0,27977.0,0,1,28896.75,28832.0,91.0,-64.75,6.4695775816102845,1,5,0,ON,BUILDING
1784525400,2026-07-20,30,13.966666666666667,0.19518185287974918,28839.25,28788.0,20712.0,0,1,28829.75,28807.75,51.25,-22.0,3.6694510739856803,1,5,30,ON,NORMAL-CHOP
1784527200,2026-07-20,30,15.195833333333333,0.09558725616243317,28824.75,28768.0,23466.0,0,1,28813.75,28785.75,56.75,-28.0,3.7345763641349055,1,6,0,ON,VIOLENT-WHIPSAW
1784529000,2026-07-20,30,13.809166666666666,0.0825807646853123,28814.0,28765.5,20639.0,0,1,28794.25,28804.25,48.5,10.0,3.5121597972361354,1,6,30,ON,NORMAL-CHOP
1784530800,2026-07-20,30,14.178333333333335,0.1518136477889275,28885.5,28797.75,28133.0,1,0,28813.75,28879.5,87.75,65.75,6.189020806394733,1,7,0,ON,NORMAL-CHOP
1784532600,2026-07-20,30,16.4225,0.3587855059526677,28926.25,28875.5,28118.0,1,0,28888.75,28909.25,50.75,20.5,3.090272492007916,1,7,30,ON,BUILDING
1784534400,2026-07-20,30,13.249166666666667,0.08657045507172284,28939.75,28889.75,22851.0,1,0,28922.25,28900.75,50.0,-21.5,3.773822252971885,1,8,0,ON,NORMAL-CHOP
1784536200,2026-07-20,30,11.1375,0.2173619552732702,28906.75,28860.0,17124.0,0,0,28882.0,28881.25,46.75,-0.75,4.197530864197531,0,8,30,ON,NORMAL-CHOP
1784538000,2026-07-20,30,11.406666666666666,0.09547150823712812,28916.5,28854.75,14929.0,0,0,28882.5,28905.25,61.75,22.75,5.413500876680304,0,9,0,ON,NORMAL-CHOP
1784539800,2026-07-20,30,9.785,0.38244866560355006,28997.75,28897.75,20808.0,1,0,28906.25,28952.0,100.0,45.75,10.219724067450178,1,9,30,ON,BUILDING
1784541600,2026-07-20,30,9.96,0.12056822519727035,28962.25,28921.0,15614.0,0,0,28941.5,28956.5,41.25,15.0,4.1415662650602405,0,10,0,ON,DEAD-CHOP
1784543400,2026-07-20,30,10.701666666666666,0.1647380414235143,28980.0,28946.0,14201.0,0,0,28962.25,28969.75,34.0,7.5,3.1770752219280487,0,10,30,ON,NORMAL-CHOP
1784545200,2026-07-20,30,10.254166666666666,0.24510541703524688,29025.75,28963.5,20521.0,1,0,28981.0,28999.0,62.25,18.0,6.070702966273872,1,11,0,ON,NORMAL-CHOP
1784547000,2026-07-20,30,16.85,0.40585989550312274,29110.5,28995.5,49846.0,1,0,29040.25,29072.75,115.0,32.5,6.824925816023739,1,11,30,ON,BUILDING
1784548800,2026-07-20,30,16.48875,0.28319052775672116,29076.5,28981.5,39442.0,0,0,29049.0,29035.5,95.0,-13.5,5.761504055795618,0,12,0,ON,NORMAL-CHOP
1784550600,2026-07-20,30,11.6,0.10784361423561957,29046.75,29000.75,26819.0,0,0,29032.5,29024.5,46.0,-8.0,3.9655172413793105,0,12,30,ON,NORMAL-CHOP
1784552400,2026-07-20,30,12.285416666666666,0.08624283254281147,29059.75,29016.25,35460.0,0,0,29041.25,29044.0,43.5,2.75,3.5407834492114634,0,13,0,ON,NORMAL-CHOP
1784554200,2026-07-20,30,23.51833333333333,0.27077598404268455,29192.5,28979.75,273633.0,1,1,29058.5,28996.25,212.75,-62.25,9.046134221529304,1,13,30,US,NORMAL-CHOP
1784556000,2026-07-20,30,32.71125,0.26958879546420733,29048.5,28907.5,266987.0,0,1,28998.5,29030.5,141.0,32.0,4.31044365470595,1,14,0,US,NORMAL-CHOP
1784557800,2026-07-20,30,30.949583333333333,0.0884374437044511,29050.0,28874.25,216329.0,0,1,29044.75,28891.75,175.75,-153.0,5.678590180266293,1,14,30,US,VIOLENT-WHIPSAW
1784559600,2026-07-20,30,29.19125,0.1475734885985446,29025.5,28873.25,163079.0,0,1,28912.5,29015.5,152.25,103.0,5.215603990921937,1,15,0,US,VIOLENT-WHIPSAW
1784561400,2026-07-20,30,20.421666666666667,0.17349291754586185,29065.5,28974.5,111209.0,1,0,29023.75,29051.0,91.0,27.25,4.456051579205092,1,15,30,US,VIOLENT-WHIPSAW
1784563200,2026-07-20,30,17.07375,0.25953790486865075,29118.5,29029.0,90761.0,1,0,29060.0,29084.0,89.5,24.0,5.241965004758767,1,16,0,US,NORMAL-CHOP
1784565000,2026-07-20,30,20.853749999999998,0.26486146039881747,29101.0,28955.5,120950.0,0,0,29083.25,28983.25,145.5,-100.0,6.977162380866751,0,16,30,US,NORMAL-CHOP
1784566800,2026-07-20,30,18.71916666666667,0.2258794732032848,28999.5,28910.5,92060.0,0,1,28992.25,28957.5,89.0,-34.75,4.754485153363308,1,17,0,US,VIOLENT-WHIPSAW
1784568600,2026-07-20,30,17.020416666666666,0.04692354607770381,28983.0,28900.5,77625.0,0,1,28955.5,28957.0,82.5,1.5,4.847119880535631,1,17,30,US,VIOLENT-WHIPSAW
1784570400,2026-07-20,30,15.880416666666667,0.14110734746591547,29010.5,28931.75,80539.0,0,0,28976.25,28948.0,78.75,-28.25,4.95893789520636,0,18,0,US,VIOLENT-WHIPSAW
1784572200,2026-07-20,30,18.489583333333332,0.30151928988878324,28949.25,28855.25,95974.0,0,1,28925.0,28870.75,94.0,-54.25,5.083943661971832,1,18,30,US,BUILDING
1784574000,2026-07-20,30,18.615000000000002,0.2166161749072649,28896.0,28796.25,108200.0,0,1,28893.5,28855.0,99.75,-38.5,5.358581788879935,1,19,0,US,VIOLENT-WHIPSAW
1784575800,2026-07-20,30,22.800833333333333,0.08480082178973104,28894.5,28767.75,114003.0,0,1,28841.0,28785.25,126.75,-55.75,5.559007346222725,1,19,30,US,VIOLENT-WHIPSAW
1784577600,2026-07-20,30,15.407083333333333,0.23753228611918953,28832.0,28750.0,34339.0,0,1,28824.0,28758.5,82.0,-65.5,5.322227330502745,1,20,0,ON,VIOLENT-WHIPSAW
1784579400,2026-07-20,30,5.82875,0.21114190389790405,28785.0,28757.25,8983.0,0,0,28759.75,28777.75,27.75,18.0,4.760883551361784,0,20,30,ON,DEAD-CHOP
1784584800,2026-07-20,30,12.55625,0.320240446509107,28801.75,28704.0,19997.0,0,1,28770.75,28720.0,97.75,-50.75,7.784967645594823,1,22,0,ON,BUILDING
1784586600,2026-07-20,30,9.012083333333333,0.07400429788743483,28734.0,28700.0,15984.0,0,1,28725.75,28717.25,34.0,-8.5,3.7727125618382726,1,22,30,ON,DEAD-CHOP
1784588400,2026-07-20,30,8.766666666666667,0.44736209433678314,28822.5,28706.5,27167.0,1,0,28713.75,28819.75,116.0,106.0,13.231939163498097,1,23,0,ON,BUILDING
1784590200,2026-07-20,30,9.792083333333332,0.3286037137728324,28833.0,28757.5,28948.0,1,0,28818.5,28779.75,75.5,-38.75,7.710310199565977,1,23,30,ON,BUILDING
1784592000,2026-07-21,30,21.480416666666667,0.20109119031658043,28835.0,28706.5,64477.0,1,0,28744.75,28817.25,128.5,72.5,5.982193082846779,1,0,0,ON,VIOLENT-WHIPSAW
1784593800,2026-07-21,30,17.311666666666667,0.36557662927700985,28897.0,28813.75,45181.0,1,0,28825.5,28858.25,83.25,32.75,4.808895735053432,1,0,30,ON,BUILDING
1784595600,2026-07-21,30,15.34125,0.11717342182147332,28912.5,28836.5,40027.0,1,0,28855.75,28891.0,76.0,35.25,4.953963985985497,1,1,0,ON,VIOLENT-WHIPSAW
1784597400,2026-07-21,30,14.24125,0.08913309576600628,28921.25,28866.25,31311.0,1,0,28887.25,28884.0,55.0,-3.25,3.8620205389274114,1,1,30,ON,NORMAL-CHOP
1784599200,2026-07-21,30,13.312083333333334,0.0686765760453555,28940.0,28859.25,31667.0,1,0,28889.0,28894.0,80.75,5.0,6.065917556105042,1,2,0,ON,NORMAL-CHOP
1784601000,2026-07-21,30,10.2125,0.2672021007840583,28956.75,28893.25,22061.0,1,0,28907.75,28954.75,63.5,47.0,6.217870257037943,1,2,30,ON,NORMAL-CHOP
1784602800,2026-07-21,30,7.541250000000001,0.3663562730578352,28997.75,28951.25,17188.0,1,0,28956.5,28995.75,46.5,39.25,6.166086524117354,1,3,0,ON,BUILDING
1784604600,2026-07-21,30,8.85375,0.5247175131206634,29077.75,28992.0,27352.0,1,0,28996.0,29072.5,85.75,76.5,9.685161654666102,1,3,30,ON,CLEAN-TREND
1784606400,2026-07-21,30,10.172500000000001,0.15001797765472935,29089.5,29054.75,19706.0,1,0,29063.25,29066.0,34.75,2.75,3.416072745146227,1,4,0,ON,NORMAL-CHOP
1784608200,2026-07-21,30,7.80875,0.059061497600758024,29076.5,29048.5,13279.0,0,0,29061.75,29055.0,28.0,-6.75,3.585721146150152,0,4,30,ON,DEAD-CHOP
1784610000,2026-07-21,30,7.599583333333333,0.1983886977343043,29070.75,29016.75,17239.0,0,0,29058.0,29066.25,54.0,8.25,7.105652722188717,0,5,0,ON,DEAD-CHOP
1784611800,2026-07-21,30,10.508333333333333,0.21001443467762024,29104.75,29037.25,21101.0,1,0,29062.0,29098.5,67.5,36.5,6.423473433782712,1,5,30,ON,NORMAL-CHOP
1784613600,2026-07-21,30,10.347916666666666,0.29561060963103986,29141.5,29095.5,22654.0,1,0,29105.5,29112.5,46.0,7.0,4.44533923897725,1,6,0,ON,NORMAL-CHOP
1784615400,2026-07-21,30,10.273333333333333,0.13001429998979402,29155.5,29112.0,18912.0,1,0,29118.5,29146.5,43.5,28.0,4.234263465282284,1,6,30,ON,NORMAL-CHOP
1784617200,2026-07-21,30,9.426666666666668,0.15292833925317828,29161.5,29092.5,21713.0,1,0,29145.0,29103.5,69.0,-41.5,7.319660537482319,1,7,0,ON,DEAD-CHOP
1784619000,2026-07-21,30,8.758333333333333,0.1227169723798645,29127.0,29087.75,16105.0,0,0,29089.0,29117.0,39.25,28.0,4.481446241674596,0,7,30,ON,DEAD-CHOP
1784620800,2026-07-21,30,10.5925,0.21667728174552117,29168.75,29104.25,23565.0,1,0,29124.5,29168.75,64.5,44.25,6.089214066556527,1,8,0,ON,NORMAL-CHOP
1784622600,2026-07-21,30,9.24875,0.1650291913889009,29176.75,29149.25,16444.0,1,0,29164.0,29167.25,27.5,3.25,2.9733747803757264,1,8,30,ON,DEAD-CHOP
1784624400,2026-07-21,30,7.911666666666666,0.17190836027752648,29196.5,29162.25,18541.0,1,0,29169.25,29166.25,34.25,-3.0,4.329049926269223,1,9,0,ON,DEAD-CHOP
1784626200,2026-07-21,30,8.434999999999999,0.07719898723976762,29185.25,29150.75,16032.0,0,0,29162.5,29154.0,34.5,-8.5,4.0901007705986965,0,9,30,ON,DEAD-CHOP
1784628000,2026-07-21,30,10.495000000000001,0.056136520110793196,29198.75,29154.75,21592.0,1,0,29158.0,29174.5,44.0,16.5,4.192472606002858,1,10,0,ON,NORMAL-CHOP
1784629800,2026-07-21,30,9.388333333333332,0.08106273335762754,29204.0,29155.25,21892.0,1,0,29170.5,29166.5,48.75,-4.0,5.192614947630038,1,10,30,ON,DEAD-CHOP
1784631600,2026-07-21,30,9.400416666666667,0.25266570968614427,29183.75,29117.0,27044.0,0,1,29168.25,29128.5,66.75,-39.75,7.100749080271265,1,11,0,ON,NORMAL-CHOP
1784633400,2026-07-21,30,10.0975,0.15170451338681656,29182.75,29126.5,23198.0,0,0,29141.0,29153.5,56.25,12.5,5.570685813320129,0,11,30,ON,DEAD-CHOP
1784635200,2026-07-21,30,11.572083333333333,0.09961941233070008,29195.5,29133.25,32681.0,0,0,29161.25,29134.25,62.25,-27.0,5.379325243941958,0,12,0,ON,NORMAL-CHOP
1784637000,2026-07-21,30,11.911666666666667,0.18101083495514006,29187.25,29111.0,38918.0,0,1,29140.5,29172.5,76.25,32.0,6.401287253393032,1,12,30,ON,NORMAL-CHOP
1784638800,2026-07-21,30,9.035833333333333,0.1873985934900017,29224.0,29156.25,37738.0,1,0,29171.25,29222.5,67.75,51.25,7.4979249285253164,1,13,0,ON,DEAD-CHOP
1784640600,2026-07-21,30,29.00375,0.09225526480653753,29246.75,29092.5,356773.0,1,1,29185.5,29152.75,154.25,-32.75,5.318277808904021,1,13,30,US,VIOLENT-WHIPSAW
1784642400,2026-07-21,30,33.0425,0.09970426244862358,29218.5,29063.0,266948.0,0,1,29169.75,29207.5,155.5,37.75,4.706060376787471,1,14,0,US,VIOLENT-WHIPSAW
1784644200,2026-07-21,30,23.93125,0.2294334503340493,29257.75,29162.5,160205.0,1,0,29217.0,29237.25,95.25,20.25,3.980151475581092,1,14,30,US,VIOLENT-WHIPSAW
1784646000,2026-07-21,30,18.340833333333332,0.1996063579105134,29319.75,29181.5,130455.0,1,0,29241.5,29307.5,138.25,66.0,7.537825435049299,1,15,0,US,VIOLENT-WHIPSAW
1784647800,2026-07-21,30,14.619583333333333,0.15194249868872323,29308.75,29255.25,90193.0,0,0,29299.0,29259.25,53.5,-39.75,3.6594750192378944,0,15,30,US,NORMAL-CHOP
1784649600,2026-07-21,30,12.260833333333332,0.1822751716730697,29337.5,29254.25,74709.0,1,0,29272.25,29312.25,83.25,40.0,6.78991368177802,1,16,0,US,NORMAL-CHOP
1784651400,2026-07-21,30,9.790416666666665,0.14255476730716962,29352.0,29302.75,56503.0,1,0,29316.5,29331.25,49.25,14.75,5.030429416521259,1,16,30,US,DEAD-CHOP
1784653200,2026-07-21,30,9.202499999999999,0.16215063945114613,29356.5,29322.75,51135.0,1,0,29343.25,29332.75,33.75,-10.5,3.6674816625916877,1,17,0,US,DEAD-CHOP
1784655000,2026-07-21,30,8.988333333333333,0.07889296307074224,29363.5,29327.5,50660.0,1,0,29343.0,29341.25,36.0,-1.75,4.005191915445948,1,17,30,US,DEAD-CHOP
1784656800,2026-07-21,30,8.647916666666667,0.08916271360624722,29363.0,29319.5,50064.0,0,0,29348.75,29325.25,43.5,-23.5,5.03011322572874,0,18,0,US,DEAD-CHOP
1784658600,2026-07-21,30,8.72125,0.126285951453646,29356.0,29310.5,56958.0,0,0,29323.75,29328.25,45.5,4.5,5.217142038125269,0,18,30,US,DEAD-CHOP
1784660400,2026-07-21,30,9.734166666666665,0.1832687530933915,29336.25,29290.5,58035.0,0,1,29329.5,29293.75,45.75,-35.75,4.699940073623834,1,19,0,US,DEAD-CHOP
1784662200,2026-07-21,30,9.83,0.17612282795576342,29351.25,29290.75,89414.0,0,0,29298.25,29312.0,60.5,13.75,6.154628687690742,0,19,30,US,DEAD-CHOP
1784664000,2026-07-21,30,10.475,0.22370227774257714,29317.0,29283.25,32439.0,0,1,29300.0,29293.0,33.75,-7.0,3.2219570405727924,1,20,0,ON,NORMAL-CHOP
1784665800,2026-07-21,30,4.484166666666667,0.07595436542015381,29302.5,29279.25,11310.0,0,1,29298.25,29290.0,23.25,-8.25,5.184909868054265,1,20,30,ON,DEAD-CHOP
1784671200,2026-07-21,30,8.108333333333333,0.11688728445282903,29311.75,29265.25,19376.0,0,1,29297.5,29270.25,46.5,-27.25,5.734840698869476,1,22,0,ON,DEAD-CHOP
1784673000,2026-07-21,30,7.755833333333333,0.20218818367901636,29283.75,29251.75,17347.0,0,1,29263.25,29274.5,32.0,11.25,4.125926721822284,1,22,30,ON,DEAD-CHOP
1784674800,2026-07-21,30,7.558333333333334,0.15925968831358076,29304.75,29261.5,17925.0,0,0,29267.75,29296.5,43.25,28.75,5.722160970231532,0,23,0,ON,DEAD-CHOP
1784676600,2026-07-21,30,7.957083333333333,0.11513632090803913,29304.0,29266.0,20724.0,0,0,29295.25,29298.0,38.0,2.75,4.77561920720532,0,23,30,ON,DEAD-CHOP
1784678400,2026-07-22,30,13.53875,0.1798196681725763,29337.25,29286.5,40722.0,1,0,29293.0,29299.25,50.75,6.25,3.748499676853476,1,0,0,ON,NORMAL-CHOP
1784680200,2026-07-22,30,12.411249999999999,0.21773925724470325,29305.75,29258.5,30468.0,0,0,29299.0,29288.25,47.25,-10.75,3.8070299123778835,0,0,30,ON,NORMAL-CHOP
1784682000,2026-07-22,30,11.3475,0.18014322789789963,29294.25,29232.75,28557.0,0,1,29257.5,29246.75,61.5,-10.75,5.41969596827495,1,1,0,ON,NORMAL-CHOP
1784683800,2026-07-22,30,10.538333333333332,0.11602025197092179,29306.25,29231.75,28002.0,0,1,29239.25,29276.5,74.5,37.25,7.069429068480153,1,1,30,ON,NORMAL-CHOP
1784685600,2026-07-22,30,11.029583333333333,0.12062762139444473,29285.5,29238.0,24534.0,0,0,29263.0,29276.25,47.5,13.25,4.306599675116165,0,2,0,ON,NORMAL-CHOP
1784687400,2026-07-22,30,9.995416666666667,0.07089339614154001,29277.75,29228.5,20596.0,0,1,29262.25,29239.25,49.25,-23.0,4.927258326733086,1,2,30,ON,DEAD-CHOP
1784689200,2026-07-22,30,9.1875,0.18767850490889684,29262.0,29210.0,21765.0,0,1,29229.5,29261.75,52.0,32.25,5.659863945578231,1,3,0,ON,DEAD-CHOP
1784691000,2026-07-22,30,9.7875,0.16857223335623278,29267.75,29190.25,24257.0,0,1,29252.5,29198.75,77.5,-53.75,7.918263090676884,1,3,30,ON,DEAD-CHOP
1784692800,2026-07-22,30,9.43,0.14977774335478514,29239.0,29188.0,14950.0,0,1,29207.5,29233.25,51.0,25.75,5.408271474019088,1,4,0,ON,DEAD-CHOP
1784694600,2026-07-22,30,8.216666666666667,0.09901350455878695,29234.0,29193.5,13261.0,0,0,29217.5,29221.75,40.5,4.25,4.929006085192698,0,4,30,ON,DEAD-CHOP
1784696400,2026-07-22,30,9.361666666666668,0.19586963445696817,29226.5,29165.25,19295.0,0,1,29216.5,29165.75,61.25,-50.75,6.54263841908492,1,5,0,ON,DEAD-CHOP
1784698200,2026-07-22,30,10.822916666666666,0.15644146285616103,29185.75,29140.25,22348.0,0,1,29172.0,29173.25,45.5,1.25,4.204042348411935,1,5,30,ON,NORMAL-CHOP
1784700000,2026-07-22,30,10.4,0.29866956136796463,29173.0,29060.0,30461.0,0,1,29164.75,29079.25,113.0,-85.5,10.865384615384615,1,6,0,ON,NORMAL-CHOP
1784701800,2026-07-22,30,11.151666666666667,0.19495345634435549,29116.0,29062.75,26488.0,0,0,29078.0,29092.75,53.25,14.75,4.775070990883275,0,6,30,ON,NORMAL-CHOP
1784703600,2026-07-22,30,12.2625,0.11383600657290324,29124.5,29050.5,28735.0,0,1,29101.75,29118.5,74.0,16.75,6.034658511722732,1,7,0,ON,NORMAL-CHOP
1784705400,2026-07-22,30,13.647083333333335,0.15159759569759615,29124.25,29026.0,30791.0,0,1,29088.25,29056.25,98.25,-32.0,7.199340518425792,1,7,30,ON,NORMAL-CHOP
1784707200,2026-07-22,30,15.119166666666667,0.135653080065115,29107.5,29038.75,30067.0,0,0,29069.25,29101.75,68.75,32.5,4.547208289698506,0,8,0,ON,VIOLENT-WHIPSAW
1784709000,2026-07-22,30,10.65,0.12537610912982874,29118.0,29079.5,17571.0,0,0,29113.0,29110.5,38.5,-2.5,3.6150234741784035,0,8,30,ON,NORMAL-CHOP
1784710800,2026-07-22,30,9.969166666666666,0.21339918605847752,29149.75,29106.5,17735.0,1,0,29109.25,29125.5,43.25,16.25,4.338376661372566,1,9,0,ON,DEAD-CHOP
1784712600,2026-07-22,30,8.886666666666667,0.16539159461069514,29128.5,29089.0,17654.0,0,0,29117.25,29127.75,39.5,10.5,4.444861215303826,0,9,30,ON,DEAD-CHOP
1784714400,2026-07-22,30,10.162083333333333,0.19180198222828984,29168.5,29113.5,22556.0,1,0,29136.0,29161.0,55.0,25.0,5.41227602607733,1,10,0,ON,DEAD-CHOP
1784716200,2026-07-22,30,9.988750000000001,0.08609149365307965,29173.5,29133.0,16208.0,1,0,29163.0,29154.25,40.5,-8.75,4.054561381554248,1,10,30,ON,DEAD-CHOP
1784718000,2026-07-22,30,9.884583333333333,0.16422339130313085,29166.0,29099.0,23744.0,0,0,29157.0,29102.25,67.0,-54.75,6.77823209543481,0,11,0,ON,DEAD-CHOP
1784719800,2026-07-22,30,12.859583333333335,0.3003925186197022,29114.0,29017.25,44421.0,0,1,29098.75,29054.75,96.75,-44.0,7.523571914590285,1,11,30,ON,BUILDING
1784721600,2026-07-22,30,12.47625,0.19860609908859306,29072.0,28995.0,36582.0,0,1,29064.0,29027.0,77.0,-37.0,6.17172627993187,1,12,0,ON,NORMAL-CHOP
1784723400,2026-07-22,30,13.7375,0.08350109126324057,29068.5,28961.25,56455.0,0,1,29051.25,29016.75,107.25,-34.5,7.8070973612374885,1,12,30,ON,NORMAL-CHOP
1784725200,2026-07-22,30,13.565833333333334,0.15006880002616013,29099.0,29017.0,35263.0,0,0,29034.0,29089.75,82.0,55.75,6.044597333988574,0,13,0,ON,NORMAL-CHOP
1784727000,2026-07-22,30,23.835416666666667,0.37229141044318226,29278.0,29089.75,272069.0,1,0,29121.5,29277.0,188.25,155.5,7.897911021763831,1,13,30,US,BUILDING
1784728800,2026-07-22,30,24.771250000000002,0.17555178934159604,29284.25,29196.0,216733.0,1,0,29279.25,29219.75,88.25,-59.5,3.5625977695917643,1,14,0,US,VIOLENT-WHIPSAW
1784730600,2026-07-22,30,24.351666666666667,0.07381039345260255,29261.0,29172.5,176461.0,0,0,29229.25,29240.75,88.5,11.5,3.6342481691875985,0,14,30,US,VIOLENT-WHIPSAW
1784732400,2026-07-22,30,17.555833333333332,0.31239316864171374,29342.5,29240.25,118612.0,1,0,29264.0,29325.0,102.25,61.0,5.824274932358666,1,15,0,US,BUILDING
1784734200,2026-07-22,30,14.472083333333334,0.07888153241826788,29335.5,29274.25,102439.0,0,0,29332.75,29330.25,61.25,-2.5,4.232286298332998,0,15,30,US,NORMAL-CHOP
1784736000,2026-07-22,30,11.229583333333332,0.12132966613756742,29335.25,29300.0,59124.0,0,0,29327.0,29311.25,35.25,-15.75,3.1390300916478053,0,16,0,US,NORMAL-CHOP
1784737800,2026-07-22,30,10.224583333333333,0.1547883036450575,29328.5,29276.5,62460.0,0,0,29315.25,29311.0,52.0,-4.25,5.085781816699947,0,16,30,US,NORMAL-CHOP
1784739600,2026-07-22,30,10.452083333333333,0.11282673217089552,29330.75,29294.75,56837.0,0,0,29325.0,29305.75,36.0,-19.25,3.444289415985649,0,17,0,US,NORMAL-CHOP
1784741400,2026-07-22,30,10.651666666666667,0.1759660545329362,29320.25,29234.25,68753.0,0,1,29312.5,29244.0,86.0,-68.5,8.073853856986387,1,17,30,US,NORMAL-CHOP
1784743200,2026-07-22,30,12.745833333333334,0.25023769778412613,29271.0,29222.0,77339.0,0,1,29258.75,29239.25,49.0,-19.5,3.8443935926773456,1,18,0,US,NORMAL-CHOP
1784745000,2026-07-22,30,11.602083333333333,0.0966612503733269,29258.75,29207.75,67559.0,0,1,29228.75,29245.75,51.0,17.0,4.395762255342072,1,18,30,US,NORMAL-CHOP
1784746800,2026-07-22,30,10.829583333333334,0.0779805339381723,29260.75,29215.0,60516.0,0,0,29248.75,29253.5,45.75,4.75,4.224539263591243,0,19,0,US,NORMAL-CHOP
1784748600,2026-07-22,30,12.685833333333333,0.16924714977874236,29254.25,29158.0,93020.0,0,1,29233.5,29160.25,96.25,-73.25,7.587203573540038,1,19,30,US,NORMAL-CHOP
1784750400,2026-07-22,30,31.92,0.10663486297485755,29260.25,29119.0,79408.0,0,1,29203.25,29217.5,141.25,14.25,4.425125313283208,1,20,0,ON,VIOLENT-WHIPSAW
1784752200,2026-07-22,30,13.763333333333332,0.16360409343542365,29224.75,29168.75,18950.0,0,0,29210.75,29169.0,56.0,-41.75,4.068781787357715,0,20,30,ON,NORMAL-CHOP
1784757600,2026-07-22,30,14.126666666666667,0.5166192244141828,29144.0,29060.0,30684.0,0,1,29107.0,29082.25,84.0,-24.75,5.946201038225578,1,22,0,ON,CLEAN-TREND
1784759400,2026-07-22,30,10.111666666666668,0.1355700894717434,29089.0,29039.0,23523.0,0,1,29082.25,29071.75,50.0,-10.5,4.944783253667381,1,22,30,ON,DEAD-CHOP
1784761200,2026-07-22,30,10.645833333333334,0.11315194851836267,29081.0,29025.75,24087.0,0,1,29069.25,29058.5,55.25,-10.75,5.1898238747553815,1,23,0,ON,NORMAL-CHOP
1784763000,2026-07-22,30,8.878333333333334,0.41865185323724874,29144.0,29057.75,29965.0,0,0,29064.0,29142.75,86.25,78.75,9.714661160127651,0,23,30,ON,BUILDING
1784764800,2026-07-23,30,13.877083333333333,0.39578823342217345,29256.5,29132.0,49007.0,1,0,29150.75,29228.0,124.5,77.25,8.9716258819997,1,0,0,ON,BUILDING
1784766600,2026-07-23,30,13.6775,0.2572203029911728,29283.0,29218.25,31470.0,1,0,29220.75,29255.75,64.75,35.0,4.734052275635167,1,0,30,ON,NORMAL-CHOP
1784768400,2026-07-23,30,12.734166666666665,0.12892166381413367,29273.75,29231.75,27224.0,0,0,29250.0,29241.25,42.0,-8.75,3.2982134677049935,0,1,0,ON,NORMAL-CHOP
1784770200,2026-07-23,30,15.350416666666666,0.2097741378974521,29260.5,29175.0,43820.0,0,0,29219.5,29177.0,85.5,-42.5,5.56988138215575,0,1,30,ON,VIOLENT-WHIPSAW
1784772000,2026-07-23,30,13.70875,0.2663136174376019,29200.5,29092.5,35836.0,0,1,29173.0,29105.0,108.0,-68.0,7.878179994529042,1,2,0,ON,NORMAL-CHOP
1784773800,2026-07-23,30,12.290416666666665,0.31143860849943017,29126.25,29058.75,31729.0,0,1,29113.5,29091.75,67.5,-21.75,5.492083940739737,1,2,30,ON,BUILDING
1784775600,2026-07-23,30,12.636249999999999,0.1440440576544641,29097.0,29030.0,29684.0,0,1,29084.5,29084.25,67.0,-0.25,5.302205955089525,1,3,0,ON,NORMAL-CHOP
1784777400,2026-07-23,30,12.661249999999999,0.2296858943509773,29128.0,29071.75,23789.0,0,0,29102.0,29110.75,56.25,8.75,4.442689307927733,0,3,30,ON,NORMAL-CHOP
1784779200,2026-07-23,30,12.147916666666667,0.07332900524363749,29162.5,29067.25,28030.0,1,0,29095.75,29150.75,95.25,55.0,7.840850625964671,1,4,0,ON,NORMAL-CHOP
1784781000,2026-07-23,30,12.407083333333333,0.17719499441930742,29166.0,29112.5,17689.0,1,0,29157.25,29124.75,53.5,-32.5,4.31205292675555,1,4,30,ON,NORMAL-CHOP
1784782800,2026-07-23,30,10.511249999999999,0.24504334499223152,29170.5,29098.5,19982.0,1,0,29114.25,29170.5,72.0,56.25,6.849803781662505,1,5,0,ON,NORMAL-CHOP
1784784600,2026-07-23,30,12.215833333333334,0.20341914948623613,29183.75,29078.5,22142.0,1,0,29173.75,29087.25,105.25,-86.5,8.615867385224094,1,5,30,ON,NORMAL-CHOP
1784786400,2026-07-23,30,12.622916666666667,0.18519412163799537,29117.0,29077.25,19217.0,0,1,29098.5,29108.75,39.75,10.25,3.149034494140947,1,6,0,ON,NORMAL-CHOP
1784788200,2026-07-23,30,10.42875,0.06027405846890513,29119.75,29074.25,16407.0,0,1,29105.75,29083.75,45.5,-22.0,4.362938990770705,1,6,30,ON,NORMAL-CHOP
1784790000,2026-07-23,30,15.770833333333334,0.2988649846834098,29087.5,28953.75,39845.0,0,1,29051.75,29016.0,133.75,-35.75,8.480845442536328,1,7,0,ON,NORMAL-CHOP
1784791800,2026-07-23,30,13.811666666666667,0.2379817270142892,29020.0,28922.0,28132.0,0,1,29009.0,28987.75,98.0,-21.25,7.095450705924942,1,7,30,ON,NORMAL-CHOP
1784793600,2026-07-23,30,14.504583333333333,0.28545758598813115,29061.0,28958.5,29246.0,0,0,28980.0,29050.75,102.5,70.75,7.0667317801844245,0,8,0,ON,NORMAL-CHOP
1784795400,2026-07-23,30,12.4075,0.15278114099396597,29111.0,29028.75,19169.0,1,0,29060.0,29102.75,82.25,42.75,6.629055007052186,1,8,30,ON,NORMAL-CHOP
1784797200,2026-07-23,30,11.8375,0.22126460400363782,29137.75,29077.5,20760.0,1,0,29092.0,29091.25,60.25,-0.75,5.089757127771911,1,9,0,ON,NORMAL-CHOP
1784799000,2026-07-23,30,8.812916666666666,0.21789757569549703,29091.75,29044.5,16657.0,0,0,29084.25,29054.5,47.25,-29.75,5.361448631270389,0,9,30,ON,DEAD-CHOP
1784800800,2026-07-23,30,10.62125,0.14647479614805414,29067.5,29036.75,17262.0,0,0,29046.5,29053.25,30.75,6.75,2.8951394609862304,0,10,0,ON,NORMAL-CHOP
1784802600,2026-07-23,30,10.945833333333333,0.33104445942551364,29122.75,29046.25,21280.0,0,0,29077.75,29103.0,76.5,25.25,6.988960791777694,0,10,30,ON,BUILDING
1784804400,2026-07-23,30,11.301666666666668,0.359146840292793,29107.75,28992.5,30369.0,0,1,29087.5,28994.5,115.25,-93.0,10.197610971833063,1,11,0,ON,BUILDING
1784806200,2026-07-23,30,14.955,0.46956377468306165,29002.0,28913.25,47232.0,0,1,28993.0,28964.75,88.75,-28.25,5.934470076897359,1,11,30,ON,CLEAN-TREND
1784808000,2026-07-23,30,16.65125,0.15407573467739397,28967.25,28852.75,45521.0,0,1,28953.0,28865.75,114.5,-87.25,6.876360633586066,1,12,0,ON,VIOLENT-WHIPSAW
1784809800,2026-07-23,30,19.197499999999998,0.40123652178856895,28875.5,28753.25,73352.0,0,1,28860.0,28787.25,122.25,-72.75,6.368016668837089,1,12,30,ON,BUILDING
1784811600,2026-07-23,30,18.571666666666665,0.21770423042204526,28804.75,28695.75,83260.0,0,1,28794.5,28718.75,109.0,-75.75,5.869155523647133,1,13,0,ON,VIOLENT-WHIPSAW
1784813400,2026-07-23,30,32.93958333333333,0.164761486942446,28883.75,28656.0,381737.0,0,1,28686.5,28707.5,227.75,21.0,6.914173676554298,1,13,30,US,VIOLENT-WHIPSAW
1784815200,2026-07-23,30,41.60625,0.09313511469879336,28801.75,28678.0,288281.0,0,0,28747.25,28732.75,123.75,-14.5,2.974312753492564,0,14,0,US,VIOLENT-WHIPSAW
1784817000,2026-07-23,30,39.514583333333334,0.13443730538982077,28773.25,28577.5,274258.0,0,1,28730.5,28597.0,195.75,-133.5,4.953867243106448,1,14,30,US,VIOLENT-WHIPSAW
1784818800,2026-07-23,30,24.821666666666665,0.33284508923163597,28605.0,28448.25,206289.0,0,1,28587.5,28467.25,156.75,-120.25,6.315047337675418,1,15,0,US,BUILDING
1784820600,2026-07-23,30,26.83125,0.1396196913691325,28590.0,28432.5,146480.0,0,1,28447.5,28588.0,157.5,140.5,5.870020964360587,1,15,30,US,VIOLENT-WHIPSAW
1784822400,2026-07-23,30,21.440416666666668,0.4012054685629797,28715.5,28573.0,120291.0,0,0,28597.5,28707.0,142.5,109.5,6.646326058650912,0,16,0,US,BUILDING
1784824200,2026-07-23,30,19.38875,0.2526369042442523,28739.0,28609.5,109827.0,0,0,28696.25,28641.5,129.5,-54.75,6.679130939333375,0,16,30,US,NORMAL-CHOP
1784826000,2026-07-23,30,22.909166666666668,0.1696061967998762,28677.5,28587.75,106282.0,0,0,28657.0,28653.0,89.75,-4.0,3.917645774980903,0,17,0,US,VIOLENT-WHIPSAW
1784827800,2026-07-23,30,19.9125,0.15197179975223146,28656.75,28565.5,87242.0,0,1,28649.0,28567.25,91.25,-81.75,4.58254865034526,1,17,30,US,VIOLENT-WHIPSAW
1784829600,2026-07-23,30,16.792916666666667,0.17776276532343546,28584.5,28542.25,71313.0,0,1,28571.0,28574.75,42.25,3.75,2.5159417413095797,1,18,0,US,VIOLENT-WHIPSAW
1784831400,2026-07-23,30,15.40625,0.07439789941113623,28603.25,28524.25,66478.0,0,1,28579.25,28550.0,79.0,-29.25,5.127789046653144,1,18,30,US,VIOLENT-WHIPSAW
1784833200,2026-07-23,30,13.978333333333333,0.1915993105727636,28594.75,28501.0,67444.0,0,1,28554.75,28583.0,93.75,28.25,6.706808155478717,1,19,0,US,NORMAL-CHOP
1784835000,2026-07-23,30,18.540000000000003,0.08924031248363822,28633.25,28485.75,115831.0,1,1,28589.0,28614.25,147.5,25.25,7.955771305285867,1,19,30,US,VIOLENT-WHIPSAW
1784836800,2026-07-23,30,22.867916666666666,0.5167125276774935,28777.5,28613.25,73052.0,1,0,28677.75,28769.0,164.25,91.25,7.1825519741996615,1,20,0,ON,CLEAN-TREND
1784838600,2026-07-23,30,10.31,0.20993224769613766,28782.0,28725.25,20847.0,1,0,28758.0,28740.75,56.75,-17.25,5.504364694471387,1,20,30,ON,NORMAL-CHOP
1784844000,2026-07-23,30,12.698333333333332,0.463486612361147,28709.5,28622.0,24339.0,0,0,28690.5,28662.75,87.5,-27.75,6.890668066675417,0,22,0,ON,BUILDING
1784845800,2026-07-23,30,10.574166666666667,0.2288833061663293,28732.75,28662.75,18532.0,0,0,28685.5,28730.25,70.0,44.75,6.619907006068248,0,22,30,ON,NORMAL-CHOP
1784847600,2026-07-23,30,9.39625,0.14693467839021665,28734.75,28687.5,18522.0,0,0,28732.5,28700.25,47.25,-32.25,5.028601835838765,0,23,0,ON,DEAD-CHOP
1784849400,2026-07-23,30,10.938333333333333,0.15448686851969812,28710.75,28655.5,26862.0,0,0,28695.25,28679.25,55.25,-16.0,5.051043730001524,0,23,30,ON,NORMAL-CHOP
1784851200,2026-07-24,30,20.145416666666666,0.1251704587069691,28725.0,28615.5,55150.0,0,1,28693.25,28644.75,109.5,-48.5,5.435479534219943,1,0,0,ON,VIOLENT-WHIPSAW
1784853000,2026-07-24,30,16.890416666666667,0.10620025637873277,28680.0,28620.5,33747.0,0,0,28633.5,28671.0,59.5,37.5,3.522707649801416,0,0,30,ON,VIOLENT-WHIPSAW
1784854800,2026-07-24,30,16.76625,0.09461166003850471,28701.75,28641.0,39819.0,0,0,28671.75,28656.0,60.75,-15.75,3.6233504808767614,0,1,0,ON,VIOLENT-WHIPSAW
1784856600,2026-07-24,30,16.52,0.08071719687080552,28685.25,28608.5,30758.0,0,1,28662.75,28614.0,76.75,-48.75,4.6458837772397095,1,1,30,ON,VIOLENT-WHIPSAW
1784858400,2026-07-24,30,13.3575,0.24180197623214353,28632.0,28586.25,30476.0,0,1,28615.25,28594.25,45.75,-21.0,3.425042111173498,1,2,0,ON,NORMAL-CHOP
1784860200,2026-07-24,30,12.235416666666667,0.32675718010799776,28598.75,28516.25,29828.0,0,1,28596.25,28519.75,82.5,-76.5,6.742720926272773,1,2,30,ON,BUILDING
1784862000,2026-07-24,30,12.4025,0.12177340006083158,28561.5,28518.25,26593.0,0,0,28535.25,28544.75,43.25,9.5,3.487200161257811,0,3,0,ON,NORMAL-CHOP
1784863800,2026-07-24,30,12.87375,0.1735322962492132,28556.0,28481.0,27512.0,0,1,28544.5,28485.5,75.0,-59.0,5.825808330905914,1,3,30,ON,NORMAL-CHOP
1784865600,2026-07-24,30,12.203333333333335,0.17391998564699096,28556.75,28466.25,25925.0,0,1,28476.0,28551.25,90.5,75.25,7.416006555585905,1,4,0,ON,NORMAL-CHOP
1784867400,2026-07-24,30,11.3375,0.1739469564327486,28571.5,28511.75,21349.0,1,0,28548.0,28565.0,59.75,17.0,5.2701212789415655,1,4,30,ON,NORMAL-CHOP
1784869200,2026-07-24,30,12.824166666666667,0.24094102990049365,28603.25,28547.75,23526.0,1,0,28559.75,28582.75,55.5,23.0,4.327766586522841,1,5,0,ON,NORMAL-CHOP
1784871000,2026-07-24,30,11.71875,0.11949067643574982,28607.25,28543.5,21072.0,1,0,28579.25,28545.25,63.75,-34.0,5.44,1,5,30,ON,NORMAL-CHOP
1784872800,2026-07-24,30,11.167083333333332,0.26720378711725024,28576.25,28502.75,25420.0,0,0,28541.25,28536.25,73.5,-5.0,6.58184396104623,0,6,0,ON,NORMAL-CHOP
1784874600,2026-07-24,30,12.864166666666668,0.11500254390489019,28561.0,28481.5,22458.0,0,1,28528.0,28544.75,79.5,16.75,6.179957245578803,1,6,30,ON,NORMAL-CHOP
1784876400,2026-07-24,30,13.800416666666667,0.4424556883831968,28663.5,28540.0,30918.0,1,0,28554.5,28652.25,123.5,97.75,8.949005162887595,1,7,0,ON,BUILDING
1784878200,2026-07-24,30,11.352083333333333,0.22694032888613666,28658.5,28610.0,17294.0,0,0,28654.75,28615.75,48.5,-39.0,4.272343549275097,0,7,30,ON,NORMAL-CHOP
1784880000,2026-07-24,30,12.1575,0.2854929279471412,28623.0,28557.0,29908.0,0,0,28610.75,28622.5,66.0,11.75,5.428747686613201,0,8,0,ON,NORMAL-CHOP
1784881800,2026-07-24,30,11.809166666666666,0.2053162550537959,28649.5,28608.75,20310.0,0,0,28621.5,28620.5,40.75,-1.0,3.450709194834521,0,8,30,ON,NORMAL-CHOP
1784883600,2026-07-24,30,12.993333333333334,0.11780883721622327,28681.5,28610.75,23613.0,1,0,28616.0,28672.75,70.75,56.75,5.445100051308363,1,9,0,ON,NORMAL-CHOP
1784885400,2026-07-24,30,9.940416666666666,0.24718243024182066,28704.25,28662.75,17585.0,1,0,28672.5,28699.75,41.5,27.25,4.1748752986544835,1,9,30,ON,NORMAL-CHOP
1784887200,2026-07-24,30,8.46875,0.18957899949262472,28705.75,28653.75,17299.0,1,0,28703.25,28667.25,52.0,-36.0,6.1402214022140225,1,10,0,ON,DEAD-CHOP
1784889000,2026-07-24,30,9.862083333333334,0.13765334973254303,28685.75,28633.0,17922.0,0,0,28670.5,28639.25,52.75,-31.25,5.348768431281423,0,10,30,ON,DEAD-CHOP
1784890800,2026-07-24,30,10.134583333333333,0.06402591656123162,28667.0,28631.75,19874.0,0,0,28638.25,28643.5,35.25,5.25,3.478189368087818,0,11,0,ON,DEAD-CHOP
1784892600,2026-07-24,30,10.989583333333334,0.17237799584375185,28699.0,28601.0,32309.0,0,1,28637.25,28678.0,98.0,40.75,8.917535545023696,1,11,30,ON,NORMAL-CHOP
1784894400,2026-07-24,30,16.882916666666667,0.15202267088272076,28695.25,28625.0,42681.0,0,0,28666.25,28686.75,70.25,20.5,4.161010883782916,0,12,0,ON,VIOLENT-WHIPSAW
1784896200,2026-07-24,30,12.72,0.2543439880332067,28689.0,28588.0,36334.0,0,1,28679.5,28591.75,101.0,-87.75,7.9402515723270435,1,12,30,ON,NORMAL-CHOP
1784898000,2026-07-24,30,11.014999999999999,0.2848007784557917,28616.0,28538.0,53619.0,0,1,28587.0,28540.0,78.0,-47.0,7.081252837040401,1,13,0,ON,NORMAL-CHOP
1784899800,2026-07-24,30,32.49791666666667,0.28088671210752064,28622.25,28313.25,368671.0,0,1,28530.5,28323.0,309.0,-207.5,9.508301814218859,1,13,30,US,NORMAL-CHOP
1784901600,2026-07-24,30,39.55916666666667,0.1861457042450782,28451.75,28299.0,325428.0,0,1,28374.75,28391.75,152.75,17.0,3.8613047966126683,1,14,0,US,VIOLENT-WHIPSAW
1784903400,2026-07-24,30,34.61541666666667,0.117288656970832,28461.75,28254.25,241555.0,0,1,28347.25,28449.0,207.5,101.75,5.994438894038061,1,14,30,US,VIOLENT-WHIPSAW
1784905200,2026-07-24,30,38.412083333333335,0.2234257029593839,28556.75,28355.0,246214.0,0,0,28467.75,28500.25,201.75,32.5,5.252253522654547,0,15,0,US,VIOLENT-WHIPSAW
1784907000,2026-07-24,30,28.940833333333334,0.12457671896528377,28583.75,28483.75,149643.0,1,0,28509.5,28576.5,100.0,67.0,3.4553255204584064,1,15,30,US,VIOLENT-WHIPSAW
1784908800,2026-07-24,30,20.519583333333333,0.1483551634114879,28631.25,28548.75,108903.0,1,0,28558.25,28565.25,82.5,7.0,4.0205494750949295,1,16,0,US,VIOLENT-WHIPSAW
1784910600,2026-07-24,30,17.896250000000002,0.32783380404394447,28569.25,28460.5,97629.0,0,0,28539.0,28494.75,108.75,-44.25,6.076692044422714,0,16,30,US,BUILDING
1784912400,2026-07-24,30,18.7875,0.1977539054188718,28522.5,28427.0,107879.0,0,0,28488.75,28514.75,95.5,26.0,5.083166999334663,0,17,0,US,VIOLENT-WHIPSAW
1784914200,2026-07-24,30,17.037083333333335,0.12069688492044091,28544.25,28452.0,79864.0,0,0,28510.5,28466.5,92.25,-44.0,5.414659199295653,0,17,30,US,VIOLENT-WHIPSAW
1784916000,2026-07-24,30,15.932916666666667,0.32392123187811916,28487.0,28333.25,78870.0,0,1,28478.75,28337.0,153.75,-141.75,9.64983393917205,1,18,0,US,BUILDING
1784917800,2026-07-24,30,19.428333333333335,0.5148881707623504,28346.25,28259.0,115308.0,0,1,28332.5,28302.0,87.25,-30.5,4.490863858625718,1,18,30,US,CLEAN-TREND
1784919600,2026-07-24,30,19.852083333333333,0.19513823606950964,28329.75,28212.5,111522.0,0,1,28305.0,28253.25,117.25,-51.75,5.906181131283451,1,19,0,US,VIOLENT-WHIPSAW
1784921400,2026-07-24,30,20.151666666666664,0.09382211846899037,28303.0,28223.25,133105.0,0,0,28257.75,28283.25,79.75,25.5,3.957489041435779,0,19,30,US,VIOLENT-WHIPSAW
1784923200,2026-07-24,30,17.230416666666667,0.14384768215304178,28329.25,28260.0,40288.0,0,0,28286.75,28304.75,69.25,18.0,4.019055449423258,0,20,0,ON,VIOLENT-WHIPSAW
1784925000,2026-07-24,30,8.450416666666666,0.09710522867217472,28313.0,28284.75,15929.0,0,0,28293.0,28306.75,28.25,13.75,3.3430304225629905,0,20,30,ON,DEAD-CHOP
1785110400,2026-07-27,30,31.42375,0.5142901079501407,28732.5,28581.25,74203.0,1,0,28709.25,28617.0,151.25,-92.25,4.813238394526433,1,0,0,ON,CLEAN-TREND
1785112200,2026-07-27,30,17.76833333333333,0.09488095091329454,28656.75,28595.0,42277.0,0,0,28627.5,28597.75,61.75,-29.75,3.4752837444892606,0,0,30,ON,VIOLENT-WHIPSAW
1785114000,2026-07-27,30,17.6125,0.1498071812138419,28635.0,28525.25,47273.0,0,0,28608.25,28538.75,109.75,-69.5,6.231369765791341,0,1,0,ON,VIOLENT-WHIPSAW
1785115800,2026-07-27,30,18.749166666666667,0.11737124022273232,28621.5,28535.25,40951.0,0,0,28549.5,28614.25,86.25,64.75,4.600204453531268,0,1,30,ON,VIOLENT-WHIPSAW
1785117600,2026-07-27,30,15.686666666666667,0.10327653367471,28653.0,28587.0,31539.0,0,0,28610.75,28639.0,66.0,28.25,4.207394815129621,0,2,0,ON,VIOLENT-WHIPSAW
1785119400,2026-07-27,30,12.862083333333334,0.11091520601811142,28658.25,28606.0,23408.0,1,0,28617.5,28614.75,52.25,-2.75,4.062327901778483,1,2,30,ON,NORMAL-CHOP
1785121200,2026-07-27,30,11.279583333333333,0.10475652958160789,28650.75,28603.75,21938.0,0,0,28635.75,28619.25,47.0,-16.5,4.166820582911603,0,3,0,ON,NORMAL-CHOP
1785123000,2026-07-27,30,10.939583333333333,0.10806949630754413,28636.75,28593.25,20057.0,0,0,28601.25,28613.25,43.5,12.0,3.976385450390402,0,3,30,ON,NORMAL-CHOP
1785124800,2026-07-27,30,11.3,0.09923471195583519,28647.25,28597.5,16968.0,0,0,28620.75,28620.5,49.75,-0.25,4.402654867256637,0,4,0,ON,NORMAL-CHOP
1785126600,2026-07-27,30,10.19,0.14032556325261855,28663.5,28609.25,14428.0,1,0,28613.75,28644.75,54.25,31.0,5.323846908734053,1,4,30,ON,NORMAL-CHOP
1785128400,2026-07-27,30,8.909583333333334,0.18466967247215338,28684.5,28636.75,13027.0,1,0,28647.75,28679.25,47.75,31.5,5.359397652340644,1,5,0,ON,DEAD-CHOP
1785130200,2026-07-27,30,8.029166666666667,0.23499511846492666,28705.5,28673.75,13626.0,1,0,28676.0,28694.75,31.75,18.75,3.95433316035288,1,5,30,ON,NORMAL-CHOP
1785132000,2026-07-27,30,7.640833333333333,0.19932580692562898,28728.5,28693.75,16327.0,1,0,28702.5,28697.5,34.75,-5.0,4.547933253353692,1,6,0,ON,DEAD-CHOP
1785133800,2026-07-27,30,6.892083333333333,0.12613632055566432,28715.0,28680.25,13671.0,0,0,28696.75,28693.5,34.75,-3.25,5.04201680672269,0,6,30,ON,DEAD-CHOP
1785135600,2026-07-27,30,9.726666666666667,0.11389940771527789,28732.0,28689.0,19049.0,1,0,28714.75,28704.75,43.0,-10.0,4.4208361891706645,1,7,0,ON,DEAD-CHOP
1785137400,2026-07-27,30,9.44,0.1774521498483213,28705.75,28661.25,19722.0,0,1,28693.5,28662.0,44.5,-31.5,4.713983050847458,1,7,30,ON,DEAD-CHOP
1785139200,2026-07-27,30,11.287083333333333,0.08019643920580637,28724.5,28658.75,21798.0,0,1,28679.0,28720.5,65.75,41.5,5.825242718446602,1,8,0,ON,NORMAL-CHOP
1785141000,2026-07-27,30,8.55875,0.2904396341822286,28749.0,28702.75,16977.0,1,0,28718.0,28736.5,46.25,18.5,5.403826493354754,1,8,30,ON,NORMAL-CHOP
1785142800,2026-07-27,30,7.171666666666667,0.07167235536395897,28739.25,28719.75,12454.0,0,0,28721.25,28726.0,19.5,4.75,2.719033232628399,0,9,0,ON,DEAD-CHOP
1785144600,2026-07-27,30,7.707083333333333,0.141651302852039,28763.75,28718.0,14383.0,1,0,28719.25,28744.5,45.75,25.25,5.936097745580365,1,9,30,ON,DEAD-CHOP
1785146400,2026-07-27,30,6.520416666666667,0.1477981890638084,28754.0,28726.75,11852.0,0,0,28746.0,28738.0,27.25,-8.0,4.179180778324493,0,10,0,ON,DEAD-CHOP
1785148200,2026-07-27,30,6.00875,0.10850739474316497,28758.75,28733.25,9928.0,0,0,28740.0,28741.0,25.5,1.0,4.243811108799667,0,10,30,ON,DEAD-CHOP
1785150000,2026-07-27,30,7.8966666666666665,0.3304406907114112,28744.5,28649.0,24834.0,0,1,28728.75,28652.75,95.5,-76.0,12.093710426340229,1,11,0,ON,BUILDING
1785151800,2026-07-27,30,10.864166666666668,0.21191693161070838,28685.5,28645.75,24783.0,0,1,28672.75,28672.75,39.75,0.0,3.658817212548899,1,11,30,ON,NORMAL-CHOP
1785153600,2026-07-27,30,9.414583333333333,0.16478760681140164,28697.75,28628.75,31624.0,0,1,28682.5,28650.0,69.0,-32.5,7.329055100685993,1,12,0,ON,DEAD-CHOP
1785155400,2026-07-27,30,10.0625,0.21881419977253058,28693.0,28631.25,30267.0,0,0,28655.25,28691.0,61.75,35.75,6.136645962732919,0,12,30,ON,DEAD-CHOP
1785157200,2026-07-27,30,11.207500000000001,0.17903063406275957,28702.75,28588.0,48614.0,0,1,28683.25,28590.0,114.75,-93.25,10.238679455721615,1,13,0,ON,NORMAL-CHOP
1785159000,2026-07-27,30,34.73041666666666,0.3872017651328986,28617.0,28341.5,393006.0,0,1,28580.5,28347.0,275.5,-233.5,7.932527923410076,1,13,30,US,BUILDING
1785160800,2026-07-27,30,38.26875,0.3833744102124612,28372.5,28075.5,322583.0,0,1,28368.5,28086.5,297.0,-282.0,7.760901518863303,1,14,0,US,BUILDING
1785162600,2026-07-27,30,40.98833333333334,0.3680952020882429,28180.5,27938.5,367124.0,0,1,28074.0,28170.5,242.0,96.5,5.904119058268613,1,14,30,US,BUILDING
1785164400,2026-07-27,30,35.50208333333333,0.19039809398120655,28198.75,28044.5,234389.0,0,0,28176.0,28072.5,154.25,-103.5,4.344815445102987,0,15,0,US,VIOLENT-WHIPSAW
1785166200,2026-07-27,30,29.104166666666668,0.24162153016566726,28085.5,27980.25,174203.0,0,0,28064.0,28062.5,105.25,-1.5,3.6163206871868288,0,15,30,US,VIOLENT-WHIPSAW
1785168000,2026-07-27,30,26.23125,0.2345778420584108,28204.5,28044.5,167979.0,1,0,28067.5,28154.75,160.0,87.25,6.099594948772933,1,16,0,US,VIOLENT-WHIPSAW
1785169800,2026-07-27,30,28.67125,0.1339595756345002,28196.25,28025.0,111266.0,0,0,28174.75,28047.25,171.25,-127.5,5.97288224266469,0,16,30,US,VIOLENT-WHIPSAW
1785171600,2026-07-27,30,21.31833333333333,0.32467703627776856,28056.25,27986.75,92201.0,0,0,28049.5,27998.25,69.5,-51.25,3.260104761160191,0,17,0,US,BUILDING
1785173400,2026-07-27,30,20.741666666666667,0.11555032138350292,28106.25,27997.25,87965.0,0,0,28009.5,28104.5,109.0,95.0,5.255122539172358,0,17,30,US,VIOLENT-WHIPSAW
1785175200,2026-07-27,30,18.5125,0.13983471763718336,28121.5,28049.25,77273.0,0,0,28097.0,28082.0,72.25,-15.0,3.9027683997299123,0,18,0,US,VIOLENT-WHIPSAW
1785177000,2026-07-27,30,20.025,0.1910368357191758,28191.0,28018.75,104028.0,1,0,28060.75,28188.25,172.25,127.5,8.601747815230961,1,18,30,US,VIOLENT-WHIPSAW
1785178800,2026-07-27,30,19.342499999999998,0.36494629962531416,28244.75,28164.75,81960.0,1,0,28173.0,28243.25,80.0,70.25,4.135970014217397,1,19,0,US,BUILDING
1785180600,2026-07-27,30,18.188750000000002,0.16306041245242586,28255.0,28154.25,94733.0,1,0,28242.25,28192.75,100.75,-49.5,5.539138203559892,1,19,30,US,VIOLENT-WHIPSAW
1785182400,2026-07-27,30,14.068333333333333,0.07419166078125983,28220.0,28169.25,30839.0,0,0,28205.0,28194.5,50.75,-10.5,3.6073924890415827,0,20,0,ON,NORMAL-CHOP
1785184200,2026-07-27,30,7.607916666666667,0.1387167396223892,28231.0,28186.5,12587.0,0,0,28192.5,28210.25,44.5,17.75,5.849170272194534,0,20,30,ON,DEAD-CHOP
1785189600,2026-07-27,30,9.653333333333334,0.3165789126490254,28229.0,28125.25,23317.0,0,1,28207.75,28129.25,103.75,-78.5,10.747582872928175,1,22,0,ON,BUILDING
1785191400,2026-07-27,30,9.074166666666667,0.21481571739346844,28157.75,28124.25,16585.0,0,1,28138.25,28132.0,33.5,-6.25,3.6917990632748645,1,22,30,ON,DEAD-CHOP
1785193200,2026-07-27,30,9.4775,0.0909507216996171,28163.5,28105.0,22296.0,0,1,28130.0,28161.25,58.5,31.25,6.172513848588763,1,23,0,ON,DEAD-CHOP
1785195000,2026-07-27,30,10.022916666666667,0.12780424943209762,28178.75,28120.75,22325.0,0,0,28158.0,28163.25,58.0,5.25,5.786738723758054,0,23,30,ON,DEAD-CHOP
1785196800,2026-07-28,30,20.08,0.13550158770879575,28195.0,28068.25,54930.0,0,1,28171.0,28104.0,126.75,-67.0,6.312250996015937,1,0,0,ON,VIOLENT-WHIPSAW
1785198600,2026-07-28,30,19.704166666666666,0.10060805624045684,28139.75,28055.0,44123.0,0,1,28074.0,28071.0,84.75,-3.0,4.301120744343414,1,0,30,ON,VIOLENT-WHIPSAW
1785200400,2026-07-28,30,18.154166666666665,0.28485179132597077,28078.75,27969.25,54383.0,0,1,28060.5,28058.75,109.5,-1.75,6.031673169612119,1,1,0,ON,NORMAL-CHOP
1785202200,2026-07-28,30,17.38625,0.1672891776935356,28097.0,28007.75,36540.0,0,0,28056.25,28020.25,89.25,-36.0,5.13336688475088,0,1,30,ON,VIOLENT-WHIPSAW
1785204000,2026-07-28,30,14.34625,0.2552658899519563,28030.25,27972.5,38005.0,0,0,27998.75,27987.25,57.75,-11.5,4.025442188725277,0,2,0,ON,NORMAL-CHOP
1785205800,2026-07-28,30,15.645000000000001,0.09235267404237911,28007.25,27951.5,33563.0,0,1,27985.0,27992.75,55.75,7.75,3.563438798338127,1,2,30,ON,VIOLENT-WHIPSAW
1785207600,2026-07-28,30,14.6,0.11733867832042513,28046.75,27932.5,39120.0,0,1,27971.5,27987.0,114.25,15.5,7.825342465753425,1,3,0,ON,NORMAL-CHOP
1785209400,2026-07-28,30,16.86375,0.18821188849016665,28071.0,27951.5,32736.0,0,0,27964.25,28048.75,119.5,84.5,7.0862056185605224,0,3,30,ON,VIOLENT-WHIPSAW
1785211200,2026-07-28,30,13.430833333333334,0.251488518905408,28049.0,27970.0,21020.0,0,0,28040.5,27973.75,79.0,-66.75,5.881987963020413,0,4,0,ON,NORMAL-CHOP
1785213000,2026-07-28,30,12.090416666666666,0.20611362446226514,28003.75,27951.25,15796.0,0,0,27968.5,27956.25,52.5,-12.25,4.3422821104869564,0,4,30,ON,NORMAL-CHOP
1785214800,2026-07-28,30,11.9475,0.1454333075956273,27984.0,27914.25,19790.0,0,1,27969.5,27920.25,69.75,-49.25,5.838041431261771,1,5,0,ON,NORMAL-CHOP
1785216600,2026-07-28,30,12.564166666666667,0.3042280015195394,27924.25,27871.25,27679.0,0,1,27907.5,27881.25,53.0,-26.25,4.2183458247662005,1,5,30,ON,BUILDING
1785218400,2026-07-28,30,13.411666666666667,0.17206065931535475,27908.5,27839.25,34128.0,0,1,27889.0,27902.25,69.25,13.25,5.163414937243693,1,6,0,ON,NORMAL-CHOP
1785220200,2026-07-28,30,14.141250000000001,0.22704721582098394,27959.0,27892.0,23482.0,0,0,27897.0,27945.75,67.0,48.75,4.737912136480155,0,6,30,ON,NORMAL-CHOP
1785222000,2026-07-28,30,13.482916666666666,0.21851333874609255,27988.25,27934.25,24173.0,1,0,27956.0,27943.25,54.0,-12.75,4.005068141784357,1,7,0,ON,NORMAL-CHOP
1785223800,2026-07-28,30,13.146666666666667,0.13214011940780238,27962.0,27907.5,21687.0,0,0,27938.25,27932.5,54.5,-5.75,4.145537525354969,0,7,30,ON,NORMAL-CHOP
1785225600,2026-07-28,30,18.063750000000002,0.12765101397200151,28008.0,27879.25,34906.0,1,0,27912.5,28002.5,128.75,90.0,7.127534426683273,1,8,0,ON,VIOLENT-WHIPSAW
1785227400,2026-07-28,30,16.202083333333334,0.2597461300184056,28052.75,27974.0,23517.0,1,0,27978.5,27994.0,78.75,15.5,4.86048604860486,1,8,30,ON,NORMAL-CHOP
1785229200,2026-07-28,30,12.065,0.12813037724544687,28018.5,27981.5,12875.0,0,0,27996.0,28013.0,37.0,17.0,3.06672192291753,0,9,0,ON,NORMAL-CHOP
1785231000,2026-07-28,30,9.81125,0.1845724045242858,28013.5,27941.75,12814.0,0,0,27994.0,27956.5,71.75,-37.5,7.313033507453179,0,9,30,ON,DEAD-CHOP
1785232800,2026-07-28,30,9.693333333333333,0.15694342721730833,27969.75,27933.25,12026.0,0,1,27956.25,27968.5,36.5,12.25,3.7654745529573592,1,10,0,ON,DEAD-CHOP
1785234600,2026-07-28,30,14.1025,0.09120812146623834,27981.25,27904.25,22978.0,0,1,27977.5,27944.25,77.0,-33.25,5.460024818294629,1,10,30,ON,NORMAL-CHOP
1785236400,2026-07-28,30,16.57875,0.14732299014130398,27958.75,27864.75,35487.0,0,1,27935.5,27883.75,94.0,-51.75,5.6699087687551835,1,11,0,ON,VIOLENT-WHIPSAW
1785238200,2026-07-28,30,17.540000000000003,0.08931665406558226,27974.0,27849.0,29913.0,0,1,27877.25,27963.5,125.0,86.25,7.126567844925883,1,11,30,ON,VIOLENT-WHIPSAW
1785240000,2026-07-28,30,15.747083333333334,0.32560230593719314,28019.0,27946.75,29413.0,1,0,27967.5,28010.5,72.25,43.0,4.588151244939539,1,12,0,ON,BUILDING
1785241800,2026-07-28,30,18.905416666666667,0.0927660100796605,28034.0,27955.75,35639.0,1,0,28023.0,27993.75,78.25,-29.25,4.139025411588389,1,12,30,ON,VIOLENT-WHIPSAW
1785243600,2026-07-28,30,14.8875,0.11293991719335866,28028.5,27937.75,43261.0,0,0,27987.0,27952.5,90.75,-34.5,6.095717884130982,0,13,0,ON,NORMAL-CHOP
1785245400,2026-07-28,30,39.07958333333333,0.415482388534604,27993.0,27640.25,367431.0,0,1,27943.25,27666.0,352.75,-277.25,9.02645243146997,1,13,30,US,BUILDING
1785247200,2026-07-28,30,48.24625,0.11761715129343457,27793.0,27603.25,280949.0,0,1,27725.75,27706.25,189.75,-19.5,3.932948156592481,1,14,0,US,VIOLENT-WHIPSAW
1785249000,2026-07-28,30,38.59791666666667,0.18810562819440857,27892.5,27668.75,212566.0,0,0,27685.75,27802.5,223.75,116.75,5.79694499919037,0,14,30,US,VIOLENT-WHIPSAW
1785250800,2026-07-28,30,32.32083333333333,0.21271072849756753,28010.75,27767.25,191717.0,1,0,27833.5,27964.5,243.5,131.0,7.533840402217352,1,15,0,US,VIOLENT-WHIPSAW
1785252600,2026-07-28,30,21.844583333333333,0.41832396281399137,28062.75,27948.75,123370.0,1,0,27956.75,28048.5,114.0,91.75,5.218685028706583,1,15,30,US,BUILDING
1785254400,2026-07-28,30,19.389583333333334,0.13151647347021664,28068.75,27984.5,100030.0,1,0,28062.75,27994.75,84.25,-68.0,4.345116578919093,1,16,0,US,VIOLENT-WHIPSAW
1785256200,2026-07-28,30,20.455,0.15181729235882352,28079.75,27954.0,101066.0,1,0,27963.75,28057.75,125.75,94.0,6.1476411635297,1,16,30,US,VIOLENT-WHIPSAW
1785258000,2026-07-28,30,19.488333333333333,0.17452662614119988,28066.5,27968.75,92657.0,0,0,28054.75,27996.0,97.75,-58.75,5.015821431625759,0,17,0,US,VIOLENT-WHIPSAW
1785259800,2026-07-28,30,18.60666666666667,0.12504513516390692,28042.25,27924.5,74700.0,0,1,28000.0,27974.0,117.75,-26.0,6.328376925833034,1,17,30,US,VIOLENT-WHIPSAW
1785261600,2026-07-28,30,18.139166666666664,0.11968290321025465,27999.75,27912.0,73858.0,0,1,27991.0,27926.5,87.75,-64.5,4.837598199108744,1,18,0,US,VIOLENT-WHIPSAW
1785263400,2026-07-28,30,16.25166666666667,0.10944731939869351,27979.5,27920.0,68552.0,0,0,27932.5,27972.5,59.5,40.0,3.6611629576453693,0,18,30,US,VIOLENT-WHIPSAW
1785265200,2026-07-28,30,16.45125,0.19667044209995418,28021.75,27964.25,75713.0,0,0,27989.0,28017.75,57.5,28.75,3.4951751386672743,0,19,0,US,VIOLENT-WHIPSAW
1785267000,2026-07-28,30,16.231666666666666,0.16283076128897717,28024.0,27911.25,89630.0,0,1,28012.5,27919.75,112.75,-92.75,6.946298387924839,1,19,30,US,VIOLENT-WHIPSAW
1785268800,2026-07-28,30,20.646666666666665,0.11305596427917217,27991.75,27884.0,46002.0,0,1,27952.25,27977.75,107.75,25.5,5.218760090410075,1,20,0,ON,VIOLENT-WHIPSAW
1785270600,2026-07-28,30,10.6225,0.13785571602906377,27984.0,27935.75,13442.0,0,0,27975.0,27959.75,48.25,-15.25,4.542245234172746,0,20,30,ON,NORMAL-CHOP
1785276000,2026-07-28,30,12.132083333333332,0.16842543750919753,28014.0,27906.5,29264.0,0,0,27970.25,27939.5,107.5,-30.75,8.86080296733867,0,22,0,ON,NORMAL-CHOP
1785277800,2026-07-28,30,17.267916666666668,0.44094124431310994,27943.0,27756.5,49365.0,0,1,27936.5,27757.0,186.5,-179.5,10.80037642062592,1,22,30,ON,BUILDING
1785279600,2026-07-28,30,23.706666666666667,0.2352364025618214,27891.75,27731.5,57795.0,0,1,27758.25,27889.5,160.25,131.25,6.759701912260967,1,23,0,ON,VIOLENT-WHIPSAW
1785281400,2026-07-28,25,22.578000000000003,0.5097279920549811,28105.0,27883.5,50871.0,1,0,27902.75,28102.75,221.5,200.0,9.810434936664008,1,23,30,ON,CLEAN-TREND
1785283200,2026-07-29,30,25.917083333333334,0.36055657740575153,28177.25,28052.0,61753.0,1,0,28083.0,28075.75,125.25,-7.25,4.832719731194032,1,0,0,ON,BUILDING
1785285000,2026-07-29,30,22.982083333333332,0.23958780121867854,28085.25,28000.75,43884.0,0,0,28047.25,28010.25,84.5,-37.0,3.676777199630147,0,0,30,ON,VIOLENT-WHIPSAW
1785286800,2026-07-29,30,21.14333333333333,0.23074232623767615,28042.0,27896.5,54388.0,0,0,28015.25,27972.75,145.5,-42.5,6.881601765725998,0,1,0,ON,VIOLENT-WHIPSAW
1785288600,2026-07-29,30,21.754166666666666,0.2551744039195096,27982.5,27784.0,49646.0,0,1,27962.75,27785.25,198.5,-177.5,9.124688756943115,1,1,30,ON,NORMAL-CHOP
1785290400,2026-07-29,30,22.7525,0.22286660971831054,27897.0,27770.0,50405.0,0,1,27778.75,27894.75,127.0,116.0,5.581804197340952,1,2,0,ON,VIOLENT-WHIPSAW
1785292200,2026-07-29,30,19.327083333333334,0.15154405847987845,27912.0,27823.5,33845.0,0,0,27908.75,27840.5,88.5,-68.25,4.57906650856958,0,2,30,ON,VIOLENT-WHIPSAW
1785294000,2026-07-29,30,17.06833333333333,0.17653824378504168,27882.0,27775.5,38729.0,0,0,27826.25,27777.0,106.5,-49.25,6.239625036617518,0,3,0,ON,VIOLENT-WHIPSAW
1785295800,2026-07-29,30,16.112083333333334,0.2746837490173433,27793.25,27701.25,37750.0,0,1,27761.25,27717.0,92.0,-44.25,5.710000258605084,1,3,30,ON,NORMAL-CHOP
1785297600,2026-07-29,30,17.7,0.22567913687762717,27723.25,27647.75,41606.0,0,1,27688.25,27684.25,75.5,-4.0,4.265536723163842,1,4,0,ON,VIOLENT-WHIPSAW
1785299400,2026-07-29,30,19.717499999999998,0.0929625212963562,27759.75,27640.5,39017.0,0,1,27692.25,27757.0,119.25,64.75,6.047926968429061,1,4,30,ON,VIOLENT-WHIPSAW
1785301200,2026-07-29,30,20.229166666666668,0.32495478974150754,27834.75,27735.5,41369.0,0,0,27742.25,27815.75,99.25,73.5,4.9062821833161685,0,5,0,ON,BUILDING
1785303000,2026-07-29,30,18.075,0.11040464911278752,27854.75,27785.0,32556.0,1,0,27823.25,27794.75,69.75,-28.5,3.858921161825726,1,5,30,ON,VIOLENT-WHIPSAW
1785304800,2026-07-29,30,16.132083333333334,0.23101761375448668,27813.0,27736.75,30883.0,0,0,27786.0,27809.75,76.25,23.75,4.726605883720329,0,6,0,ON,VIOLENT-WHIPSAW
1785306600,2026-07-29,30,15.96625,0.48578651115106214,27941.75,27809.0,28762.0,1,0,27832.5,27929.75,132.75,97.25,8.314413215376184,1,6,30,ON,CLEAN-TREND
1785308400,2026-07-29,30,13.994583333333333,0.14427067725592377,27952.5,27897.75,24613.0,1,0,27923.75,27946.75,54.75,23.0,3.912227945335993,1,7,0,ON,NORMAL-CHOP
1785310200,2026-07-29,30,13.271666666666667,0.12598648231768095,27963.75,27890.5,18602.0,1,0,27946.25,27907.25,73.25,-39.0,5.5192766545271885,1,7,30,ON,NORMAL-CHOP
1785312000,2026-07-29,30,15.516666666666667,0.25964962531989216,27924.5,27819.75,23913.0,0,0,27901.25,27841.0,104.75,-60.25,6.750805585392051,0,8,0,ON,NORMAL-CHOP
1785313800,2026-07-29,30,15.764999999999999,0.17236305971754665,27939.75,27830.25,21135.0,0,0,27859.0,27904.0,109.5,45.0,6.9457659372026646,0,8,30,ON,VIOLENT-WHIPSAW
1785315600,2026-07-29,30,14.924166666666668,0.21919796790632864,27987.75,27900.25,20993.0,1,0,27914.0,27977.25,87.5,63.25,5.862973923725501,1,9,0,ON,NORMAL-CHOP
1785317400,2026-07-29,30,14.27875,0.18970363573828058,28060.0,27957.75,20672.0,1,0,27971.75,28019.5,102.25,47.75,7.160990983104263,1,9,30,ON,NORMAL-CHOP
1785319200,2026-07-29,30,13.475833333333332,0.13746734810308572,28046.0,27985.5,17414.0,0,0,28014.75,28017.5,60.5,2.75,4.489518273452477,0,10,0,ON,NORMAL-CHOP
1785321000,2026-07-29,30,13.247916666666667,0.26840687730138385,28023.5,27931.5,19565.0,0,0,27993.75,27949.0,92.0,-44.75,6.9444881270640035,0,10,30,ON,NORMAL-CHOP
1785322800,2026-07-29,30,15.332916666666668,0.17977862396821861,28024.0,27928.5,25070.0,0,1,27970.75,27999.75,95.5,29.0,6.228430120383706,1,11,0,ON,VIOLENT-WHIPSAW
1785324600,2026-07-29,30,12.804166666666667,0.13198653525393583,28008.0,27955.5,20383.0,0,0,28004.0,28002.75,52.5,-1.25,4.100227790432801,0,11,30,ON,NORMAL-CHOP
1785326400,2026-07-29,30,17.020416666666666,0.1601615949062838,28007.25,27852.75,43308.0,0,1,27991.25,27867.0,154.5,-124.25,9.077333594457636,1,12,0,ON,VIOLENT-WHIPSAW
1785328200,2026-07-29,30,17.375,0.19678206853555577,27931.75,27844.75,29166.0,0,1,27868.0,27908.75,87.0,40.75,5.0071942446043165,1,12,30,ON,VIOLENT-WHIPSAW
1785330000,2026-07-29,30,12.737083333333334,0.14947090142193187,27940.0,27856.25,41939.0,0,0,27908.5,27915.75,83.75,7.25,6.575288691157708,0,13,0,ON,NORMAL-CHOP
1785331800,2026-07-29,30,40.912083333333335,0.12996018961159908,27997.0,27667.75,305221.0,0,1,27869.75,27734.25,329.25,-135.5,8.047744655714999,1,13,30,US,VIOLENT-WHIPSAW
1785333600,2026-07-29,30,39.939166666666665,0.25849383635830697,27827.0,27538.5,237073.0,0,1,27752.0,27572.5,288.5,-179.5,7.223485717862583,1,14,0,US,NORMAL-CHOP
1785335400,2026-07-29,30,33.21625,0.23324007112066183,27652.25,27510.0,180317.0,0,1,27600.25,27600.25,142.25,0.0,4.282542430286381,1,14,30,US,VIOLENT-WHIPSAW
1785337200,2026-07-29,30,32.46875,0.06775816004817853,27656.25,27546.0,142632.0,0,0,27595.0,27555.5,110.25,-39.5,3.395572666025024,0,15,0,US,VIOLENT-WHIPSAW
1785339000,2026-07-29,30,26.94125,0.1636962419736879,27596.0,27464.5,105545.0,0,1,27559.0,27519.0,131.5,-40.0,4.880991045330116,1,15,30,US,VIOLENT-WHIPSAW
1785340800,2026-07-29,30,23.15666666666667,0.2498667627615011,27556.75,27409.0,118190.0,0,1,27494.75,27551.0,147.75,56.25,6.3804519936663295,1,16,0,US,VIOLENT-WHIPSAW
1785342600,2026-07-29,30,23.6725,0.19580762791805037,27603.5,27484.0,101359.0,0,0,27571.25,27603.5,119.5,32.25,5.048051536593094,0,16,30,US,VIOLENT-WHIPSAW
1785344400,2026-07-29,30,22.881666666666668,0.4243023439211176,27749.75,27595.0,108962.0,1,0,27610.75,27651.25,154.75,40.5,6.763056304173647,1,17,0,US,BUILDING
1785346200,2026-07-29,30,22.019583333333333,0.06653526824450286,27728.0,27629.25,78040.0,0,0,27635.75,27721.75,98.75,86.0,4.4846443506726965,0,17,30,US,VIOLENT-WHIPSAW
1785348000,2026-07-29,30,37.68625,0.24017845121110862,27889.0,27717.75,160834.0,1,0,27846.75,27777.0,171.25,-69.75,4.544097648346545,1,18,0,US,VIOLENT-WHIPSAW
1785349800,2026-07-29,30,42.531666666666666,0.3459682662896275,28097.0,27703.75,173246.0,1,0,27802.25,28057.75,393.25,255.5,9.246051961283749,1,18,30,US,BUILDING
1785351600,2026-07-29,30,43.617916666666666,0.3305185596203019,28099.75,27641.0,208692.0,1,0,28036.75,27711.0,458.75,-325.75,10.517467019477852,1,19,0,US,BUILDING
1785353400,2026-07-29,30,45.22708333333333,0.5507365606300547,27744.0,27317.5,228794.0,0,1,27726.5,27337.25,426.5,-389.25,9.430190243677737,1,19,30,US,CLEAN-TREND
1785355200,2026-07-29,30,48.69958333333333,0.33172529424186487,27361.75,27200.0,97028.0,0,1,27325.25,27242.5,161.75,-82.75,3.3213836531797845,1,20,0,ON,BUILDING
1785357000,2026-07-29,30,25.56,0.07057138857174249,27333.25,27205.75,31388.0,0,0,27221.75,27259.75,127.5,38.0,4.988262910798122,0,20,30,ON,VIOLENT-WHIPSAW
1785362400,2026-07-29,30,27.024166666666666,0.3285964737265259,27489.75,27204.75,61882.0,0,0,27297.0,27434.0,285.0,137.0,10.546116130623824,0,22,0,ON,BUILDING
1785364200,2026-07-29,30,18.688750000000002,0.10505261735352141,27478.5,27412.75,33312.0,0,0,27423.0,27450.5,65.75,27.5,3.5181593204467925,0,22,30,ON,VIOLENT-WHIPSAW
1785366000,2026-07-29,30,17.045416666666668,0.20168170234689986,27541.5,27444.0,43596.0,1,0,27454.75,27534.0,97.5,79.25,5.720012711139358,1,23,0,ON,VIOLENT-WHIPSAW
1785367800,2026-07-29,30,16.5575,0.14746604713357656,27559.25,27496.0,47576.0,1,0,27541.0,27522.25,63.25,-18.75,3.8200211384568923,1,23,30,ON,VIOLENT-WHIPSAW
1785369600,2026-07-30,30,26.990416666666665,0.13328552711958613,27607.5,27472.25,76263.0,1,0,27538.75,27594.0,135.25,55.25,5.011037868379209,1,0,0,ON,VIOLENT-WHIPSAW
1785371400,2026-07-30,30,22.64,0.15923201996328154,27611.5,27489.0,49440.0,1,0,27597.5,27546.5,122.5,-51.0,5.410777385159011,1,0,30,ON,VIOLENT-WHIPSAW
1785373200,2026-07-30,30,23.205,0.21463985715416325,27660.5,27533.75,49703.0,1,0,27561.25,27638.25,126.75,77.0,5.46218487394958,1,1,0,ON,VIOLENT-WHIPSAW
1785375000,2026-07-30,30,16.279166666666665,0.40393144201633796,27697.0,27635.0,36698.0,1,0,27654.0,27651.0,62.0,-3.0,3.808548758638342,1,1,30,ON,BUILDING
1785376800,2026-07-30,30,17.413333333333334,0.1416562904532533,27687.75,27603.25,32755.0,0,0,27679.0,27611.75,84.5,-67.25,4.85260336906585,0,2,0,ON,VIOLENT-WHIPSAW
1785378600,2026-07-30,30,16.71375,0.23781884875373505,27630.75,27539.0,39082.0,0,0,27598.75,27540.75,91.75,-58.0,5.489492184578565,0,2,30,ON,VIOLENT-WHIPSAW
1785380400,2026-07-30,30,17.290833333333335,0.23242599677221418,27577.25,27471.5,35648.0,0,1,27539.5,27515.5,105.75,-24.0,6.115957395537134,1,3,0,ON,VIOLENT-WHIPSAW
1785382200,2026-07-30,30,18.949166666666667,0.15472308122054293,27563.5,27480.5,36031.0,0,0,27499.5,27529.75,83.0,30.25,4.380139847838516,0,3,30,ON,VIOLENT-WHIPSAW
1785384000,2026-07-30,30,16.4875,0.15010417696864112,27545.25,27459.25,28912.0,0,1,27518.75,27535.0,86.0,16.25,5.216072782410917,1,4,0,ON,VIOLENT-WHIPSAW
1785385800,2026-07-30,30,18.064166666666665,0.09538491404714024,27543.5,27435.0,27605.0,0,1,27529.25,27446.75,108.5,-82.5,6.006366194584122,1,4,30,ON,VIOLENT-WHIPSAW
1785387600,2026-07-30,30,16.65458333333333,0.20399729786717805,27499.75,27420.5,28921.0,0,1,27449.5,27478.25,79.25,28.75,4.758449876160217,1,5,0,ON,VIOLENT-WHIPSAW
1785389400,2026-07-30,30,18.194583333333334,0.16432689555775787,27547.25,27463.75,27009.0,0,0,27476.0,27487.75,83.5,11.75,4.589277944443172,0,5,30,ON,VIOLENT-WHIPSAW
1785391200,2026-07-30,30,15.573749999999999,0.10230564730696799,27506.25,27447.0,23615.0,0,0,27483.25,27482.5,59.25,-0.75,3.80447869010354,0,6,0,ON,VIOLENT-WHIPSAW
1785393000,2026-07-30,30,14.455,0.1419844034465374,27485.25,27414.5,21189.0,0,1,27474.25,27434.5,70.75,-39.75,4.894500172950536,1,6,30,ON,NORMAL-CHOP
1785394800,2026-07-30,30,22.797916666666666,0.07369663041635732,27521.5,27395.25,44374.0,0,1,27481.5,27409.5,126.25,-72.0,5.537786712967194,1,7,0,ON,VIOLENT-WHIPSAW
1785396600,2026-07-30,30,18.307916666666664,0.16520685344581681,27448.25,27351.75,28857.0,0,1,27384.5,27395.0,96.5,10.5,5.270943808461732,1,7,30,ON,VIOLENT-WHIPSAW
1785398400,2026-07-30,30,21.138333333333332,0.12152121093953086,27522.75,27337.0,35986.0,1,1,27373.25,27507.75,185.75,134.5,8.787353149885675,1,8,0,ON,VIOLENT-WHIPSAW
1785400200,2026-07-30,30,15.039166666666667,0.29673531126282565,27527.0,27460.5,19663.0,1,0,27512.75,27485.25,66.5,-27.5,4.421787554718236,1,8,30,ON,NORMAL-CHOP
1785402000,2026-07-30,30,13.82125,0.27141155568550673,27575.0,27470.75,24445.0,1,0,27483.25,27554.25,104.25,71.0,7.542733110246903,1,9,0,ON,NORMAL-CHOP
1785403800,2026-07-30,30,12.113333333333333,0.21969622861345078,27586.0,27513.5,18485.0,1,0,27546.25,27517.0,72.5,-29.25,5.985140341221794,1,9,30,ON,NORMAL-CHOP
1785405600,2026-07-30,30,14.24125,0.18695828818753224,27629.5,27488.0,25313.0,1,0,27503.25,27617.25,141.5,114.0,9.935925568331431,1,10,0,ON,NORMAL-CHOP
1785407400,2026-07-30,30,14.4025,0.30102154827649047,27648.0,27606.0,22892.0,1,0,27620.0,27618.25,42.0,-1.75,2.9161603888213854,1,10,30,ON,BUILDING
1785409200,2026-07-30,30,13.634583333333333,0.2594732726376515,27723.75,27612.75,30859.0,1,0,27637.75,27714.5,111.0,76.75,8.14106286098463,1,11,0,ON,NORMAL-CHOP
1785411000,2026-07-30,30,14.723749999999999,0.16285877488497763,27745.0,27673.5,31423.0,1,0,27709.0,27724.25,71.5,15.25,4.856099838695985,1,11,30,ON,NORMAL-CHOP
1785412800,2026-07-30,30,15.055833333333334,0.11323697585836758,27766.0,27695.5,35766.0,1,0,27718.5,27741.0,70.5,22.5,4.682570432279847,1,12,0,ON,NORMAL-CHOP
1785414600,2026-07-30,30,21.585416666666667,0.12765377942587136,27819.75,27715.0,57759.0,1,0,27774.0,27806.25,104.75,32.25,4.852813434996622,1,12,30,ON,VIOLENT-WHIPSAW
1785416400,2026-07-30,30,16.695833333333333,0.3003784770854302,27883.75,27793.25,73340.0,1,0,27827.5,27875.5,90.5,48.0,5.420514100324432,1,13,0,ON,BUILDING
1785418200,2026-07-30,30,35.91458333333333,0.35735222906987957,28155.0,27813.25,325297.0,1,0,27859.0,28151.25,341.75,292.25,9.515633157375717,1,13,30,US,BUILDING
1785420000,2026-07-30,30,32.858333333333334,0.3208502662611897,28240.0,28067.0,244645.0,1,0,28155.75,28225.75,173.0,70.0,5.265026629469946,1,14,0,US,BUILDING
1785421800,2026-07-30,30,28.21625,0.24227935873505757,28245.75,28022.75,217443.0,1,0,28219.0,28070.75,223.0,-148.25,7.903247242280601,1,14,30,US,VIOLENT-WHIPSAW
1785423600,2026-07-30,30,37.437083333333334,0.19542008739167677,28138.0,27995.5,221731.0,0,0,28027.25,28010.25,142.5,-17.0,3.8063862702979443,0,15,0,US,VIOLENT-WHIPSAW
1785425400,2026-07-30,30,30.414166666666667,0.10973048105184081,28133.75,28001.0,138792.0,0,0,28007.5,28078.75,132.75,71.25,4.364742307586925,0,15,30,US,VIOLENT-WHIPSAW
1785427200,2026-07-30,30,22.321250000000003,0.2024907595277081,28192.75,28059.5,105437.0,0,0,28070.5,28144.25,133.25,73.75,5.969647757182057,0,16,0,US,VIOLENT-WHIPSAW
1785429000,2026-07-30,30,18.552083333333332,0.2301873996727867,28150.25,28055.25,91255.0,0,0,28126.0,28126.75,95.0,0.75,5.120718697361033,0,16,30,US,VIOLENT-WHIPSAW
1785430800,2026-07-30,30,17.603749999999998,0.2366443777749591,28208.5,28126.25,76162.0,1,0,28159.25,28169.0,82.25,9.75,4.672299936093163,1,17,0,US,VIOLENT-WHIPSAW
1785432600,2026-07-30,30,15.727083333333333,0.06100365287421481,28207.5,28138.5,73278.0,0,0,28176.5,28177.25,69.0,0.75,4.387336071002782,0,17,30,US,VIOLENT-WHIPSAW
1785434400,2026-07-30,30,13.738750000000001,0.07333193483450941,28205.5,28160.0,52861.0,0,0,28191.25,28182.5,45.5,-8.75,3.311800564097898,0,18,0,US,NORMAL-CHOP
1785436200,2026-07-30,30,13.079583333333334,0.11432466359737743,28199.25,28147.75,56302.0,0,0,28197.0,28181.25,51.5,-15.75,3.9374342964543976,0,18,30,US,NORMAL-CHOP
1785438000,2026-07-30,30,14.234166666666665,0.3692134401920225,28298.0,28180.0,85521.0,1,0,28195.0,28243.75,118.0,48.75,8.28991276857327,1,19,0,US,BUILDING
1785439800,2026-07-30,30,15.08625,0.17361136663085874,28263.0,28202.25,101997.0,0,0,28252.5,28230.25,60.75,-22.25,4.026845637583893,0,19,30,US,NORMAL-CHOP
1785441600,2026-07-30,30,27.771666666666665,0.2487150107690769,28369.0,28203.75,63303.0,1,0,28221.75,28364.75,165.25,143.0,5.95030906799496,1,20,0,ON,VIOLENT-WHIPSAW
1785443400,2026-07-30,30,18.89875,0.08858045549286922,28410.0,28311.0,28851.0,1,0,28318.25,28333.5,99.0,15.25,5.238441695879358,1,20,30,ON,VIOLENT-WHIPSAW
1785448800,2026-07-30,30,17.563750000000002,0.18032759172896787,28416.5,28304.25,33574.0,1,0,28344.75,28354.25,112.25,9.5,6.391004198989395,1,22,0,ON,VIOLENT-WHIPSAW
1785450600,2026-07-30,30,12.774166666666668,0.1256541517841809,28410.0,28332.0,22196.0,0,0,28351.25,28394.25,78.0,43.0,6.106073455541783,0,22,30,ON,NORMAL-CHOP
1785452400,2026-07-30,30,10.174166666666668,0.18905785844720444,28425.5,28361.25,23889.0,1,0,28395.5,28378.25,64.25,-17.25,6.315013514620361,1,23,0,ON,NORMAL-CHOP
1785454200,2026-07-30,30,12.799166666666668,0.24052936784040832,28445.75,28357.75,29517.0,1,0,28376.5,28423.5,88.0,47.0,6.875447620287779,1,23,30,ON,NORMAL-CHOP
1785456000,2026-07-31,30,16.422916666666666,0.17841167101330271,28488.25,28395.0,47808.0,1,0,28419.0,28483.0,93.25,64.0,5.678041354814157,1,0,0,ON,VIOLENT-WHIPSAW
1785457800,2026-07-31,30,13.155416666666667,0.19714024388493304,28525.0,28468.5,31650.0,1,0,28494.75,28522.0,56.5,27.25,4.294808855667817,1,0,30,ON,NORMAL-CHOP
1785459600,2026-07-31,30,10.572083333333333,0.38159158813580024,28580.0,28522.75,32548.0,1,0,28534.0,28550.0,57.25,16.0,5.415205139321325,1,1,0,ON,BUILDING
1785461400,2026-07-31,30,13.190833333333334,0.36320654079972764,28559.25,28455.0,39432.0,0,0,28551.5,28476.75,104.25,-74.75,7.903215616905679,0,1,30,ON,BUILDING
1785463200,2026-07-31,30,15.736666666666668,0.2327293340446407,28499.75,28400.5,38493.0,0,1,28495.5,28422.25,99.25,-73.25,6.306926498623173,1,2,0,ON,VIOLENT-WHIPSAW
1785465000,2026-07-31,30,13.162916666666666,0.11962387725414182,28438.5,28389.75,26996.0,0,1,28422.0,28432.25,48.75,10.25,3.703586464499383,1,2,30,ON,NORMAL-CHOP
1785466800,2026-07-31,30,12.894583333333333,0.128085474129846,28476.5,28396.0,26852.0,0,0,28425.25,28464.5,80.5,39.25,6.242931463469803,0,3,0,ON,NORMAL-CHOP
1785468600,2026-07-31,30,12.145833333333334,0.13891974540359306,28478.75,28427.25,22059.0,0,0,28470.75,28458.75,51.5,-12.0,4.240137221269297,0,3,30,ON,NORMAL-CHOP
1785470400,2026-07-31,30,12.329583333333334,0.14371956428336866,28512.25,28421.75,20222.0,1,0,28429.0,28511.0,90.5,82.0,7.340069615761549,1,4,0,ON,NORMAL-CHOP
1785472200,2026-07-31,30,9.189166666666667,0.49287050796350385,28557.0,28507.0,17606.0,1,0,28511.0,28549.0,50.0,38.0,5.4411898068377615,1,4,30,ON,CLEAN-TREND
1785474000,2026-07-31,30,7.749583333333334,0.1825195871316712,28582.75,28538.25,16303.0,1,0,28547.25,28573.0,44.5,25.75,5.742244206677778,1,5,0,ON,DEAD-CHOP
1785475800,2026-07-31,30,10.344583333333333,0.08110240390118578,28592.0,28540.25,20317.0,1,0,28571.5,28586.25,51.75,14.75,5.002618117372216,1,5,30,ON,NORMAL-CHOP
1785477600,2026-07-31,30,8.975833333333332,0.18542338760407662,28612.25,28576.5,18144.0,1,0,28592.75,28590.75,35.75,-2.0,3.9829170921919976,1,6,0,ON,DEAD-CHOP
1785479400,2026-07-31,30,15.140833333333335,0.45887105580283816,28593.5,28450.25,39219.0,0,1,28566.25,28486.25,143.25,-80.0,9.46117012493808,1,6,30,ON,CLEAN-TREND
1785481200,2026-07-31,30,16.505416666666665,0.18490915110226733,28574.25,28455.0,32233.0,0,0,28465.5,28547.25,119.25,81.75,7.22490091636584,0,7,0,ON,VIOLENT-WHIPSAW
1785483000,2026-07-31,30,14.697083333333333,0.18434551694600526,28584.0,28533.75,20980.0,0,0,28545.25,28573.25,50.25,28.0,3.4190457290278684,0,7,30,ON,NORMAL-CHOP
1785484800,2026-07-31,30,16.4425,0.06892839982790684,28609.0,28523.75,30620.0,1,0,28583.5,28598.0,85.25,14.5,5.184734681465714,1,8,0,ON,VIOLENT-WHIPSAW
1785486600,2026-07-31,30,12.630416666666667,0.09954155335317867,28611.25,28560.75,17782.0,1,0,28601.75,28602.5,50.5,0.75,3.9982845643783196,1,8,30,ON,NORMAL-CHOP
1785488400,2026-07-31,30,12.147916666666667,0.16856786695923132,28642.0,28584.25,19010.0,1,0,28617.75,28589.75,57.75,-28.0,4.753901560624249,1,9,0,ON,NORMAL-CHOP
1785490200,2026-07-31,30,11.354583333333332,0.3625277640790601,28592.25,28529.25,18509.0,0,0,28583.75,28532.25,63.0,-51.5,5.54842024145903,0,9,30,ON,BUILDING
1785492000,2026-07-31,30,11.382083333333332,0.1072165359812633,28584.0,28519.25,17249.0,0,1,28523.25,28572.25,64.75,49.0,5.68876523776403,1,10,0,ON,NORMAL-CHOP
1785493800,2026-07-31,30,10.317916666666667,0.15685049867245138,28592.0,28550.25,14937.0,0,0,28571.5,28564.75,41.75,-6.75,4.046359487945725,0,10,30,ON,NORMAL-CHOP
1785495600,2026-07-31,30,13.410833333333333,0.12437921041470631,28626.0,28547.0,23276.0,0,0,28579.5,28555.0,79.0,-24.5,5.890759957745604,0,11,0,ON,NORMAL-CHOP
1785497400,2026-07-31,30,13.738750000000001,0.21958976808748198,28561.5,28522.25,20763.0,0,0,28541.0,28553.5,39.25,12.5,2.8568829041943404,0,11,30,ON,NORMAL-CHOP
1785499200,2026-07-31,30,12.692499999999999,0.31039598357852516,28555.75,28447.75,34515.0,0,1,28532.0,28495.25,108.0,-36.75,8.508961985424463,1,12,0,ON,BUILDING
1785501000,2026-07-31,30,17.870416666666664,0.1279864414881426,28503.5,28432.0,33042.0,0,1,28497.5,28468.0,71.5,-29.5,4.001025904077969,1,12,30,ON,VIOLENT-WHIPSAW
1785502800,2026-07-31,30,12.980416666666667,0.33289153279251715,28584.25,28456.5,49607.0,1,0,28460.75,28577.75,127.75,117.0,9.841748788238693,1,13,0,ON,BUILDING
1785504600,2026-07-31,30,42.474583333333335,0.3438863378326445,28725.75,28294.75,368119.0,1,1,28599.75,28358.5,431.0,-241.25,10.147244920982155,1,13,30,US,BUILDING
1785506400,2026-07-31,30,54.8475,0.35963458165330997,28392.0,28079.75,307945.0,0,1,28344.5,28250.75,312.25,-93.75,5.69305802452254,1,14,0,US,BUILDING
1785508200,2026-07-31,30,41.38791666666667,0.18520458356760133,28347.25,28210.75,195345.0,0,0,28255.5,28307.75,136.5,52.25,3.29806404848436,0,14,30,US,VIOLENT-WHIPSAW
1785510000,2026-07-31,30,37.31541666666667,0.1323701106157386,28342.5,28121.75,187700.0,0,0,28285.25,28150.75,220.75,-134.5,5.915785477405451,0,15,0,US,VIOLENT-WHIPSAW
1785511800,2026-07-31,30,33.98,0.18554472275571784,28295.25,28115.5,157404.0,0,0,28154.0,28273.75,179.75,119.75,5.289876397881107,0,15,30,US,VIOLENT-WHIPSAW
1785513600,2026-07-31,30,26.289583333333333,0.2166145585761584,28364.0,28242.0,107986.0,1,0,28292.25,28363.5,122.0,71.25,4.640621285363341,1,16,0,US,VIOLENT-WHIPSAW
1785515400,2026-07-31,30,20.9925,0.19110542176309625,28391.0,28308.0,94862.0,1,0,28355.5,28366.75,83.0,11.25,3.953793021317137,1,16,30,US,VIOLENT-WHIPSAW
1785517200,2026-07-31,30,17.509583333333335,0.1982738347651391,28477.75,28359.75,83672.0,1,0,28385.25,28462.25,118.0,77.0,6.739166646836256,1,17,0,US,VIOLENT-WHIPSAW
1785519000,2026-07-31,30,17.049583333333334,0.20502604785665743,28502.75,28416.0,85914.0,1,0,28454.5,28429.0,86.75,-25.5,5.088100882230748,1,17,30,US,VIOLENT-WHIPSAW
1785520800,2026-07-31,30,17.263333333333332,0.12016343142859756,28460.0,28395.25,78367.0,0,0,28441.0,28422.25,64.75,-18.75,3.7507240780073374,0,18,0,US,VIOLENT-WHIPSAW
1785522600,2026-07-31,30,13.483333333333333,0.07958707408133181,28461.75,28415.25,54163.0,0,0,28439.75,28433.75,46.5,-6.0,3.4487021013597037,0,18,30,US,NORMAL-CHOP
1785524400,2026-07-31,30,14.78875,0.08883655140320033,28498.5,28405.25,76270.0,0,0,28448.75,28475.25,93.25,26.5,6.305468683965852,0,19,0,US,NORMAL-CHOP
1785526200,2026-07-31,30,16.872916666666665,0.11838269696452454,28524.5,28383.5,115842.0,1,1,28453.75,28402.5,141.0,-51.25,8.356587232991728,1,19,30,US,VIOLENT-WHIPSAW
1785528000,2026-07-31,30,22.321250000000003,0.26595994216893154,28436.0,28340.5,52292.0,0,1,28409.25,28371.75,95.5,-37.5,4.278434227473819,1,20,0,ON,NORMAL-CHOP
1785529800,2026-07-31,30,11.430833333333334,0.13621446097367582,28400.5,28266.0,23178.0,0,1,28363.0,28284.0,134.5,-79.0,11.766421229131733,1,20,30,ON,NORMAL-CHOP
1785715200,2026-08-03,30,31.247916666666665,0.4067161725109879,28630.25,28536.5,39803.0,1,0,28580.25,28555.0,93.75,-25.25,3.0002000133342226,1,0,0,ON,BUILDING
1785717000,2026-08-03,30,19.188333333333333,0.08348457787620508,28627.0,28542.0,33551.0,0,0,28548.25,28622.25,85.0,74.0,4.429775036914792,0,0,30,ON,VIOLENT-WHIPSAW
1785718800,2026-08-03,30,14.644583333333333,0.10432481730517167,28635.0,28564.0,27554.0,1,0,28610.0,28608.25,71.0,-1.75,4.848208950977324,1,1,0,ON,NORMAL-CHOP
1785720600,2026-08-03,30,11.963750000000001,0.1798159515242255,28650.0,28578.25,23903.0,1,0,28613.5,28643.75,71.75,30.25,5.997283460453453,1,1,30,ON,NORMAL-CHOP
1785722400,2026-08-03,30,10.745833333333334,0.2290233108075822,28680.75,28631.0,25749.0,1,0,28642.25,28640.0,49.75,-2.25,4.629701434664598,1,2,0,ON,NORMAL-CHOP
1785724200,2026-08-03,30,9.47,0.08412455409566039,28670.0,28634.5,16931.0,0,0,28650.0,28660.75,35.5,10.75,3.748680042238648,0,2,30,ON,DEAD-CHOP
1785726000,2026-08-03,30,7.8100000000000005,0.11689096350892486,28676.25,28641.25,15517.0,0,0,28665.5,28646.75,35.0,-18.75,4.481434058898848,0,3,0,ON,DEAD-CHOP
1785727800,2026-08-03,30,8.446666666666667,0.13614610599633423,28698.25,28640.5,17728.0,1,0,28646.0,28670.5,57.75,24.5,6.837016574585635,1,3,30,ON,DEAD-CHOP
1785729600,2026-08-03,30,7.204166666666667,0.08010528826110723,28688.5,28652.5,12608.0,0,0,28669.25,28682.5,36.0,13.25,4.997108155002892,0,4,0,ON,DEAD-CHOP
1785731400,2026-08-03,30,6.254583333333333,0.17644841491461744,28689.5,28647.25,11289.0,0,0,28680.25,28651.0,42.25,-29.25,6.755046299380455,0,4,30,ON,DEAD-CHOP
1785733200,2026-08-03,30,8.648333333333333,0.219867827619293,28667.5,28622.5,16237.0,0,1,28665.75,28638.0,45.0,-27.75,5.203314704181923,1,5,0,ON,DEAD-CHOP
1785735000,2026-08-03,30,8.397499999999999,0.07837064854854514,28652.0,28617.5,11380.0,0,1,28645.5,28641.75,34.5,-3.75,4.108365584995535,1,5,30,ON,DEAD-CHOP
1785736800,2026-08-03,30,9.321666666666665,0.061630818466856495,28661.25,28617.75,17175.0,0,0,28645.75,28625.75,43.5,-20.0,4.666547470051851,0,6,0,ON,DEAD-CHOP
1785738600,2026-08-03,30,8.974166666666667,0.23763404528237836,28645.75,28576.0,18330.0,0,1,28628.25,28592.75,69.75,-35.5,7.772309406630142,1,6,30,ON,NORMAL-CHOP
1785740400,2026-08-03,30,14.19125,0.10480960623691424,28635.25,28562.75,29878.0,0,1,28594.75,28603.25,72.5,8.5,5.108781819783317,1,7,0,ON,NORMAL-CHOP
1785742200,2026-08-03,30,12.234583333333335,0.1382706870611192,28616.25,28558.0,17565.0,0,1,28609.25,28587.5,58.25,-21.75,4.761093893675714,1,7,30,ON,NORMAL-CHOP
1785744000,2026-08-03,30,13.6775,0.2660870682884829,28592.0,28473.0,33825.0,0,1,28582.5,28488.5,119.0,-94.0,8.700420398464631,1,8,0,ON,NORMAL-CHOP
1785745800,2026-08-03,30,14.45,0.17540652137078003,28595.5,28472.0,26393.0,0,1,28475.25,28593.75,123.5,118.5,8.546712802768166,1,8,30,ON,NORMAL-CHOP
1785747600,2026-08-03,30,12.3925,0.1895535850366013,28601.5,28543.0,20969.0,0,0,28588.25,28556.5,58.5,-31.75,4.720597135364131,0,9,0,ON,NORMAL-CHOP
1785749400,2026-08-03,30,11.582916666666668,0.09270029690758612,28581.0,28520.5,16398.0,0,0,28560.25,28558.5,60.5,-1.75,5.223209467966473,0,9,30,ON,NORMAL-CHOP
1785751200,2026-08-03,30,12.07125,0.13678155905157716,28566.0,28488.5,19929.0,0,0,28558.75,28509.5,77.5,-49.25,6.420213316765041,0,10,0,ON,NORMAL-CHOP
1785753000,2026-08-03,30,12.554583333333333,0.13563466399174454,28547.75,28490.0,15667.0,0,0,28505.25,28541.0,57.75,35.75,4.599913710132422,0,10,30,ON,NORMAL-CHOP
1785754800,2026-08-03,30,14.421249999999999,0.1752188388341569,28547.25,28466.5,29229.0,0,1,28512.25,28469.75,80.75,-42.5,5.599375920949988,1,11,0,ON,NORMAL-CHOP
1785756600,2026-08-03,30,15.111666666666668,0.14240065026351176,28513.5,28403.5,33629.0,0,1,28501.5,28420.0,110.0,-81.5,7.279144149112164,1,11,30,ON,VIOLENT-WHIPSAW
1785758400,2026-08-03,30,13.81625,0.2342633256678288,28462.0,28382.75,39807.0,0,1,28403.75,28449.75,79.25,46.0,5.735999276214602,1,12,0,ON,NORMAL-CHOP
1785760200,2026-08-03,30,13.200416666666666,0.18081201048498216,28491.5,28437.25,37066.0,0,0,28455.75,28459.25,54.25,3.5,4.109718758877561,0,12,30,ON,NORMAL-CHOP
1785762000,2026-08-03,30,14.340416666666666,0.08826036525236879,28496.5,28396.0,58495.0,0,0,28459.25,28419.0,100.5,-40.25,7.008164569834675,0,13,0,ON,NORMAL-CHOP
1785763800,2026-08-03,30,42.48791666666667,0.12476754139306162,28629.0,28313.0,312368.0,1,1,28356.5,28628.25,316.0,271.75,7.437408675015445,1,13,30,US,VIOLENT-WHIPSAW
1785765600,2026-08-03,30,34.98166666666667,0.2401690603445648,28684.75,28525.0,232676.0,1,0,28601.5,28678.25,159.75,76.75,4.566677783600934,1,14,0,US,VIOLENT-WHIPSAW
1785767400,2026-08-03,30,20.633750000000003,0.4508748199183801,28805.0,28661.0,163100.0,1,0,28669.75,28802.0,144.0,132.25,6.978857454413278,1,14,30,US,CLEAN-TREND
1785769200,2026-08-03,30,17.282916666666665,0.24972406564129926,28802.25,28723.25,130287.0,0,0,28792.0,28734.75,79.0,-57.25,4.570987728730201,0,15,0,US,VIOLENT-WHIPSAW
1785771000,2026-08-03,30,18.326666666666664,0.08625481230026782,28813.0,28731.5,102329.0,1,0,28750.5,28792.25,81.5,41.75,4.4470716624227,1,15,30,US,VIOLENT-WHIPSAW
1785772800,2026-08-03,30,12.641666666666667,0.2732193766227971,28847.5,28790.25,78409.0,1,0,28799.25,28837.0,57.25,37.75,4.528675016479895,1,16,0,US,NORMAL-CHOP
1785774600,2026-08-03,30,10.16875,0.11138064956156522,28845.0,28810.0,60837.0,0,0,28841.0,28821.75,35.0,-19.25,3.4419176398279046,0,16,30,US,NORMAL-CHOP
1785776400,2026-08-03,30,9.872083333333334,0.2180869827002375,28890.5,28812.75,68047.0,1,0,28816.0,28885.5,77.75,69.5,7.8757438906005985,1,17,0,US,DEAD-CHOP
1785778200,2026-08-03,30,7.972083333333333,0.3670809276308606,28921.75,28874.0,58217.0,1,0,28886.25,28917.75,47.75,31.5,5.989651387654837,1,17,30,US,BUILDING
1785780000,2026-08-03,30,10.147916666666667,0.39820804835365325,28965.0,28890.25,98258.0,1,0,28924.5,28891.75,74.75,-32.75,7.366043933483884,1,18,0,US,BUILDING
1785781800,2026-08-03,30,12.151250000000001,0.20119416900559253,28928.75,28882.25,74047.0,0,0,28891.25,28907.5,46.5,16.25,3.826766793539759,0,18,30,US,NORMAL-CHOP
1785783600,2026-08-03,30,12.4475,0.08566094029915487,28943.75,28894.25,71445.0,0,0,28924.75,28913.25,49.5,-11.5,3.976702149025909,0,19,0,US,NORMAL-CHOP
1785785400,2026-08-03,30,11.262083333333333,0.08697360830427865,28935.75,28865.75,97765.0,0,1,28916.0,28900.75,70.0,-15.25,6.215546265122646,1,19,30,US,NORMAL-CHOP
1785787200,2026-08-03,30,13.408333333333333,0.08891296720602426,28942.5,28877.75,33332.0,0,0,28879.25,28914.25,64.75,35.0,4.829086389061529,0,20,0,ON,NORMAL-CHOP
1785789000,2026-08-03,30,6.671666666666667,0.13770005493563403,28933.25,28909.5,11693.0,0,0,28913.5,28929.25,23.75,15.75,3.5598301274044464,0,20,30,ON,DEAD-CHOP
1785794400,2026-08-03,30,8.514166666666666,0.17367506193010673,28950.5,28918.0,16945.0,1,0,28937.0,28942.75,32.5,5.75,3.8171674659880592,1,22,0,ON,DEAD-CHOP
1785796200,2026-08-03,30,7.0408333333333335,0.08166415379567625,28962.25,28932.25,14675.0,1,0,28941.0,28945.75,30.0,4.75,4.26085927328678,1,22,30,ON,DEAD-CHOP
1785798000,2026-08-03,30,6.2775,0.10543003305091285,28958.25,28929.5,15576.0,0,0,28943.0,28948.75,28.75,5.75,4.579848665870172,0,23,0,ON,DEAD-CHOP
1785799800,2026-08-03,30,7.0675,0.08150539622361772,28972.25,28932.0,17351.0,1,0,28943.75,28971.5,40.25,27.75,5.695083126989742,1,23,30,ON,DEAD-CHOP
1785801600,2026-08-04,30,12.640416666666665,0.17552649833901113,28979.0,28900.0,42797.0,1,1,28950.75,28906.25,79.0,-44.5,6.249793980947358,1,0,0,ON,NORMAL-CHOP
1785803400,2026-08-04,30,13.620416666666667,0.25524122544338534,28909.0,28864.0,40138.0,0,1,28897.0,28877.25,45.0,-19.75,3.303863685031662,1,0,30,ON,NORMAL-CHOP
1785805200,2026-08-04,30,15.519583333333333,0.08713773391025378,28902.5,28831.5,39443.0,0,1,28856.25,28902.0,71.0,45.75,4.574865089805891,1,1,0,ON,VIOLENT-WHIPSAW
1785807000,2026-08-04,30,13.170833333333333,0.4412855118019675,29049.25,28899.0,45905.0,1,0,28917.25,29041.0,150.25,123.75,11.407782347358431,1,1,30,ON,BUILDING
1785808800,2026-08-04,30,14.907083333333333,0.27114701925300255,29045.0,28942.75,41202.0,0,0,29033.5,28949.25,102.25,-84.25,6.859155323252369,0,2,0,ON,NORMAL-CHOP
1785810600,2026-08-04,30,13.069583333333332,0.10834196299950555,28994.25,28948.0,26280.0,0,0,28972.0,28972.75,46.25,0.75,3.538750916568368,0,2,30,ON,NORMAL-CHOP
1785812400,2026-08-04,30,11.950833333333332,0.12655764791930407,28993.0,28930.0,26280.0,0,0,28984.0,28977.0,63.0,-7.0,5.271598912209749,0,3,0,ON,NORMAL-CHOP
1785814200,2026-08-04,30,10.860000000000001,0.14710762478928904,29008.0,28957.5,21892.0,0,0,28989.0,28995.5,50.5,6.5,4.650092081031307,0,3,30,ON,NORMAL-CHOP
1785816000,2026-08-04,30,9.37125,0.08676523681457013,29016.75,28968.5,15691.0,1,0,28997.0,29007.0,48.25,10.0,5.148726157129518,1,4,0,ON,DEAD-CHOP
1785817800,2026-08-04,30,6.79625,0.1212779035333995,29023.5,28994.25,12430.0,1,0,29010.75,29015.75,29.25,5.0,4.303844031635093,1,4,30,ON,DEAD-CHOP
1785819600,2026-08-04,30,9.6625,0.056852473700063376,29030.5,28978.5,17759.0,1,0,29004.0,29025.75,52.0,21.75,5.38163001293661,1,5,0,ON,DEAD-CHOP
1785821400,2026-08-04,30,9.951666666666666,0.36016964609230473,29074.75,29024.0,19188.0,1,0,29036.0,29072.75,50.75,36.75,5.0996483001172335,1,5,30,ON,BUILDING
1785823200,2026-08-04,30,8.030833333333334,0.2864854471255057,29099.0,29067.0,17119.0,1,0,29072.0,29081.75,32.0,9.75,3.9846425236069316,1,6,0,ON,NORMAL-CHOP
1785825000,2026-08-04,30,7.689583333333333,0.2116217209662436,29089.5,29042.25,15357.0,0,0,29075.0,29072.75,47.25,-2.25,6.14467623950149,0,6,30,ON,DEAD-CHOP
1785826800,2026-08-04,30,11.472083333333334,0.11388470272795038,29109.0,29037.25,25786.0,1,0,29077.25,29099.0,71.75,21.75,6.254313006210729,1,7,0,ON,NORMAL-CHOP
1785828600,2026-08-04,30,10.309166666666666,0.11413304278607798,29118.25,29065.75,17353.0,1,0,29108.0,29070.75,52.5,-37.25,5.092555169347668,1,7,30,ON,NORMAL-CHOP
1785830400,2026-08-04,30,11.138333333333332,0.18957076665580844,29132.25,29067.0,22659.0,1,0,29074.5,29111.5,65.25,37.0,5.858147538530601,1,8,0,ON,NORMAL-CHOP
1785832200,2026-08-04,30,10.852083333333333,0.26411074648966637,29111.0,29037.75,20474.0,0,0,29102.25,29069.25,73.25,-33.0,6.749856018429641,0,8,30,ON,NORMAL-CHOP
1785834000,2026-08-04,30,10.887916666666666,0.23529739469907757,29069.25,29007.5,20745.0,0,1,29059.75,29045.25,61.75,-14.5,5.671424744556274,1,9,0,ON,NORMAL-CHOP
1785835800,2026-08-04,30,9.79,0.2854098729724781,29086.0,29042.25,16792.0,0,0,29045.75,29077.75,43.75,32.0,4.468845760980593,0,9,30,ON,NORMAL-CHOP
1785837600,2026-08-04,30,9.128333333333334,0.256520300453338,29115.75,29066.0,17684.0,1,0,29072.75,29095.5,49.75,22.75,5.45006390359686,1,10,0,ON,NORMAL-CHOP
1785839400,2026-08-04,30,12.218333333333334,0.1224028203159793,29145.5,29073.5,31538.0,1,0,29107.0,29116.5,72.0,9.5,5.892784067657891,1,10,30,ON,NORMAL-CHOP
1785841200,2026-08-04,30,11.607916666666666,0.21988686162891138,29171.5,29114.0,26862.0,1,0,29132.25,29170.5,57.5,38.25,4.953515919451524,1,11,0,ON,NORMAL-CHOP
1785843000,2026-08-04,30,12.375416666666666,0.3070398207802963,29246.0,29151.0,41305.0,1,0,29163.75,29237.75,95.0,74.0,7.67650920844416,1,11,30,ON,BUILDING
1785844800,2026-08-04,30,11.182083333333333,0.16995413866619927,29238.5,29199.75,26079.0,0,0,29221.75,29222.0,38.75,0.25,3.4653649811826956,0,12,0,ON,NORMAL-CHOP
1785846600,2026-08-04,30,9.872916666666667,0.10489401597039039,29230.25,29186.5,27504.0,0,0,29221.75,29202.75,43.75,-19.0,4.431314623338257,0,12,30,ON,DEAD-CHOP
1785848400,2026-08-04,30,11.422083333333335,0.1710933915452908,29284.0,29185.0,58074.0,1,0,29197.5,29234.5,99.0,37.0,8.667420566884324,1,13,0,ON,NORMAL-CHOP
1785850200,2026-08-04,30,30.5575,0.4520134315221839,29504.5,29208.0,336224.0,1,0,29303.75,29469.0,296.5,165.25,9.70301889879735,1,13,30,US,CLEAN-TREND
1785852000,2026-08-04,30,25.28708333333333,0.2525589197176557,29564.25,29432.5,211071.0,1,0,29457.5,29559.0,131.75,101.5,5.210169882515777,1,14,0,US,NORMAL-CHOP
1785853800,2026-08-04,30,22.11375,0.09685336013289532,29579.25,29515.0,136605.0,1,0,29528.75,29549.5,64.25,20.75,2.905432140636482,1,14,30,US,VIOLENT-WHIPSAW
1785855600,2026-08-04,30,14.239166666666668,0.3581144919622245,29664.5,29544.0,134384.0,1,0,29547.75,29639.75,120.5,92.0,8.46257388658044,1,15,0,US,BUILDING
1785857400,2026-08-04,30,12.7425,0.3263462846107534,29697.0,29621.75,105328.0,1,0,29636.75,29671.25,75.25,34.5,5.905434569354522,1,15,30,US,BUILDING
1785859200,2026-08-04,30,10.1875,0.17140616650356458,29720.0,29660.75,84564.0,1,0,29694.25,29706.5,59.25,12.25,5.815950920245399,1,16,0,US,NORMAL-CHOP
1785861000,2026-08-04,30,8.950416666666666,0.2820099254145292,29746.25,29695.0,75034.0,1,0,29709.25,29743.0,51.25,33.75,5.725990410129883,1,16,30,US,NORMAL-CHOP
1785862800,2026-08-04,30,11.355416666666667,0.3915432096918299,29826.0,29739.0,109445.0,1,0,29762.0,29818.75,87.0,56.75,7.661541848603823,1,17,0,US,BUILDING
1785864600,2026-08-04,30,12.210416666666667,0.3272729736134962,29898.25,29800.25,112212.0,1,0,29814.25,29834.5,98.0,20.25,8.02593414093158,1,17,30,US,BUILDING
1785866400,2026-08-04,30,16.914166666666667,0.0718399819235848,29884.25,29809.5,104799.0,0,0,29820.25,29879.75,74.75,59.5,4.4193723210326645,0,18,0,US,VIOLENT-WHIPSAW
1785868200,2026-08-04,30,12.420416666666666,0.11874556128499375,29895.75,29840.0,77815.0,0,0,29892.0,29881.0,55.75,-11.0,4.4885772753195345,0,18,30,US,NORMAL-CHOP
1785870000,2026-08-04,30,11.912083333333333,0.26387261559678105,29945.75,29878.25,90121.0,1,0,29902.75,29900.5,67.5,-2.25,5.666515093217671,1,19,0,US,NORMAL-CHOP
1785871800,2026-08-04,30,13.407083333333333,0.10222793911480561,29956.5,29847.5,128001.0,1,0,29901.25,29875.5,109.0,-25.75,8.13003076731827,1,19,30,US,NORMAL-CHOP
1785873600,2026-08-04,30,27.435416666666665,0.15853463547170274,29949.5,29757.75,90198.0,0,1,29864.25,29792.25,191.75,-72.0,6.9891411648568615,1,20,0,ON,VIOLENT-WHIPSAW
1785875400,2026-08-04,30,21.09125,0.17427537137603868,29827.0,29764.5,32325.0,0,0,29794.0,29819.0,62.5,25.0,2.963314170568364,0,20,30,ON,VIOLENT-WHIPSAW
1785880800,2026-08-04,30,13.536249999999999,0.1313540058612953,29844.25,29775.5,21777.0,0,0,29806.25,29833.25,68.75,27.0,5.078954658786592,0,22,0,ON,NORMAL-CHOP
1785882600,2026-08-04,30,8.941666666666666,0.18210278855364345,29841.75,29793.0,18378.0,0,0,29832.5,29826.0,48.75,-6.5,5.452003727865797,0,22,30,ON,DEAD-CHOP
1785884400,2026-08-04,30,8.606666666666666,0.19352902400193622,29849.25,29809.25,16022.0,0,0,29817.0,29825.0,40.0,8.0,4.647560030983734,0,23,0,ON,DEAD-CHOP
1785886200,2026-08-04,30,10.697083333333333,0.10573645584215363,29857.25,29802.75,24265.0,1,0,29823.0,29835.5,54.5,12.5,5.094846726132513,1,23,30,ON,NORMAL-CHOP
1785888000,2026-08-05,30,14.902916666666666,0.0739601203656116,29864.0,29818.75,28759.0,1,0,29837.25,29862.5,45.25,25.25,3.0363183940503817,1,0,0,ON,NORMAL-CHOP
1785889800,2026-08-05,30,11.185833333333333,0.10505016349049322,29877.5,29812.5,33252.0,1,0,29869.25,29848.5,65.0,-20.75,5.810921552559041,1,0,30,ON,NORMAL-CHOP
1785891600,2026-08-05,30,13.10375,0.1152722193303006,29861.0,29796.75,30896.0,0,1,29831.25,29819.75,64.25,-11.5,4.903176571592102,1,1,0,ON,NORMAL-CHOP
1785893400,2026-08-05,30,12.679583333333333,0.15314264290110477,29887.0,29810.75,28684.0,1,0,29823.25,29869.75,76.25,46.5,6.013604547993822,1,1,30,ON,NORMAL-CHOP
1785895200,2026-08-05,30,8.935833333333333,0.160364392251716,29889.0,29850.0,18585.0,1,0,29879.5,29853.75,39.0,-25.75,4.364450247132332,1,2,0,ON,DEAD-CHOP
1785897000,2026-08-05,30,8.449583333333333,0.13246557678429804,29875.0,29842.25,16418.0,0,0,29846.0,29860.25,32.75,14.25,3.875930765816855,0,2,30,ON,DEAD-CHOP
1785898800,2026-08-05,30,7.383333333333334,0.17194495958523828,29892.75,29853.5,14569.0,1,0,29872.5,29864.0,39.25,-8.5,5.316027088036117,1,3,0,ON,DEAD-CHOP
1785900600,2026-08-05,30,6.847916666666666,0.0862392324670858,29894.25,29858.5,13239.0,1,0,29863.25,29889.75,35.75,26.5,5.2205658655308795,1,3,30,ON,DEAD-CHOP
1785902400,2026-08-05,30,5.9375,0.1836377021430867,29898.25,29859.25,11389.0,1,0,29887.25,29871.0,39.0,-16.25,6.568421052631579,1,4,0,ON,DEAD-CHOP
1785904200,2026-08-05,30,6.211250000000001,0.22575466809984387,29916.75,29869.0,14917.0,1,0,29872.5,29903.25,47.75,30.75,7.687663513785469,1,4,30,ON,NORMAL-CHOP
1785906000,2026-08-05,30,7.2370833333333335,0.3463305691322544,29949.0,29894.5,15437.0,1,0,29910.5,29936.75,54.5,26.25,7.530658068973458,1,5,0,ON,BUILDING
1785907800,2026-08-05,30,7.054166666666666,0.14761365125083994,29986.75,29920.25,18848.0,1,0,29925.75,29980.25,66.5,54.5,9.427052569403427,1,5,30,ON,DEAD-CHOP
1785909600,2026-08-05,30,7.8358333333333325,0.34458566433444815,29990.75,29925.25,20252.0,1,0,29977.5,29929.5,65.5,-48.0,8.359034350739126,1,6,0,ON,BUILDING
1785911400,2026-08-05,30,9.525833333333333,0.16732598690098857,29972.0,29925.25,16612.0,0,0,29941.75,29970.0,46.75,28.25,4.90770711223865,0,6,30,ON,DEAD-CHOP
1785913200,2026-08-05,30,11.395000000000001,0.13346922107614542,29987.25,29901.25,24853.0,0,1,29971.75,29907.5,86.0,-64.25,7.547169811320754,1,7,0,ON,NORMAL-CHOP
1785915000,2026-08-05,30,10.77125,0.2655774738302481,29920.0,29884.0,19069.0,0,1,29901.5,29903.5,36.0,2.0,3.3422304746431473,1,7,30,ON,NORMAL-CHOP
1785916800,2026-08-05,30,11.734583333333335,0.21666181792968414,29926.0,29820.0,31936.0,0,1,29908.0,29834.75,106.0,-73.25,9.033128572950323,1,8,0,ON,NORMAL-CHOP
1785918600,2026-08-05,30,14.282916666666667,0.22982463479259865,29844.0,29796.75,30056.0,0,1,29813.75,29837.5,47.25,23.75,3.308147845619767,1,8,30,ON,NORMAL-CHOP
1785920400,2026-08-05,30,11.550416666666667,0.12172884264600045,29864.0,29814.5,22289.0,0,0,29841.25,29862.0,49.5,20.75,4.285559683994084,0,9,0,ON,NORMAL-CHOP
1785922200,2026-08-05,30,9.672500000000001,0.2224683370958171,29894.5,29852.5,19255.0,0,0,29870.5,29858.25,42.0,-12.25,4.342207288705091,0,9,30,ON,NORMAL-CHOP
1785924000,2026-08-05,30,9.097916666666666,0.1508216037610864,29871.75,29833.0,15471.0,0,0,29864.75,29857.25,38.75,-7.5,4.259216853675292,0,10,0,ON,DEAD-CHOP
1785925800,2026-08-05,30,9.026250000000001,0.06858680605742247,29872.0,29833.75,16841.0,0,0,29850.5,29864.25,38.25,13.75,4.237640216036559,0,10,30,ON,DEAD-CHOP
1785927600,2026-08-05,30,11.74375,0.23954539944208203,29923.25,29863.75,26082.0,1,0,29883.5,29900.25,59.5,16.75,5.0665247472059605,1,11,0,ON,NORMAL-CHOP
1785929400,2026-08-05,30,10.477916666666665,0.1205219112126346,29943.75,29890.5,27757.0,1,0,29898.25,29919.5,53.25,21.25,5.082117151151231,1,11,30,ON,NORMAL-CHOP
1785931200,2026-08-05,30,12.277916666666666,0.08643297516799678,29939.75,29892.25,30848.0,0,0,29917.25,29934.75,47.5,17.5,3.868734516577867,0,12,0,ON,NORMAL-CHOP
1785933000,2026-08-05,30,12.317499999999999,0.11111316406709192,29947.0,29888.5,32696.0,1,0,29926.0,29915.25,58.5,-10.75,4.74934036939314,1,12,30,ON,NORMAL-CHOP
1785934800,2026-08-05,30,9.990416666666667,0.1085260316330138,29978.25,29895.75,48682.0,1,0,29924.25,29974.5,82.5,50.25,8.257913834091005,1,13,0,ON,DEAD-CHOP
1785936600,2026-08-05,30,35.812916666666666,0.1916325846547573,30073.25,29909.5,368244.0,1,0,29964.5,30049.5,163.75,85.0,4.572372630917616,1,13,30,US,VIOLENT-WHIPSAW
1785938400,2026-08-05,30,38.77625,0.09829701216427691,30048.25,29901.0,289969.0,0,0,30008.75,29915.25,147.25,-93.5,3.797427549079656,0,14,0,US,VIOLENT-WHIPSAW
1785940200,2026-08-05,30,35.38708333333333,0.23581055951395802,29918.75,29787.75,266991.0,0,1,29895.75,29848.0,131.0,-47.75,3.701915717834898,1,14,30,US,VIOLENT-WHIPSAW
1785942000,2026-08-05,30,28.959583333333335,0.06714205372059748,29891.0,29762.25,171458.0,0,1,29873.0,29809.75,128.75,-63.25,4.4458512582190695,1,15,0,US,VIOLENT-WHIPSAW
1785943800,2026-08-05,30,22.770833333333332,0.10043942288315223,29861.75,29712.75,127283.0,0,1,29830.75,29738.25,149.0,-92.5,6.5434583714547125,1,15,30,US,VIOLENT-WHIPSAW
1785945600,2026-08-05,30,23.407916666666665,0.23572629180944268,29833.5,29701.75,136166.0,0,1,29748.25,29829.25,131.75,81.0,5.62843767243988,1,16,0,US,VIOLENT-WHIPSAW
1785947400,2026-08-05,30,20.454166666666666,0.13919181113257195,29840.0,29769.75,90370.0,0,0,29806.5,29809.0,70.25,2.5,3.4345080464453046,0,16,30,US,VIOLENT-WHIPSAW
1785949200,2026-08-05,30,18.80625,0.12267583964373967,29819.75,29740.0,87972.0,0,0,29805.75,29754.5,79.75,-51.25,4.240611498836823,0,17,0,US,VIOLENT-WHIPSAW
1785951000,2026-08-05,30,15.5275,0.0689746567955945,29778.75,29734.25,60291.0,0,0,29749.25,29757.0,44.5,7.75,2.865883110610208,0,17,30,US,VIOLENT-WHIPSAW
1785952800,2026-08-05,30,13.698333333333332,0.0629044286833671,29786.25,29752.5,51792.0,0,0,29761.25,29776.5,33.75,15.25,2.463803382406619,0,18,0,US,NORMAL-CHOP
1785954600,2026-08-05,30,12.667916666666667,0.14844228614105973,29776.75,29722.75,59883.0,0,1,29747.75,29726.25,54.0,-21.5,4.26273722987863,1,18,30,US,NORMAL-CHOP
1785956400,2026-08-05,30,12.030833333333334,0.13613241579676685,29780.0,29718.0,57135.0,0,1,29739.25,29756.5,62.0,17.25,5.153425226847683,1,19,0,US,NORMAL-CHOP
1785958200,2026-08-05,30,13.515416666666665,0.2851380354698978,29763.5,29593.0,108109.0,0,1,29759.5,29608.0,170.5,-151.5,12.615223356044025,1,19,30,US,NORMAL-CHOP
1785960000,2026-08-05,30,25.87875,0.3680800586975403,29618.5,29530.75,69963.0,0,1,29596.75,29569.75,87.75,-27.0,3.3908129256629476,1,20,0,ON,BUILDING
1785961800,2026-08-05,30,10.74625,0.09078085392249298,29607.0,29566.25,15092.0,0,0,29572.5,29594.75,40.75,22.25,3.7920204722577644,0,20,30,ON,NORMAL-CHOP
1785967200,2026-08-05,30,12.457916666666668,0.12340641783414279,29638.5,29560.0,21826.0,0,0,29586.75,29627.75,78.5,41.0,6.301214087427673,0,22,0,ON,NORMAL-CHOP
1785969000,2026-08-05,30,10.136249999999999,0.33943473255365536,29678.75,29617.0,26261.0,0,0,29627.25,29621.75,61.75,-5.5,6.0919965470464925,0,22,30,ON,BUILDING
1785970800,2026-08-05,30,8.577083333333333,0.26256802803918994,29650.5,29611.75,15107.0,0,0,29617.25,29628.25,38.75,11.0,4.517852805440856,0,23,0,ON,NORMAL-CHOP
1785972600,2026-08-05,30,12.090833333333334,0.2664918275052102,29636.75,29566.5,28219.0,0,0,29630.0,29583.75,70.25,-46.25,5.810186780618926,0,23,30,ON,NORMAL-CHOP
1785974400,2026-08-06,30,16.562083333333334,0.1078480002821924,29608.75,29546.25,44309.0,0,1,29561.5,29561.0,62.5,-0.5,3.773679841002289,1,0,0,ON,VIOLENT-WHIPSAW
1785976200,2026-08-06,30,14.280416666666667,0.09902787236960246,29587.25,29535.25,29953.0,0,1,29558.0,29539.0,52.0,-19.0,3.641350334082222,1,0,30,ON,NORMAL-CHOP
1785978000,2026-08-06,30,13.04,0.25586095102052586,29541.25,29454.25,40361.0,0,1,29525.75,29473.5,87.0,-52.25,6.671779141104295,1,1,0,ON,NORMAL-CHOP
1785979800,2026-08-06,30,13.659166666666666,0.11018231624420384,29519.0,29469.0,31379.0,0,0,29492.0,29498.0,50.0,6.0,3.660545421267769,0,1,30,ON,NORMAL-CHOP
1785981600,2026-08-06,30,13.685833333333333,0.1720564496218976,29578.5,29487.75,32128.0,0,0,29512.0,29548.25,90.75,36.25,6.630944407233757,0,2,0,ON,NORMAL-CHOP
1785983400,2026-08-06,30,11.94125,0.24172535991707816,29621.0,29529.25,27103.0,1,0,29542.75,29594.0,91.75,51.25,7.683450225060191,1,2,30,ON,NORMAL-CHOP
1785985200,2026-08-06,30,9.518333333333334,0.25954009014506085,29608.75,29535.0,20298.0,0,0,29590.75,29543.5,73.75,-47.25,7.748205218000349,0,3,0,ON,NORMAL-CHOP
1785987000,2026-08-06,30,11.073749999999999,0.20265776826597276,29584.75,29522.75,22688.0,0,0,29551.25,29581.75,62.0,30.5,5.598826052601875,0,3,30,ON,NORMAL-CHOP
1785988800,2026-08-06,30,11.99,0.07450498034741616,29597.75,29535.25,17126.0,0,0,29562.25,29586.0,62.5,23.75,5.212677231025855,0,4,0,ON,NORMAL-CHOP
1785990600,2026-08-06,30,9.7825,0.10897950137917443,29600.5,29543.5,14144.0,0,0,29597.0,29575.0,57.0,-22.0,5.826731408126757,0,4,30,ON,DEAD-CHOP
1785992400,2026-08-06,30,11.634166666666665,0.10849168821920181,29596.0,29557.75,13248.0,0,0,29563.25,29579.5,38.25,16.25,3.2877301052933174,0,5,0,ON,NORMAL-CHOP
1785994200,2026-08-06,30,11.59,0.10267595543570598,29584.25,29544.25,14233.0,0,0,29573.5,29580.25,40.0,6.75,3.4512510785159622,0,5,30,ON,NORMAL-CHOP
1785996000,2026-08-06,30,12.0625,0.19985447561362918,29581.5,29484.0,22794.0,0,1,29547.25,29547.0,97.5,-0.25,8.082901554404145,1,6,0,ON,NORMAL-CHOP
1785997800,2026-08-06,30,10.500833333333333,0.09600610522538015,29548.75,29486.25,15951.0,0,0,29522.75,29521.5,62.5,-1.25,5.951908578684232,0,6,30,ON,NORMAL-CHOP
1785999600,2026-08-06,30,10.719166666666666,0.2481497981097354,29564.0,29506.0,19876.0,0,0,29520.5,29536.75,58.0,16.25,5.410868382181451,0,7,0,ON,NORMAL-CHOP
1786001400,2026-08-06,30,9.453333333333335,0.23828691458263693,29542.25,29500.0,14976.0,0,0,29532.0,29506.25,42.25,-25.75,4.469322990126939,0,7,30,ON,NORMAL-CHOP
1786003200,2026-08-06,30,14.917916666666667,0.20211701026156095,29525.5,29444.25,29965.0,0,1,29515.5,29508.0,81.25,-7.5,5.446470966120158,1,8,0,ON,NORMAL-CHOP
1786005000,2026-08-06,30,12.113750000000001,0.1793213031811911,29532.75,29489.75,18585.0,0,0,29513.25,29517.25,43.0,4.0,3.5496852749974197,0,8,30,ON,NORMAL-CHOP
1786006800,2026-08-06,30,11.542499999999999,0.206827482117875,29518.5,29437.75,20857.0,0,1,29503.25,29482.5,80.75,-20.75,6.995884773662552,1,9,0,ON,NORMAL-CHOP
1786008600,2026-08-06,30,9.117083333333333,0.17466949010306662,29531.0,29475.25,12294.0,0,0,29484.0,29526.75,55.75,42.75,6.1148942004478775,0,9,30,ON,DEAD-CHOP
1786010400,2026-08-06,30,8.530416666666666,0.11416929498450905,29537.5,29492.75,14444.0,1,0,29514.25,29517.5,44.75,3.25,5.245933668734431,1,10,0,ON,DEAD-CHOP
1786012200,2026-08-06,30,8.4725,0.2315611303974247,29519.5,29466.25,17275.0,0,0,29512.25,29485.5,53.25,-26.75,6.285039834759516,0,10,30,ON,NORMAL-CHOP
1786014000,2026-08-06,30,16.062083333333334,0.2543147191263678,29488.25,29364.75,45775.0,0,1,29423.5,29469.0,123.5,45.5,7.688915406365924,1,11,0,ON,NORMAL-CHOP
1786015800,2026-08-06,30,13.207916666666668,0.3033444312003203,29516.0,29439.25,35865.0,0,0,29488.5,29466.25,76.75,-22.25,5.810908861478279,0,11,30,ON,BUILDING
1786017600,2026-08-06,30,14.2425,0.2807937632588021,29476.25,29388.25,35727.0,0,0,29450.0,29430.75,88.0,-19.25,6.1786905388801125,0,12,0,ON,NORMAL-CHOP
1786019400,2026-08-06,30,12.708333333333334,0.11765343931960986,29462.75,29389.0,36470.0,0,0,29442.25,29399.0,73.75,-43.25,5.80327868852459,0,12,30,ON,NORMAL-CHOP
1786021200,2026-08-06,30,13.353333333333333,0.3484151629834163,29404.0,29327.5,64895.0,0,1,29377.0,29334.75,76.5,-42.25,5.72890664003994,1,13,0,ON,BUILDING
1786023000,2026-08-06,30,34.46,0.2554021284662384,29551.0,29241.0,368610.0,1,1,29327.75,29527.5,310.0,199.75,8.995937318630295,1,13,30,US,NORMAL-CHOP
1786024800,2026-08-06,30,31.327916666666667,0.30492351581973415,29666.5,29487.75,265092.0,1,0,29528.25,29587.0,178.75,58.75,5.705773604479497,1,14,0,US,BUILDING
1786026600,2026-08-06,30,30.699166666666667,0.1386386738384299,29658.75,29532.75,240465.0,0,0,29597.75,29657.25,126.0,59.5,4.104345937729037,0,14,30,US,VIOLENT-WHIPSAW
1786028400,2026-08-06,30,26.254583333333336,0.10801793351158206,29686.25,29564.0,191592.0,1,0,29651.5,29608.0,122.25,-43.5,4.656329847169541,1,15,0,US,VIOLENT-WHIPSAW
1786030200,2026-08-06,30,25.646250000000002,0.1591203073341225,29627.75,29505.75,176552.0,0,0,29621.5,29516.0,122.0,-105.5,4.7570307549836715,0,15,30,US,VIOLENT-WHIPSAW
1786032000,2026-08-06,30,24.4375,0.19310974547325557,29542.75,29448.75,147064.0,0,1,29498.25,29471.25,94.0,-27.0,3.846547314578005,1,16,0,US,VIOLENT-WHIPSAW
1786033800,2026-08-06,30,21.060833333333335,0.08646459327479515,29558.25,29461.0,119317.0,0,0,29494.0,29556.75,97.25,62.75,4.617576069322992,0,16,30,US,VIOLENT-WHIPSAW
1786035600,2026-08-06,30,17.54416666666667,0.13410354381252912,29574.25,29512.25,96511.0,0,0,29569.0,29527.75,62.0,-41.25,3.533938156082268,0,17,0,US,VIOLENT-WHIPSAW
1786037400,2026-08-06,30,15.8825,0.10833720401891014,29543.0,29493.25,67869.0,0,0,29535.0,29529.25,49.75,-5.75,3.1323784039036675,0,17,30,US,VIOLENT-WHIPSAW
1786039200,2026-08-06,30,15.707916666666668,0.12814819178851128,29576.0,29498.5,82866.0,1,0,29533.0,29557.25,77.5,24.25,4.933817873153134,1,18,0,US,VIOLENT-WHIPSAW
1786041000,2026-08-06,30,12.830416666666668,0.1573736710058342,29560.75,29500.75,61373.0,0,0,29552.75,29515.75,60.0,-37.0,4.676387490663462,0,18,30,US,NORMAL-CHOP
1786042800,2026-08-06,30,12.885,0.10691558644386472,29570.75,29496.0,76149.0,0,0,29520.75,29508.5,74.75,-12.25,5.8013193636010865,0,19,0,US,NORMAL-CHOP
1786044600,2026-08-06,30,15.290833333333333,0.1337083194254082,29546.0,29475.0,101442.0,0,1,29521.25,29496.5,71.0,-24.75,4.6433048122513485,1,19,30,US,VIOLENT-WHIPSAW
1786046400,2026-08-06,30,15.294166666666666,0.1079661874785414,29551.5,29482.75,42484.0,0,0,29534.75,29493.5,68.75,-41.25,4.495177900070834,0,20,0,ON,VIOLENT-WHIPSAW
1786048200,2026-08-06,30,8.50125,0.20659353622903742,29507.0,29480.0,11988.0,0,0,29488.0,29504.5,27.0,16.5,3.1760035288928097,0,20,30,ON,DEAD-CHOP
1786053600,2026-08-06,30,9.871666666666666,0.4782746147632641,29581.0,29494.0,20469.0,1,0,29502.0,29549.5,87.0,47.5,8.813101468850245,1,22,0,ON,CLEAN-TREND
1786055400,2026-08-06,30,8.224583333333333,0.11491416711674927,29568.0,29529.25,12972.0,0,0,29547.0,29564.75,38.75,17.75,4.711484877653376,0,22,30,ON,DEAD-CHOP
1786057200,2026-08-06,30,6.3275,0.22528305214008273,29597.5,29553.75,16366.0,1,0,29565.5,29573.25,43.75,7.75,6.914263137099961,1,23,0,ON,NORMAL-CHOP
1786059000,2026-08-06,30,9.056666666666667,0.13062192530966488,29604.0,29562.25,18970.0,1,0,29577.5,29595.25,41.75,17.75,4.609863820390136,1,23,30,ON,DEAD-CHOP
1786060800,2026-08-07,30,14.297083333333335,0.2357881601468011,29619.25,29496.25,45474.0,1,1,29586.0,29513.75,123.0,-72.25,8.603153323813132,1,0,0,ON,NORMAL-CHOP
1786062600,2026-08-07,30,18.363333333333333,0.14903288740779957,29574.75,29500.5,45449.0,0,0,29509.75,29561.75,74.25,52.0,4.043383554184063,0,0,30,ON,VIOLENT-WHIPSAW
1786064400,2026-08-07,30,16.517916666666668,0.11342989139712104,29582.5,29482.75,38551.0,0,1,29570.75,29529.25,99.75,-41.5,6.038897157127361,1,1,0,ON,VIOLENT-WHIPSAW
1786066200,2026-08-07,30,17.235833333333336,0.0749498205498205,29581.5,29493.75,38607.0,0,0,29542.5,29526.5,87.75,-16.0,5.091137649277184,0,1,30,ON,VIOLENT-WHIPSAW
1786068000,2026-08-07,30,14.274166666666668,0.04839961967958839,29548.5,29489.25,23343.0,0,0,29532.25,29526.0,59.25,-6.25,4.150855274680366,0,2,0,ON,NORMAL-CHOP
1786069800,2026-08-07,30,12.090416666666666,0.08907330767163231,29535.75,29476.0,20553.0,0,1,29512.75,29525.75,59.75,13.0,4.941930592411345,1,2,30,ON,NORMAL-CHOP
1786071600,2026-08-07,30,9.04375,0.19951634509880517,29549.25,29490.0,17877.0,0,0,29531.0,29503.75,59.25,-27.25,6.55148583275743,0,3,0,ON,DEAD-CHOP
1786073400,2026-08-07,30,10.81875,0.11031837673350368,29522.75,29485.5,12587.0,0,0,29512.75,29487.75,37.25,-25.0,3.443096476025419,0,3,30,ON,NORMAL-CHOP
1786075200,2026-08-07,30,8.840416666666666,0.16651972402990342,29517.25,29455.0,20397.0,0,1,29482.75,29508.0,62.25,25.25,7.041523306782298,1,4,0,ON,DEAD-CHOP
1786077000,2026-08-07,30,9.341666666666667,0.10520859513105502,29525.75,29488.75,12218.0,0,0,29523.5,29509.5,37.0,-14.0,3.960749330954505,0,4,30,ON,DEAD-CHOP
1786078800,2026-08-07,30,9.2625,0.27191118346783494,29557.0,29505.5,13555.0,1,0,29513.25,29547.5,51.5,34.25,5.560053981106613,1,5,0,ON,NORMAL-CHOP
1786080600,2026-08-07,30,7.4125,0.1285431658430708,29551.0,29519.25,7779.0,0,0,29549.25,29522.75,31.75,-26.5,4.283305227655987,0,5,30,ON,DEAD-CHOP
1786082400,2026-08-07,30,7.625416666666666,0.2059896626149588,29584.75,29520.5,14913.0,1,0,29526.5,29581.0,64.25,54.5,8.42576908365663,1,6,0,ON,DEAD-CHOP
1786084200,2026-08-07,30,8.661249999999999,0.135818813443768,29582.5,29536.75,10107.0,0,0,29575.75,29552.75,45.75,-23.0,5.282147496031174,0,6,30,ON,DEAD-CHOP
1786086000,2026-08-07,30,9.275833333333333,0.2636680653345588,29593.0,29531.75,14761.0,1,0,29552.25,29588.0,61.25,35.75,6.603180307250023,1,7,0,ON,NORMAL-CHOP
1786087800,2026-08-07,30,8.120416666666667,0.10151653704963155,29591.5,29562.25,11241.0,0,0,29583.5,29583.25,29.25,-0.25,3.602031915439478,0,7,30,ON,DEAD-CHOP
1786089600,2026-08-07,30,9.540833333333333,0.21582895106932795,29630.0,29583.25,19197.0,1,0,29594.0,29624.0,46.75,30.0,4.899991265612718,1,8,0,ON,DEAD-CHOP
1786091400,2026-08-07,30,9.228333333333333,0.0991584717510728,29647.5,29609.0,15389.0,1,0,29630.75,29633.25,38.5,2.5,4.171934260429835,1,8,30,ON,DEAD-CHOP
1786093200,2026-08-07,30,8.130833333333333,0.09498362404202575,29650.5,29623.75,11466.0,1,0,29633.75,29634.5,26.75,0.75,3.289945680024598,1,9,0,ON,DEAD-CHOP
1786095000,2026-08-07,30,7.29875,0.07907585546221872,29647.25,29615.75,9523.0,0,0,29633.75,29617.25,31.5,-16.5,4.315807501284467,0,9,30,ON,DEAD-CHOP
1786096800,2026-08-07,30,7.166666666666667,0.16137242007822492,29629.75,29592.25,12366.0,0,1,29621.75,29621.25,37.5,-0.5,5.232558139534883,1,10,0,ON,DEAD-CHOP
1786098600,2026-08-07,30,6.302083333333333,0.08744015140382853,29625.75,29600.5,8584.0,0,0,29615.25,29607.25,25.25,-8.0,4.006611570247934,0,10,30,ON,DEAD-CHOP
1786100400,2026-08-07,30,7.994583333333334,0.2593932219747775,29662.0,29606.25,17033.0,1,0,29633.5,29653.0,55.75,19.5,6.973471621410329,1,11,0,ON,NORMAL-CHOP
1786102200,2026-08-07,30,6.849583333333333,0.22320575304898996,29669.75,29612.0,17197.0,1,0,29649.25,29613.75,57.75,-35.5,8.431169779183648,1,11,30,ON,NORMAL-CHOP
1786104000,2026-08-07,30,10.89375,0.08361975565751419,29685.5,29596.0,28946.0,1,1,29631.0,29674.5,89.5,43.5,8.215720022948938,1,12,0,ON,NORMAL-CHOP
1786105800,2026-08-07,30,23.4025,0.5945546093666857,29867.25,29647.5,92000.0,1,0,29717.75,29843.5,219.75,125.75,9.390022433500695,1,12,30,ON,CLEAN-TREND
1786107600,2026-08-07,30,16.13125,0.3244584948223609,29851.25,29686.0,86692.0,0,0,29824.25,29714.5,165.25,-109.75,10.244091437427352,0,13,0,ON,BUILDING
1786109400,2026-08-07,30,37.80708333333334,0.07959265984744622,29821.75,29644.25,342583.0,0,0,29730.5,29678.75,177.5,-51.75,4.694887421889637,0,13,30,US,VIOLENT-WHIPSAW
1786111200,2026-08-07,30,40.70625,0.15295986340596585,29779.0,29564.25,304484.0,0,1,29699.75,29761.0,214.75,61.25,5.275602640872102,1,14,0,US,VIOLENT-WHIPSAW
1786113000,2026-08-07,30,32.283750000000005,0.10872591068138643,29774.75,29660.0,190722.0,0,0,29738.0,29720.25,114.75,-17.75,3.5544197932396324,0,14,30,US,VIOLENT-WHIPSAW
1786114800,2026-08-07,30,21.84125,0.22363533075954348,29828.75,29708.75,112966.0,1,0,29725.25,29826.75,120.0,101.5,5.49419103760087,1,15,0,US,VIOLENT-WHIPSAW
1786116600,2026-08-07,30,15.656666666666666,0.23803017212219105,29855.0,29793.75,103925.0,1,0,29844.5,29813.5,61.25,-31.0,3.912071535022355,1,15,30,US,VIOLENT-WHIPSAW
1786118400,2026-08-07,30,15.104583333333332,0.1744796412901865,29830.25,29689.0,112680.0,0,0,29802.0,29714.0,141.25,-88.0,9.351466166450582,0,16,0,US,VIOLENT-WHIPSAW
1786120200,2026-08-07,30,19.739166666666666,0.19879756232458837,29780.75,29669.0,105519.0,0,0,29677.0,29739.75,111.75,62.75,5.661333220754,0,16,30,US,VIOLENT-WHIPSAW
1786122000,2026-08-07,30,12.821666666666665,0.08664294733723915,29768.5,29725.5,65746.0,0,0,29730.5,29747.75,43.0,17.25,3.3536981671649553,0,17,0,US,NORMAL-CHOP
1786123800,2026-08-07,30,11.36875,0.05788906455988618,29764.5,29727.0,45159.0,0,0,29747.0,29743.25,37.5,-3.75,3.2985156679494225,0,17,30,US,NORMAL-CHOP
1786125600,2026-08-07,30,9.604166666666666,0.1450182427564984,29754.75,29702.75,47906.0,0,0,29745.25,29706.0,52.0,-39.25,5.414316702819957,0,18,0,US,DEAD-CHOP
1786127400,2026-08-07,30,10.607916666666666,0.2053210285763476,29731.0,29676.75,62797.0,0,1,29704.0,29724.75,54.25,20.75,5.1141050316194665,1,18,30,US,NORMAL-CHOP
1786129200,2026-08-07,30,13.325416666666666,0.4103305837691554,29823.25,29722.75,86395.0,1,0,29739.75,29811.0,100.5,71.25,7.541978049466872,1,19,0,US,BUILDING
1786131000,2026-08-07,30,12.781666666666666,0.10447244268821025,29860.5,29772.0,91996.0,1,0,29786.0,29834.0,88.5,48.0,6.923979658364845,1,19,30,US,NORMAL-CHOP
1786132800,2026-08-07,30,11.167083333333332,0.1700189670202569,29850.5,29803.75,29348.0,0,0,29838.75,29804.5,46.75,-34.25,4.186410954815119,0,20,0,ON,NORMAL-CHOP
1786134600,2026-08-07,30,4.872916666666667,0.1687017714151896,29844.0,29802.5,9806.0,0,0,29806.0,29841.0,41.5,35.0,8.516460025651988,0,20,30,ON,DEAD-CHOP
1786320000,2026-08-10,30,14.330416666666668,0.22156957403528968,29906.5,29797.75,47861.0,1,0,29828.75,29847.0,108.75,18.25,7.588753525426685,1,0,0,ON,NORMAL-CHOP
1786321800,2026-08-10,30,14.364583333333334,0.26632193863234827,29865.5,29788.0,36298.0,0,1,29860.75,29803.0,77.5,-57.75,5.3952139231327045,1,0,30,ON,NORMAL-CHOP
1786323600,2026-08-10,30,13.44125,0.25403692118121374,29884.5,29791.5,33754.0,0,0,29801.25,29864.25,93.0,63.0,6.918999349018878,0,1,0,ON,NORMAL-CHOP
1786325400,2026-08-10,30,11.553333333333335,0.15709960598279873,29895.0,29841.25,24567.0,0,0,29862.0,29884.5,53.75,22.5,4.6523369878822844,0,1,30,ON,NORMAL-CHOP
1786327200,2026-08-10,30,8.131666666666666,0.15795401491671462,29895.25,29852.25,19028.0,0,0,29878.0,29870.0,43.0,-8.0,5.287968846075016,0,2,0,ON,DEAD-CHOP
1786329000,2026-08-10,30,7.1658333333333335,0.19447685079193103,29899.25,29848.5,16582.0,1,0,29868.25,29881.0,50.75,12.75,7.082218862658449,1,2,30,ON,DEAD-CHOP
1786330800,2026-08-10,30,7.067083333333333,0.11341122266698105,29892.0,29868.5,15097.0,0,0,29881.0,29880.5,23.5,-0.5,3.3252756323329997,0,3,0,ON,DEAD-CHOP
1786332600,2026-08-10,30,7.067083333333333,0.11415427791117214,29899.0,29870.5,11861.0,0,0,29876.0,29878.5,28.5,2.5,4.032781086020872,0,3,30,ON,DEAD-CHOP
1786334400,2026-08-10,30,6.970416666666667,0.07214342366661546,29904.0,29872.0,11237.0,1,0,29886.25,29899.25,32.0,13.0,4.59083029469783,1,4,0,ON,DEAD-CHOP
1786336200,2026-08-10,30,6.792916666666667,0.09449607806391164,29902.0,29863.75,13833.0,0,1,29892.0,29882.25,38.25,-9.75,5.630865484880084,1,4,30,ON,DEAD-CHOP
1786338000,2026-08-10,30,6.9975000000000005,0.22302899730274447,29924.25,29880.75,14229.0,1,0,29882.0,29910.25,43.5,28.25,6.216505894962486,1,5,0,ON,NORMAL-CHOP
1786339800,2026-08-10,30,5.798333333333333,0.1271011633573889,29930.5,29899.25,10644.0,1,0,29911.25,29929.5,31.25,18.25,5.389479735556194,1,5,30,ON,DEAD-CHOP
1786341600,2026-08-10,30,7.434166666666667,0.29087198644336987,29963.75,29907.75,21480.0,1,0,29934.5,29914.25,56.0,-20.25,7.532787804057841,1,6,0,ON,NORMAL-CHOP
1786343400,2026-08-10,30,8.268333333333334,0.17614435971004294,29925.0,29904.25,11476.0,0,0,29911.0,29908.75,20.75,-2.25,2.5095746825236844,0,6,30,ON,DEAD-CHOP
1786345200,2026-08-10,30,8.709166666666667,0.11942988402004594,29953.25,29886.75,20431.0,0,1,29920.25,29952.0,66.5,31.75,7.635632953784327,1,7,0,ON,DEAD-CHOP
1786347000,2026-08-10,30,7.894583333333333,0.28002159939971605,29985.0,29935.75,17290.0,1,0,29952.75,29952.75,49.25,0.0,6.238454636617934,1,7,30,ON,NORMAL-CHOP
1786348800,2026-08-10,30,10.091666666666667,0.07329526855018426,29981.25,29939.0,19311.0,0,0,29953.75,29952.25,42.25,-1.5,4.186622625928984,0,8,0,ON,DEAD-CHOP
1786350600,2026-08-10,30,7.94875,0.09927179286627957,29975.75,29943.75,10501.0,0,0,29952.5,29971.75,32.0,19.25,4.0257902185878285,0,8,30,ON,DEAD-CHOP
1786352400,2026-08-10,30,6.088333333333334,0.16419139150522602,29984.25,29963.0,9387.0,0,0,29967.25,29968.5,21.25,1.25,3.4902819600328496,0,9,0,ON,DEAD-CHOP
1786354200,2026-08-10,30,7.053333333333333,0.2233967482122863,29971.75,29936.0,11926.0,0,0,29967.5,29938.25,35.75,-29.25,5.068525519848771,0,9,30,ON,NORMAL-CHOP
1786356000,2026-08-10,30,7.45125,0.11217140769932946,29959.25,29915.25,16698.0,0,1,29939.75,29945.5,44.0,5.75,5.905049488340882,1,10,0,ON,DEAD-CHOP
1786357800,2026-08-10,30,7.019583333333333,0.13179601041402017,29945.75,29909.25,15656.0,0,1,29939.25,29912.75,36.5,-26.5,5.199738825903721,1,10,30,ON,DEAD-CHOP
1786359600,2026-08-10,30,11.512083333333333,0.2672541455304404,29926.25,29851.75,31495.0,0,1,29895.5,29909.25,74.5,13.75,6.471461145897427,1,11,0,ON,NORMAL-CHOP
1786361400,2026-08-10,30,10.784166666666666,0.10292889293109919,29915.0,29845.25,26491.0,0,1,29911.25,29871.0,69.75,-40.25,6.467815470210958,1,11,30,ON,NORMAL-CHOP
1786363200,2026-08-10,30,11.322916666666666,0.1937993746710473,29884.25,29810.25,27062.0,0,1,29873.25,29822.75,74.0,-50.5,6.5354185832566705,1,12,0,ON,NORMAL-CHOP
1786365000,2026-08-10,30,10.638333333333332,0.39138896649507615,29829.25,29771.0,35376.0,0,1,29814.0,29777.75,58.25,-36.25,5.475481748394173,1,12,30,ON,BUILDING
1786366800,2026-08-10,30,10.769166666666667,0.12162457794850691,29823.5,29771.75,50863.0,0,0,29785.75,29805.5,51.75,19.75,4.805385746343728,0,13,0,ON,NORMAL-CHOP
1786368600,2026-08-10,30,28.71625,0.08846018445846893,29841.25,29719.0,335600.0,0,1,29823.5,29806.5,122.25,-17.0,4.257171462151221,1,13,30,US,VIOLENT-WHIPSAW
1786370400,2026-08-10,30,24.71625,0.24502579688133072,29900.0,29788.25,215840.0,1,0,29805.0,29857.75,111.75,52.75,4.52131694735245,1,14,0,US,VIOLENT-WHIPSAW
1786372200,2026-08-10,30,20.646666666666665,0.11584421441192776,29893.0,29776.75,167368.0,0,0,29866.25,29779.5,116.25,-86.75,5.630448821440104,0,14,30,US,VIOLENT-WHIPSAW
1786374000,2026-08-10,30,20.35625,0.2085136965835362,29823.5,29753.5,138024.0,0,0,29775.5,29777.75,70.0,2.25,3.4387473134786615,0,15,0,US,VIOLENT-WHIPSAW
1786375800,2026-08-10,30,15.715833333333334,0.14940060794333151,29855.0,29741.25,106954.0,0,0,29772.5,29844.0,113.75,71.5,7.237923537833395,0,15,30,US,VIOLENT-WHIPSAW
1786377600,2026-08-10,30,12.116666666666667,0.2034655511000323,29858.75,29803.75,79930.0,0,0,29853.0,29810.0,55.0,-43.0,4.53920220082531,0,16,0,US,NORMAL-CHOP
1786379400,2026-08-10,30,16.16125,0.2756944597611249,29817.25,29730.25,112756.0,0,1,29807.5,29779.75,87.0,-27.75,5.383246964189032,1,16,30,US,NORMAL-CHOP
1786381200,2026-08-10,30,10.955833333333334,0.1811317564094488,29811.5,29760.25,67404.0,0,0,29781.25,29786.75,51.25,5.5,4.677873279075074,0,17,0,US,NORMAL-CHOP
1786383000,2026-08-10,30,8.608749999999999,0.2897760979222949,29797.5,29744.25,58718.0,0,0,29792.75,29759.25,53.25,-33.5,6.1855670103092795,0,17,30,US,NORMAL-CHOP
1786384800,2026-08-10,30,8.708333333333334,0.11563275387181049,29772.25,29742.25,44654.0,0,0,29762.5,29746.75,30.0,-15.75,3.4449760765550237,0,18,0,US,DEAD-CHOP
1786386600,2026-08-10,30,7.545,0.15376371518240572,29784.75,29742.25,52644.0,0,0,29750.75,29782.0,42.5,31.25,5.632869449966866,0,18,30,US,DEAD-CHOP
1786388400,2026-08-10,30,7.645,0.18101805265579268,29796.5,29775.5,46504.0,0,0,29780.75,29781.75,21.0,1.0,2.746893394375409,0,19,0,US,DEAD-CHOP
1786390200,2026-08-10,30,9.237916666666667,0.14515670619485396,29793.5,29722.75,83316.0,0,1,29783.75,29744.25,70.75,-39.5,7.658653195615894,1,19,30,US,DEAD-CHOP
1786392000,2026-08-10,30,9.325833333333332,0.1437563342326131,29755.0,29737.0,26394.0,0,0,29750.0,29751.25,18.0,1.25,1.9301224198016267,0,20,0,ON,DEAD-CHOP
1786393800,2026-08-10,30,4.780833333333334,0.1331258051617662,29770.0,29743.0,10777.0,0,0,29751.0,29763.75,27.0,12.75,5.647550984835279,0,20,30,ON,DEAD-CHOP
1786399200,2026-08-10,30,7.3254166666666665,0.1936309862616706,29788.5,29732.75,15897.0,0,0,29783.0,29745.5,55.75,-37.5,7.610488595643024,0,22,0,ON,DEAD-CHOP
1786401000,2026-08-10,30,5.8341666666666665,0.31195142587752517,29747.5,29720.25,10890.0,0,1,29741.75,29732.5,27.25,-9.25,4.670761319811455,1,22,30,ON,BUILDING
1786402800,2026-08-10,30,4.52,0.14008155626920574,29734.75,29702.5,12131.0,0,1,29731.5,29708.25,32.25,-23.25,7.13495575221239,1,23,0,ON,DEAD-CHOP
1786404600,2026-08-10,30,6.057916666666667,0.2185779811482458,29726.5,29677.75,19926.0,0,1,29707.0,29703.5,48.75,-3.5,8.04732099869317,1,23,30,ON,DEAD-CHOP
1786406400,2026-08-11,30,14.004999999999999,0.1607762021319651,29765.0,29666.0,46484.0,1,1,29683.75,29762.75,99.0,79.0,7.068903962870404,1,0,0,ON,NORMAL-CHOP
1786408200,2026-08-11,30,9.59,0.2962430893701244,29794.25,29755.75,23060.0,1,0,29762.0,29784.75,38.5,22.75,4.014598540145985,1,0,30,ON,NORMAL-CHOP
1786410000,2026-08-11,30,9.69375,0.1910720615846805,29839.75,29764.25,35784.0,1,0,29795.75,29820.0,75.5,24.25,7.788523533204384,1,1,0,ON,DEAD-CHOP
1786411800,2026-08-11,30,8.445416666666667,0.14308470617197597,29842.75,29810.0,18327.0,1,0,29820.5,29818.5,32.75,-2.0,3.8778430114953872,1,1,30,ON,DEAD-CHOP
1786413600,2026-08-11,30,7.083333333333333,0.08477876660885343,29830.75,29812.0,13907.0,0,0,29815.25,29823.5,18.75,8.25,2.6470588235294117,0,2,0,ON,DEAD-CHOP
1786415400,2026-08-11,30,6.036666666666666,0.15304683927064555,29846.25,29815.0,14858.0,1,0,29830.5,29818.75,31.25,-11.75,5.176697956929873,1,2,30,ON,DEAD-CHOP
1786417200,2026-08-11,30,5.87,0.15038819203112616,29847.5,29814.75,12301.0,1,0,29818.0,29841.5,32.75,23.5,5.579216354344123,1,3,0,ON,DEAD-CHOP
1786419000,2026-08-11,30,5.462083333333334,0.13261610830907197,29843.25,29826.25,8785.0,0,0,29839.25,29831.75,17.0,-7.5,3.112365550385231,0,3,30,ON,DEAD-CHOP
1786420800,2026-08-11,30,4.794583333333334,0.11746230272242163,29854.75,29832.25,8383.0,1,0,29835.0,29853.5,22.5,18.5,4.692795689580255,1,4,0,ON,DEAD-CHOP
1786422600,2026-08-11,30,4.971666666666667,0.11442813771454424,29862.0,29833.75,10051.0,1,0,29853.75,29839.25,28.25,-14.5,5.682199128394234,1,4,30,ON,DEAD-CHOP
1786424400,2026-08-11,30,5.349583333333333,0.18773775901980796,29855.0,29813.0,12421.0,0,1,29841.0,29814.5,42.0,-26.5,7.851078744450502,1,5,0,ON,DEAD-CHOP
1786426200,2026-08-11,30,7.6883333333333335,0.2513936888486088,29829.5,29788.25,16501.0,0,1,29815.25,29792.75,41.25,-22.5,5.365272057229569,1,5,30,ON,NORMAL-CHOP
1786428000,2026-08-11,30,7.5475,0.0909779085917019,29827.5,29765.75,20373.0,0,1,29791.25,29771.0,61.75,-20.25,8.181517058628685,1,6,0,ON,DEAD-CHOP
1786429800,2026-08-11,30,10.457500000000001,0.2539359435199577,29789.5,29732.25,24694.0,0,1,29774.25,29754.75,57.25,-19.5,5.474539803968443,1,6,30,ON,NORMAL-CHOP
1786431600,2026-08-11,30,10.31,0.10343391458934069,29770.5,29726.0,21528.0,0,1,29762.5,29743.75,44.5,-18.75,4.316197866149369,1,7,0,ON,NORMAL-CHOP
1786433400,2026-08-11,30,9.372083333333334,0.13309783723016128,29780.0,29742.5,14851.0,0,0,29753.25,29775.25,37.5,22.0,4.001244831725425,0,7,30,ON,DEAD-CHOP
1786435200,2026-08-11,30,11.45,0.153243257260526,29805.5,29718.0,28151.0,0,1,29781.0,29733.0,87.5,-48.0,7.641921397379913,1,8,0,ON,NORMAL-CHOP
1786437000,2026-08-11,30,9.202083333333333,0.22204099826728813,29763.75,29717.5,17346.0,0,1,29732.25,29749.0,46.25,16.75,5.026035770885216,1,8,30,ON,NORMAL-CHOP
1786438800,2026-08-11,30,9.935833333333333,0.06634397801661616,29765.75,29718.5,19153.0,0,0,29744.0,29759.25,47.25,15.25,4.755514551706785,0,9,0,ON,DEAD-CHOP
1786440600,2026-08-11,30,8.11625,0.2047679305981514,29784.25,29755.0,12605.0,0,0,29765.5,29769.5,29.25,4.0,3.603881102726012,0,9,30,ON,DEAD-CHOP
1786442400,2026-08-11,30,7.062083333333334,0.1846030469255673,29833.25,29749.5,20543.0,1,0,29766.75,29821.5,83.75,54.75,11.859106731960587,1,10,0,ON,DEAD-CHOP
1786444200,2026-08-11,30,7.745416666666667,0.30361991827265944,29828.0,29801.75,11318.0,0,0,29810.75,29817.75,26.25,7.0,3.3891010812846303,0,10,30,ON,BUILDING
1786446000,2026-08-11,30,10.809166666666666,0.3231278407763245,29887.0,29817.25,36380.0,1,0,29826.25,29834.5,69.75,8.25,6.452856371906561,1,11,0,ON,BUILDING
1786447800,2026-08-11,30,7.7683333333333335,0.2925434681110348,29836.75,29810.5,17390.0,0,0,29830.5,29832.5,26.25,2.0,3.3791031967388974,0,11,30,ON,NORMAL-CHOP
1786449600,2026-08-11,30,8.109166666666667,0.1998128314812449,29871.5,29819.0,27219.0,0,0,29825.25,29829.0,52.5,3.75,6.474154763128147,0,12,0,ON,DEAD-CHOP
1786451400,2026-08-11,30,8.510416666666666,0.09218169523923206,29857.5,29819.75,20224.0,0,0,29824.25,29832.25,37.75,8.0,4.435740514075888,0,12,30,ON,DEAD-CHOP
1786453200,2026-08-11,30,8.2125,0.09459738844568179,29852.0,29813.0,35333.0,0,0,29850.0,29839.75,39.0,-10.25,4.748858447488584,0,13,0,ON,DEAD-CHOP
1786455000,2026-08-11,30,27.737916666666667,0.3978727299487303,29842.75,29636.0,348246.0,0,1,29778.75,29732.5,206.75,-46.25,7.453696053837256,1,13,30,US,BUILDING
1786456800,2026-08-11,30,23.366249999999997,0.19179665310501046,29793.0,29718.25,219410.0,0,0,29746.0,29777.75,74.75,31.75,3.1990584710854333,0,14,0,US,VIOLENT-WHIPSAW
1786458600,2026-08-11,30,19.011666666666667,0.08747599789012885,29805.0,29723.25,162771.0,0,0,29746.75,29776.25,81.75,29.5,4.2999912334531425,0,14,30,US,VIOLENT-WHIPSAW
1786460400,2026-08-11,30,15.415833333333333,0.2184544332662434,29793.0,29697.25,139751.0,0,0,29783.75,29703.0,95.75,-80.75,6.211146548462079,0,15,0,US,VIOLENT-WHIPSAW
1786462200,2026-08-11,30,14.174166666666668,0.22952884103776003,29719.5,29658.25,110799.0,0,1,29717.0,29663.0,61.25,-54.0,4.321241695572931,1,15,30,US,NORMAL-CHOP
1786464000,2026-08-11,30,11.359166666666665,0.12474322045927291,29682.0,29622.0,92631.0,0,1,29671.25,29646.0,60.0,-25.25,5.282077617196098,1,16,0,US,NORMAL-CHOP
1786465800,2026-08-11,30,10.847916666666666,0.11601755942515574,29665.5,29616.0,73512.0,0,1,29649.75,29625.75,49.5,-24.0,4.5630881505665455,1,16,30,US,NORMAL-CHOP
1786467600,2026-08-11,30,10.675833333333333,0.22413781031568447,29634.75,29573.0,87923.0,0,1,29624.0,29606.5,61.75,-17.5,5.784091796112715,1,17,0,US,NORMAL-CHOP
1786469400,2026-08-11,30,10.246666666666666,0.17762905860841363,29641.0,29599.0,57623.0,0,0,29602.75,29629.0,42.0,26.25,4.0988939492517895,0,17,30,US,NORMAL-CHOP
1786471200,2026-08-11,30,9.314166666666667,0.24782296590010855,29635.75,29533.5,76384.0,0,1,29628.0,29544.25,102.25,-83.75,10.97790104679252,1,18,0,US,NORMAL-CHOP
1786473000,2026-08-11,30,11.047916666666667,0.23400017287433453,29599.5,29540.75,69922.0,0,0,29551.75,29582.5,58.75,30.75,5.317744672826701,0,18,30,US,NORMAL-CHOP
1786474800,2026-08-11,30,9.91,0.19468563530797506,29627.25,29571.5,60818.0,0,0,29580.75,29624.25,55.75,43.5,5.6256306760847625,0,19,0,US,DEAD-CHOP
1786476600,2026-08-11,30,10.510416666666666,0.254162256947931,29660.25,29606.75,93584.0,1,0,29631.75,29635.75,53.5,4.0,5.090188305252726,1,19,30,US,NORMAL-CHOP
1786478400,2026-08-11,30,11.745416666666667,0.17762147668115522,29677.0,29615.0,34601.0,1,0,29641.25,29674.5,62.0,33.25,5.278654794423356,1,20,0,ON,NORMAL-CHOP
1786480200,2026-08-11,30,4.917916666666667,0.3875009467731721,29677.5,29643.5,10246.0,1,0,29672.5,29647.25,34.0,-25.25,6.913496568668982,1,20,30,ON,BUILDING
1786485600,2026-08-11,30,7.559583333333333,0.1695720002237783,29664.0,29628.5,11765.0,0,0,29645.25,29654.25,35.5,9.0,4.696026015543184,0,22,0,ON,DEAD-CHOP
1786487400,2026-08-11,30,5.6329166666666675,0.11108147471834579,29667.25,29633.75,10311.0,0,0,29659.25,29649.75,33.5,-9.5,5.947185442710259,0,22,30,ON,DEAD-CHOP
1786489200,2026-08-11,30,4.855416666666667,0.054497412460597756,29655.0,29638.0,6738.0,0,0,29646.5,29652.5,17.0,6.0,3.501244314768729,0,23,0,ON,DEAD-CHOP
1786491000,2026-08-11,30,4.725833333333333,0.11140291769819165,29665.25,29634.0,11140.0,0,0,29646.0,29662.5,31.25,16.5,6.612590372068419,0,23,30,ON,DEAD-CHOP
1786492800,2026-08-12,30,10.89375,0.09003705932714601,29676.0,29625.0,33693.0,1,1,29658.5,29664.75,51.0,6.25,4.6815834767641995,1,0,0,ON,NORMAL-CHOP
1786494600,2026-08-12,30,8.804583333333333,0.1268154593589814,29681.5,29652.5,18220.0,1,0,29662.75,29667.5,29.0,4.75,3.29373905636269,1,0,30,ON,DEAD-CHOP
1786496400,2026-08-12,30,7.94875,0.09098362952928166,29681.0,29639.0,22031.0,0,0,29667.0,29663.0,42.0,-4.0,5.283849661896524,0,1,0,ON,DEAD-CHOP
1786498200,2026-08-12,30,8.400416666666667,0.11510233669861744,29684.75,29645.25,20601.0,1,0,29654.5,29658.5,39.5,4.0,4.702147710927037,1,1,30,ON,DEAD-CHOP
1786500000,2026-08-12,30,7.522916666666666,0.10280289576105993,29678.5,29649.5,12356.0,0,0,29663.5,29677.0,29.0,13.5,3.8548878427028526,0,2,0,ON,DEAD-CHOP
1786501800,2026-08-12,30,5.051666666666667,0.40480821114374793,29703.75,29675.25,12528.0,1,0,29683.25,29702.25,28.5,19.0,5.641702408446057,1,2,30,ON,BUILDING
1786503600,2026-08-12,30,4.587083333333334,0.17293525858057104,29710.5,29694.0,10259.0,1,0,29706.0,29702.75,16.5,-3.25,3.597056953401762,1,3,0,ON,DEAD-CHOP
1786505400,2026-08-12,30,4.744583333333334,0.10502375509538196,29705.0,29684.0,10399.0,0,0,29701.25,29694.5,21.0,-6.75,4.42609993852639,0,3,30,ON,DEAD-CHOP
1786507200,2026-08-12,30,4.413333333333333,0.06239062527498597,29704.0,29689.0,6182.0,0,0,29693.5,29697.5,15.0,4.0,3.3987915407854987,0,4,0,ON,DEAD-CHOP
1786509000,2026-08-12,30,4.3275,0.13330184247473081,29716.75,29683.0,9527.0,1,1,29693.0,29713.5,33.75,20.5,7.798960138648181,1,4,30,ON,DEAD-CHOP
1786510800,2026-08-12,30,5.2804166666666665,0.22589004585309372,29714.5,29668.0,12647.0,0,1,29710.25,29688.25,46.5,-22.0,8.806123254162392,1,5,0,ON,NORMAL-CHOP
1786512600,2026-08-12,30,5.5287500000000005,0.1978037546659176,29718.5,29686.5,9382.0,1,0,29696.0,29715.5,32.0,19.5,5.787926746552113,1,5,30,ON,DEAD-CHOP
1786514400,2026-08-12,30,5.676666666666667,0.1613721244619704,29724.5,29697.75,11385.0,1,0,29720.75,29709.75,26.75,-11.0,4.712272460364064,1,6,0,ON,DEAD-CHOP
1786516200,2026-08-12,30,5.953333333333333,0.1629011405931555,29737.5,29705.25,10967.0,1,0,29711.25,29736.25,32.25,25.0,5.417133258678612,1,6,30,ON,DEAD-CHOP
1786518000,2026-08-12,30,6.1675,0.22174397253011174,29754.75,29728.0,14051.0,1,0,29748.0,29738.75,26.75,-9.25,4.33725172274017,1,7,0,ON,NORMAL-CHOP
1786519800,2026-08-12,30,5.1466666666666665,0.08804456466029936,29751.0,29729.75,7287.0,0,0,29735.0,29750.75,21.25,15.75,4.128886010362694,0,7,30,ON,DEAD-CHOP
1786521600,2026-08-12,30,6.604166666666667,0.42677932009936254,29792.75,29748.0,16571.0,1,0,29753.5,29785.75,44.75,32.25,6.7760252365930596,1,8,0,ON,BUILDING
1786523400,2026-08-12,30,5.590833333333333,0.0921795798577165,29799.5,29762.5,10057.0,1,0,29781.75,29793.5,37.0,11.75,6.6179758533313455,1,8,30,ON,DEAD-CHOP
1786525200,2026-08-12,30,5.2162500000000005,0.4041589618443575,29849.0,29793.0,17451.0,1,0,29796.75,29823.5,56.0,26.75,10.735681763719146,1,9,0,ON,BUILDING
1786527000,2026-08-12,30,7.394583333333333,0.1921377081603373,29839.0,29802.5,13299.0,0,0,29828.0,29815.75,36.5,-12.25,4.936045528821773,0,9,30,ON,DEAD-CHOP
1786528800,2026-08-12,30,6.144166666666666,0.18856314001408375,29845.25,29814.5,9254.0,0,0,29819.75,29839.0,30.75,19.25,5.004747050047471,0,10,0,ON,DEAD-CHOP
1786530600,2026-08-12,30,6.424166666666666,0.1683934131513985,29844.0,29782.25,14463.0,0,1,29838.5,29815.5,61.75,-23.0,9.612141652613829,1,10,30,ON,DEAD-CHOP
1786532400,2026-08-12,30,7.82375,0.07996999567947882,29837.75,29805.5,13351.0,0,0,29828.25,29810.5,32.25,-17.75,4.122064227512382,0,11,0,ON,DEAD-CHOP
1786534200,2026-08-12,30,5.965,0.13987018259181958,29847.75,29806.0,12048.0,1,0,29810.0,29845.5,41.75,35.5,6.999161777032691,1,11,30,ON,DEAD-CHOP
1786536000,2026-08-12,30,7.21875,0.14845904394841897,29917.5,29820.75,25179.0,1,0,29845.0,29909.5,96.75,64.5,13.402597402597403,1,12,0,ON,DEAD-CHOP
1786537800,2026-08-12,30,23.471666666666668,0.18883940267894922,29950.0,29745.0,69861.0,1,1,29832.25,29919.75,205.0,87.5,8.733934530994816,1,12,30,ON,VIOLENT-WHIPSAW
1786539600,2026-08-12,30,9.28875,0.3150710868790607,29992.25,29916.25,54071.0,1,0,29920.5,29991.75,76.0,71.25,8.181940519445565,1,13,0,ON,BUILDING
1786541400,2026-08-12,30,27.31833333333333,0.11764144773362073,30001.5,29853.25,337959.0,1,0,29974.5,29907.25,148.25,-67.25,5.426758587029468,1,13,30,US,VIOLENT-WHIPSAW
1786543200,2026-08-12,30,25.66916666666667,0.07529922374498306,29946.25,29848.25,211648.0,0,0,29900.75,29916.5,98.0,15.75,3.81780995357595,0,14,0,US,VIOLENT-WHIPSAW
1786545000,2026-08-12,30,23.540416666666665,0.06977500489472425,29931.75,29835.75,174827.0,0,0,29907.5,29867.25,96.0,-40.25,4.07809264208719,0,14,30,US,VIOLENT-WHIPSAW
1786546800,2026-08-12,30,18.48708333333333,0.10560550081770859,29891.25,29838.75,117571.0,0,0,29870.75,29874.5,52.5,3.75,2.839820595460795,0,15,0,US,VIOLENT-WHIPSAW
1786548600,2026-08-12,30,15.417083333333332,0.10972151886227509,29880.0,29818.75,96981.0,0,1,29864.75,29831.75,61.25,-33.0,3.972865598227075,1,15,30,US,VIOLENT-WHIPSAW
1786550400,2026-08-12,30,10.948333333333332,0.16399878850030186,29888.0,29829.0,69522.0,0,0,29848.75,29873.75,59.0,25.0,5.3889480895113415,0,16,0,US,NORMAL-CHOP
1786552200,2026-08-12,30,9.5725,0.15003650116824038,29917.5,29850.75,69668.0,1,0,29874.75,29905.5,66.75,30.75,6.973100026116479,1,16,30,US,DEAD-CHOP
1786554000,2026-08-12,30,8.292916666666667,0.20298258194897154,29924.5,29888.25,56743.0,1,0,29909.25,29910.0,36.25,0.75,4.371200321559564,1,17,0,US,DEAD-CHOP
1786555800,2026-08-12,30,7.137083333333334,0.09857471779383556,29924.0,29900.75,41516.0,0,0,29905.5,29909.75,23.25,4.25,3.257633253546617,0,17,30,US,DEAD-CHOP
1786557600,2026-08-12,30,7.062083333333334,0.11794803421295404,29918.75,29889.75,46295.0,0,0,29904.75,29894.0,29.0,-10.75,4.106436957932621,0,18,0,US,DEAD-CHOP
1786559400,2026-08-12,30,7.024583333333334,0.09290419384925525,29928.75,29884.75,49722.0,1,1,29902.5,29890.25,44.0,-12.25,6.263716709176107,1,18,30,US,DEAD-CHOP
1786561200,2026-08-12,30,7.9454166666666675,0.21553959646280152,29905.0,29856.0,59194.0,0,1,29900.5,29867.5,49.0,-33.0,6.167077455556138,1,19,0,US,DEAD-CHOP
1786563000,2026-08-12,30,9.926666666666668,0.23281516619636397,29870.0,29825.5,99526.0,0,1,29857.0,29852.75,44.5,-4.25,4.482874412357286,1,19,30,US,NORMAL-CHOP
1786564800,2026-08-12,30,13.775833333333333,0.06575362400902651,29906.0,29814.0,46542.0,0,1,29863.0,29819.5,92.0,-43.5,6.678361865585869,1,20,0,ON,NORMAL-CHOP
1786566600,2026-08-12,30,5.675833333333333,0.28101662905837155,29823.5,29802.0,12670.0,0,1,29815.5,29807.25,21.5,-8.25,3.7879900161503453,1,20,30,ON,NORMAL-CHOP
1786572000,2026-08-12,30,7.299166666666666,0.13078495383366423,29832.75,29784.0,16611.0,0,1,29817.5,29793.75,48.75,-23.75,6.678844616965407,1,22,0,ON,DEAD-CHOP
1786573800,2026-08-12,30,5.94875,0.1636960387209609,29804.0,29780.5,10859.0,0,1,29787.25,29797.25,23.5,10.0,3.9504097499474677,1,22,30,ON,DEAD-CHOP
1786575600,2026-08-12,30,4.534166666666667,0.2307308061248006,29817.25,29796.25,9786.0,0,0,29798.75,29805.5,21.0,6.75,4.631501562212828,0,23,0,ON,NORMAL-CHOP
1786577400,2026-08-12,30,5.380416666666666,0.07114179029712527,29816.25,29792.5,12212.0,0,0,29803.75,29805.25,23.75,1.5,4.41415627662046,0,23,30,ON,DEAD-CHOP
1786579200,2026-08-13,30,9.905,0.35284699193141045,29866.5,29796.5,30600.0,1,0,29823.5,29838.75,70.0,15.25,7.06713780918728,1,0,0,ON,BUILDING
1786581000,2026-08-13,30,9.292499999999999,0.10299349025175251,29852.75,29826.75,20559.0,0,0,29840.0,29846.5,26.0,6.5,2.797955340328222,0,0,30,ON,DEAD-CHOP
1786582800,2026-08-13,30,8.779166666666667,0.0734864163796679,29852.25,29808.25,21435.0,0,0,29829.0,29817.75,44.0,-11.25,5.011865211200759,0,1,0,ON,DEAD-CHOP
1786584600,2026-08-13,30,7.930000000000001,0.11481392155885323,29865.75,29813.75,18223.0,0,0,29821.5,29857.5,52.0,36.0,6.557377049180327,0,1,30,ON,DEAD-CHOP
1786586400,2026-08-13,30,6.573333333333333,0.22466330077762203,29872.0,29853.75,11229.0,1,0,29857.0,29861.75,18.25,4.75,2.776369168356998,1,2,0,ON,NORMAL-CHOP
1786588200,2026-08-13,30,6.846666666666667,0.09728366639408045,29877.75,29831.0,17009.0,1,0,29853.0,29868.75,46.75,15.75,6.828140214216163,1,2,30,ON,DEAD-CHOP
1786590000,2026-08-13,30,4.230833333333333,0.17288950930886846,29879.5,29865.5,6115.0,1,0,29868.5,29874.0,14.0,5.5,3.3090407721095136,1,3,0,ON,DEAD-CHOP
1786591800,2026-08-13,30,3.7904166666666668,0.05934845893318827,29881.0,29865.5,5278.0,1,0,29874.75,29878.25,15.5,3.5,4.089260195668902,1,3,30,ON,DEAD-CHOP
1786593600,2026-08-13,30,4.149583333333333,0.18913306281323494,29892.25,29854.0,13832.0,1,0,29877.25,29876.75,38.25,-0.5,9.217792951099508,1,4,0,ON,DEAD-CHOP
1786595400,2026-08-13,30,6.1675,0.13045195972806314,29895.75,29873.0,10048.0,1,0,29879.0,29878.5,22.75,-0.5,3.6886907174706116,1,4,30,ON,DEAD-CHOP
1786597200,2026-08-13,30,5.5183333333333335,0.24232619699389712,29922.5,29874.0,13261.0,1,0,29876.75,29920.75,48.5,44.0,8.788885533071578,1,5,0,ON,NORMAL-CHOP
1786599000,2026-08-13,30,6.22375,0.1537957250024226,29924.25,29882.5,13126.0,1,0,29919.0,29883.75,41.75,-35.25,6.70817433219522,1,5,30,ON,DEAD-CHOP
1786600800,2026-08-13,30,6.8495833333333325,0.16605420400168988,29905.75,29868.5,13219.0,0,0,29880.75,29897.5,37.25,16.75,5.4382870004258175,0,6,0,ON,DEAD-CHOP
1786602600,2026-08-13,30,6.80875,0.21253578507914933,29905.5,29858.5,13966.0,0,1,29888.5,29888.25,47.0,-0.25,6.902882320543418,1,6,30,ON,DEAD-CHOP
1786604400,2026-08-13,30,7.5633333333333335,0.12342379488686603,29893.5,29843.75,16269.0,0,1,29889.75,29871.0,49.75,-18.75,6.577787571617453,1,7,0,ON,DEAD-CHOP
1786606200,2026-08-13,30,6.207916666666667,0.1800488817617873,29882.0,29858.0,9112.0,0,0,29868.5,29860.0,24.0,-8.5,3.8660312772669307,0,7,30,ON,DEAD-CHOP
1786608000,2026-08-13,30,10.865,0.15135643426259202,29872.0,29827.5,21537.0,0,1,29865.0,29858.5,44.5,-6.5,4.095720202485044,1,8,0,ON,NORMAL-CHOP
1786609800,2026-08-13,30,7.277916666666667,0.12706896400232723,29875.25,29846.0,10167.0,0,0,29856.0,29861.5,29.25,5.5,4.019007270853609,0,8,30,ON,DEAD-CHOP
1786611600,2026-08-13,30,6.930833333333334,0.16076242012751132,29868.5,29821.25,11394.0,0,1,29867.5,29837.5,47.25,-30.0,6.817362029577972,1,9,0,ON,DEAD-CHOP
1786613400,2026-08-13,30,5.2375,0.26077975001063086,29879.75,29836.25,8989.0,1,0,29844.0,29877.5,43.5,33.5,8.305489260143199,1,9,30,ON,NORMAL-CHOP
1786615200,2026-08-13,30,5.303333333333333,0.2118221280784132,29884.5,29863.0,9683.0,1,0,29874.5,29872.5,21.5,-2.0,4.054054054054054,1,10,0,ON,DEAD-CHOP
1786617000,2026-08-13,30,5.019166666666666,0.06007376042170654,29886.25,29868.25,6502.0,1,0,29878.0,29880.5,18.0,2.5,3.5862526979910347,1,10,30,ON,DEAD-CHOP
1786618800,2026-08-13,30,5.69125,0.14760889870026428,29892.25,29855.25,11360.0,1,0,29889.5,29862.25,37.0,-27.25,6.50120799472875,1,11,0,ON,DEAD-CHOP
1786620600,2026-08-13,30,6.11375,0.16940448668755356,29895.0,29856.75,14417.0,1,0,29861.5,29869.0,38.25,7.5,6.25638928644449,1,11,30,ON,DEAD-CHOP
1786622400,2026-08-13,30,8.572083333333333,0.3114343099258461,29872.0,29813.0,27281.0,0,1,29856.75,29836.75,59.0,-20.0,6.882807563311136,1,12,0,ON,BUILDING
1786624200,2026-08-13,30,14.755416666666667,0.10756829977140552,29894.0,29820.0,38811.0,0,0,29851.75,29880.25,74.0,28.5,5.015107446417982,0,12,30,ON,NORMAL-CHOP
1786626000,2026-08-13,30,8.922500000000001,0.3395875538789324,29921.0,29878.75,39090.0,1,0,29889.5,29910.75,42.25,21.25,4.735219949565704,1,13,0,ON,BUILDING
1786627800,2026-08-13,30,22.975833333333334,0.38052949803667335,30181.0,29862.75,316311.0,1,0,29893.25,30176.0,318.25,282.75,13.85151064524319,1,13,30,US,BUILDING
1786629600,2026-08-13,30,18.407916666666665,0.3831129915621308,30237.75,30155.75,147167.0,1,0,30182.25,30233.75,82.0,51.5,4.454605129133752,1,14,0,US,BUILDING
1786631400,2026-08-13,30,13.775833333333333,0.23139325024773313,30267.0,30197.75,141873.0,1,0,30236.0,30199.5,69.25,-36.5,5.026919121650233,1,14,30,US,NORMAL-CHOP
1786633200,2026-08-13,30,16.0775,0.09603488984261448,30240.25,30179.25,138454.0,0,0,30218.75,30188.5,61.0,-30.25,3.79412222049448,0,15,0,US,VIOLENT-WHIPSAW
1786635000,2026-08-13,30,17.49375,0.27309219992604594,30198.25,30104.0,150644.0,0,1,30184.75,30115.25,94.25,-69.5,5.387638442300823,1,15,30,US,NORMAL-CHOP
1786636800,2026-08-13,30,13.435416666666667,0.1166964150173421,30189.25,30114.0,87166.0,0,0,30129.5,30187.0,75.25,57.5,5.600868351682431,0,16,0,US,NORMAL-CHOP
1786638600,2026-08-13,30,9.949166666666667,0.1861636051109611,30203.5,30168.0,59284.0,0,0,30196.5,30193.5,35.5,-3.0,3.5681380350113074,0,16,30,US,DEAD-CHOP
1786640400,2026-08-13,30,7.835416666666666,0.3704842451658701,30250.25,30192.75,60225.0,1,0,30208.5,30237.5,57.5,29.0,7.338473810156874,1,17,0,US,BUILDING
1786642200,2026-08-13,30,7.220416666666667,0.18905762643176957,30244.5,30203.5,50616.0,0,0,30241.75,30204.25,41.0,-37.5,5.678342662588724,0,17,30,US,DEAD-CHOP
1786644000,2026-08-13,30,8.19875,0.20366845637937483,30215.5,30181.0,54192.0,0,0,30204.75,30192.0,34.5,-12.75,4.20795853026376,0,18,0,US,DEAD-CHOP
1786645800,2026-08-13,30,8.134583333333333,0.25092631872579824,30246.0,30191.5,55832.0,0,0,30202.75,30244.0,54.5,41.25,6.699789991292322,0,18,30,US,NORMAL-CHOP
1786647600,2026-08-13,30,8.600833333333332,0.2083726099881726,30273.25,30214.75,77953.0,1,0,30253.25,30222.75,58.5,-30.5,6.801666505183607,1,19,0,US,DEAD-CHOP
1786649400,2026-08-13,30,9.529583333333333,0.29922140928065943,30227.75,30173.5,86997.0,0,1,30225.0,30194.5,54.25,-30.5,5.692798740763412,1,19,30,US,NORMAL-CHOP
1786651200,2026-08-13,30,13.205,0.07157713375571174,30219.5,30141.0,38237.0,0,1,30206.0,30198.5,78.5,-7.5,5.944717909882621,1,20,0,ON,NORMAL-CHOP
1786653000,2026-08-13,30,5.2004166666666665,0.13898883524197841,30219.5,30194.5,8979.0,0,0,30199.5,30216.25,25.0,16.75,4.80730710680234,0,20,30,ON,DEAD-CHOP
1786658400,2026-08-13,30,7.339166666666667,0.11771999767828048,30218.0,30186.75,12228.0,0,0,30196.25,30198.25,31.25,2.0,4.257976609515158,0,22,0,ON,DEAD-CHOP
1786660200,2026-08-13,30,3.88625,0.10262470376527502,30210.0,30197.5,5855.0,0,0,30202.0,30204.5,12.5,2.5,3.21646831778707,0,22,30,ON,DEAD-CHOP
1786662000,2026-08-13,30,4.635833333333333,0.1253618407898655,30227.25,30192.25,13450.0,1,0,30203.5,30199.0,35.0,-4.5,7.549883156570196,1,23,0,ON,DEAD-CHOP
1786663800,2026-08-13,30,5.057916666666667,0.15712414539259673,30205.25,30188.75,9563.0,0,0,30200.5,30203.25,16.5,2.75,3.262212702858555,0,23,30,ON,DEAD-CHOP
1786665600,2026-08-14,30,8.89625,0.13998356188311198,30232.5,30177.0,29810.0,1,1,30214.0,30185.0,55.5,-29.0,6.238583672895883,1,0,0,ON,DEAD-CHOP
1786667400,2026-08-14,30,6.642083333333333,0.2276495345515116,30191.75,30165.25,15482.0,0,1,30182.75,30169.75,26.5,-13.0,3.9897120632331724,1,0,30,ON,NORMAL-CHOP
1786669200,2026-08-14,30,8.229583333333332,0.3455196104013079,30169.75,30124.25,32136.0,0,1,30157.25,30152.5,45.5,-4.75,5.528833983089465,1,1,0,ON,BUILDING
1786671000,2026-08-14,30,6.993333333333334,0.17579883163466084,30168.5,30140.5,16183.0,0,0,30148.5,30151.75,28.0,3.25,4.003813155386082,0,1,30,ON,DEAD-CHOP
1786672800,2026-08-14,30,6.040416666666667,0.11766028001874251,30173.25,30149.0,12923.0,0,0,30150.5,30168.0,24.25,17.5,4.014623715251431,0,2,0,ON,DEAD-CHOP
1786674600,2026-08-14,30,5.494166666666667,0.10393468054724132,30181.0,30149.0,13995.0,0,0,30170.5,30154.25,32.0,-16.25,5.82435916881541,0,2,30,ON,DEAD-CHOP
1786676400,2026-08-14,30,4.620833333333334,0.23196751878949015,30180.75,30150.75,9702.0,0,0,30155.25,30180.0,30.0,24.75,6.4923354373309285,0,3,0,ON,NORMAL-CHOP
1786678200,2026-08-14,30,4.765,0.2025385619129981,30188.25,30151.75,9315.0,1,0,30176.0,30152.25,36.5,-23.75,7.660020986358867,1,3,30,ON,DEAD-CHOP
1786680000,2026-08-14,30,5.245,0.1266729046671304,30165.5,30144.25,10096.0,0,1,30151.25,30157.75,21.25,6.5,4.051477597712107,1,4,0,ON,DEAD-CHOP
1786681800,2026-08-14,30,5.48875,0.09804015302238027,30164.0,30136.5,8328.0,0,1,30158.0,30147.25,27.5,-10.75,5.01024823502619,1,4,30,ON,DEAD-CHOP
1786683600,2026-08-14,30,5.027083333333334,0.1161654150698038,30153.75,30128.0,10379.0,0,1,30148.0,30149.75,25.75,1.75,5.122254455035225,1,5,0,ON,DEAD-CHOP
1786685400,2026-08-14,30,5.097916666666666,0.32349826359107453,30184.0,30140.0,10613.0,1,0,30147.75,30174.0,44.0,26.25,8.630976706170822,1,5,30,ON,BUILDING
1786687200,2026-08-14,30,5.613333333333333,0.1682605867913339,30178.5,30145.75,9931.0,0,0,30174.75,30162.5,32.75,-12.25,5.834323040380047,0,6,0,ON,DEAD-CHOP
1786689000,2026-08-14,30,4.6466666666666665,0.14620456074397128,30177.5,30149.25,7442.0,0,0,30160.5,30172.5,28.25,12.0,6.079626972740316,0,6,30,ON,DEAD-CHOP
1786690800,2026-08-14,30,6.289583333333334,0.21303043601744878,30194.5,30171.0,12856.0,1,0,30183.75,30176.75,23.5,-7.0,3.7363365352765814,1,7,0,ON,DEAD-CHOP
1786692600,2026-08-14,30,4.743333333333334,0.1821993113522756,30203.75,30173.0,10043.0,1,0,30175.5,30194.5,30.75,19.0,6.482782853127195,1,7,30,ON,DEAD-CHOP
1786694400,2026-08-14,30,9.608333333333333,0.16739048042847626,30235.0,30187.0,22341.0,1,0,30209.25,30225.25,48.0,16.0,4.995663486556809,1,8,0,ON,DEAD-CHOP
1786696200,2026-08-14,30,6.8983333333333325,0.13770991410334435,30244.5,30220.5,11434.0,1,0,30232.5,30221.75,24.0,-10.75,3.4791012321816868,1,8,30,ON,DEAD-CHOP
1786698000,2026-08-14,30,5.324166666666667,0.2047536380083038,30232.75,30210.25,9092.0,0,0,30220.25,30226.5,22.5,6.25,4.226013460635468,0,9,0,ON,DEAD-CHOP
1786699800,2026-08-14,30,5.46875,0.06088113692418484,30236.5,30206.0,9596.0,0,0,30223.5,30235.0,30.5,11.5,5.577142857142857,0,9,30,ON,DEAD-CHOP
1786701600,2026-08-14,30,4.70625,0.3015223864531897,30250.0,30222.5,11377.0,1,0,30237.5,30229.0,27.5,-8.5,5.843293492695883,1,10,0,ON,BUILDING
1786703400,2026-08-14,30,5.110416666666667,0.14731927783116966,30252.5,30223.5,10958.0,1,0,30230.5,30251.75,29.0,21.25,5.674684060334284,1,10,30,ON,DEAD-CHOP
1786705200,2026-08-14,30,6.0408333333333335,0.16821293273565913,30262.25,30241.75,12629.0,1,0,30259.0,30247.5,20.5,-11.5,3.393571527107187,1,11,0,ON,DEAD-CHOP
1786707000,2026-08-14,30,5.9679166666666665,0.11100656142399162,30268.0,30237.25,13108.0,1,0,30247.5,30264.0,30.75,16.5,5.152551839698387,1,11,30,ON,DEAD-CHOP
1786708800,2026-08-14,30,8.2575,0.18391335851030702,30280.25,30206.75,28490.0,1,1,30264.5,30248.75,73.5,-15.75,8.900999091734786,1,12,0,ON,DEAD-CHOP
1786710600,2026-08-14,30,9.604166666666666,0.1738405986829785,30279.5,30246.75,26727.0,0,0,30262.5,30268.5,32.75,6.0,3.4099783080260306,0,12,30,ON,DEAD-CHOP
1786712400,2026-08-14,30,7.715416666666667,0.10030886681877957,30287.25,30235.25,33421.0,1,0,30267.25,30241.0,52.0,-26.25,6.739752659718096,1,13,0,ON,DEAD-CHOP
1786714200,2026-08-14,30,22.44125,0.1432868459189935,30280.75,30170.0,322626.0,0,1,30248.5,30226.5,110.75,-22.0,4.9351083384392584,1,13,30,US,VIOLENT-WHIPSAW
1786716000,2026-08-14,30,21.5975,0.18349729025505016,30272.25,30134.25,217417.0,0,1,30231.25,30160.0,138.0,-71.25,6.389628429216344,1,14,0,US,VIOLENT-WHIPSAW
1786717800,2026-08-14,30,18.25375,0.208874661920047,30176.25,30122.75,141163.0,0,1,30131.75,30122.75,53.5,-9.0,2.93090460864206,1,14,30,US,VIOLENT-WHIPSAW
1786719600,2026-08-14,30,14.106666666666666,0.2764166837395482,30145.0,30032.5,159782.0,0,1,30139.25,30072.75,112.5,-66.5,7.974952741020795,1,15,0,US,NORMAL-CHOP
1786721400,2026-08-14,30,14.264583333333333,0.23877488064400862,30074.5,30025.0,114719.0,0,1,30059.5,30066.0,49.5,6.5,3.4701329049218637,1,15,30,US,NORMAL-CHOP
1786723200,2026-08-14,30,10.402083333333334,0.22237283804396657,30107.5,30049.75,81799.0,0,0,30083.75,30101.5,57.75,17.75,5.551772481474064,0,16,0,US,NORMAL-CHOP
1786725000,2026-08-14,30,9.32125,0.1479526636572899,30102.25,30054.25,78513.0,0,0,30094.5,30058.5,48.0,-36.0,5.149523937240177,0,16,30,US,DEAD-CHOP
1786726800,2026-08-14,30,9.147916666666667,0.0835858331498662,30079.75,30047.0,60263.0,0,0,30059.25,30059.75,32.75,0.5,3.58005010248235,0,17,0,US,DEAD-CHOP
1786728600,2026-08-14,30,8.467083333333333,0.097728073627627,30084.5,30050.0,50653.0,0,0,30059.0,30081.25,34.5,22.25,4.074602627823434,0,17,30,US,DEAD-CHOP
1786730400,2026-08-14,30,7.734166666666667,0.1845745955063016,30093.5,30065.0,46459.0,0,0,30077.0,30067.25,28.5,-9.75,3.68494774270014,0,18,0,US,DEAD-CHOP
1786732200,2026-08-14,30,6.485833333333333,0.113261842246134,30104.0,30062.5,45964.0,1,0,30070.5,30088.25,41.5,17.75,6.398560966208404,1,18,30,US,DEAD-CHOP
1786734000,2026-08-14,30,6.882499999999999,0.0839884487869654,30103.75,30073.0,44546.0,0,0,30078.25,30096.25,30.75,18.0,4.46785325099891,0,19,0,US,DEAD-CHOP
1786735800,2026-08-14,30,7.31625,0.2393083341810521,30148.0,30091.25,74178.0,1,0,30097.75,30144.5,56.75,46.75,7.756705962754143,1,19,30,US,NORMAL-CHOP
1786737600,2026-08-14,30,7.475416666666666,0.20312978685416758,30153.0,30126.5,28411.0,1,0,30150.25,30131.25,26.5,-19.0,3.5449529011760776,1,20,0,ON,DEAD-CHOP
1786739400,2026-08-14,30,3.466666666666667,0.22850859030495438,30154.75,30128.25,9297.0,1,0,30128.5,30154.75,26.5,26.25,7.644230769230769,1,20,30,ON,NORMAL-CHOP
