id,symbol,side,qty,entry_price,exit_price,opened_at,closed_at,pnl_usd,exit_reason,gate,data_quality,t0,t1,mae_pt,mfe_pt,measured,win
1,MNQ,SHORT,1.0,29523.5,29540.25,2026-07-16T08:04:06.618875+00:00,2026-07-16T08:05:36.652470+00:00,-35.0,ABSORPTION_CUT,thrust,,1784189046,1784189136,19.0,1.25,True,False
2,MNQ,SHORT,1.0,29509.0,29509.25,2026-07-16T08:11:06.250000+00:00,2026-07-16T08:11:49.322722+00:00,-2.0,ABSORPTION_CUT,thrust,,1784189466,1784189509,3.25,9.0,True,False
3,MNQ,SHORT,1.0,29509.0,29500.25,2026-07-16T08:11:50.283392+00:00,2026-07-16T08:13:08.443726+00:00,16.0,ABSORPTION_CUT,thrust,,1784189510,1784189588,1.0,17.75,True,True
4,MNQ,LONG,1.0,29585.5,29584.25,2026-07-16T08:48:05.648303+00:00,2026-07-16T08:54:13.158594+00:00,-4.0,ABSORPTION_CUT,thrust,,1784191685,1784192053,9.0,6.5,True,False
5,MNQ,SHORT,1.0,29533.25,29526.0,2026-07-16T09:59:51.826316+00:00,2026-07-16T10:03:15.144879+00:00,13.0,ABSORPTION_CUT,thrust,,1784195991,1784196195,5.25,18.5,True,True
6,MNQ,SHORT,1.0,29488.0,29489.75,2026-07-16T11:01:51.117434+00:00,2026-07-16T11:02:12.206711+00:00,-5.0,ABSORPTION_CUT,thrust,,1784199711,1784199732,4.25,5.75,True,False
7,MNQ,SHORT,1.0,29490.75,29496.75,2026-07-16T11:03:00.291588+00:00,2026-07-16T11:03:42.367451+00:00,-13.5,ABSORPTION_CUT,thrust,,1784199780,1784199822,7.0,1.75,True,False
8,MNQ,SHORT,1.0,29464.75,29456.75,2026-07-16T11:17:51.744894+00:00,2026-07-16T11:19:34.922717+00:00,14.5,ABSORPTION_CUT,thrust,,1784200671,1784200774,4.5,16.25,True,True
9,MNQ,LONG,1.0,29494.5,29491.25,2026-07-16T11:24:51.374627+00:00,2026-07-16T11:25:44.454000+00:00,-8.0,ABSORPTION_CUT,thrust,,1784201091,1784201144,3.5,2.25,True,False
10,MNQ,SHORT,1.0,29447.0,29446.5,2026-07-16T11:32:51.188949+00:00,2026-07-16T11:32:52.182480+00:00,-0.5,ABSORPTION_CUT,thrust,,1784201571,1784201572,1.25,0.75,True,False
11,MNQ,SHORT,1.0,29415.5,29412.25,2026-07-16T11:50:51.059889+00:00,2026-07-16T11:50:55.077989+00:00,5.0,ABSORPTION_CUT,thrust,,1784202651,1784202655,4.5,4.5,True,True
12,MNQ,SHORT,1.0,29398.25,29420.5,2026-07-16T12:05:50.565718+00:00,2026-07-16T12:14:38.432721+00:00,-46.0,ADVERSE_CUT,thrust,,1784203550,1784204078,24.5,5.5,True,False
13,MNQ,LONG,1.0,29398.0,29367.75,2026-07-16T12:31:51.185721+00:00,2026-07-16T12:45:15.726752+00:00,-62.0,ABSORPTION_CUT,thrust,,1784205111,1784205915,32.5,22.25,True,False
14,MNQ,LONG,1.0,29431.75,29411.0,2026-07-16T13:01:51.518720+00:00,2026-07-16T13:02:52.687205+00:00,-43.0,ADVERSE_CUT,thrust,,1784206911,1784206972,21.75,0.5,True,False
15,MNQ,LONG,1.0,29524.75,29504.25,2026-07-16T13:31:50.899852+00:00,2026-07-16T13:32:20.384509+00:00,-42.5,STOP,thrust,,1784208710,1784208740,31.75,4.75,True,False
16,MNQ,SHORT,1.0,29404.75,29433.25,2026-07-16T14:51:51.136854+00:00,2026-07-16T14:58:22.189292+00:00,-58.5,STOP,thrust,,1784213511,1784213902,30.0,42.5,True,False
17,MNQ,LONG,1.0,29443.75,29419.25,2026-07-16T15:26:50.902414+00:00,2026-07-16T15:28:00.972180+00:00,-50.5,STOP,thrust,,1784215610,1784215680,26.0,7.75,True,False
18,MNQ,SHORT,1.0,29319.75,29341.75,2026-07-16T16:05:51.088920+00:00,2026-07-16T16:07:26.964090+00:00,-45.5,STOP,thrust,,1784217951,1784218046,27.5,4.25,True,False
19,MNQ,LONG,1.0,29341.5,29322.5,2026-07-16T16:56:50.781766+00:00,2026-07-16T17:00:13.580973+00:00,-39.5,STOP,thrust,,1784221010,1784221213,21.25,7.0,True,False
20,MNQ,SHORT,1.0,29312.75,29332.75,2026-07-16T17:01:50.656668+00:00,2026-07-16T17:08:50.231701+00:00,-41.5,STOP,thrust,,1784221310,1784221730,21.75,27.75,True,False
21,MNQ,SHORT,1.0,29239.25,29257.75,2026-07-16T17:41:50.742723+00:00,2026-07-16T17:48:55.394818+00:00,-38.5,STOP,thrust,,1784223710,1784224135,20.0,20.0,True,False
22,MNQ,LONG,1.0,29218.75,29195.5,2026-07-16T20:00:51.372966+00:00,2026-07-16T20:04:14.374970+00:00,-48.0,STOP,thrust,,1784232051,1784232254,25.0,12.0,True,False
23,MNQ,SHORT,1.0,28814.75,28814.25,2026-07-17T04:58:51.402553+00:00,2026-07-17T05:04:20.962968+00:00,-0.5,CHANDELIER,thrust,,1784264331,1784264660,4.5,27.5,True,False
24,MNQ,LONG,1.0,28794.5,28800.5,2026-07-17T06:21:51.553286+00:00,2026-07-17T06:37:39.071173+00:00,10.5,CHANDELIER,thrust,,1784269311,1784270259,7.25,30.5,True,True
25,MNQ,SHORT,1.0,28783.5,28756.0,2026-07-17T06:38:51.162796+00:00,2026-07-17T06:48:26.105556+00:00,53.5,CHANDELIER,thrust,,1784270331,1784270906,7.75,42.25,True,True
26,MNQ,SHORT,1.0,28670.25,28595.5,2026-07-17T08:11:51.371130+00:00,2026-07-17T08:18:13.554203+00:00,148.0,CHANDELIER,thrust,,1784275911,1784276293,12.5,83.75,True,True
27,MNQ,SHORT,1.0,28593.0,28625.5,2026-07-17T08:18:21.535151+00:00,2026-07-17T08:54:14.665879+00:00,-66.5,ABSORPTION_CUT,thrust,,1784276301,1784278454,40.5,38.25,True,False
28,MNQ,LONG,1.0,28624.0,28627.25,2026-07-17T08:55:05.763328+00:00,2026-07-17T08:59:13.204361+00:00,5.0,CHANDELIER,thrust,,1784278505,1784278753,1.25,36.5,True,True
29,MNQ,LONG,1.0,28705.5,28684.75,2026-07-17T09:40:06.157583+00:00,2026-07-17T09:41:56.383574+00:00,-43.0,ADVERSE_CUT,thrust,,1784281206,1784281316,22.25,2.25,True,False
30,MNQ,SHORT,1.0,28738.75,28772.75,2026-07-17T10:22:06.478057+00:00,2026-07-17T10:29:12.245782+00:00,-69.5,ABSORPTION_CUT,thrust,,1784283726,1784284152,34.5,14.5,True,False
31,MNQ,SHORT,1.0,28747.0,28743.5,2026-07-17T11:18:06.179168+00:00,2026-07-17T11:48:11.048612+00:00,5.5,CHANDELIER,thrust,,1784287086,1784288891,22.25,29.5,True,True
32,MNQ,SHORT,1.0,28717.25,28686.5,2026-07-17T12:03:05.472665+00:00,2026-07-17T12:12:37.579626+00:00,60.0,CHANDELIER,thrust,,1784289785,1784290357,1.5,41.75,True,True
33,MNQ,LONG,1.0,28684.5,28661.5,2026-07-17T12:47:05.745227+00:00,2026-07-17T12:49:26.017561+00:00,-47.5,ADVERSE_CUT,thrust,,1784292425,1784292566,25.25,2.5,True,False
34,MNQ,LONG,1.0,28683.25,28660.5,2026-07-17T12:57:05.877513+00:00,2026-07-17T13:00:04.213998+00:00,-47.0,ADVERSE_CUT,thrust,,1784293025,1784293204,25.5,0.25,True,False
35,MNQ,SHORT,1.0,28643.0,28621.5,2026-07-17T13:02:05.536257+00:00,2026-07-17T13:25:01.192460+00:00,41.5,CHANDELIER,thrust,,1784293325,1784294701,8.75,46.25,True,True
36,MNQ,LONG,1.0,28658.25,28632.75,2026-07-17T13:32:06.569881+00:00,2026-07-17T13:32:48.264268+00:00,-52.5,STOP,thrust,,1784295126,1784295168,32.5,8.25,True,False
37,MNQ,LONG,1.0,28628.25,28602.75,2026-07-17T13:32:48.958758+00:00,2026-07-17T13:33:25.850445+00:00,-52.5,STOP,thrust,,1784295168,1784295205,29.5,11.75,True,False
38,MNQ,LONG,1.0,28744.5,28789.0,2026-07-17T14:01:06.302628+00:00,2026-07-17T14:14:17.537672+00:00,87.5,CHANDELIER,thrust,,1784296866,1784297657,34.0,118.5,True,True
39,MNQ,LONG,1.0,28781.0,28748.0,2026-07-17T15:33:05.849919+00:00,2026-07-17T15:34:48.825553+00:00,-67.5,STOP,thrust,,1784302385,1784302488,34.75,9.75,True,False
40,MNQ,LONG,1.0,28888.5,28893.75,2026-07-17T15:55:05.908374+00:00,2026-07-17T16:01:14.524979+00:00,9.0,CHANDELIER,thrust,,1784303705,1784304074,6.5,67.5,True,True
41,MNQ,LONG,1.0,28927.75,28899.75,2026-07-17T16:28:05.636340+00:00,2026-07-17T16:30:46.195264+00:00,-57.5,STOP,thrust,,1784305685,1784305846,38.75,11.25,True,False
42,MNQ,LONG,1.0,29024.75,29002.5,2026-07-17T16:52:06.451110+00:00,2026-07-17T16:53:48.322032+00:00,-46.0,STOP,thrust,,1784307126,1784307228,23.0,4.0,True,False
43,MNQ,LONG,1.0,29032.5,29010.5,2026-07-17T17:27:06.100067+00:00,2026-07-17T17:35:09.726694+00:00,-45.5,STOP,thrust,,1784309226,1784309709,22.0,10.0,True,False
44,MNQ,SHORT,1.0,28983.5,28939.25,2026-07-17T17:36:06.479032+00:00,2026-07-17T17:54:08.553432+00:00,87.0,CHANDELIER,thrust,,1784309766,1784310848,11.5,66.25,True,True
45,MNQ,LONG,1.0,28873.5,28853.0,2026-07-17T18:31:06.486147+00:00,2026-07-17T18:32:39.670364+00:00,-42.5,STOP,thrust,,1784313066,1784313159,21.75,12.75,True,False
46,MNQ,SHORT,1.0,28790.0,28758.25,2026-07-17T19:12:05.839477+00:00,2026-07-17T19:18:03.143518+00:00,62.0,CHANDELIER,thrust,,1784315525,1784315883,0.75,55.5,True,True
47,MNQ,SHORT,1.0,28726.0,28744.0,2026-07-17T19:26:05.714053+00:00,2026-07-17T19:27:10.039179+00:00,-37.5,STOP,thrust,,1784316365,1784316430,25.5,3.75,True,False
48,MNQ,LONG,1.0,28797.0,28796.75,2026-07-17T19:29:06.441386+00:00,2026-07-17T19:31:06.039969+00:00,-2.0,CHANDELIER,thrust,,1784316546,1784316666,11.0,47.0,True,False
49,MNQ,LONG,1.0,28798.5,28777.25,2026-07-17T19:31:07.045228+00:00,2026-07-17T19:39:18.356051+00:00,-44.0,STOP,thrust,,1784316667,1784317158,25.75,28.0,True,False
50,MNQ,LONG,1.0,28817.75,28831.25,2026-07-19T22:37:11.388327+00:00,2026-07-19T23:45:31.079511+00:00,25.5,CHANDELIER,thrust,,1784500631,1784504731,40.5,49.25,True,True
51,MNQ,LONG,1.0,28849.25,28818.75,2026-07-20T00:00:05.688121+00:00,2026-07-20T00:01:52.023002+00:00,-62.5,ABSORPTION_CUT,thrust,,1784505605,1784505712,35.0,6.25,True,False
52,MNQ,LONG,1.0,28926.25,28896.0,2026-07-20T00:09:06.475093+00:00,2026-07-20T00:32:14.360083+00:00,-62.0,ABSORPTION_CUT,thrust,,1784506146,1784507534,30.5,37.75,True,False
53,MNQ,LONG,2.0,28862.5,28825.25,2026-07-20T01:22:40.686741+00:00,2026-07-20T01:29:17.453197+00:00,-150.5,ABSORPTION_CUT,thrust,,1784510560,1784510957,39.0,22.75,True,False
54,MNQ,LONG,2.0,28830.125,28795.25,2026-07-20T01:32:05.874053+00:00,2026-07-20T06:09:12+00:00,-141.0,ABSORPTION_CUT,thrust,,1784511125,1784527752,67.375,112.625,True,False
55,MNQ,LONG,1.0,28869.0,28902.25,2026-07-20T07:27:06.094415+00:00,2026-07-20T07:35:58.057088+00:00,65.0,CHANDELIER,grind,,1784532426,1784532958,7.75,52.25,True,True
56,MNQ,LONG,1.0,28902.75,28871.25,2026-07-20T07:36:55.157757+00:00,2026-07-20T08:33:14.335443+00:00,-64.5,ABSORPTION_CUT,grind,,1784533015,1784536394,32.5,37.0,True,False
57,MNQ,LONG,1.0,28954.75,28966.25,2026-07-20T09:56:20.417207+00:00,2026-07-20T11:00:33.886915+00:00,21.5,CHANDELIER,grind,,1784541380,1784545233,33.75,29.5,True,True
58,MNQ,LONG,1.0,28992.5,29011.25,2026-07-20T11:05:06.331651+00:00,2026-07-20T11:14:02.157092+00:00,36.0,CHANDELIER,grind,,1784545506,1784546042,4.0,33.25,True,True
59,MNQ,LONG,1.0,29012.0,29057.75,2026-07-20T11:14:35.213776+00:00,2026-07-20T11:30:36.677517+00:00,90.0,CHANDELIER,grind,,1784546075,1784547036,23.75,55.5,True,True
60,MNQ,LONG,1.0,29043.0,29088.25,2026-07-20T11:31:05.757800+00:00,2026-07-20T11:32:33.078461+00:00,89.0,CHANDELIER,grind,,1784547065,1784547153,8.5,54.5,True,True
61,MNQ,LONG,2.0,29091.0,29060.75,2026-07-20T11:36:56.744698+00:00,2026-07-20T11:50:02.131008+00:00,-122.5,ABSORPTION_CUT,grind,,1784547416,1784548202,37.0,17.5,True,False
62,MNQ,SHORT,1.0,28999.75,29032.75,2026-07-20T12:03:06.506178+00:00,2026-07-20T12:29:07.228215+00:00,-67.5,ABSORPTION_CUT,grind,,1784548986,1784550547,38.0,17.5,True,False
63,MNQ,LONG,1.0,29056.0,29049.25,2026-07-20T13:27:05.984391+00:00,2026-07-20T13:30:10.088572+00:00,-15.0,STOP,grind,,1784554025,1784554210,34.75,9.5,True,False
64,MNQ,LONG,1.0,29105.5,29128.25,2026-07-20T13:33:05.511380+00:00,2026-07-20T13:35:53.512365+00:00,44.0,GIVEBACK,grind,,1784554385,1784554553,7.0,43.75,True,True
65,MNQ,LONG,1.0,29130.5,29144.5,2026-07-20T13:35:54.509833+00:00,2026-07-20T13:39:06.451129+00:00,26.5,GIVEBACK,grind,,1784554554,1784554746,4.0,37.0,True,True
66,MNQ,LONG,1.0,29124.25,29168.5,2026-07-20T13:40:00.765337+00:00,2026-07-20T13:46:00.511359+00:00,87.0,GIVEBACK,grind,,1784554800,1784555160,2.5,68.25,True,True
67,MNQ,LONG,2.0,29162.75,29124.0,2026-07-20T13:47:17.928754+00:00,2026-07-20T13:49:42.150202+00:00,-156.5,STOP,grind,,1784555237,1784555382,47.25,0.0,True,False
68,MNQ,LONG,2.0,28996.5,28964.25,2026-07-20T14:01:05.689195+00:00,2026-07-20T14:01:30.864697+00:00,-130.5,STOP,rgv,,1784556065,1784556090,33.25,1.75,True,False
69,MNQ,SHORT,1.0,28993.5,29026.5,2026-07-20T14:02:06.097955+00:00,2026-07-20T14:03:11.583778+00:00,-67.5,ABSORPTION_CUT,grind,,1784556126,1784556191,38.0,0.0,True,False
70,MNQ,LONG,1.0,29027.5,28994.25,2026-07-20T14:03:11.691748+00:00,2026-07-20T14:06:33.252864+00:00,-68.0,STOP,grind,,1784556191,1784556393,34.5,21.0,True,False
71,MNQ,SHORT,2.0,28952.0,28951.0,2026-07-20T14:13:05.852265+00:00,2026-07-20T14:13:31.016667+00:00,2.5,GIVEBACK,grind,,1784556785,1784556811,10.25,13.75,True,True
72,MNQ,SHORT,2.0,28938.625,28987.5,2026-07-20T14:13:31.986094+00:00,2026-07-20T14:14:11.853646+00:00,-197.0,STOP,grind,,1784556811,1784556851,53.375,0.0,True,False
73,MNQ,LONG,2.0,28988.5,28956.25,2026-07-20T14:14:12.185562+00:00,2026-07-20T14:15:05.079997+00:00,-130.5,STOP,rgv,,1784556852,1784556905,33.5,3.0,True,False
74,MNQ,LONG,2.0,28957.25,28977.75,2026-07-20T14:15:05.495874+00:00,2026-07-20T14:15:21.607694+00:00,80.5,GIVEBACK,rgv,,1784556905,1784556921,1.25,38.25,True,True
75,MNQ,SHORT,1.0,28976.25,28960.5,2026-07-20T14:15:22.612402+00:00,2026-07-20T14:18:33.659428+00:00,30.0,GIVEBACK,grind,,1784556922,1784557113,29.25,37.0,True,True
76,MNQ,LONG,1.0,28960.0,28924.75,2026-07-20T14:20:06.124896+00:00,2026-07-20T14:20:30.437622+00:00,-72.0,STOP,rgv,,1784557206,1784557230,35.75,1.5,True,False
77,MNQ,LONG,1.0,28925.5,29019.5,2026-07-20T14:20:31.296395+00:00,2026-07-20T14:31:20.721193+00:00,186.5,CHANDELIER,rgv,,1784557231,1784557880,18.0,124.5,True,True
78,MNQ,SHORT,1.0,28889.5,28921.0,2026-07-20T14:57:06.073958+00:00,2026-07-20T15:01:12.217076+00:00,-64.5,STOP,grind,,1784559426,1784559672,32.5,16.25,True,False
79,MNQ,LONG,1.0,29010.0,28987.25,2026-07-20T15:26:06.390025+00:00,2026-07-20T15:28:10.214078+00:00,-47.0,STOP,grind,,1784561166,1784561290,29.5,10.25,True,False
80,MNQ,LONG,1.0,29020.0,29001.25,2026-07-20T15:36:06.283454+00:00,2026-07-20T15:39:22.133965+00:00,-39.0,STOP,grind,,1784561766,1784561962,22.5,5.75,True,False
81,MNQ,LONG,1.0,29044.5,29105.25,2026-07-20T15:58:26.609840+00:00,2026-07-20T16:11:45.011571+00:00,120.0,CHANDELIER,grind,,1784563106,1784563905,15.5,71.5,True,True
82,MNQ,LONG,1.0,29089.25,29072.75,2026-07-20T16:16:11.723575+00:00,2026-07-20T16:26:02.950280+00:00,-34.5,STOP,grind,,1784564171,1784564762,18.75,23.75,True,False
83,MNQ,SHORT,1.0,29049.0,29063.75,2026-07-20T16:35:05.576809+00:00,2026-07-20T16:38:00.072963+00:00,-31.0,STOP,grind,,1784565305,1784565480,18.75,7.5,True,False
84,MNQ,SHORT,1.0,29022.0,29046.0,2026-07-20T16:42:05.843707+00:00,2026-07-20T16:49:28.314101+00:00,-49.5,STOP,grind,,1784565725,1784566168,26.75,30.5,True,False
85,MNQ,SHORT,1.0,28972.75,28993.0,2026-07-20T16:56:10.956949+00:00,2026-07-20T17:00:19.466323+00:00,-42.0,STOP,grind,,1784566570,1784566819,22.0,17.25,True,False
86,MNQ,LONG,1.0,28994.25,28973.75,2026-07-20T17:01:05.890283+00:00,2026-07-20T17:01:39.818090+00:00,-42.5,STOP,rgv,,1784566865,1784566899,21.5,2.25,True,False
87,MNQ,LONG,1.0,28974.25,28954.0,2026-07-20T17:01:40.017801+00:00,2026-07-20T17:05:24.841453+00:00,-42.0,STOP,rgv,,1784566900,1784567124,22.0,2.75,True,False
88,MNQ,LONG,2.0,28969.5,28950.5,2026-07-20T17:10:06.506626+00:00,2026-07-20T17:10:27.176630+00:00,-77.5,STOP,rgv,,1784567406,1784567427,20.5,0.25,True,False
89,MNQ,LONG,2.0,28951.5,28931.75,2026-07-20T17:10:27.581127+00:00,2026-07-20T17:13:42.327068+00:00,-80.5,STOP,rgv,,1784567427,1784567622,20.5,0.0,True,False
90,MNQ,LONG,2.0,28942.0,28948.25,2026-07-20T17:18:05.877035+00:00,2026-07-20T17:19:43.187447+00:00,23.5,GIVEBACK,rgv,,1784567885,1784567983,1.25,18.75,True,True
91,MNQ,SHORT,1.0,28949.25,28967.0,2026-07-20T17:19:44.190047+00:00,2026-07-20T17:22:04.197758+00:00,-37.0,STOP,grind,,1784567984,1784568124,17.75,6.5,True,False
92,MNQ,LONG,2.0,28967.5,28934.375,2026-07-20T17:22:05.553775+00:00,2026-07-20T17:27:52.869242+00:00,-134.0,STOP,rgv,,1784568125,1784568472,22.25,8.5,True,False
93,MNQ,LONG,2.0,28962.5,28945.75,2026-07-20T17:30:05.771929+00:00,2026-07-20T17:36:36.473566+00:00,-68.5,STOP,rgv,,1784568605,1784568996,18.0,10.5,True,False
94,MNQ,LONG,1.0,28988.75,28967.25,2026-07-20T18:15:16.262262+00:00,2026-07-20T18:21:31.566916+00:00,-44.5,STOP,grind,,1784571316,1784571691,29.0,21.75,True,False
95,MNQ,SHORT,1.0,28914.0,28934.25,2026-07-20T18:35:06.385054+00:00,2026-07-20T18:36:45.991156+00:00,-42.0,STOP,grind,,1784572506,1784572605,26.5,2.75,True,False
96,MNQ,SHORT,1.0,28915.25,28877.5,2026-07-20T18:39:06.109823+00:00,2026-07-20T18:46:29.577294+00:00,74.0,GIVEBACK,grind,,1784572746,1784573189,0.0,59.5,True,True
97,MNQ,LONG,1.0,28883.5,28864.0,2026-07-20T18:48:05.855723+00:00,2026-07-20T18:58:30.628868+00:00,-40.5,STOP,rgv_long,,1784573285,1784573910,23.25,20.0,True,False
98,MNQ,LONG,2.0,28892.0,28876.75,2026-07-20T19:01:05.797412+00:00,2026-07-20T19:02:10.800196+00:00,-62.5,STOP,rgv_long,,1784574065,1784574130,16.5,0.25,True,False
99,MNQ,LONG,2.0,28876.25,28860.0,2026-07-20T19:02:10.998842+00:00,2026-07-20T19:02:58.707290+00:00,-66.5,STOP,rgv_long,,1784574130,1784574178,18.75,4.75,True,False
100,MNQ,LONG,2.0,28860.75,28845.5,2026-07-20T19:02:59.115087+00:00,2026-07-20T19:03:11.705292+00:00,-62.5,STOP,rgv_long,,1784574179,1784574191,16.25,0.0,True,False
101,MNQ,LONG,2.0,28852.5,28865.25,2026-07-20T19:07:05.934924+00:00,2026-07-20T19:11:01.583036+00:00,49.5,GIVEBACK,rgv_long,,1784574425,1784574661,10.75,25.75,True,True
102,MNQ,LONG,2.0,28819.75,28818.25,2026-07-20T19:17:05.884067+00:00,2026-07-20T19:17:42.972803+00:00,-7.5,GIVEBACK,rgv_long,,1784575025,1784575062,11.75,14.25,True,False
103,MNQ,LONG,2.0,28815.25,28818.25,2026-07-20T19:17:43.975921+00:00,2026-07-20T19:25:03.122725+00:00,10.5,GIVEBACK,rgv_long,,1784575063,1784575503,19.0,17.25,True,True
104,MNQ,LONG,1.0,28822.75,28801.25,2026-07-20T19:25:04.123196+00:00,2026-07-20T19:26:07.954937+00:00,-44.5,STOP,rgv_long,,1784575504,1784575567,22.75,6.5,True,False
105,MNQ,SHORT,1.0,28814.25,28843.0,2026-07-20T19:16:05.713282+00:00,2026-07-20T19:29:31.418432+00:00,-59.0,STOP,thrust_short,,1784574965,1784575771,38.75,18.0,True,False
106,MNQ,LONG,2.0,28777.75,28761.25,2026-07-20T20:13:06.290724+00:00,2026-07-20T20:17:36.102567+00:00,-67.5,STOP,rgv_long,,1784578386,1784578656,19.5,6.25,True,False
107,MNQ,SHORT,1.0,28731.25,28730.75,2026-07-20T22:05:05.947248+00:00,2026-07-20T22:09:43.392656+00:00,-0.5,CHANDELIER,thrust_short,,1784585105,1784585383,5.5,27.25,True,False
108,MNQ,LONG,2.0,28724.5,28754.0,2026-07-20T22:20:06.349804+00:00,2026-07-20T23:07:07.361030+00:00,116.5,TARGET,rgv_long,,1784586006,1784588827,24.5,32.25,True,True
109,MNQ,LONG,1.0,28737.0,28770.75,2026-07-20T23:05:06.129167+00:00,2026-07-20T23:10:03.630234+00:00,66.0,CHANDELIER,grind_long,,1784588706,1784589003,1.0,38.25,True,True
110,MNQ,LONG,1.0,28764.25,28796.5,2026-07-20T23:14:25.103935+00:00,2026-07-20T23:19:22.536768+00:00,63.0,CHANDELIER,grind_long,,1784589265,1784589562,2.0,38.0,True,True
111,MNQ,SHORT,1.0,28747.25,28742.25,2026-07-21T00:01:05.742895+00:00,2026-07-21T00:03:21.986160+00:00,8.5,GIVEBACK,thrust_short,,1784592065,1784592201,15.75,25.25,True,True
112,MNQ,LONG,1.0,28726.0,28742.0,2026-07-21T00:10:05.907236+00:00,2026-07-21T00:14:17.402440+00:00,30.5,GIVEBACK,rgv_long,,1784592605,1784592857,17.0,39.25,True,True
113,MNQ,LONG,1.0,28839.75,28843.0,2026-07-21T00:32:20.668697+00:00,2026-07-21T00:37:12.237156+00:00,5.0,GIVEBACK,grind_long,,1784593940,1784594232,1.75,26.5,True,True
114,MNQ,SHORT,1.0,28815.5,28900.25,2026-07-21T00:30:06.453876+00:00,2026-07-21T02:30:10.579783+00:00,-171.0,MAX_HOLD,rgv_short,,1784593806,1784601010,124.5,0.0,True,False
115,MNQ,LONG,1.0,28945.75,28971.5,2026-07-21T02:42:18.948297+00:00,2026-07-21T03:15:36.794622+00:00,50.0,CHANDELIER,grind_long,,1784601738,1784603736,17.75,36.25,True,True
116,MNQ,LONG,1.0,29083.5,29113.0,2026-07-21T05:44:06.405559+00:00,2026-07-21T06:07:36.423827+00:00,57.5,CHANDELIER,grind_long,,1784612646,1784614056,13.25,42.25,True,True
117,MNQ,LONG,1.0,29123.0,29111.75,2026-07-21T06:20:22.587435+00:00,2026-07-21T06:29:55.115208+00:00,-24.0,STOP_UNFILLED,grind_long,,1784614822,1784615395,14.75,7.0,True,False
118,MNQ,LONG,1.0,29144.5,29158.5,2026-07-21T08:17:06.586853+00:00,2026-07-21T08:35:06.084431+00:00,26.5,CHANDELIER,grind_long,,1784621826,1784622906,4.0,31.0,True,True
119,MNQ,LONG,2.0,29193.25,29185.75,2026-07-21T09:19:06.633687+00:00,2026-07-21T09:20:08.554717+00:00,-31.5,STOP_UNFILLED,grind_long,,1784625546,1784625608,8.75,2.25,True,False
120,MNQ,LONG,1.0,29187.5,29177.75,2026-07-21T09:20:09.755896+00:00,2026-07-21T09:26:15.987814+00:00,-21.0,STOP_UNFILLED,grind_long,,1784625609,1784625975,12.25,9.0,True,False
121,MNQ,LONG,2.0,29167.25,29156.25,2026-07-21T10:26:09.306308+00:00,2026-07-21T10:30:32.721334+00:00,-45.5,GIVEBACK,capitulation_long,,1784629569,1784629832,1.0,13.0,True,False
122,MNQ,LONG,1.0,29194.0,29179.0,2026-07-21T10:37:06.218705+00:00,2026-07-21T10:38:45.279783+00:00,-31.5,STOP_UNFILLED,grind_long,,1784630226,1784630325,19.0,0.0,True,False
123,MNQ,LONG,2.0,29156.75,29180.0,2026-07-21T10:46:17.031152+00:00,2026-07-21T10:48:51.262842+00:00,91.5,TARGET,capitulation_long,,1784630777,1784630931,0.0,25.75,True,True
124,MNQ,LONG,2.0,29122.5,29142.0,2026-07-21T12:44:00.169873+00:00,2026-07-21T12:45:17.336390+00:00,76.5,TARGET,capitulation_long,,1784637840,1784637917,1.25,23.0,True,True
125,MNQ,SHORT,2.0,29187.25,29167.0,2026-07-21T13:31:18.907156+00:00,2026-07-21T13:31:41.180938+00:00,79.5,GIVEBACK,exhaustion_short,,1784640678,1784640701,6.75,29.25,True,True
126,MNQ,SHORT,2.0,29158.25,29174.75,2026-07-21T13:32:11.447888+00:00,2026-07-21T13:33:06.680298+00:00,-67.5,STOP,exhaustion_short,,1784640731,1784640786,23.25,5.75,True,False
127,MNQ,SHORT,1.0,29170.75,29201.5,2026-07-21T13:37:31.199341+00:00,2026-07-21T13:38:42.577305+00:00,-63.0,STOP,exhaustion_short,,1784641051,1784641122,36.0,14.0,True,False
128,MNQ,SHORT,1.0,29153.0,29144.25,2026-07-21T13:41:40.201219+00:00,2026-07-21T13:45:32.822938+00:00,16.0,GIVEBACK,exhaustion_short,,1784641300,1784641532,27.0,27.0,True,True
129,MNQ,SHORT,1.0,29122.25,29089.0,2026-07-21T14:06:49.666996+00:00,2026-07-21T14:11:36.609319+00:00,65.0,GIVEBACK,exhaustion_short,,1784642809,1784643096,16.75,59.25,True,True
130,MNQ,SHORT,1.0,29119.25,29087.25,2026-07-21T14:14:45.588019+00:00,2026-07-21T14:17:02.566099+00:00,62.5,GIVEBACK,exhaustion_short,,1784643285,1784643422,12.75,52.75,True,True
131,MNQ,SHORT,1.0,29209.25,29234.75,2026-07-21T14:34:06.328700+00:00,2026-07-21T14:35:26.130066+00:00,-52.5,STOP,rgv_short,,1784644446,1784644526,25.75,0.0,True,False
132,MNQ,LONG,1.0,29217.25,29195.5,2026-07-21T14:37:06.047735+00:00,2026-07-21T14:38:23.085370+00:00,-45.0,STOP,grind_long,,1784644626,1784644703,26.5,2.25,True,False
133,MNQ,SHORT,1.0,29218.25,29207.25,2026-07-21T14:38:06.326777+00:00,2026-07-21T14:40:44.981318+00:00,20.5,GIVEBACK,rgv_short,,1784644686,1784644844,0.0,32.25,True,True
134,MNQ,SHORT,1.0,29207.0,29164.75,2026-07-21T14:40:45.983194+00:00,2026-07-21T14:42:13.422896+00:00,83.0,TARGET,rgv_short,,1784644845,1784644933,0.5,44.5,True,True
135,MNQ,SHORT,1.0,29199.25,29220.75,2026-07-21T14:43:05.665488+00:00,2026-07-21T14:43:37.749116+00:00,-44.5,STOP,rgv_short,,1784644985,1784645017,22.75,2.5,True,False
136,MNQ,SHORT,1.0,29220.0,29242.0,2026-07-21T14:43:38.857804+00:00,2026-07-21T14:45:16.526865+00:00,-45.5,STOP,rgv_short,,1784645018,1784645116,24.75,6.0,True,False
137,MNQ,SHORT,1.0,29244.25,29230.25,2026-07-21T14:48:06.270662+00:00,2026-07-21T14:51:57.377571+00:00,26.5,GIVEBACK,rgv_short,,1784645286,1784645517,12.75,38.0,True,True
138,MNQ,LONG,1.0,29232.25,29204.5,2026-07-21T14:52:33.534149+00:00,2026-07-21T15:02:56.346190+00:00,-57.0,STOP,grind_long,,1784645553,1784646176,36.75,13.25,True,False
139,MNQ,SHORT,1.0,29230.5,29185.0,2026-07-21T14:55:16.079932+00:00,2026-07-21T15:05:22.269257+00:00,89.5,TARGET,exhaustion_short,,1784645716,1784646322,15.0,49.0,True,True
140,MNQ,SHORT,1.0,29229.5,29182.0,2026-07-21T14:51:58.381139+00:00,2026-07-21T15:05:25.230402+00:00,93.5,TARGET,rgv_short,,1784645518,1784646325,16.0,48.0,True,True
141,MNQ,SHORT,2.0,29255.25,29272.5,2026-07-21T15:07:58.024071+00:00,2026-07-21T15:09:20.612135+00:00,-70.5,STOP,exhaustion_short,,1784646478,1784646560,19.5,1.75,True,False
142,MNQ,SHORT,2.0,29287.75,29286.75,2026-07-21T15:17:06.065939+00:00,2026-07-21T15:21:24.749912+00:00,2.5,GIVEBACK,rgv_short,,1784647026,1784647284,8.75,15.75,True,True
143,MNQ,SHORT,2.0,29284.75,29301.25,2026-07-21T15:21:25.738121+00:00,2026-07-21T15:21:34.183747+00:00,-67.5,STOP,rgv_short,,1784647285,1784647294,17.25,2.75,True,False
144,MNQ,SHORT,2.0,29298.75,29294.75,2026-07-21T15:21:34.772860+00:00,2026-07-21T15:23:57.453454+00:00,14.5,GIVEBACK,rgv_short,,1784647294,1784647437,11.0,15.0,True,True
145,MNQ,SHORT,2.0,29292.875,29309.125,2026-07-21T15:24:06.435804+00:00,2026-07-21T15:26:06.139865+00:00,-66.5,STOP,rgv_short,,1784647446,1784647566,19.125,0.875,True,False
146,MNQ,LONG,1.0,29292.25,29276.25,2026-07-21T15:33:03.947668+00:00,2026-07-21T15:33:21.278279+00:00,-33.5,STOP,grind_long,,1784647983,1784648001,16.5,1.0,True,False
147,MNQ,SHORT,2.0,29306.25,29273.25,2026-07-21T15:29:06.247996+00:00,2026-07-21T15:33:27.048393+00:00,130.5,TARGET,rgv_short,,1784647746,1784648007,2.5,36.25,True,True
148,MNQ,SHORT,2.0,29274.0,29288.5,2026-07-21T15:33:28.069910+00:00,2026-07-21T15:34:26.355759+00:00,-59.5,STOP,rgv_short,,1784648008,1784648066,17.25,8.0,True,False
149,MNQ,SHORT,1.0,29282.75,29297.75,2026-07-21T15:34:06.184939+00:00,2026-07-21T15:34:47.669677+00:00,-31.5,STOP,thrust_short,,1784648046,1784648087,18.25,1.25,True,False
150,MNQ,SHORT,2.0,29289.25,29318.125,2026-07-21T15:34:27.273963+00:00,2026-07-21T15:35:11.164871+00:00,-117.0,STOP,rgv_short,,1784648067,1784648111,16.75,0.0,True,False
151,MNQ,LONG,2.0,29275.75,29305.5,2026-07-21T15:33:28.008506+00:00,2026-07-21T15:35:14.440083+00:00,117.5,TARGET,capitulation_long,,1784648008,1784648114,9.75,30.25,True,True
152,MNQ,SHORT,2.0,29292.0,29287.0,2026-07-21T15:37:05.877814+00:00,2026-07-21T15:39:47.287972+00:00,18.5,GIVEBACK,rgv_short,,1784648225,1784648387,4.75,17.0,True,True
153,MNQ,SHORT,1.0,29296.5,29279.0,2026-07-21T15:34:48.352043+00:00,2026-07-21T15:48:03.563169+00:00,33.5,GIVEBACK,thrust_short,,1784648088,1784648883,9.75,38.25,True,True
154,MNQ,SHORT,2.0,29311.125,29307.5,2026-07-21T16:08:35.845661+00:00,2026-07-21T16:15:20.839732+00:00,13.0,GIVEBACK,exhaustion_short,,1784650115,1784650520,4.875,15.375,True,True
155,MNQ,LONG,1.0,29330.75,29320.25,2026-07-21T16:24:06.087460+00:00,2026-07-21T16:25:59.601260+00:00,-22.5,STOP,grind_long,,1784651046,1784651159,10.75,4.75,True,False
156,MNQ,LONG,1.0,29315.5,29304.75,2026-07-21T16:28:05.626642+00:00,2026-07-21T16:33:03.539889+00:00,-23.0,STOP,grind_long,,1784651285,1784651583,12.25,8.5,True,False
157,MNQ,SHORT,2.0,29345.75,29341.75,2026-07-21T16:55:14.091776+00:00,2026-07-21T17:00:24.766800+00:00,14.5,GIVEBACK,exhaustion_short,,1784652914,1784653224,6.25,14.75,True,True
158,MNQ,SHORT,2.0,29331.75,29342.5,2026-07-21T17:21:19.380025+00:00,2026-07-21T17:30:09.066694+00:00,-44.5,STOP,exhaustion_short,,1784654479,1784655009,13.5,9.0,True,False
159,MNQ,LONG,1.0,29358.75,29349.75,2026-07-21T17:51:06.046801+00:00,2026-07-21T17:52:33.742092+00:00,-19.5,STOP,grind_long,,1784656266,1784656353,9.25,3.25,True,False
160,MNQ,SHORT,2.0,29310.0,29320.5,2026-07-21T19:14:50.728581+00:00,2026-07-21T19:19:38.408470+00:00,-43.5,STOP,exhaustion_short,,1784661290,1784661578,12.0,5.0,True,False
161,MNQ,LONG,2.0,29300.75,29291.75,2026-07-21T19:26:23.028473+00:00,2026-07-21T19:29:52.636819+00:00,-37.5,STOP,capitulation_long,,1784661983,1784662192,9.75,12.25,True,False
162,MNQ,LONG,1.0,29337.25,29327.75,2026-07-21T19:45:05.667804+00:00,2026-07-21T19:47:12.192434+00:00,-20.5,STOP,grind_long,,1784663105,1784663232,11.75,3.25,True,False
163,MNQ,LONG,2.0,29330.25,29331.25,2026-07-21T19:50:07.343503+00:00,2026-07-21T19:50:27.443624+00:00,2.5,GIVEBACK,capitulation_long,,1784663407,1784663427,0.5,15.25,True,True
164,MNQ,SHORT,2.0,29336.25,29362.625,2026-07-21T19:50:37.507062+00:00,2026-07-21T19:54:40.189631+00:00,-107.0,STOP,exhaustion_short,,1784663437,1784663680,15.0,8.0,True,False
165,MNQ,SHORT,2.0,29344.25,29333.375,2026-07-21T19:54:47.676496+00:00,2026-07-21T19:59:50.108959+00:00,42.0,TARGET,exhaustion_short,,1784663687,1784663990,4.0,36.5,True,True
166,MNQ,LONG,1.0,29282.25,29291.0,2026-07-21T23:15:24.125709+00:00,2026-07-21T23:20:20.521449+00:00,16.0,CHANDELIER,grind_long,,1784675724,1784676020,9.75,22.5,True,True
167,MNQ,LONG,1.0,29290.0,29274.25,2026-07-21T23:20:21.531841+00:00,2026-07-21T23:42:03.049145+00:00,-33.0,STOP_UNFILLED,grind_long,,1784676021,1784677323,18.5,14.0,True,False
168,MNQ,SHORT,2.0,29296.75,29274.25,2026-07-22T00:00:11.219117+00:00,2026-07-22T00:32:24.847714+00:00,88.5,TARGET,exhaustion_short,,1784678411,1784680344,40.5,23.0,True,True
169,MNQ,SHORT,1.0,29268.0,29254.75,2026-07-22T00:47:06.334747+00:00,2026-07-22T01:12:54.984262+00:00,25.0,CHANDELIER,thrust_short,,1784681226,1784682774,26.25,35.25,True,True
170,MNQ,LONG,2.0,29247.5,29252.75,2026-07-22T01:08:05.538345+00:00,2026-07-22T01:14:37.160683+00:00,19.5,GIVEBACK,rgv_long,,1784682485,1784682877,9.5,15.0,True,True
171,MNQ,LONG,1.0,29323.75,29216.5,2026-07-22T00:05:06.023573+00:00,2026-07-22T04:43:59.890979+00:00,-216.0,MAX_HOLD,grind_long,,1784678706,1784695439,135.75,13.5,True,False
172,MNQ,SHORT,1.0,29057.75,29072.0,2026-07-22T07:07:06.327757+00:00,2026-07-22T07:10:58.381871+00:00,-30.0,STOP_UNFILLED,thrust_short,,1784704026,1784704258,17.75,0.0,True,False
173,MNQ,SHORT,1.0,29033.0,29053.25,2026-07-22T07:42:05.721478+00:00,2026-07-22T07:43:51.459399+00:00,-42.0,STOP_UNFILLED,thrust_short,,1784706125,1784706231,20.25,0.25,True,False
174,MNQ,LONG,1.0,29099.75,29087.5,2026-07-22T08:25:05.984508+00:00,2026-07-22T08:42:17.836457+00:00,-26.0,STOP_UNFILLED,grind_long,,1784708705,1784709737,15.5,16.75,True,False
175,MNQ,LONG,1.0,29143.0,29130.5,2026-07-22T09:09:05.888784+00:00,2026-07-22T09:12:59.545927+00:00,-26.5,STOP_UNFILLED,grind_long,,1784711345,1784711579,12.75,3.25,True,False
176,MNQ,LONG,1.0,29131.25,29118.5,2026-07-22T09:13:01.185334+00:00,2026-07-22T09:30:49.653314+00:00,-27.0,STOP_UNFILLED,grind_long,,1784711581,1784712649,16.0,15.5,True,False
177,MNQ,LONG,1.0,29092.5,29092.75,2026-07-22T13:30:00.179151+00:00,2026-07-22T13:30:00.228862+00:00,-1.0,STOP,rgv_long,,1784727000,1784727000,2.75,30.0,True,False
178,MNQ,LONG,1.0,29164.0,29143.75,2026-07-22T13:37:42.570869+00:00,2026-07-22T13:38:14.232728+00:00,-42.0,STOP,grind_long,,1784727462,1784727494,22.25,0.0,True,False
179,MNQ,LONG,1.0,29143.0,29121.5,2026-07-22T13:38:14.773589+00:00,2026-07-22T13:38:53.373749+00:00,-44.5,STOP,grind_long,,1784727494,1784727533,24.0,3.75,True,False
180,MNQ,LONG,1.0,29200.0,29170.5,2026-07-22T13:46:16.794098+00:00,2026-07-22T13:48:31.359385+00:00,-60.5,STOP,grind_long,,1784727976,1784728111,33.0,6.0,True,False
181,MNQ,LONG,1.0,29171.5,29263.0,2026-07-22T13:48:52.622683+00:00,2026-07-22T14:00:23.642366+00:00,181.5,CHANDELIER,grind_long,,1784728132,1784728823,19.5,108.5,True,True
182,MNQ,LONG,1.0,29258.25,29233.75,2026-07-22T14:05:06.146876+00:00,2026-07-22T14:07:32.235521+00:00,-50.5,STOP,grind_long,,1784729106,1784729252,26.75,19.0,True,False
183,MNQ,LONG,2.0,29248.0,29259.75,2026-07-22T18:05:05.911577+00:00,2026-07-22T18:08:59.402927+00:00,45.5,GIVEBACK,rgv_long,,1784743505,1784743739,3.5,23.0,True,True
184,MNQ,LONG,2.0,29237.25,29223.75,2026-07-22T18:22:06.333699+00:00,2026-07-22T18:30:17.262068+00:00,-55.5,STOP,rgv_long,,1784744526,1784745017,17.25,10.75,True,False
185,MNQ,LONG,2.0,29191.25,29194.0,2026-07-22T19:58:06.073409+00:00,2026-07-22T19:59:40.369257+00:00,9.5,GIVEBACK,rgv_long,,1784750286,1784750380,2.75,14.75,True,True
186,MNQ,SHORT,1.0,29180.0,29199.0,2026-07-22T20:00:05.651530+00:00,2026-07-22T20:00:29.652547+00:00,-39.5,STOP,thrust_short,,1784750405,1784750429,19.25,4.75,True,False
187,MNQ,SHORT,1.0,29196.5,29217.75,2026-07-22T20:00:30.630955+00:00,2026-07-22T20:01:00.433912+00:00,-44.0,STOP,thrust_short,,1784750430,1784750460,26.75,11.0,True,False
188,MNQ,SHORT,1.0,29216.75,29204.5,2026-07-22T20:01:04.802114+00:00,2026-07-22T20:01:59.019697+00:00,23.0,CHANDELIER,thrust_short,,1784750464,1784750519,0.0,75.0,True,True
189,MNQ,LONG,2.0,29207.75,29184.25,2026-07-23T01:43:05.733805+00:00,2026-07-23T01:44:49.530423+00:00,-95.5,STOP_UNFILLED,rgv_long,,1784770985,1784771089,24.5,1.5,True,False
190,MNQ,LONG,2.0,29184.5,29187.25,2026-07-23T01:44:49.752387+00:00,2026-07-23T01:48:00.267242+00:00,9.5,GIVEBACK,rgv_long,,1784771089,1784771280,4.0,14.5,True,True
191,MNQ,SHORT,1.0,29207.0,29196.0,2026-07-23T01:40:06.480437+00:00,2026-07-23T01:50:58.570683+00:00,20.5,GIVEBACK,thrust_short,,1784770806,1784771458,5.5,32.0,True,True
192,MNQ,LONG,2.0,29187.5,29182.5,2026-07-23T01:48:01.268967+00:00,2026-07-23T01:53:12.887943+00:00,-21.5,GIVEBACK,rgv_long,,1784771281,1784771592,12.5,22.0,True,False
193,MNQ,LONG,2.0,29185.25,29169.0,2026-07-23T02:03:05.864435+00:00,2026-07-23T02:04:00.633004+00:00,-66.5,STOP_UNFILLED,rgv_long,,1784772185,1784772240,21.25,1.25,True,False
194,MNQ,LONG,2.0,29169.5,29183.0,2026-07-23T02:04:00.804220+00:00,2026-07-23T02:05:09.110241+00:00,52.5,GIVEBACK,rgv_long,,1784772240,1784772309,1.5,25.5,True,True
195,MNQ,LONG,2.0,29056.5,29058.0,2026-07-23T03:15:06.176821+00:00,2026-07-23T03:21:51.839853+00:00,4.5,GIVEBACK,rgv_long,,1784776506,1784776911,16.5,14.25,True,True
196,MNQ,LONG,2.0,29086.25,29096.75,2026-07-23T05:54:34.432916+00:00,2026-07-23T05:57:19.700282+00:00,40.5,GIVEBACK,capitulation_long,,1784786074,1784786239,7.75,22.0,True,True
197,MNQ,LONG,2.0,29095.75,29092.5,2026-07-23T05:58:06.770405+00:00,2026-07-23T06:02:03.092828+00:00,-14.5,GIVEBACK,rgv_long,,1784786286,1784786523,12.0,21.25,True,False
198,MNQ,SHORT,1.0,28986.25,28977.25,2026-07-23T07:11:06.133442+00:00,2026-07-23T07:13:51.504255+00:00,16.5,GIVEBACK,thrust_short,,1784790666,1784790831,0.5,32.5,True,True
199,MNQ,LONG,2.0,29010.5,29024.0,2026-07-23T07:18:05.929422+00:00,2026-07-23T07:21:44.267119+00:00,52.5,GIVEBACK,rgv_long,,1784791085,1784791304,10.5,24.0,True,True
200,MNQ,LONG,2.0,28947.0,28955.0,2026-07-23T07:52:06.197877+00:00,2026-07-23T07:54:50.446451+00:00,30.5,GIVEBACK,rgv_long,,1784793126,1784793290,4.0,19.5,True,True
201,MNQ,LONG,2.0,28962.25,28979.0,2026-07-23T07:55:06.427963+00:00,2026-07-23T08:00:11.942817+00:00,65.5,GIVEBACK,rgv_long,,1784793306,1784793611,2.25,31.25,True,True
202,MNQ,LONG,2.0,29056.5,29027.75,2026-07-23T10:06:42.054557+00:00,2026-07-23T10:10:31.496581+00:00,-116.5,STOP_UNFILLED,capitulation_long,,1784801202,1784801431,17.5,11.0,True,False
203,MNQ,SHORT,2.0,29097.0,29068.5,2026-07-23T10:44:06.311672+00:00,2026-07-23T11:02:02.782691+00:00,112.5,TARGET,rgv_short,,1784803446,1784804522,11.5,30.5,True,True
204,MNQ,LONG,2.0,28958.0,28949.875,2026-07-23T11:53:06.105112+00:00,2026-07-23T12:00:03.052185+00:00,-34.0,GIVEBACK,rgv_long,,1784807586,1784808003,16.0,15.25,True,False
205,MNQ,LONG,2.0,28912.5,28911.625,2026-07-23T12:15:01.494524+00:00,2026-07-23T12:16:18.777798+00:00,-5.0,GIVEBACK,capitulation_long,,1784808901,1784808978,0.0,25.5,True,False
206,MNQ,LONG,2.0,28908.125,28881.75,2026-07-23T12:16:55.793874+00:00,2026-07-23T12:20:11.752995+00:00,-107.0,STOP_UNFILLED,capitulation_long,,1784809015,1784809211,27.375,12.375,True,False
207,MNQ,LONG,1.0,28891.75,28864.5,2026-07-23T12:23:05.695038+00:00,2026-07-23T12:24:27.923227+00:00,-56.0,STOP_UNFILLED,rgv_long,,1784809385,1784809467,29.25,0.0,True,False
208,MNQ,LONG,1.0,28869.75,28849.25,2026-07-23T12:28:06.296732+00:00,2026-07-23T12:32:19.863725+00:00,-42.5,STOP_UNFILLED,rgv_long,,1784809686,1784809939,25.25,5.75,True,False
209,MNQ,SHORT,2.0,28802.0,28785.25,2026-07-23T12:37:05.599025+00:00,2026-07-23T12:41:05.241411+00:00,65.5,GIVEBACK,thrust_short,,1784810225,1784810465,12.75,27.75,True,True
210,MNQ,LONG,1.0,28786.0,28759.25,2026-07-23T12:50:05.765345+00:00,2026-07-23T13:05:30.581129+00:00,-55.0,STOP_UNFILLED,rgv_long,,1784811005,1784811930,31.0,19.5,True,False
211,MNQ,LONG,2.0,28766.0,28738.0,2026-07-23T13:08:05.613637+00:00,2026-07-23T13:09:07.078274+00:00,-113.5,STOP_UNFILLED,rgv_long,,1784812085,1784812147,29.0,0.75,True,False
212,MNQ,LONG,2.0,28740.25,28717.0,2026-07-23T13:09:07.245952+00:00,2026-07-23T13:12:13.561831+00:00,-94.5,STOP_UNFILLED,rgv_long,,1784812147,1784812333,25.0,1.75,True,False
213,MNQ,LONG,1.0,28821.0,28861.75,2026-07-23T13:41:05.763855+00:00,2026-07-23T13:44:22.345155+00:00,80.0,GIVEBACK,grind_long,,1784814065,1784814262,9.25,62.75,True,True
214,MNQ,SHORT,1.0,28868.0,28846.75,2026-07-23T13:45:05.699582+00:00,2026-07-23T13:45:53.170651+00:00,41.0,GIVEBACK,rgv_short,,1784814305,1784814353,0.25,44.75,True,True
215,MNQ,SHORT,1.0,28849.0,28848.75,2026-07-23T13:45:54.131015+00:00,2026-07-23T13:46:33.528068+00:00,-1.0,GIVEBACK,rgv_short,,1784814354,1784814393,9.0,29.0,True,False
216,MNQ,LONG,1.0,28832.5,28798.5,2026-07-23T13:46:25.456492+00:00,2026-07-23T13:48:05.659738+00:00,-69.5,STOP,grind_long,,1784814385,1784814485,37.5,19.75,True,False
217,MNQ,SHORT,1.0,28851.0,28771.25,2026-07-23T13:46:34.538565+00:00,2026-07-23T13:49:18.831269+00:00,158.0,TARGET,rgv_short,,1784814394,1784814558,1.0,84.0,True,True
218,MNQ,SHORT,1.0,28725.5,28770.75,2026-07-23T14:03:17.296366+00:00,2026-07-23T14:05:42.444561+00:00,-92.0,STOP,exhaustion_short,,1784815397,1784815542,52.5,8.5,True,False
219,MNQ,SHORT,1.0,28539.5,28502.25,2026-07-23T15:07:06.449446+00:00,2026-07-23T15:14:54.946509+00:00,73.0,GIVEBACK,thrust_short,,1784819226,1784819694,20.5,56.75,True,True
220,MNQ,SHORT,1.0,28499.5,28526.75,2026-07-23T15:46:51.751566+00:00,2026-07-23T15:49:49.575278+00:00,-56.0,STOP,exhaustion_short,,1784821611,1784821789,28.25,8.0,True,False
221,MNQ,LONG,1.0,28568.25,28576.75,2026-07-23T15:56:05.777842+00:00,2026-07-23T16:01:24.013481+00:00,15.5,GIVEBACK,grind_long,,1784822165,1784822484,17.75,31.25,True,True
222,MNQ,LONG,1.0,28609.75,28590.25,2026-07-23T16:02:33.363893+00:00,2026-07-23T16:05:41.172901+00:00,-40.5,STOP,grind_long,,1784822553,1784822741,25.25,18.25,True,False
223,MNQ,SHORT,2.0,28634.25,28654.0,2026-07-23T16:20:06.023517+00:00,2026-07-23T16:20:31.719967+00:00,-80.5,STOP,rgv_short,,1784823606,1784823631,20.5,0.25,True,False
224,MNQ,SHORT,2.0,28653.5,28671.0,2026-07-23T16:20:32.127693+00:00,2026-07-23T16:22:49.943298+00:00,-71.5,STOP,rgv_short,,1784823632,1784823769,25.25,8.75,True,False
225,MNQ,LONG,2.0,28592.25,28611.75,2026-07-23T17:43:05.844106+00:00,2026-07-23T17:46:18.455675+00:00,76.5,GIVEBACK,rgv_long,,1784828585,1784828778,10.25,34.0,True,True
226,MNQ,LONG,2.0,28573.0,28556.0,2026-07-23T18:04:06.357209+00:00,2026-07-23T18:05:14.379275+00:00,-69.5,STOP,rgv_long,,1784829846,1784829914,17.5,0.0,True,False
227,MNQ,LONG,2.0,28563.25,28546.25,2026-07-23T18:07:05.750988+00:00,2026-07-23T18:07:30.159166+00:00,-69.5,STOP,rgv_long,,1784830025,1784830050,18.0,0.25,True,False
228,MNQ,LONG,2.0,28547.75,28568.5,2026-07-23T18:07:30.808475+00:00,2026-07-23T18:14:36.916975+00:00,81.5,GIVEBACK,rgv_long,,1784830050,1784830476,5.5,30.5,True,True
229,MNQ,LONG,2.0,28567.5,28551.25,2026-07-23T18:14:37.880088+00:00,2026-07-23T18:17:48.226362+00:00,-66.5,STOP,rgv_long,,1784830477,1784830668,17.75,10.75,True,False
230,MNQ,LONG,2.0,28552.0,28555.0,2026-07-23T18:17:48.393144+00:00,2026-07-23T18:18:43.505245+00:00,10.5,GIVEBACK,rgv_long,,1784830668,1784830723,5.5,13.5,True,True
231,MNQ,LONG,2.0,28559.0,28558.25,2026-07-23T18:20:05.739131+00:00,2026-07-23T18:23:01.084669+00:00,-4.5,GIVEBACK,rgv_long,,1784830805,1784830981,10.25,13.0,True,False
232,MNQ,LONG,2.0,28563.25,28571.5,2026-07-23T18:23:06.091730+00:00,2026-07-23T18:25:25.426846+00:00,31.5,GIVEBACK,rgv_long,,1784830986,1784831125,4.5,21.25,True,True
233,MNQ,LONG,2.0,28525.5,28511.0,2026-07-23T19:06:06.305629+00:00,2026-07-23T19:07:53.100352+00:00,-59.5,STOP,rgv_long,,1784833566,1784833673,15.5,2.25,True,False
234,MNQ,LONG,2.0,28512.5,28529.5,2026-07-23T19:07:53.516145+00:00,2026-07-23T19:17:59.852830+00:00,66.5,GIVEBACK,rgv_long,,1784833673,1784834279,11.5,29.0,True,True
235,MNQ,LONG,2.0,28602.375,28613.5,2026-07-24T02:24:06.549410+00:00,2026-07-24T02:27:24.766899+00:00,43.0,GIVEBACK,rgv_long,,1784859846,1784860044,2.375,21.375,True,True
236,MNQ,SHORT,2.0,28579.5,28595.25,2026-07-24T05:11:06.766655+00:00,2026-07-24T05:12:58.138111+00:00,-64.5,STOP_UNFILLED,rgv_short,,1784869866,1784869978,16.5,0.25,True,False
237,MNQ,LONG,2.0,28573.25,28586.0,2026-07-24T08:15:05.967767+00:00,2026-07-24T08:17:30.212991+00:00,49.5,TARGET,rgv_long,,1784880905,1784881050,1.25,28.5,True,True
238,MNQ,SHORT,2.0,28600.5,28594.5,2026-07-24T13:25:07.154045+00:00,2026-07-24T13:26:33.379726+00:00,22.5,GIVEBACK,exhaustion_short,,1784899507,1784899593,2.0,17.0,True,True
239,MNQ,SHORT,1.0,28537.75,28557.5,2026-07-24T13:32:06.069562+00:00,2026-07-24T13:32:47.818223+00:00,-41.0,STOP,thrust_short,,1784899926,1784899967,22.25,20.25,True,False
240,MNQ,SHORT,1.0,28557.0,28576.25,2026-07-24T13:32:48.451844+00:00,2026-07-24T13:33:02.664428+00:00,-40.0,STOP,thrust_short,,1784899968,1784899982,21.5,10.75,True,False
241,MNQ,SHORT,1.0,28574.25,28596.75,2026-07-24T13:33:03.560215+00:00,2026-07-24T13:34:48.761589+00:00,-46.5,STOP,thrust_short,,1784899983,1784900088,22.5,23.5,True,False
242,MNQ,SHORT,1.0,28377.0,28418.25,2026-07-24T14:22:10.168538+00:00,2026-07-24T14:23:38.352450+00:00,-84.0,STOP,exhaustion_short,,1784902930,1784903018,47.0,1.75,True,False
243,MNQ,SHORT,1.0,28333.25,28329.5,2026-07-24T14:32:40.860583+00:00,2026-07-24T14:35:08.621986+00:00,6.0,GIVEBACK,exhaustion_short,,1784903560,1784903708,17.75,31.25,True,True
244,MNQ,LONG,1.0,28321.25,28284.25,2026-07-24T14:37:06.212571+00:00,2026-07-24T14:39:24.948437+00:00,-75.5,STOP,rgv_long,,1784903826,1784903964,37.0,12.5,True,False
245,MNQ,LONG,1.0,28286.75,28258.0,2026-07-24T14:45:05.738253+00:00,2026-07-24T14:46:02.796030+00:00,-59.0,STOP,rgv_long,,1784904305,1784904362,32.5,2.25,True,False
246,MNQ,LONG,1.0,28257.75,28282.0,2026-07-24T14:46:03.038409+00:00,2026-07-24T14:47:44.665786+00:00,47.0,GIVEBACK,rgv_long,,1784904363,1784904464,2.0,52.25,True,True
247,MNQ,LONG,1.0,28280.75,28341.75,2026-07-24T14:47:45.639974+00:00,2026-07-24T14:50:16.345413+00:00,120.5,TARGET,rgv_long,,1784904465,1784904616,19.0,66.25,True,True
248,MNQ,LONG,1.0,28489.75,28512.0,2026-07-24T15:15:05.513748+00:00,2026-07-24T15:15:11.525699+00:00,43.0,GIVEBACK,grind_long,,1784906105,1784906111,1.75,56.25,True,True
249,MNQ,LONG,1.0,28515.0,28529.0,2026-07-24T15:15:16.568760+00:00,2026-07-24T15:16:12.103864+00:00,26.5,GIVEBACK,grind_long,,1784906116,1784906172,15.5,41.75,True,True
250,MNQ,SHORT,1.0,28501.75,28490.25,2026-07-24T15:18:05.827227+00:00,2026-07-24T15:19:13.257992+00:00,21.5,GIVEBACK,rgv_short,,1784906285,1784906353,8.5,34.75,True,True
251,MNQ,LONG,1.0,28508.0,28463.5,2026-07-24T15:18:07.833491+00:00,2026-07-24T15:19:38.287007+00:00,-90.5,STOP,grind_long,,1784906287,1784906378,47.25,0.25,True,False
252,MNQ,SHORT,1.0,28493.0,28481.75,2026-07-24T15:19:14.229956+00:00,2026-07-24T15:20:09.520492+00:00,21.0,GIVEBACK,rgv_short,,1784906354,1784906409,2.25,36.5,True,True
253,MNQ,SHORT,1.0,28495.0,28527.5,2026-07-24T15:30:06.242899+00:00,2026-07-24T15:31:16.501407+00:00,-66.5,STOP,rgv_short,,1784907006,1784907076,34.25,6.75,True,False
254,MNQ,SHORT,1.0,28523.0,28506.75,2026-07-24T15:31:21.629020+00:00,2026-07-24T15:35:24.670846+00:00,31.0,GIVEBACK,rgv_short,,1784907081,1784907324,19.5,37.25,True,True
255,MNQ,SHORT,1.0,28505.75,28534.0,2026-07-24T15:35:25.632089+00:00,2026-07-24T15:37:59.936966+00:00,-58.0,STOP,rgv_short,,1784907325,1784907479,28.25,8.0,True,False
256,MNQ,SHORT,1.0,28536.25,28512.75,2026-07-24T15:42:06.341467+00:00,2026-07-24T15:44:10.847123+00:00,45.5,GIVEBACK,rgv_short,,1784907726,1784907850,6.75,46.75,True,True
257,MNQ,SHORT,1.0,28513.75,28542.25,2026-07-24T15:45:06.033653+00:00,2026-07-24T15:50:55.896838+00:00,-58.5,STOP,rgv_short,,1784907906,1784908255,28.5,22.0,True,False
258,MNQ,SHORT,1.0,28524.5,28548.75,2026-07-24T15:53:05.669976+00:00,2026-07-24T15:54:02.449566+00:00,-50.0,STOP,rgv_short,,1784908385,1784908442,26.0,8.5,True,False
259,MNQ,SHORT,1.0,28547.75,28572.5,2026-07-24T15:54:02.845422+00:00,2026-07-24T15:56:54.002934+00:00,-51.0,STOP,rgv_short,,1784908442,1784908614,27.25,15.25,True,False
260,MNQ,SHORT,1.0,28552.5,28574.75,2026-07-24T16:01:10.199804+00:00,2026-07-24T16:03:38.064998+00:00,-46.0,STOP,rgv_short,,1784908870,1784909018,23.75,2.75,True,False
261,MNQ,SHORT,2.0,28582.75,28602.75,2026-07-24T16:07:06.173973+00:00,2026-07-24T16:07:40.781420+00:00,-81.5,STOP,rgv_short,,1784909226,1784909260,20.75,0.5,True,False
262,MNQ,SHORT,2.0,28602.75,28623.25,2026-07-24T16:07:41.270794+00:00,2026-07-24T16:10:17.042318+00:00,-83.5,STOP,rgv_short,,1784909261,1784909417,23.75,2.5,True,False
263,MNQ,SHORT,2.0,28624.25,28616.25,2026-07-24T16:10:17.780560+00:00,2026-07-24T16:12:09.209833+00:00,30.5,GIVEBACK,rgv_short,,1784909417,1784909529,7.0,21.0,True,True
264,MNQ,LONG,1.0,28590.0,28570.25,2026-07-24T16:13:08.434489+00:00,2026-07-24T16:15:03.295061+00:00,-41.0,STOP,grind_long,,1784909588,1784909703,20.5,3.75,True,False
265,MNQ,SHORT,1.0,28592.5,28575.75,2026-07-24T16:13:06.425608+00:00,2026-07-24T16:19:17.738736+00:00,32.0,GIVEBACK,rgv_short,,1784909586,1784909957,1.25,40.0,True,True
266,MNQ,SHORT,2.0,28585.75,28586.5,2026-07-24T16:25:05.618689+00:00,2026-07-24T16:25:52.726904+00:00,-4.5,GIVEBACK,rgv_short,,1784910305,1784910352,2.75,13.25,True,False
267,MNQ,SHORT,2.0,28585.0,28545.75,2026-07-24T16:25:53.680845+00:00,2026-07-24T16:30:16.334709+00:00,155.5,TARGET,rgv_short,,1784910353,1784910616,9.0,41.75,True,True
268,MNQ,LONG,2.0,28481.5,28464.5,2026-07-24T16:51:05.924086+00:00,2026-07-24T16:53:32.884981+00:00,-69.5,STOP,rgv_long,,1784911865,1784912012,20.25,2.25,True,False
269,MNQ,LONG,2.0,28465.5,28483.0,2026-07-24T16:55:05.464302+00:00,2026-07-24T16:56:32.771176+00:00,68.5,GIVEBACK,rgv_long,,1784912105,1784912192,2.0,29.25,True,True
270,MNQ,LONG,2.0,28486.5,28499.0,2026-07-24T16:56:33.735211+00:00,2026-07-24T16:58:58.138992+00:00,48.5,GIVEBACK,rgv_long,,1784912193,1784912338,6.5,24.5,True,True
271,MNQ,LONG,2.0,28500.75,28484.75,2026-07-24T16:58:59.103511+00:00,2026-07-24T17:00:32.367132+00:00,-65.5,STOP,rgv_long,,1784912339,1784912432,17.75,9.0,True,False
272,MNQ,LONG,2.0,28479.0,28446.0,2026-07-24T17:06:06.303418+00:00,2026-07-24T17:06:10.687499+00:00,-133.5,STOP,rgv_long,,1784912766,1784912770,36.5,1.25,True,False
273,MNQ,LONG,2.0,28453.75,28460.75,2026-07-24T17:06:11.282889+00:00,2026-07-24T17:06:43.449004+00:00,26.5,GIVEBACK,rgv_long,,1784912771,1784912803,8.5,22.75,True,True
274,MNQ,LONG,2.0,28462.25,28445.75,2026-07-24T17:06:44.462721+00:00,2026-07-24T17:07:45.931740+00:00,-67.5,STOP,rgv_long,,1784912804,1784912865,17.25,4.25,True,False
275,MNQ,LONG,2.0,28456.0,28456.5,2026-07-24T17:12:05.691215+00:00,2026-07-24T17:14:28.045397+00:00,0.5,GIVEBACK,rgv_long,,1784913125,1784913268,5.0,15.25,True,True
276,MNQ,LONG,2.0,28457.25,28462.25,2026-07-24T17:14:29.065852+00:00,2026-07-24T17:18:15.674774+00:00,18.5,GIVEBACK,rgv_long,,1784913269,1784913495,16.5,19.5,True,True
277,MNQ,SHORT,2.0,28520.0,28509.25,2026-07-24T17:37:05.704509+00:00,2026-07-24T17:38:42.919322+00:00,41.5,GIVEBACK,rgv_short,,1784914625,1784914722,1.5,22.25,True,True
278,MNQ,LONG,2.0,28306.875,28284.875,2026-07-24T18:39:06.286003+00:00,2026-07-24T18:39:48.216398+00:00,-89.5,STOP,rgv_long,,1784918346,1784918388,25.875,0.0,True,False
279,MNQ,LONG,2.0,28284.75,28266.25,2026-07-24T18:39:48.399890+00:00,2026-07-24T18:42:04.052412+00:00,-75.5,STOP,rgv_long,,1784918388,1784918524,21.25,13.5,True,False
280,MNQ,LONG,1.0,28286.25,28302.0,2026-07-24T18:44:06.277479+00:00,2026-07-24T18:48:44.525451+00:00,30.0,GIVEBACK,rgv_long,,1784918646,1784918924,16.75,39.0,True,True
281,MNQ,SHORT,1.0,28266.75,28248.5,2026-07-24T19:50:05.167616+00:00,2026-07-24T19:54:12.052950+00:00,35.0,GIVEBACK,exhaustion_short,,1784922605,1784922852,9.5,43.5,True,True
282,MNQ,LONG,1.0,28613.5,28617.75,2026-07-26T22:02:02.132287+00:00,2026-07-26T22:04:29.307274+00:00,7.0,GIVEBACK,abs_veto_long,,1785103322,1785103469,6.0,33.5,True,True
283,MNQ,LONG,1.0,28622.5,28601.75,2026-07-26T22:18:00.830212+00:00,2026-07-26T23:04:42.389663+00:00,-43.0,STOP_UNFILLED,abs_veto_long,,1785104280,1785107082,25.75,24.25,True,False
284,MNQ,LONG,1.0,28711.25,28694.25,2026-07-26T23:53:01.052923+00:00,2026-07-26T23:55:41.237472+00:00,-35.5,STOP_UNFILLED,abs_veto_long,,1785109981,1785110141,17.75,0.25,True,False
285,MNQ,SHORT,1.0,28591.0,28621.0,2026-07-27T00:20:00.994001+00:00,2026-07-27T00:25:56.000352+00:00,-61.5,STOP_UNFILLED,abs_veto_short,,1785111600,1785111956,31.25,6.75,True,False
286,MNQ,SHORT,1.0,28557.75,28546.75,2026-07-27T01:18:00.997281+00:00,2026-07-27T01:30:02.373717+00:00,20.5,GIVEBACK,abs_veto_short,,1785115080,1785115802,17.5,32.5,True,True
287,MNQ,LONG,1.0,28587.25,28562.5,2026-07-27T01:33:00.784126+00:00,2026-07-27T01:35:21.030450+00:00,-51.0,STOP_UNFILLED,abs_veto_long,,1785115980,1785116121,30.0,6.25,True,False
288,MNQ,LONG,2.0,28598.5,28618.75,2026-07-27T03:55:58.623541+00:00,2026-07-27T03:58:00.872365+00:00,79.5,TARGET,capitulation_long,,1785124558,1785124680,5.25,23.25,True,True
289,MNQ,SHORT,2.0,28693.25,28681.75,2026-07-27T13:00:22.026841+00:00,2026-07-27T13:01:02.077789+00:00,44.5,TARGET,exhaustion_short,,1785157222,1785157262,6.0,13.25,True,True
290,MNQ,SHORT,2.0,28564.5,28577.25,2026-07-27T13:31:41.177434+00:00,2026-07-27T13:32:02.343653+00:00,-52.5,STOP,exhaustion_short,,1785159101,1785159122,27.0,7.25,True,False
291,MNQ,SHORT,1.0,28521.5,28509.25,2026-07-27T13:33:01.820274+00:00,2026-07-27T13:34:01.305907+00:00,23.0,GIVEBACK,abs_veto_short,,1785159181,1785159241,8.75,34.75,True,True
292,MNQ,SHORT,1.0,28545.5,28529.75,2026-07-27T13:39:59.068754+00:00,2026-07-27T13:40:10.142913+00:00,30.0,TARGET,exhaustion_short,,1785159599,1785159610,8.75,29.0,True,True
293,MNQ,SHORT,1.0,28516.5,28503.5,2026-07-27T13:40:37.388356+00:00,2026-07-27T13:41:12.638361+00:00,24.5,TARGET,exhaustion_short,,1785159637,1785159672,4.0,17.25,True,True
294,MNQ,SHORT,1.0,28505.25,28512.75,2026-07-27T13:41:36.857367+00:00,2026-07-27T13:42:08.049948+00:00,-16.5,STOP,exhaustion_short,,1785159696,1785159728,12.5,11.5,True,False
295,MNQ,SHORT,1.0,28436.0,28444.75,2026-07-27T13:43:51.946624+00:00,2026-07-27T13:43:59.959778+00:00,-19.0,STOP,exhaustion_short,,1785159831,1785159839,9.25,0.0,True,False
296,MNQ,SHORT,1.0,28459.75,28473.25,2026-07-27T13:45:10.475369+00:00,2026-07-27T13:45:31.673930+00:00,-28.5,STOP,exhaustion_short,,1785159910,1785159931,14.25,9.75,True,False
297,MNQ,SHORT,1.0,28492.5,28481.5,2026-07-27T13:52:03.342114+00:00,2026-07-27T13:52:08.375649+00:00,20.5,TARGET,exhaustion_short,,1785160323,1785160328,0.0,28.25,True,True
298,MNQ,SHORT,1.0,28317.25,28331.75,2026-07-27T14:08:47.737981+00:00,2026-07-27T14:08:53.775809+00:00,-30.5,STOP,exhaustion_short,,1785161327,1785161333,16.75,0.0,True,False
299,MNQ,SHORT,1.0,28251.25,28260.5,2026-07-27T14:12:21.168738+00:00,2026-07-27T14:12:49.351273+00:00,-20.0,STOP,exhaustion_short,,1785161541,1785161569,11.25,9.25,True,False
300,MNQ,SHORT,1.0,28241.25,28230.5,2026-07-27T14:18:12.206410+00:00,2026-07-27T14:18:24.230310+00:00,20.0,TARGET,exhaustion_short,,1785161892,1785161904,0.0,16.75,True,True
301,MNQ,SHORT,1.0,28118.5,28103.0,2026-07-27T14:29:12.201367+00:00,2026-07-27T14:29:50.354663+00:00,29.5,TARGET,exhaustion_short,,1785162552,1785162590,5.5,30.25,True,True
302,MNQ,SHORT,1.0,27973.0,27959.25,2026-07-27T14:42:34.798609+00:00,2026-07-27T14:42:45.835008+00:00,26.0,TARGET,exhaustion_short,,1785163354,1785163365,0.0,15.75,True,True
303,MNQ,SHORT,1.0,28001.0,28008.75,2026-07-27T14:45:36.034417+00:00,2026-07-27T14:45:41.077856+00:00,-17.0,STOP,exhaustion_short,,1785163536,1785163541,11.25,0.0,True,False
304,MNQ,SHORT,1.0,28108.75,28096.0,2026-07-27T14:51:04.506345+00:00,2026-07-27T14:51:27.673068+00:00,24.0,TARGET,exhaustion_short,,1785163864,1785163887,7.25,16.75,True,True
305,MNQ,SHORT,1.0,28120.75,28105.25,2026-07-27T14:53:04.325492+00:00,2026-07-27T14:53:46.631468+00:00,29.5,TARGET,exhaustion_short,,1785163984,1785164026,5.0,23.5,True,True
306,MNQ,SHORT,1.0,28169.25,28155.25,2026-07-27T14:59:53.596645+00:00,2026-07-27T15:00:04.680303+00:00,26.5,TARGET,exhaustion_short,,1785164393,1785164404,7.25,18.75,True,True
307,MNQ,SHORT,1.0,28158.5,28167.0,2026-07-27T15:01:11.179556+00:00,2026-07-27T15:01:15.204825+00:00,-18.5,STOP,exhaustion_short,,1785164471,1785164475,11.25,0.0,True,False
308,MNQ,SHORT,1.0,28089.5,28105.0,2026-07-27T15:19:36.721137+00:00,2026-07-27T15:19:57.842924+00:00,-32.5,STOP,exhaustion_short,,1785165576,1785165597,18.25,4.5,True,False
309,MNQ,SHORT,1.0,28139.0,28149.25,2026-07-27T15:21:11.245710+00:00,2026-07-27T15:21:22.320254+00:00,-22.0,STOP,exhaustion_short,,1785165671,1785165682,12.75,4.75,True,False
310,MNQ,SHORT,1.0,28081.5,28071.5,2026-07-27T15:27:43.293503+00:00,2026-07-27T15:27:47.262316+00:00,18.5,TARGET,exhaustion_short,,1785166063,1785166067,0.0,13.25,True,True
311,MNQ,LONG,1.0,28130.25,28105.0,2026-07-27T16:05:07.654718+00:00,2026-07-27T16:06:20.498628+00:00,-52.0,STOP,grind_long,,1785168307,1785168380,30.0,3.5,True,False
312,MNQ,LONG,1.0,28109.25,28084.25,2026-07-27T16:06:57.151258+00:00,2026-07-27T16:14:13.604935+00:00,-51.5,STOP,grind_long,,1785168417,1785168853,25.75,44.75,True,False
313,MNQ,LONG,1.0,28159.75,28176.25,2026-07-27T16:27:01.293712+00:00,2026-07-27T16:28:40.690439+00:00,31.5,GIVEBACK,abs_veto_long,,1785169621,1785169720,0.0,39.75,True,True
314,MNQ,LONG,1.0,28194.75,28161.25,2026-07-27T16:28:08.615111+00:00,2026-07-27T16:29:09.203550+00:00,-68.5,STOP,grind_long,,1785169688,1785169749,36.5,4.75,True,False
315,MNQ,LONG,1.0,28081.5,28059.5,2026-07-27T17:56:00.724797+00:00,2026-07-27T18:16:29.924037+00:00,-45.5,STOP,abs_veto_long,,1785174960,1785176189,23.25,40.0,True,False
316,MNQ,SHORT,1.0,28174.0,28197.0,2026-07-27T19:01:05.988628+00:00,2026-07-27T19:06:54.867196+00:00,-47.5,STOP,rgv_short,,1785178865,1785179214,23.75,9.25,True,False
317,MNQ,SHORT,1.0,28214.25,28235.5,2026-07-27T19:08:05.115907+00:00,2026-07-27T19:23:24.179623+00:00,-44.0,STOP,exhaustion_short,,1785179285,1785180204,21.5,22.0,True,False
318,MNQ,SHORT,2.0,28226.5,28220.75,2026-07-27T19:23:38.386172+00:00,2026-07-27T19:26:07.788087+00:00,21.5,CHANDELIER,exhaustion_short,,1785180218,1785180367,7.0,22.5,True,True
319,MNQ,SHORT,1.0,28197.75,28191.0,2026-07-27T19:39:00.682952+00:00,2026-07-27T19:40:35.982884+00:00,12.0,CHANDELIER,abs_veto_short,,1785181140,1785181235,0.5,20.0,True,True
320,MNQ,LONG,1.0,28151.0,28163.25,2026-07-27T18:54:06.574586+00:00,2026-07-27T19:45:46.673224+00:00,23.0,CHANDELIER,grind_long,,1785178446,1785181546,4.75,104.0,True,True
321,MNQ,LONG,1.0,28153.0,28163.25,2026-07-27T18:54:01.557023+00:00,2026-07-27T19:45:46.727761+00:00,19.0,CHANDELIER,abs_veto_long,,1785178441,1785181546,6.75,102.0,True,True
322,MNQ,SHORT,1.0,27982.25,27963.5,2026-07-28T02:28:01.736460+00:00,2026-07-28T02:34:30.321291+00:00,36.0,CHANDELIER,abs_veto_short,,1785205681,1785206070,12.75,30.75,True,True
323,MNQ,LONG,2.0,27937.25,27964.0,2026-07-28T03:11:07.029808+00:00,2026-07-28T03:13:49.385574+00:00,105.5,CHANDELIER,capitulation_long,,1785208267,1785208429,4.25,37.25,True,True
324,MNQ,LONG,1.0,27931.0,27912.75,2026-07-28T06:37:01.174884+00:00,2026-07-28T06:37:48.757093+00:00,-38.0,STOP_UNFILLED,abs_veto_long,,1785220621,1785220668,22.0,0.0,True,False
325,MNQ,SHORT,1.0,27915.25,27936.75,2026-07-28T08:02:01.038966+00:00,2026-07-28T08:02:52.705080+00:00,-44.5,STOP_UNFILLED,abs_veto_short,,1785225721,1785225772,27.0,1.75,True,False
326,MNQ,LONG,2.0,27950.0,27938.25,2026-07-28T10:34:39.562018+00:00,2026-07-28T10:35:25.282272+00:00,-48.5,STOP,capitulation_long,,1785234879,1785234925,32.0,2.5,True,False
327,MNQ,LONG,1.0,27991.25,27972.0,2026-07-28T12:27:00.914644+00:00,2026-07-28T12:35:05.591865+00:00,-40.0,STOP,abs_veto_long,,1785241620,1785242105,25.0,36.75,True,False
328,MNQ,LONG,2.0,27985.0,27948.625,2026-07-28T12:34:19.718056+00:00,2026-07-28T12:41:01.187297+00:00,-147.0,STOP,capitulation_long,,1785242059,1785242461,27.0,13.5,True,False
329,MNQ,LONG,1.0,28017.5,27994.75,2026-07-28T12:48:01.317429+00:00,2026-07-28T12:50:20.899775+00:00,-47.0,STOP,abs_veto_long,,1785242881,1785243020,23.25,1.5,True,False
330,MNQ,SHORT,1.0,27940.25,27955.75,2026-07-28T13:29:57.078484+00:00,2026-07-28T13:30:00.970247+00:00,-32.5,STOP,abs_veto_short,,1785245397,1785245400,38.25,7.25,True,False
331,MNQ,SHORT,1.0,27914.25,27885.0,2026-07-28T13:32:03.153288+00:00,2026-07-28T13:32:45.513446+00:00,57.0,CHANDELIER,exhaustion_short,,1785245523,1785245565,0.5,43.25,True,True
332,MNQ,SHORT,1.0,27911.5,27885.0,2026-07-28T13:32:01.183056+00:00,2026-07-28T13:32:45.567767+00:00,51.5,CHANDELIER,abs_veto_short,,1785245521,1785245565,3.25,40.5,True,True
333,MNQ,SHORT,1.0,27902.75,27739.75,2026-07-28T13:33:43.955226+00:00,2026-07-28T13:44:02.536536+00:00,324.5,CHANDELIER,exhaustion_short,,1785245623,1785246242,23.5,174.5,True,True
334,MNQ,SHORT,1.0,27710.25,27761.0,2026-07-28T13:53:55.476561+00:00,2026-07-28T14:05:31.301209+00:00,-103.0,STOP,exhaustion_short,,1785246835,1785247531,54.5,70.0,True,False
335,MNQ,SHORT,1.0,27646.0,27692.5,2026-07-28T14:15:25.449027+00:00,2026-07-28T14:23:57.048157+00:00,-94.5,STOP,exhaustion_short,,1785248125,1785248637,53.75,42.75,True,False
336,MNQ,SHORT,1.0,27716.5,27706.5,2026-07-28T14:30:34.208778+00:00,2026-07-28T14:31:13.440979+00:00,18.5,CHANDELIER,exhaustion_short,,1785249034,1785249073,2.0,47.75,True,True
337,MNQ,SHORT,1.0,27883.25,27873.5,2026-07-28T14:52:04.390252+00:00,2026-07-28T14:55:51.646643+00:00,18.0,CHANDELIER,exhaustion_short,,1785250324,1785250551,9.25,45.0,True,True
338,MNQ,SHORT,1.0,27869.75,27905.0,2026-07-28T15:16:46.239503+00:00,2026-07-28T15:18:23.252346+00:00,-72.0,STOP,exhaustion_short,,1785251806,1785251903,48.75,21.25,True,False
339,MNQ,LONG,1.0,27968.75,27971.0,2026-07-28T15:28:01.538128+00:00,2026-07-28T16:30:15.288244+00:00,3.0,CHANDELIER,abs_veto_long,,1785252481,1785256215,20.0,100.0,True,True
340,MNQ,SHORT,1.0,28027.75,28018.0,2026-07-28T17:04:01.639709+00:00,2026-07-28T17:06:23.058978+00:00,18.0,CHANDELIER,abs_veto_short,,1785258241,1785258383,3.0,23.75,True,True
341,MNQ,SHORT,2.0,27979.875,28009.75,2026-07-28T17:19:12.393046+00:00,2026-07-28T17:20:48.175041+00:00,-121.0,STOP,exhaustion_short,,1785259152,1785259248,49.625,1.375,True,False
342,MNQ,LONG,1.0,28018.0,28033.0,2026-07-28T17:20:48.175041+00:00,2026-07-28T17:21:07.713972+00:00,28.5,CHANDELIER,exhaustion_short,,1785259248,1785259267,11.0,27.75,True,True
343,MNQ,SHORT,1.0,27979.25,27958.75,2026-07-28T17:42:00.977408+00:00,2026-07-28T17:45:03.463468+00:00,39.5,CHANDELIER,abs_veto_short,,1785260520,1785260703,6.5,30.0,True,True
344,MNQ,SHORT,1.0,27990.75,27973.0,2026-07-28T18:01:06.155564+00:00,2026-07-28T18:02:15.415781+00:00,34.0,CHANDELIER,exhaustion_short,,1785261666,1785261735,4.0,32.5,True,True
345,MNQ,LONG,1.0,28004.0,27991.25,2026-07-28T22:07:01.529031+00:00,2026-07-28T22:12:37.622282+00:00,-27.0,STOP,abs_veto_long,,1785276421,1785276757,12.75,10.0,True,False
346,MNQ,SHORT,1.0,27833.5,27803.25,2026-07-28T22:47:01.720145+00:00,2026-07-28T23:07:53.562061+00:00,59.0,CHANDELIER,abs_veto_short,,1785278821,1785280073,5.0,102.0,True,True
347,MNQ,SHORT,1.0,27948.75,27973.0,2026-07-29T01:12:00.864998+00:00,2026-07-29T01:23:14.255702+00:00,-50.0,STOP,abs_veto_short,,1785287520,1785288194,26.0,52.25,True,False
348,MNQ,SHORT,1.0,27984.75,27965.75,2026-07-29T01:27:26.942745+00:00,2026-07-29T01:30:17.241494+00:00,36.5,CHANDELIER,exhaustion_short,,1785288446,1785288617,10.5,33.0,True,True
349,MNQ,SHORT,1.0,27867.75,27894.25,2026-07-29T02:38:00.938613+00:00,2026-07-29T02:40:01.750017+00:00,-54.5,STOP,abs_veto_short,,1785292680,1785292801,29.0,7.25,True,False
350,MNQ,SHORT,1.0,27760.75,27760.5,2026-07-29T03:31:00.690132+00:00,2026-07-29T03:32:07.804776+00:00,-1.0,CHANDELIER,abs_veto_short,,1785295860,1785295927,4.0,15.0,True,False
351,MNQ,SHORT,1.0,27717.5,27712.75,2026-07-29T03:53:01.038653+00:00,2026-07-29T04:27:22.922815+00:00,8.0,CHANDELIER,abs_veto_short,,1785297181,1785299242,5.75,69.75,True,True
352,MNQ,SHORT,1.0,27892.5,27913.25,2026-07-29T12:18:57.421781+00:00,2026-07-29T12:44:19.765038+00:00,-43.0,STOP,abs_veto_short,,1785327537,1785329059,22.0,47.75,True,False
353,MNQ,SHORT,1.0,27847.25,27873.25,2026-07-29T13:32:01.579066+00:00,2026-07-29T13:32:26.666776+00:00,-53.5,STOP,abs_veto_short,,1785331921,1785331946,32.75,9.75,True,False
354,MNQ,SHORT,1.0,27868.5,27918.25,2026-07-29T13:43:48.855666+00:00,2026-07-29T13:44:53.746353+00:00,-101.0,STOP,exhaustion_short,,1785332628,1785332693,51.25,2.5,True,False
355,MNQ,SHORT,1.0,27843.25,27752.5,2026-07-29T13:48:27.408699+00:00,2026-07-29T13:53:26.129879+00:00,180.0,CHANDELIER,exhaustion_short,,1785332907,1785333206,14.5,121.5,True,True
356,MNQ,SHORT,1.0,27655.75,27582.25,2026-07-29T14:13:33.753757+00:00,2026-07-29T14:50:38.069036+00:00,145.5,CHANDELIER,exhaustion_short,,1785334413,1785336638,40.5,145.75,True,True
357,MNQ,SHORT,1.0,27845.0,27887.0,2026-07-29T19:10:52.666748+00:00,2026-07-29T19:11:14.990390+00:00,-85.5,STOP,exhaustion_short_B,,1785352252,1785352274,44.75,5.75,True,False
358,MNQ,SHORT,1.0,27847.75,27887.25,2026-07-29T19:10:52.591441+00:00,2026-07-29T19:11:15.953936+00:00,-80.5,STOP,exhaustion_short_A,,1785352252,1785352275,44.75,8.5,True,False
359,MNQ,SHORT,1.0,27714.5,27597.75,2026-07-29T19:23:01.164273+00:00,2026-07-29T19:34:03.340285+00:00,232.0,TARGET,abs_veto_short_A,,1785352981,1785353643,30.5,125.75,True,True
360,MNQ,SHORT,1.0,27714.0,27445.25,2026-07-29T19:23:01.233357+00:00,2026-07-29T19:48:00.677619+00:00,536.0,CHANDELIER,abs_veto_short_B,,1785352981,1785354480,31.0,292.75,True,True
361,MNQ,SHORT,1.0,27213.5,27244.0,2026-07-29T20:28:01.467682+00:00,2026-07-29T20:29:08.834844+00:00,-62.5,STOP,abs_veto_short_A,,1785356881,1785356948,32.0,2.25,True,False
362,MNQ,LONG,1.0,27337.25,27405.25,2026-07-29T22:04:01.671628+00:00,2026-07-29T22:08:06.245388+00:00,134.5,TARGET,abs_veto_long_A,,1785362641,1785362886,8.25,71.0,True,True
363,MNQ,LONG,1.0,27388.75,27459.5,2026-07-29T22:06:12.993999+00:00,2026-07-29T22:10:40.628158+00:00,140.0,TARGET,grind_long_A,,1785362772,1785363040,7.0,84.25,True,True
364,MNQ,LONG,1.0,27439.0,27399.5,2026-07-29T22:14:29.301264+00:00,2026-07-29T22:28:34.745742+00:00,-80.5,STOP,grind_long_A,,1785363269,1785364114,43.75,45.5,True,False
365,MNQ,LONG,1.0,27462.25,27439.0,2026-07-29T22:38:11.142978+00:00,2026-07-29T22:40:37.531375+00:00,-48.0,STOP,grind_long_A,,1785364691,1785364837,25.75,2.5,True,False
366,MNQ,LONG,1.0,27464.0,27439.75,2026-07-29T22:38:02.172144+00:00,2026-07-29T22:40:37.531375+00:00,-50.0,STOP,abs_veto_long_A,,1785364682,1785364837,27.5,0.75,True,False
367,MNQ,LONG,1.0,27457.5,27440.25,2026-07-29T22:47:01.118439+00:00,2026-07-29T22:49:54.988853+00:00,-36.0,STOP,abs_veto_long_A,,1785365221,1785365394,17.5,1.0,True,False
368,MNQ,LONG,1.0,27440.75,27492.0,2026-07-29T22:40:37.700359+00:00,2026-07-29T23:08:48.339280+00:00,101.0,TARGET,grind_long_A,,1785364837,1785366528,20.25,68.75,True,True
369,MNQ,LONG,1.0,27464.25,27508.0,2026-07-29T23:02:01.601581+00:00,2026-07-29T23:08:49.321120+00:00,86.0,TARGET,abs_veto_long_A,,1785366121,1785366529,4.0,45.25,True,True
370,MNQ,LONG,1.0,27337.25,27509.0,2026-07-29T22:04:01.685280+00:00,2026-07-29T23:09:18.442588+00:00,342.0,CHANDELIER,abs_veto_long_B,,1785362641,1785366558,8.25,187.5,True,True
371,MNQ,LONG,1.0,27516.0,27492.25,2026-07-29T23:08:53.312371+00:00,2026-07-29T23:10:06.304863+00:00,-49.0,STOP,grind_long_A,,1785366533,1785366606,30.75,8.75,True,False
372,MNQ,LONG,1.0,27507.0,27485.75,2026-07-29T23:10:01.573823+00:00,2026-07-29T23:10:09.255834+00:00,-44.0,STOP,abs_veto_long_A,,1785366601,1785366609,21.75,0.0,True,False
373,MNQ,LONG,1.0,27493.0,27479.5,2026-07-29T23:10:06.543357+00:00,2026-07-29T23:10:21.290191+00:00,-28.5,STOP,grind_long_A,,1785366606,1785366621,17.0,0.0,True,False
374,MNQ,LONG,1.0,27480.5,27459.0,2026-07-29T23:10:21.584353+00:00,2026-07-29T23:11:43.469893+00:00,-44.5,STOP,grind_long_A,,1785366621,1785366703,24.5,1.75,True,False
375,MNQ,LONG,1.0,27488.75,27472.25,2026-07-29T23:12:43.941426+00:00,2026-07-29T23:13:46.733239+00:00,-34.5,STOP,grind_long_A,,1785366763,1785366826,20.0,5.0,True,False
376,MNQ,LONG,1.0,27473.0,27520.25,2026-07-29T23:13:47.020957+00:00,2026-07-29T23:23:14.102806+00:00,93.0,TARGET,grind_long_A,,1785366827,1785367394,13.25,49.75,True,True
377,MNQ,LONG,1.0,27388.75,27542.0,2026-07-29T22:06:13.047748+00:00,2026-07-29T23:33:22.274860+00:00,305.0,CHANDELIER,grind_long_B,,1785362773,1785368002,7.0,170.5,True,True
378,MNQ,LONG,1.0,27520.5,27499.25,2026-07-29T23:23:15.107588+00:00,2026-07-29T23:52:25.155760+00:00,-44.0,STOP,grind_long_A,,1785367395,1785369145,24.5,38.75,True,False
379,MNQ,LONG,1.0,27514.25,27491.75,2026-07-29T23:51:13.455273+00:00,2026-07-30T00:02:11.517495+00:00,-46.5,STOP,grind_long_B,,1785369073,1785369731,23.25,36.0,True,False
380,MNQ,LONG,1.0,27511.75,27485.75,2026-07-29T23:20:01.809793+00:00,2026-07-30T00:02:29.474003+00:00,-53.5,STOP,abs_veto_long_B,,1785367201,1785369749,26.75,47.5,True,False
381,MNQ,LONG,1.0,27510.5,27488.25,2026-07-29T23:20:01.755650+00:00,2026-07-30T00:02:30.677038+00:00,-46.0,STOP,abs_veto_long_A,,1785367201,1785369750,25.5,48.75,True,False
382,MNQ,LONG,1.0,27583.75,27552.5,2026-07-30T00:10:06.292889+00:00,2026-07-30T00:20:28.383397+00:00,-64.0,STOP,grind_long_A,,1785370206,1785370828,31.5,23.75,True,False
383,MNQ,LONG,1.0,27582.5,27555.25,2026-07-30T00:10:06.349748+00:00,2026-07-30T00:20:29.915056+00:00,-56.0,STOP,grind_long_B,,1785370206,1785370829,30.25,25.0,True,False
384,MNQ,LONG,1.0,27575.25,27542.75,2026-07-30T00:08:00.984717+00:00,2026-07-30T00:35:24.214063+00:00,-66.5,STOP,abs_veto_long_A,,1785370080,1785371724,35.5,36.25,True,False
385,MNQ,LONG,1.0,27575.0,27542.5,2026-07-30T00:08:01.029790+00:00,2026-07-30T00:35:24.214063+00:00,-66.5,STOP,abs_veto_long_B,,1785370081,1785371724,35.25,36.5,True,False
386,MNQ,LONG,1.0,27552.25,27603.75,2026-07-30T01:02:00.874230+00:00,2026-07-30T01:06:11.474667+00:00,101.5,TARGET,abs_veto_long_A,,1785373320,1785373571,18.5,54.25,True,True
387,MNQ,LONG,1.0,27594.75,27655.75,2026-07-30T01:05:09.270207+00:00,2026-07-30T01:08:37.810642+00:00,120.5,TARGET,grind_long_A,,1785373509,1785373717,15.75,65.75,True,True
388,MNQ,LONG,1.0,27652.0,27624.75,2026-07-30T01:08:38.816662+00:00,2026-07-30T01:08:54.571132+00:00,-56.0,STOP,grind_long_A,,1785373718,1785373734,28.5,0.0,True,False
389,MNQ,LONG,1.0,27629.5,27605.0,2026-07-30T01:08:00.763316+00:00,2026-07-30T01:09:40.614858+00:00,-50.5,STOP,abs_veto_long_A,,1785373680,1785373780,27.25,31.0,True,False
390,MNQ,LONG,1.0,27624.0,27599.5,2026-07-30T01:08:54.859897+00:00,2026-07-30T01:09:56.629219+00:00,-50.5,STOP,grind_long_A,,1785373734,1785373796,25.75,7.75,True,False
391,MNQ,LONG,1.0,27552.25,27583.75,2026-07-30T01:02:00.927888+00:00,2026-07-30T01:13:01.468937+00:00,61.5,CHANDELIER,abs_veto_long_B,,1785373320,1785373981,18.5,108.25,True,True
392,MNQ,LONG,1.0,27600.25,27580.0,2026-07-30T01:09:56.800632+00:00,2026-07-30T01:14:24.752548+00:00,-42.0,STOP,grind_long_A,,1785373796,1785374064,27.0,15.0,True,False
393,MNQ,LONG,1.0,27594.5,27572.0,2026-07-30T01:05:09.325773+00:00,2026-07-30T01:14:50.288476+00:00,-46.5,STOP,grind_long_B,,1785373509,1785374090,29.5,66.0,True,False
394,MNQ,LONG,1.0,27618.25,27668.25,2026-07-30T01:25:05.853581+00:00,2026-07-30T01:32:05.654609+00:00,98.5,TARGET,grind_long_A,,1785374705,1785375125,4.75,51.75,True,True
395,MNQ,LONG,1.0,27674.5,27655.25,2026-07-30T01:33:00.871723+00:00,2026-07-30T01:53:48.734982+00:00,-40.0,STOP,abs_veto_long_B,,1785375180,1785376428,21.75,22.5,True,False
396,MNQ,LONG,1.0,27671.25,27649.5,2026-07-30T01:33:00.771353+00:00,2026-07-30T01:59:38.416913+00:00,-45.0,STOP,abs_veto_long_A,,1785375180,1785376778,23.75,25.75,True,False
397,MNQ,LONG,1.0,27618.0,27625.25,2026-07-30T01:25:05.906791+00:00,2026-07-30T02:17:51.685693+00:00,13.0,CHANDELIER,grind_long_B,,1785374705,1785377871,4.5,79.0,True,True
398,MNQ,LONG,1.0,27554.75,27533.25,2026-07-30T03:49:05.954011+00:00,2026-07-30T03:50:36.940938+00:00,-44.5,STOP,grind_long_A,,1785383345,1785383436,23.0,8.75,True,False
399,MNQ,LONG,1.0,27554.0,27535.75,2026-07-30T03:49:05.996752+00:00,2026-07-30T03:50:40.853488+00:00,-38.0,STOP,grind_long_B,,1785383345,1785383440,22.25,9.5,True,False
400,MNQ,LONG,1.0,27558.5,27534.5,2026-07-30T03:51:04.189987+00:00,2026-07-30T03:58:03.162401+00:00,-49.5,STOP,grind_long_A,,1785383464,1785383883,26.75,4.25,True,False
401,MNQ,LONG,1.0,27558.5,27532.5,2026-07-30T03:51:04.243716+00:00,2026-07-30T03:58:03.162401+00:00,-53.5,STOP,grind_long_B,,1785383464,1785383883,26.75,4.25,True,False
402,MNQ,LONG,1.0,27522.75,27503.0,2026-07-30T04:29:01.967708+00:00,2026-07-30T04:37:35.418362+00:00,-41.0,STOP,abs_veto_long_A,,1785385741,1785386255,24.0,20.75,True,False
403,MNQ,LONG,1.0,27522.25,27500.75,2026-07-30T04:29:02.020700+00:00,2026-07-30T04:37:36.800175+00:00,-44.5,STOP,abs_veto_long_B,,1785385742,1785386256,23.5,21.25,True,False
404,MNQ,LONG,1.0,27460.0,27506.5,2026-07-30T05:17:00.803536+00:00,2026-07-30T05:32:45.296768+00:00,91.5,TARGET,abs_veto_long_A,,1785388620,1785389565,7.25,49.75,True,True
405,MNQ,LONG,1.0,27526.25,27506.25,2026-07-30T05:48:00.781037+00:00,2026-07-30T05:48:43.567974+00:00,-41.5,STOP,abs_veto_long_A,,1785390480,1785390523,23.75,1.75,True,False
406,MNQ,LONG,1.0,27459.25,27487.5,2026-07-30T05:17:01.084784+00:00,2026-07-30T05:49:46.006981+00:00,55.0,CHANDELIER,abs_veto_long_B,,1785388621,1785390586,6.5,88.0,True,True
407,MNQ,LONG,1.0,27543.0,27556.25,2026-07-30T09:15:05.867577+00:00,2026-07-30T09:21:50.344972+00:00,25.0,CHANDELIER,capitulation_long_B,,1785402905,1785403310,12.0,23.75,True,True
408,MNQ,LONG,1.0,27543.0,27567.5,2026-07-30T09:15:05.864385+00:00,2026-07-30T09:23:14.490584+00:00,47.5,TARGET,capitulation_long_A,,1785402905,1785403394,12.0,25.5,True,True
409,MNQ,LONG,1.0,27555.5,27543.75,2026-07-30T09:39:47.881726+00:00,2026-07-30T09:42:02.725794+00:00,-25.0,STOP,grind_long_A,,1785404387,1785404522,14.0,2.75,True,False
410,MNQ,LONG,1.0,27555.5,27544.0,2026-07-30T09:39:47.923735+00:00,2026-07-30T09:42:02.725794+00:00,-24.5,STOP,grind_long_B,,1785404387,1785404522,14.0,2.75,True,False
411,MNQ,LONG,1.0,27522.75,27505.5,2026-07-30T09:59:33.565790+00:00,2026-07-30T10:00:07.323797+00:00,-36.0,STOP,capitulation_long_B,,1785405573,1785405607,22.5,0.0,True,False
412,MNQ,LONG,1.0,27519.75,27507.0,2026-07-30T09:59:33.501505+00:00,2026-07-30T10:00:08.274279+00:00,-27.0,STOP,capitulation_long_A,,1785405573,1785405608,19.5,1.25,True,False
413,MNQ,LONG,1.0,27544.25,27583.75,2026-07-30T10:09:01.399430+00:00,2026-07-30T10:18:38.250628+00:00,77.5,TARGET,abs_veto_long_A,,1785406141,1785406718,9.25,43.75,True,True
414,MNQ,LONG,1.0,27544.25,27632.0,2026-07-30T10:09:01.442731+00:00,2026-07-30T10:41:16.332653+00:00,174.0,CHANDELIER,abs_veto_long_B,,1785406141,1785408076,9.25,99.5,True,True
415,MNQ,LONG,1.0,27683.75,27668.5,2026-07-30T11:09:30.129869+00:00,2026-07-30T11:11:04.029007+00:00,-32.0,STOP,grind_long_B,,1785409770,1785409864,17.25,2.75,True,False
416,MNQ,LONG,1.0,27682.0,27665.0,2026-07-30T11:09:30.077686+00:00,2026-07-30T11:11:06.443863+00:00,-35.5,STOP,grind_long_A,,1785409770,1785409866,17.25,4.5,True,False
417,MNQ,LONG,1.0,27656.0,27691.25,2026-07-30T11:04:01.524391+00:00,2026-07-30T11:17:29.782976+00:00,69.0,TARGET,abs_veto_long_A,,1785409441,1785410249,5.5,36.5,True,True
418,MNQ,LONG,1.0,27666.5,27701.5,2026-07-30T11:11:57.294868+00:00,2026-07-30T11:24:49.523378+00:00,68.5,TARGET,grind_long_A,,1785409917,1785410689,11.25,37.75,True,True
419,MNQ,LONG,1.0,27683.25,27715.25,2026-07-30T11:20:01.048282+00:00,2026-07-30T11:28:31.905310+00:00,62.5,TARGET,abs_veto_long_A,,1785410401,1785410911,13.0,40.5,True,True
420,MNQ,LONG,1.0,27656.0,27735.25,2026-07-30T11:04:01.566811+00:00,2026-07-30T11:55:37.573116+00:00,157.0,CHANDELIER,abs_veto_long_B,,1785409441,1785412537,5.5,89.0,True,True
421,MNQ,LONG,1.0,27670.0,27750.25,2026-07-30T11:11:57.399120+00:00,2026-07-30T12:07:11.776003+00:00,159.0,CHANDELIER,grind_long_B,,1785409917,1785413231,14.75,87.5,True,True
422,MNQ,LONG,1.0,27747.5,27727.25,2026-07-30T12:32:01.435267+00:00,2026-07-30T12:32:23.851976+00:00,-42.0,STOP,abs_veto_long_A,,1785414721,1785414743,23.0,0.0,True,False
423,MNQ,LONG,1.0,27747.5,27729.25,2026-07-30T12:32:01.477765+00:00,2026-07-30T12:32:23.851976+00:00,-38.0,STOP,abs_veto_long_B,,1785414721,1785414743,23.0,0.0,True,False
424,MNQ,LONG,1.0,27791.5,27813.0,2026-07-30T12:43:05.904111+00:00,2026-07-30T12:59:38.339201+00:00,41.5,MANUAL_CLAIM,grind_long_A,,1785415385,1785416378,28.75,28.25,True,True
425,MNQ,LONG,1.0,27810.25,27853.0,2026-07-30T12:59:40.870546+00:00,2026-07-30T13:01:45.295311+00:00,84.0,TARGET,grind_long_A,,1785416380,1785416505,17.0,44.0,True,True
426,MNQ,LONG,1.0,27852.5,27834.25,2026-07-30T13:01:46.257004+00:00,2026-07-30T13:10:13.280772+00:00,-38.0,STOP,grind_long_A,,1785416506,1785417013,20.75,24.25,True,False
427,MNQ,LONG,1.0,27848.25,27833.25,2026-07-30T13:02:01.312249+00:00,2026-07-30T13:10:31.042112+00:00,-31.5,STOP,abs_veto_long_A,,1785416521,1785417031,18.25,28.5,True,False
428,MNQ,LONG,1.0,27848.75,27833.5,2026-07-30T13:02:01.391514+00:00,2026-07-30T13:10:31.042112+00:00,-32.0,STOP,abs_veto_long_B,,1785416521,1785417031,18.75,28.0,True,False
429,MNQ,LONG,1.0,27791.75,27870.75,2026-07-30T12:43:05.946892+00:00,2026-07-30T13:31:15.579775+00:00,156.5,MANUAL_CLAIM,grind_long_B,,1785415385,1785418275,29.0,101.0,True,True
430,MNQ,LONG,1.0,27867.0,27848.25,2026-07-30T13:31:15.760707+00:00,2026-07-30T13:33:04.707339+00:00,-39.0,STOP,grind_long_B,,1785418275,1785418384,19.75,25.0,True,False
431,MNQ,LONG,1.0,27860.75,27845.75,2026-07-30T13:31:01.627401+00:00,2026-07-30T13:33:09.006451+00:00,-31.5,STOP,abs_veto_long_A,,1785418261,1785418389,19.0,31.25,True,False
432,MNQ,LONG,1.0,27860.5,27824.75,2026-07-30T13:31:01.703583+00:00,2026-07-30T13:33:09.049768+00:00,-73.0,STOP,abs_veto_long_B,,1785418261,1785418389,18.75,31.5,True,False
433,MNQ,LONG,5.0,27857.85,27834.45,2026-07-30T13:30:53.413316+00:00,2026-07-30T13:33:12.406072+00:00,-235.49999999997817,STOP,grind_long_A,,1785418253,1785418392,19.599999999998545,34.150000000001455,True,False
434,MNQ,LONG,1.0,27871.75,27847.0,2026-07-30T13:34:03.819853+00:00,2026-07-30T13:34:12.467585+00:00,-51.0,STOP,grind_long_B,,1785418443,1785418452,40.25,9.75,True,False
435,MNQ,LONG,1.0,27871.5,27847.0,2026-07-30T13:34:03.769128+00:00,2026-07-30T13:34:12.600955+00:00,-50.5,STOP,grind_long_A,,1785418443,1785418452,40.0,10.0,True,False
436,MNQ,LONG,1.0,28004.5,28122.25,2026-07-30T13:45:06.327335+00:00,2026-07-30T13:51:13.586238+00:00,234.0,TARGET,grind_long_A,,1785419106,1785419473,11.75,121.75,True,True
437,MNQ,LONG,1.0,28092.75,28050.75,2026-07-30T13:52:01.013487+00:00,2026-07-30T13:52:35.435014+00:00,-85.5,STOP,abs_veto_long_A,,1785419521,1785419555,42.25,0.0,True,False
438,MNQ,LONG,1.0,28092.75,28050.75,2026-07-30T13:52:01.048473+00:00,2026-07-30T13:52:35.477778+00:00,-85.5,STOP,abs_veto_long_B,,1785419521,1785419555,42.25,0.0,True,False
439,MNQ,LONG,1.0,28002.5,28125.0,2026-07-30T13:45:06.385693+00:00,2026-07-30T13:56:14.334960+00:00,243.5,MANUAL_CLAIM,grind_long_B,,1785419106,1785419774,9.75,135.75,True,True
440,MNQ,LONG,1.0,28058.5,28158.0,2026-07-30T13:53:06.521405+00:00,2026-07-30T14:01:01.513800+00:00,197.5,TARGET,grind_long_A,,1785419586,1785420061,0.0,108.5,True,True
441,MNQ,LONG,1.0,28226.0,28195.5,2026-07-30T14:29:01.642801+00:00,2026-07-30T14:30:30.636730+00:00,-62.5,STOP,abs_veto_long_B,,1785421741,1785421830,37.5,5.0,True,False
442,MNQ,LONG,1.0,28226.25,28195.25,2026-07-30T14:29:01.587526+00:00,2026-07-30T14:30:30.749435+00:00,-63.5,STOP,abs_veto_long_A,,1785421741,1785421830,37.75,4.75,True,False
443,MNQ,SHORT,1.0,28106.75,28047.5,2026-07-30T15:05:54.576712+00:00,2026-07-30T15:12:24.021032+00:00,117.0,MANUAL_CLAIM,exhaustion_short_B,,1785423954,1785424344,31.25,72.25,True,True
444,MNQ,SHORT,1.0,28107.25,28052.75,2026-07-30T15:05:54.524544+00:00,2026-07-30T15:12:54.709531+00:00,107.5,MANUAL_CLAIM,exhaustion_short_A,,1785423954,1785424374,30.75,72.75,True,True
445,MNQ,SHORT,1.0,28072.25,28016.75,2026-07-30T15:22:25.453717+00:00,2026-07-30T15:29:09.089425+00:00,109.5,MANUAL_CLAIM,exhaustion_short_B,,1785424945,1785425349,16.0,76.75,True,True
446,MNQ,SHORT,1.0,28072.5,28052.5,2026-07-30T15:22:25.401493+00:00,2026-07-30T15:32:21.053829+00:00,38.5,MANUAL_CLAIM,exhaustion_short_A,,1785424945,1785425541,15.75,77.0,True,True
447,MNQ,SHORT,1.0,28099.75,28126.5,2026-07-30T15:44:31.847731+00:00,2026-07-30T15:46:35.141630+00:00,-55.0,STOP,exhaustion_short_B,,1785426271,1785426395,34.0,13.0,True,False
448,MNQ,SHORT,1.0,28099.75,28149.25,2026-07-30T15:44:31.787631+00:00,2026-07-30T15:46:35.183756+00:00,-100.5,STOP,exhaustion_short_A,,1785426271,1785426395,34.0,13.0,True,False
449,MNQ,LONG,1.0,28096.5,28069.75,2026-07-30T15:49:22.782387+00:00,2026-07-30T15:52:26.432328+00:00,-55.0,STOP,grind_long_A,,1785426562,1785426746,28.25,25.25,True,False
450,MNQ,LONG,1.0,28096.25,28070.0,2026-07-30T15:49:22.837779+00:00,2026-07-30T15:52:26.474712+00:00,-54.0,STOP,grind_long_B,,1785426562,1785426746,28.0,25.5,True,False
451,MNQ,LONG,1.0,28071.5,28098.75,2026-07-30T15:52:27.477831+00:00,2026-07-30T15:54:50.884330+00:00,53.0,MANUAL_CLAIM,grind_long_B,,1785426747,1785426890,23.0,34.25,True,True
452,MNQ,LONG,1.0,28071.25,28127.5,2026-07-30T15:52:27.477831+00:00,2026-07-30T15:56:42.188624+00:00,111.0,MANUAL_CLAIM,grind_long_A,,1785426747,1785427002,22.75,60.25,True,True
453,MNQ,LONG,1.0,28408.5,28389.75,2026-07-30T22:03:01.241630+00:00,2026-07-30T22:05:37.238527+00:00,-39.0,STOP,abs_veto_long_B,,1785448981,1785449137,27.0,5.0,True,False
454,MNQ,LONG,1.0,28405.5,28384.75,2026-07-30T22:03:01.164350+00:00,2026-07-30T22:06:20.317374+00:00,-43.0,STOP,abs_veto_long_A,,1785448981,1785449180,24.0,8.0,True,False
455,MNQ,SHORT,1.0,28382.75,28409.25,2026-07-30T22:07:06.635002+00:00,2026-07-30T22:10:36.720231+00:00,-54.5,STOP,rgv_short_A,,1785449226,1785449436,26.75,7.75,True,False
456,MNQ,SHORT,1.0,28382.75,28408.25,2026-07-30T22:07:06.688849+00:00,2026-07-30T22:10:36.720231+00:00,-52.5,STOP,rgv_short_B,,1785449226,1785449436,26.75,7.75,True,False
457,MNQ,LONG,1.0,28386.5,28366.25,2026-07-30T22:02:06.012656+00:00,2026-07-30T22:23:19.712378+00:00,-42.0,STOP,grind_long_A,,1785448926,1785450199,26.5,30.0,True,False
458,MNQ,LONG,1.0,28386.5,28365.0,2026-07-30T22:02:06.065803+00:00,2026-07-30T22:23:19.712378+00:00,-44.5,STOP,grind_long_B,,1785448926,1785450199,26.5,30.0,True,False
459,MNQ,LONG,1.0,28379.25,28364.25,2026-07-30T23:16:30.204076+00:00,2026-07-30T23:21:57.389888+00:00,-31.5,STOP,capitulation_long_A,,1785453390,1785453717,18.0,2.75,True,False
460,MNQ,LONG,1.0,28379.25,28365.5,2026-07-30T23:16:30.246748+00:00,2026-07-30T23:21:57.389888+00:00,-29.0,STOP,capitulation_long_B,,1785453390,1785453717,18.0,2.75,True,False
461,MNQ,LONG,1.0,28551.25,28544.25,2026-07-31T05:00:23.902558+00:00,2026-07-31T05:03:24.925500+00:00,-15.5,STOP,capitulation_long_A,,1785474023,1785474204,7.75,2.25,True,False
462,MNQ,LONG,1.0,28550.25,28539.25,2026-07-31T05:00:24.136079+00:00,2026-07-31T05:05:37.868823+00:00,-23.5,STOP,capitulation_long_B,,1785474024,1785474337,12.0,3.25,True,False
463,MNQ,LONG,1.0,28574.75,28566.25,2026-07-31T06:30:39.370272+00:00,2026-07-31T06:30:52.988239+00:00,-18.5,STOP,capitulation_long_A,,1785479439,1785479452,12.0,0.75,True,False
464,MNQ,LONG,1.0,28574.75,28565.5,2026-07-31T06:30:39.414788+00:00,2026-07-31T06:30:52.988239+00:00,-20.0,STOP,capitulation_long_B,,1785479439,1785479452,12.0,0.75,True,False
465,MNQ,LONG,1.0,28632.75,28686.75,2026-07-31T13:32:01.196096+00:00,2026-07-31T13:33:07.847244+00:00,106.5,TARGET,abs_veto_long_A,,1785504721,1785504787,0.0,58.5,True,True
466,MNQ,LONG,1.0,28633.5,28681.25,2026-07-31T13:32:01.247804+00:00,2026-07-31T13:36:52.369100+00:00,94.0,MANUAL_CLAIM,abs_veto_long_B,,1785504721,1785505012,0.0,92.25,True,True
467,MNQ,LONG,1.0,28693.0,28666.75,2026-07-31T13:34:04.262445+00:00,2026-07-31T13:37:22.668773+00:00,-54.0,STOP,abs_veto_long_A,,1785504844,1785505042,32.0,32.75,True,False
468,MNQ,LONG,1.0,28628.5,28594.5,2026-07-31T13:38:23.298772+00:00,2026-07-31T13:38:49.531714+00:00,-69.5,STOP,grind_long_B,,1785505103,1785505129,36.0,4.0,True,False
469,MNQ,LONG,1.0,28628.5,28594.5,2026-07-31T13:38:23.247404+00:00,2026-07-31T13:38:49.573756+00:00,-69.5,STOP,grind_long_A,,1785505103,1785505129,36.0,4.0,True,False
470,MNQ,LONG,1.0,28595.25,28560.0,2026-07-31T13:38:50.491576+00:00,2026-07-31T13:39:52.300950+00:00,-72.0,STOP,grind_long_A,,1785505130,1785505192,38.75,15.75,True,False
471,MNQ,LONG,1.0,28595.75,28560.0,2026-07-31T13:38:50.533712+00:00,2026-07-31T13:39:52.343699+00:00,-73.0,STOP,grind_long_B,,1785505130,1785505192,39.25,15.25,True,False
472,MNQ,SHORT,1.0,28349.0,28322.5,2026-07-31T13:52:56.657575+00:00,2026-07-31T13:53:13.872771+00:00,51.5,TARGET,exhaustion_short_A,,1785505976,1785505993,0.0,35.5,True,True
473,MNQ,SHORT,1.0,28348.5,28409.5,2026-07-31T13:52:56.710699+00:00,2026-07-31T13:57:12.276610+00:00,-123.5,STOP,exhaustion_short_B,,1785505976,1785506232,64.25,53.75,True,False
474,MNQ,SHORT,1.0,28336.5,28357.5,2026-07-31T16:43:01.197779+00:00,2026-07-31T16:50:17.966783+00:00,-43.5,STOP,abs_veto_short_A,,1785516181,1785516617,21.5,28.5,True,False
475,MNQ,SHORT,1.0,28336.75,28357.5,2026-07-31T16:43:01.251690+00:00,2026-07-31T16:50:18.009741+00:00,-43.0,STOP,abs_veto_short_B,,1785516181,1785516618,21.25,28.75,True,False
476,MNQ,LONG,1.0,28372.75,28352.5,2026-07-31T16:52:00.958586+00:00,2026-07-31T16:55:00.789709+00:00,-42.0,STOP,abs_veto_long_B,,1785516720,1785516900,20.75,4.5,True,False
477,MNQ,LONG,1.0,28372.25,28353.0,2026-07-31T16:52:00.925148+00:00,2026-07-31T16:55:21.611178+00:00,-40.0,STOP,abs_veto_long_A,,1785516720,1785516921,21.0,5.0,True,False
478,MNQ,LONG,1.0,28400.75,28378.75,2026-07-31T17:03:00.777496+00:00,2026-07-31T17:07:04.136532+00:00,-45.5,STOP,abs_veto_long_A,,1785517380,1785517624,24.0,8.75,True,False
479,MNQ,LONG,1.0,28400.75,28360.75,2026-07-31T17:03:00.826784+00:00,2026-07-31T17:07:04.180420+00:00,-81.5,STOP,abs_veto_long_B,,1785517380,1785517624,24.0,8.75,True,False
480,MNQ,LONG,1.0,28406.5,28446.0,2026-07-31T17:17:00.863560+00:00,2026-07-31T17:24:31.944622+00:00,77.5,TARGET,abs_veto_long_A,,1785518220,1785518671,11.0,40.5,True,True
481,MNQ,LONG,1.0,28406.75,28455.5,2026-07-31T17:17:00.917818+00:00,2026-07-31T17:25:40.684553+00:00,96.0,MANUAL_CLAIM,abs_veto_long_B,,1785518220,1785518740,11.25,53.5,True,True
482,MNQ,LONG,1.0,28461.5,28489.75,2026-07-31T17:26:01.316707+00:00,2026-07-31T17:36:16.141485+00:00,55.0,MANUAL_CLAIM,abs_veto_long_A,,1785518761,1785519376,12.75,29.25,True,True
483,MNQ,SHORT,1.0,28421.25,28438.75,2026-07-31T17:50:01.443547+00:00,2026-07-31T17:51:36.708289+00:00,-36.5,STOP,abs_veto_short_A,,1785520201,1785520296,20.0,4.5,True,False
484,MNQ,SHORT,1.0,28421.25,28438.75,2026-07-31T17:50:01.493814+00:00,2026-07-31T17:51:36.750686+00:00,-36.5,STOP,abs_veto_short_B,,1785520201,1785520296,20.0,4.5,True,False
485,MNQ,SHORT,1.0,28399.25,28417.25,2026-07-31T18:13:01.071024+00:00,2026-07-31T18:15:40.839774+00:00,-37.5,STOP,abs_veto_short_A,,1785521581,1785521740,19.75,4.0,True,False
486,MNQ,SHORT,1.0,28399.5,28437.25,2026-07-31T18:13:01.126755+00:00,2026-07-31T18:15:40.882702+00:00,-77.0,STOP,abs_veto_short_B,,1785521581,1785521740,19.5,4.25,True,False
487,MNQ,SHORT,1.0,28429.25,28442.25,2026-07-31T18:41:58.053088+00:00,2026-07-31T18:43:01.660516+00:00,-27.5,STOP,exhaustion_short_A,,1785523318,1785523381,13.25,4.5,True,False
488,MNQ,LONG,1.0,28609.0,28563.0,2026-08-02T22:02:02.061935+00:00,2026-08-02T22:58:34.884882+00:00,-93.5,STOP,abs_veto_long_B,,1785708122,1785711514,46.5,33.0,True,False
489,MNQ,LONG,1.0,28608.0,28565.25,2026-08-02T22:02:01.862002+00:00,2026-08-02T22:58:35.885146+00:00,-87.0,STOP,abs_veto_long_A,,1785708121,1785711515,45.5,34.0,True,False
490,MNQ,SHORT,1.0,28366.25,28380.75,2026-08-03T13:34:53.163666+00:00,2026-08-03T13:34:56.586796+00:00,-30.5,STOP,nipc_short_B,,1785764093,1785764096,16.0,0.0,True,False
491,MNQ,SHORT,1.0,28366.75,28380.75,2026-08-03T13:34:52.932987+00:00,2026-08-03T13:34:56.629787+00:00,-29.5,STOP,nipc_short_A,,1785764092,1785764096,15.5,0.0,True,False
492,MNQ,LONG,1.0,28494.5,28465.5,2026-08-03T13:38:15.589710+00:00,2026-08-03T13:38:35.015975+00:00,-59.5,STOP,nipc_long_A,,1785764295,1785764315,30.5,1.75,True,False
493,MNQ,LONG,1.0,28494.5,28465.5,2026-08-03T13:38:15.642710+00:00,2026-08-03T13:38:35.058754+00:00,-59.5,STOP,nipc_long_B,,1785764295,1785764315,30.5,1.75,True,False
494,MNQ,SHORT,1.0,28427.5,28446.25,2026-08-03T13:43:16.760899+00:00,2026-08-03T13:43:20.832016+00:00,-39.0,STOP,nipc_short_A,,1785764596,1785764600,20.0,0.0,True,False
495,MNQ,SHORT,1.0,28427.5,28446.0,2026-08-03T13:43:16.814802+00:00,2026-08-03T13:43:20.874797+00:00,-38.5,STOP,nipc_short_B,,1785764596,1785764600,20.0,0.0,True,False
496,MNQ,LONG,1.0,28514.75,28492.0,2026-08-03T13:45:52.606594+00:00,2026-08-03T13:45:59.663728+00:00,-47.0,STOP,nipc_long_A,,1785764752,1785764759,26.25,0.0,True,False
497,MNQ,LONG,1.0,28513.75,28492.25,2026-08-03T13:45:52.661789+00:00,2026-08-03T13:45:59.705756+00:00,-44.5,STOP,nipc_long_B,,1785764752,1785764759,25.25,0.0,True,False
498,MNQ,LONG,1.0,28508.5,28487.5,2026-08-03T13:49:10.808618+00:00,2026-08-03T13:49:16.774389+00:00,-43.5,STOP,nipc_long_A,,1785764950,1785764956,20.5,0.5,True,False
499,MNQ,LONG,1.0,28508.25,28487.5,2026-08-03T13:49:10.857748+00:00,2026-08-03T13:49:16.817735+00:00,-43.0,STOP,nipc_long_B,,1785764950,1785764956,20.25,0.75,True,False
500,MNQ,LONG,1.0,28598.5,28582.0,2026-08-03T14:00:32.560758+00:00,2026-08-03T14:00:38.478368+00:00,-34.5,STOP,nipc_long_B,,1785765632,1785765638,18.25,0.0,True,False
501,MNQ,LONG,1.0,28598.25,28581.0,2026-08-03T14:00:32.492331+00:00,2026-08-03T14:00:38.520752+00:00,-36.0,STOP,nipc_long_A,,1785765632,1785765638,18.0,0.0,True,False
502,MNQ,SHORT,1.0,28547.5,28558.25,2026-08-03T14:05:02.182696+00:00,2026-08-03T14:05:28.915572+00:00,-23.0,STOP,nipc_short_B,,1785765902,1785765928,13.25,5.5,True,False
503,MNQ,SHORT,1.0,28547.75,28559.0,2026-08-03T14:05:02.132306+00:00,2026-08-03T14:05:28.957767+00:00,-24.0,STOP,nipc_short_A,,1785765902,1785765928,13.0,5.75,True,False
504,MNQ,LONG,1.0,28574.25,28603.5,2026-08-03T14:10:15.905738+00:00,2026-08-03T14:11:46.341485+00:00,57.0,TARGET,nipc_long_A,,1785766215,1785766306,2.25,30.75,True,True
505,MNQ,LONG,1.0,28574.25,28615.0,2026-08-03T14:10:15.948703+00:00,2026-08-03T14:12:20.496626+00:00,80.0,TARGET,nipc_long_B,,1785766215,1785766340,2.25,42.5,True,True
506,MNQ,LONG,1.0,28614.0,28640.25,2026-08-03T14:17:31.090981+00:00,2026-08-03T14:21:41.357993+00:00,51.0,TARGET,nipc_long_A,,1785766651,1785766901,8.25,29.5,True,True
507,MNQ,LONG,1.0,28614.25,28649.25,2026-08-03T14:17:31.139726+00:00,2026-08-03T14:21:57.414137+00:00,68.5,TARGET,nipc_long_B,,1785766651,1785766917,8.5,37.0,True,True
508,MNQ,LONG,1.0,28667.5,28660.0,2026-08-03T14:27:01.881849+00:00,2026-08-03T14:27:18.248117+00:00,-16.5,STOP,nipc_long_B,,1785767221,1785767238,9.75,4.25,True,False
509,MNQ,LONG,1.0,28667.5,28660.0,2026-08-03T14:27:01.828789+00:00,2026-08-03T14:27:18.290728+00:00,-16.5,STOP,nipc_long_A,,1785767221,1785767238,9.75,4.25,True,False
510,MNQ,LONG,1.0,28673.25,28692.5,2026-08-03T14:30:56.898211+00:00,2026-08-03T14:35:43.950682+00:00,37.0,TARGET,nipc_long_A,,1785767456,1785767743,7.0,20.0,True,True
511,MNQ,LONG,1.0,28673.25,28699.25,2026-08-03T14:30:56.947701+00:00,2026-08-03T14:36:00.965670+00:00,50.5,TARGET,nipc_long_B,,1785767456,1785767760,7.0,32.5,True,True
512,MNQ,LONG,1.0,28718.25,28708.75,2026-08-03T14:39:07.823772+00:00,2026-08-03T14:42:22.526312+00:00,-20.5,STOP,nipc_long_B,,1785767947,1785768142,14.0,17.5,True,False
513,MNQ,LONG,1.0,28718.0,28708.75,2026-08-03T14:39:07.773577+00:00,2026-08-03T14:42:23.086492+00:00,-20.0,STOP,nipc_long_A,,1785767947,1785768143,13.75,17.75,True,False
514,MNQ,LONG,1.0,28727.0,28717.25,2026-08-03T14:47:12.613670+00:00,2026-08-03T14:47:34.438083+00:00,-21.0,STOP,nipc_long_A,,1785768432,1785768454,10.5,3.25,True,False
515,MNQ,LONG,1.0,28727.0,28717.25,2026-08-03T14:47:12.664789+00:00,2026-08-03T14:47:34.481766+00:00,-21.0,STOP,nipc_long_B,,1785768432,1785768454,10.5,3.25,True,False
516,MNQ,LONG,1.0,28742.0,28758.25,2026-08-03T14:50:10.325713+00:00,2026-08-03T14:51:25.610692+00:00,31.0,TARGET,nipc_long_A,,1785768610,1785768685,1.5,18.75,True,True
517,MNQ,LONG,1.0,28742.0,28766.25,2026-08-03T14:50:10.378809+00:00,2026-08-03T14:51:38.674106+00:00,47.0,TARGET,nipc_long_B,,1785768610,1785768698,1.5,27.0,True,True
518,MNQ,LONG,1.0,28791.25,28783.25,2026-08-03T14:53:55.380709+00:00,2026-08-03T14:54:34.547321+00:00,-17.5,STOP,nipc_long_B,,1785768835,1785768874,9.25,7.25,True,False
519,MNQ,LONG,1.0,28791.0,28783.25,2026-08-03T14:53:55.329712+00:00,2026-08-03T14:54:34.589685+00:00,-17.0,STOP,nipc_long_A,,1785768835,1785768874,9.0,7.5,True,False
520,MNQ,LONG,1.0,29104.5,29090.25,2026-08-04T07:28:01.659433+00:00,2026-08-04T07:36:15.852516+00:00,-30.0,STOP,abs_veto_long_A,,1785828481,1785828975,18.25,13.75,True,False
521,MNQ,LONG,1.0,29104.75,29090.5,2026-08-04T07:28:01.888986+00:00,2026-08-04T07:36:15.852516+00:00,-30.0,STOP,abs_veto_long_B,,1785828481,1785828975,18.5,13.5,True,False
522,MNQ,LONG,1.0,29134.5,29118.75,2026-08-04T10:46:00.963673+00:00,2026-08-04T10:50:47.911168+00:00,-33.0,STOP,abs_veto_long_A,,1785840360,1785840647,16.0,11.0,True,False
523,MNQ,LONG,1.0,29134.25,29118.75,2026-08-04T10:46:01.006786+00:00,2026-08-04T10:50:47.911168+00:00,-32.5,STOP,abs_veto_long_B,,1785840361,1785840647,15.75,11.25,True,False
524,MNQ,LONG,1.0,29204.25,29193.25,2026-08-04T11:45:00.768763+00:00,2026-08-04T11:45:23.457572+00:00,-23.5,STOP,abs_veto_long_A,,1785843900,1785843923,13.75,1.25,True,False
525,MNQ,LONG,1.0,29205.0,29193.5,2026-08-04T11:45:00.813790+00:00,2026-08-04T11:45:23.457572+00:00,-24.5,STOP,abs_veto_long_B,,1785843900,1785843923,14.5,0.5,True,False
526,MNQ,LONG,1.0,29327.25,29358.5,2026-08-04T13:32:01.632815+00:00,2026-08-04T13:33:31.315530+00:00,61.0,TARGET,abs_veto_long_A,,1785850321,1785850411,9.0,34.75,True,True
527,MNQ,LONG,1.0,29327.0,29366.0,2026-08-04T13:32:01.688720+00:00,2026-08-04T13:33:51.420529+00:00,76.5,TARGET,abs_veto_long_B,,1785850321,1785850431,8.75,41.0,True,True
528,MNQ,LONG,1.0,29511.5,29537.5,2026-08-04T14:07:00.936749+00:00,2026-08-04T14:12:54.895835+00:00,50.5,MANUAL_CLAIM,abs_veto_long_B,,1785852420,1785852774,8.0,27.25,True,True
529,MNQ,LONG,1.0,29511.75,29542.25,2026-08-04T14:07:00.894013+00:00,2026-08-04T14:13:05.504475+00:00,59.5,TARGET,abs_veto_long_A,,1785852420,1785852785,8.25,32.25,True,True
530,MNQ,LONG,1.0,29578.25,29598.25,2026-08-04T15:03:01.159730+00:00,2026-08-04T15:11:59.966471+00:00,38.5,TARGET,abs_veto_long_A,,1785855781,1785856319,12.0,20.5,True,True
531,MNQ,LONG,1.0,29578.75,29607.5,2026-08-04T15:03:01.173539+00:00,2026-08-04T15:12:30.079020+00:00,56.0,TARGET,abs_veto_long_B,,1785855781,1785856350,12.5,30.25,True,True
532,MNQ,LONG,1.0,29621.75,29641.25,2026-08-04T15:14:01.484210+00:00,2026-08-04T15:21:06.900736+00:00,37.5,TARGET,abs_veto_long_A,,1785856441,1785856866,8.5,21.75,True,True
533,MNQ,LONG,1.0,29621.75,29652.75,2026-08-04T15:14:01.537762+00:00,2026-08-04T15:22:04.047139+00:00,60.5,TARGET,abs_veto_long_B,,1785856441,1785856924,8.5,32.0,True,True
534,MNQ,LONG,1.0,29668.0,29686.25,2026-08-04T15:40:01.796012+00:00,2026-08-04T15:47:12.086021+00:00,35.0,TARGET,abs_veto_long_A,,1785858001,1785858432,12.25,21.0,True,True
535,MNQ,LONG,1.0,29668.0,29683.25,2026-08-04T15:40:01.844738+00:00,2026-08-04T15:48:45.464500+00:00,29.0,MANUAL_CLAIM,abs_veto_long_B,,1785858001,1785858525,12.25,22.5,True,True
536,MNQ,LONG,1.0,29840.0,29822.75,2026-08-05T00:00:06.811360+00:00,2026-08-05T00:00:34.132180+00:00,-36.0,STOP,capitulation_long_A,,1785888006,1785888034,21.25,0.0,True,False
537,MNQ,LONG,1.0,29840.0,29823.5,2026-08-05T00:00:06.870821+00:00,2026-08-05T00:00:34.132180+00:00,-34.5,STOP,capitulation_long_B,,1785888006,1785888034,21.25,0.0,True,False
538,MNQ,SHORT,1.0,29789.75,29851.25,2026-08-04T22:02:01.457464+00:00,2026-08-05T00:02:02.570769+00:00,-124.5,MAX_HOLD,abs_veto_short_A,EXCLUDE:md_stream_atr_corruption_20260804,1785880921,1785888122,67.5,14.25,True,False
539,MNQ,SHORT,1.0,29786.25,29851.0,2026-08-04T22:02:01.614804+00:00,2026-08-05T00:02:02.570769+00:00,-131.0,MAX_HOLD,abs_veto_short_B,EXCLUDE:md_stream_atr_corruption_20260804,1785880921,1785888122,71.0,10.75,True,False
540,MNQ,LONG,1.0,29935.25,29919.5,2026-08-05T12:29:01.272895+00:00,2026-08-05T12:31:14.934879+00:00,-33.0,STOP,abs_veto_long_B,,1785932941,1785933074,16.75,6.5,True,False
541,MNQ,LONG,1.0,29934.75,29917.5,2026-08-05T12:29:01.071452+00:00,2026-08-05T12:31:20.886340+00:00,-36.0,STOP,abs_veto_long_A,,1785932941,1785933080,19.25,7.0,True,False
542,MNQ,SHORT,1.0,29913.5,29920.25,2026-08-05T13:17:24.567774+00:00,2026-08-05T13:19:21.321924+00:00,-15.0,STOP,nipc_short_A,,1785935844,1785935961,8.25,1.75,True,False
543,MNQ,SHORT,1.0,29913.5,29920.5,2026-08-05T13:17:24.619705+00:00,2026-08-05T13:19:21.321924+00:00,-15.5,STOP,nipc_short_B,,1785935844,1785935961,8.25,1.75,True,False
544,MNQ,LONG,1.0,29988.5,29976.5,2026-08-05T13:31:11.061007+00:00,2026-08-05T13:31:14.641833+00:00,-25.5,STOP,nipc_long_A,,1785936671,1785936674,18.5,1.5,True,False
545,MNQ,LONG,1.0,29999.75,29978.5,2026-08-05T13:33:24.232823+00:00,2026-08-05T13:33:30.559290+00:00,-44.0,STOP,grind_long_A,,1785936804,1785936810,33.5,0.75,True,False
546,MNQ,LONG,1.0,29999.75,29978.5,2026-08-05T13:33:24.288768+00:00,2026-08-05T13:33:30.601684+00:00,-44.0,STOP,grind_long_B,,1785936804,1785936810,33.5,0.75,True,False
547,MNQ,LONG,1.0,29998.25,30021.25,2026-08-05T13:33:51.528305+00:00,2026-08-05T13:35:53.519414+00:00,44.5,TARGET,grind_long_A,,1785936831,1785936953,20.0,24.75,True,True
548,MNQ,LONG,1.0,29996.5,30021.0,2026-08-05T13:34:32.860324+00:00,2026-08-05T13:35:53.534288+00:00,47.5,TARGET,nipc_long_A,,1785936872,1785936953,5.25,26.5,True,True
549,MNQ,LONG,1.0,29996.5,29986.75,2026-08-05T13:34:32.914704+00:00,2026-08-05T13:36:11.305405+00:00,-21.0,STOP,nipc_long_B,,1785936872,1785936971,14.75,26.5,True,False
550,MNQ,LONG,1.0,29998.5,29981.0,2026-08-05T13:33:51.531204+00:00,2026-08-05T13:36:21.235748+00:00,-36.5,STOP,grind_long_B,,1785936831,1785936981,50.25,24.5,True,False
551,MNQ,LONG,1.0,29998.75,29975.0,2026-08-05T13:36:05.614242+00:00,2026-08-05T13:36:21.803678+00:00,-49.0,STOP,grind_long_A,,1785936965,1785936981,50.5,5.5,True,False
552,MNQ,LONG,1.0,29976.25,29955.5,2026-08-05T13:36:21.739342+00:00,2026-08-05T13:36:24.845853+00:00,-43.0,STOP,grind_long_B,,1785936981,1785936984,39.75,0.0,True,False
553,MNQ,LONG,1.0,29979.0,30008.5,2026-08-05T13:39:41.678472+00:00,2026-08-05T13:39:53.784094+00:00,57.5,TARGET,nipc_long_A,,1785937181,1785937193,10.0,52.0,True,True
554,MNQ,LONG,1.0,29979.0,30009.75,2026-08-05T13:39:41.729752+00:00,2026-08-05T13:39:53.852196+00:00,60.0,TARGET,nipc_long_B,,1785937181,1785937193,10.0,52.0,True,True
555,MNQ,LONG,1.0,30036.0,30021.75,2026-08-05T13:45:37.518715+00:00,2026-08-05T13:46:01.898313+00:00,-30.0,STOP,nipc_long_B,,1785937537,1785937561,17.5,6.75,True,False
556,MNQ,LONG,1.0,30035.75,30021.0,2026-08-05T13:45:37.459959+00:00,2026-08-05T13:46:01.940705+00:00,-31.0,STOP,nipc_long_A,,1785937537,1785937561,17.25,7.0,True,False
557,MNQ,SHORT,1.0,30016.0,30029.75,2026-08-05T13:50:30.444711+00:00,2026-08-05T13:51:23.807544+00:00,-29.0,STOP,nipc_short_B,,1785937830,1785937883,15.25,24.0,True,False
558,MNQ,SHORT,1.0,30016.0,30029.75,2026-08-05T13:50:30.390427+00:00,2026-08-05T13:51:23.849691+00:00,-29.0,STOP,nipc_short_A,,1785937830,1785937883,15.25,24.0,True,False
559,MNQ,LONG,1.0,29981.75,29967.5,2026-08-05T14:06:18.231333+00:00,2026-08-05T14:06:42.907509+00:00,-30.0,STOP,nipc_long_A,,1785938778,1785938802,15.5,5.5,True,False
560,MNQ,LONG,1.0,29981.25,29967.25,2026-08-05T14:06:18.286703+00:00,2026-08-05T14:06:42.949706+00:00,-29.5,STOP,nipc_long_B,,1785938778,1785938802,15.0,6.0,True,False
561,MNQ,SHORT,1.0,29944.25,29976.5,2026-08-05T14:22:01.719434+00:00,2026-08-05T14:25:32.680544+00:00,-66.0,STOP,abs_veto_short_A,,1785939721,1785939932,38.0,43.25,True,False
562,MNQ,SHORT,1.0,29944.5,29976.75,2026-08-05T14:22:01.770781+00:00,2026-08-05T14:25:32.722703+00:00,-66.0,STOP,abs_veto_short_B,,1785939721,1785939932,37.75,43.5,True,False
563,MNQ,SHORT,1.0,29859.5,29894.25,2026-08-05T14:32:01.901241+00:00,2026-08-05T14:33:14.921322+00:00,-71.0,STOP,abs_veto_short_B,,1785940321,1785940394,38.75,6.25,True,False
564,MNQ,SHORT,1.0,29859.5,29894.25,2026-08-05T14:32:01.824696+00:00,2026-08-05T14:33:14.963688+00:00,-71.0,STOP,abs_veto_short_A,,1785940321,1785940394,38.75,6.25,True,False
565,MNQ,SHORT,1.0,29867.75,29902.25,2026-08-05T14:31:48.774729+00:00,2026-08-05T14:33:35.681422+00:00,-70.5,STOP,exhaustion_short_B,,1785940308,1785940415,38.75,14.5,True,False
566,MNQ,SHORT,1.0,29867.75,29902.25,2026-08-05T14:31:48.725286+00:00,2026-08-05T14:33:35.723721+00:00,-70.5,STOP,exhaustion_short_A,,1785940308,1785940415,38.75,14.5,True,False
567,MNQ,LONG,1.0,29543.5,29556.0,2026-08-06T07:08:01.491036+00:00,2026-08-06T07:17:22.208632+00:00,23.5,TARGET,abs_veto_long_A,,1786000081,1786000642,11.75,20.5,True,True
568,MNQ,LONG,1.0,29543.75,29560.75,2026-08-06T07:08:01.721262+00:00,2026-08-06T07:19:03.293977+00:00,32.5,TARGET,abs_veto_long_B,,1786000081,1786000743,12.0,20.25,True,True
569,MNQ,SHORT,1.0,29536.75,29557.25,2026-08-06T07:08:21+00:00,2026-08-06T07:18:21+00:00,-42.5,CROSS_DESK_FLATTEN,day_rider_crossdesk,,1786000101,1786000701,27.25,5.0,True,False
570,MNQ,SHORT,1.0,29536.75,29562.5,2026-08-06T07:08:21+00:00,2026-08-06T07:19:21+00:00,-53.0,CROSS_DESK_FLATTEN,day_rider_crossdesk,,1786000101,1786000761,27.25,5.0,True,False
571,MNQ,SHORT,1.0,29380.0,29388.5,2026-08-06T13:04:34.427824+00:00,2026-08-06T13:04:38.035557+00:00,-18.5,STOP,nipc_short_B,,1786021474,1786021478,10.25,0.0,True,False
572,MNQ,SHORT,1.0,29382.75,29367.75,2026-08-06T13:04:34.372218+00:00,2026-08-06T13:05:59.545500+00:00,28.5,TARGET,nipc_short_A,,1786021474,1786021559,7.5,16.0,True,True
573,MNQ,SHORT,1.0,29352.25,29361.25,2026-08-06T13:08:22.840724+00:00,2026-08-06T13:08:38.689300+00:00,-19.5,STOP,nipc_short_A,,1786021702,1786021718,9.75,0.25,True,False
574,MNQ,SHORT,1.0,29352.5,29361.75,2026-08-06T13:08:22.892758+00:00,2026-08-06T13:08:39.490879+00:00,-20.0,STOP,nipc_short_B,,1786021702,1786021719,9.5,0.5,True,False
575,MNQ,SHORT,1.0,29253.5,29275.5,2026-08-06T13:33:01.530014+00:00,2026-08-06T13:33:45.562965+00:00,-45.5,STOP,abs_veto_short_A,,1786023181,1786023225,28.5,12.5,True,False
576,MNQ,SHORT,1.0,29254.0,29295.25,2026-08-06T13:33:01.581688+00:00,2026-08-06T13:33:45.604715+00:00,-84.0,STOP,abs_veto_short_B,,1786023181,1786023225,28.0,13.0,True,False
577,MNQ,SHORT,1.0,29511.5,29519.5,2026-08-06T13:47:28.807758+00:00,2026-08-06T13:48:04.248114+00:00,-17.5,STOP,nipc_short_A,,1786024048,1786024084,10.0,9.0,True,False
578,MNQ,SHORT,1.0,29511.75,29519.5,2026-08-06T13:47:28.865783+00:00,2026-08-06T13:48:04.290726+00:00,-17.0,STOP,nipc_short_B,,1786024048,1786024084,9.75,9.25,True,False
579,MNQ,LONG,1.0,29575.5,29558.5,2026-08-06T22:15:01.171740+00:00,2026-08-06T22:22:45.538681+00:00,-35.5,STOP,abs_veto_long_A,,1786054501,1786054965,19.0,5.5,True,False
580,MNQ,LONG,1.0,29575.5,29558.0,2026-08-06T22:15:01.224772+00:00,2026-08-06T22:22:45.538681+00:00,-36.5,STOP,abs_veto_long_B,,1786054501,1786054965,19.0,5.5,True,False
581,MNQ,LONG,1.0,29667.0,29717.0,2026-08-07T12:30:02.828734+00:00,2026-08-07T12:30:08.697535+00:00,98.5,TARGET,capitulation_long_A,,1786105802,1786105808,0.0,77.0,True,True
582,MNQ,LONG,1.0,29662.0,29717.0,2026-08-07T12:29:58.206778+00:00,2026-08-07T12:30:08.751857+00:00,108.5,TARGET,capitulation_long_B,,1786105798,1786105808,14.5,82.0,True,True
583,MNQ,SHORT,1.0,29695.0,29724.0,2026-08-07T13:29:01.155129+00:00,2026-08-07T13:30:00.177275+00:00,-59.5,STOP,abs_veto_short_A,,1786109341,1786109400,30.75,9.0,True,False
584,MNQ,SHORT,1.0,29694.5,29724.0,2026-08-07T13:29:01.212805+00:00,2026-08-07T13:30:01.057684+00:00,-60.5,STOP,abs_veto_short_B,,1786109341,1786109401,31.25,8.5,True,False
585,MNQ,LONG,1.0,29712.25,29695.25,2026-08-07T13:30:02.074382+00:00,2026-08-07T13:30:06.414973+00:00,-35.5,STOP,abs_veto_short_B,,1786109402,1786109406,29.25,0.0,True,False
586,MNQ,SHORT,1.0,29715.0,29737.75,2026-08-07T13:30:48.800885+00:00,2026-08-07T13:31:01.634773+00:00,-47.0,STOP,exhaustion_short_A,,1786109448,1786109461,28.0,8.25,True,False
587,MNQ,SHORT,1.0,29715.0,29753.25,2026-08-07T13:30:48.854674+00:00,2026-08-07T13:31:01.634773+00:00,-78.0,STOP,exhaustion_short_B,,1786109448,1786109461,28.0,8.25,True,False
588,MNQ,SHORT,1.0,29717.75,29690.0,2026-08-07T14:48:15.941117+00:00,2026-08-07T14:51:52.867781+00:00,54.0,TARGET,exhaustion_short_A,,1786114095,1786114312,9.25,33.75,True,True
589,MNQ,SHORT,1.0,29717.25,29691.5,2026-08-07T14:48:15.956335+00:00,2026-08-07T14:52:31.125964+00:00,50.0,CHANDELIER,exhaustion_short_B,,1786114095,1786114351,9.75,51.0,True,True
590,MNQ,LONG,1.0,29823.75,29843.0,2026-08-07T15:28:00.765344+00:00,2026-08-07T15:30:10.210980+00:00,37.0,TARGET,abs_veto_long_A,,1786116480,1786116610,7.0,21.0,True,True
591,MNQ,LONG,1.0,29823.75,29853.25,2026-08-07T15:28:00.808874+00:00,2026-08-07T15:32:59.851682+00:00,57.5,TARGET,abs_veto_long_B,,1786116480,1786116779,7.0,30.25,True,True
592,MNQ,LONG,1.0,29800.5,29788.0,2026-08-07T16:19:26.849730+00:00,2026-08-07T16:19:46.983741+00:00,-26.5,STOP,capitulation_long_B,,1786119566,1786119586,14.0,0.0,True,False
593,MNQ,LONG,1.0,29800.25,29788.25,2026-08-07T16:19:26.795129+00:00,2026-08-07T16:19:47.058899+00:00,-25.5,STOP,capitulation_long_A,,1786119566,1786119587,13.75,0.0,True,False
594,MNQ,LONG,1.0,29747.25,29767.5,2026-08-07T19:03:01.635235+00:00,2026-08-07T19:06:07.070327+00:00,39.0,TARGET,abs_veto_long_A,,1786129381,1786129567,6.75,23.5,True,True
595,MNQ,LONG,1.0,29747.25,29779.0,2026-08-07T19:03:01.648537+00:00,2026-08-07T19:06:53.245505+00:00,62.0,TARGET,abs_veto_long_B,,1786129381,1786129613,6.75,32.75,True,True
596,MNQ,LONG,1.0,29806.0,29788.75,2026-08-07T19:12:01.173774+00:00,2026-08-07T19:30:15.422399+00:00,-36.0,STOP,abs_veto_long_B,,1786129921,1786131015,20.75,17.25,True,False
597,MNQ,LONG,1.0,29806.0,29788.75,2026-08-07T19:12:01.129551+00:00,2026-08-07T19:30:15.464747+00:00,-36.0,STOP,abs_veto_long_A,,1786129921,1786131015,20.75,17.25,True,False
598,MNQ,LONG,1.0,29807.0,29826.75,2026-08-07T19:52:01.167895+00:00,2026-08-07T19:53:43.452145+00:00,38.0,TARGET,abs_veto_long_A,,1786132321,1786132423,5.0,20.5,True,True
599,MNQ,LONG,1.0,29807.0,29840.0,2026-08-07T19:52:01.221827+00:00,2026-08-07T19:55:02.708008+00:00,64.5,TARGET,abs_veto_long_B,,1786132321,1786132502,5.0,35.75,True,True
600,MNQ,LONG,1.0,29821.5,29841.0,2026-08-07T19:56:00.973018+00:00,2026-08-07T19:57:15.187329+00:00,37.5,TARGET,abs_veto_long_A,,1786132560,1786132635,3.75,22.25,True,True
601,MNQ,LONG,1.0,29821.5,29850.75,2026-08-07T19:56:01.025822+00:00,2026-08-07T19:58:11.388065+00:00,57.0,TARGET,abs_veto_long_B,,1786132561,1786132691,3.75,30.5,True,True
602,MNQ,SHORT,1.0,29846.0,29837.5,2026-08-10T12:15:01.859690+00:00,2026-08-10T12:18:02.811369+00:00,15.5,MANUAL_CLAIM,abs_veto_short_B,,1786364101,1786364282,1.75,16.0,True,True
603,MNQ,SHORT,1.0,29846.0,29836.0,2026-08-10T12:15:01.670778+00:00,2026-08-10T12:18:13.368323+00:00,18.5,MANUAL_CLAIM,abs_veto_short_A,,1786364101,1786364293,1.75,16.0,True,True
604,MNQ,SHORT,1.0,29760.25,29740.5,2026-08-10T13:37:32.661655+00:00,2026-08-10T13:40:17.772705+00:00,38.0,TARGET,exhaustion_short_A,,1786369052,1786369217,22.5,26.25,True,True
605,MNQ,SHORT,1.0,29761.0,29738.0,2026-08-10T13:37:32.676550+00:00,2026-08-10T13:41:48.386705+00:00,44.5,CHANDELIER,exhaustion_short_B,,1786369052,1786369308,21.75,42.0,True,True
606,MNQ,SHORT,1.0,29795.0,29830.5,2026-08-10T13:45:39.803194+00:00,2026-08-10T13:50:38.237844+00:00,-72.5,STOP,exhaustion_short_A,,1786369539,1786369838,37.75,28.0,True,False
607,MNQ,SHORT,1.0,29795.0,29830.5,2026-08-10T13:45:39.855755+00:00,2026-08-10T13:50:38.280691+00:00,-72.5,STOP,exhaustion_short_B,,1786369539,1786369838,37.75,28.0,True,False
608,MNQ,SHORT,1.0,29807.25,29789.5,2026-08-10T14:54:01.201884+00:00,2026-08-10T14:55:21.743914+00:00,34.0,TARGET,abs_veto_short_A,,1786373641,1786373721,2.75,21.0,True,True
609,MNQ,SHORT,1.0,29794.75,29812.75,2026-08-10T14:55:54.928779+00:00,2026-08-10T14:56:48.964790+00:00,-37.5,STOP,exhaustion_short_B,,1786373754,1786373808,21.25,7.25,True,False
610,MNQ,SHORT,1.0,29794.75,29812.75,2026-08-10T14:55:54.879394+00:00,2026-08-10T14:56:49.006715+00:00,-37.5,STOP,exhaustion_short_A,,1786373754,1786373809,21.25,7.25,True,False
611,MNQ,SHORT,1.0,29807.0,29775.0,2026-08-10T14:54:01.258713+00:00,2026-08-10T15:00:16.033643+00:00,62.5,TARGET,abs_veto_short_B,,1786373641,1786374016,9.0,34.75,True,True
612,MNQ,SHORT,1.0,29792.25,29814.25,2026-08-10T15:14:01.391784+00:00,2026-08-10T15:15:43.473055+00:00,-45.5,STOP,abs_veto_short_B,,1786374841,1786374943,22.0,3.5,True,False
613,MNQ,SHORT,1.0,29792.25,29814.25,2026-08-10T15:14:01.340100+00:00,2026-08-10T15:15:43.515760+00:00,-45.5,STOP,abs_veto_short_A,,1786374841,1786374943,22.0,3.5,True,False
614,MNQ,LONG,1.0,29841.75,29829.0,2026-08-10T15:56:01.213284+00:00,2026-08-10T16:08:45.196592+00:00,-27.0,STOP,abs_veto_long_A,,1786377361,1786378125,13.75,17.0,True,False
615,MNQ,LONG,1.0,29841.75,29829.0,2026-08-10T15:56:01.266685+00:00,2026-08-10T16:08:45.238765+00:00,-27.0,STOP,abs_veto_long_B,,1786377361,1786378125,13.75,17.0,True,False
616,MNQ,SHORT,1.0,29762.5,29772.25,2026-08-10T17:58:40.010826+00:00,2026-08-10T18:42:58.741954+00:00,-21.0,STOP,exhaustion_short_B,,1786384720,1786387378,12.0,20.25,True,False
617,MNQ,SHORT,1.0,29762.5,29772.25,2026-08-10T17:58:39.956020+00:00,2026-08-10T18:42:58.784764+00:00,-21.0,STOP,exhaustion_short_A,,1786384719,1786387378,12.0,20.25,True,False
618,MNQ,SHORT,1.0,29742.5,29753.75,2026-08-10T19:54:04.321330+00:00,2026-08-10T19:55:00.543964+00:00,-24.0,STOP,exhaustion_short_A,,1786391644,1786391700,14.25,7.25,True,False
619,MNQ,SHORT,1.0,29742.5,29755.0,2026-08-10T19:54:04.375733+00:00,2026-08-10T19:55:00.616715+00:00,-26.5,STOP,exhaustion_short_B,,1786391644,1786391700,14.25,7.25,True,False
620,MNQ,LONG,1.0,29746.75,29767.5,2026-08-11T09:17:01.118742+00:00,2026-08-11T09:31:04.127385+00:00,40.0,TARGET,abs_veto_long_A,,1786439821,1786440664,3.75,24.5,True,True
621,MNQ,LONG,1.0,29747.0,29776.75,2026-08-11T09:17:01.342629+00:00,2026-08-11T09:40:50.926459+00:00,58.0,TARGET,abs_veto_long_B,,1786439821,1786441250,4.0,32.5,True,True
622,MNQ,SHORT,1.0,29763.75,29747.0,2026-08-11T13:32:01.910743+00:00,2026-08-11T13:32:31.220106+00:00,32.0,TARGET,abs_veto_short_A,,1786455121,1786455151,13.25,24.25,True,True
623,MNQ,SHORT,1.0,29757.5,29737.25,2026-08-11T13:33:27.622269+00:00,2026-08-11T13:33:56.863513+00:00,39.0,TARGET,abs_veto_short_A,,1786455207,1786455236,7.25,26.0,True,True
624,MNQ,SHORT,1.0,29754.5,29732.5,2026-08-11T13:33:32.656816+00:00,2026-08-11T13:33:58.832731+00:00,42.5,TARGET,exhaustion_short_A,,1786455212,1786455238,10.25,23.0,True,True
625,MNQ,SHORT,1.0,29764.0,29733.0,2026-08-11T13:32:01.968773+00:00,2026-08-11T13:33:58.901467+00:00,60.5,TARGET,abs_veto_short_B,,1786455121,1786455238,13.0,32.5,True,True
626,MNQ,SHORT,1.0,29755.25,29721.75,2026-08-11T13:33:32.734790+00:00,2026-08-11T13:35:21.438341+00:00,65.5,TARGET,exhaustion_short_B,,1786455212,1786455321,9.5,36.75,True,True
627,MNQ,SHORT,1.0,29721.75,29701.0,2026-08-11T13:37:53.771877+00:00,2026-08-11T13:38:16.971629+00:00,40.0,TARGET,exhaustion_short_A,,1786455473,1786455496,6.5,21.75,True,True
628,MNQ,SHORT,1.0,29720.5,29698.25,2026-08-11T13:37:53.825718+00:00,2026-08-11T13:38:42.179903+00:00,43.0,CHANDELIER,exhaustion_short_B,,1786455473,1786455522,7.75,41.75,True,True
629,MNQ,SHORT,1.0,29748.25,29778.0,2026-08-11T14:01:26.509759+00:00,2026-08-11T14:06:02.583652+00:00,-61.0,STOP,exhaustion_short_B,,1786456886,1786457162,31.25,3.75,True,False
630,MNQ,SHORT,1.0,29748.25,29778.0,2026-08-11T14:01:26.458107+00:00,2026-08-11T14:06:02.625759+00:00,-61.0,STOP,exhaustion_short_A,,1786456886,1786457162,31.25,3.75,True,False
631,MNQ,SHORT,1.0,29745.0,29723.25,2026-08-11T15:07:01.126128+00:00,2026-08-11T15:08:30.570608+00:00,42.0,TARGET,abs_veto_short_A,,1786460821,1786460910,1.75,31.5,True,True
632,MNQ,SHORT,1.0,29745.25,29713.75,2026-08-11T15:07:01.177705+00:00,2026-08-11T15:09:44.979622+00:00,61.5,TARGET,abs_veto_short_B,,1786460821,1786460984,1.5,32.5,True,True
633,MNQ,SHORT,1.0,29712.0,29726.5,2026-08-11T15:10:01.025193+00:00,2026-08-11T15:12:42.409826+00:00,-30.5,STOP,abs_veto_short_A,,1786461001,1786461162,16.0,8.75,True,False
634,MNQ,SHORT,2.0,29684.0,29636.0,2026-08-11T13:39:21+00:00,2026-08-11T16:50:23+00:00,189.0,MANUAL_CLAIM,day_rider,,1786455561,1786467023,121.0,68.0,True,True
635,MNQ,LONG,1.0,29962.5,29951.5,2026-08-12T13:31:03.129531+00:00,2026-08-12T13:31:06.198922+00:00,-23.5,STOP,capitulation_long_A,,1786541463,1786541466,16.0,0.0,True,False
636,MNQ,LONG,1.0,29961.5,29950.0,2026-08-12T13:31:03.478740+00:00,2026-08-12T13:31:07.142743+00:00,-24.5,STOP,capitulation_long_B,,1786541463,1786541467,15.0,0.0,True,False
637,MNQ,SHORT,1.0,29863.75,29896.25,2026-08-12T13:40:11.702891+00:00,2026-08-12T13:42:27.507180+00:00,-66.5,STOP,exhaustion_short_A,,1786542011,1786542147,36.75,10.5,True,False
638,MNQ,SHORT,1.0,29864.0,29897.0,2026-08-12T13:40:11.706946+00:00,2026-08-12T13:42:27.718798+00:00,-67.5,STOP,exhaustion_short_B,,1786542011,1786542147,36.5,10.75,True,False
639,MNQ,SHORT,1.0,29911.0,29943.25,2026-08-12T13:47:27.591195+00:00,2026-08-12T13:48:52.441723+00:00,-66.0,STOP,exhaustion_short_A,,1786542447,1786542532,54.0,1.5,True,False
640,MNQ,SHORT,1.0,29911.75,29943.25,2026-08-12T13:47:27.647721+00:00,2026-08-12T13:48:52.441723+00:00,-64.5,STOP,exhaustion_short_B,,1786542447,1786542532,53.25,2.25,True,False
641,MNQ,SHORT,1.0,29956.0,29930.25,2026-08-12T13:50:11.925694+00:00,2026-08-12T13:51:27.389962+00:00,50.0,TARGET,exhaustion_short_A,,1786542611,1786542687,2.5,31.0,True,True
642,MNQ,LONG,1.0,29960.25,29927.75,2026-08-12T13:50:01.919696+00:00,2026-08-12T13:51:27.466646+00:00,-66.5,STOP,abs_veto_long_B,,1786542601,1786542687,35.25,0.0,True,False
643,MNQ,LONG,1.0,29960.25,29927.75,2026-08-12T13:50:01.870568+00:00,2026-08-12T13:51:27.469887+00:00,-66.5,STOP,abs_veto_long_A,,1786542601,1786542687,35.25,0.0,True,False
644,MNQ,SHORT,1.0,29955.75,29918.5,2026-08-12T13:50:11.976742+00:00,2026-08-12T13:53:58.391242+00:00,73.0,CHANDELIER,exhaustion_short_B,,1786542611,1786542838,2.75,59.75,True,True
645,MNQ,SHORT,1.0,29903.5,29933.0,2026-08-12T14:06:49.286860+00:00,2026-08-12T14:11:22.175906+00:00,-60.5,STOP,exhaustion_short_A,,1786543609,1786543882,31.25,12.5,True,False
646,MNQ,SHORT,1.0,29903.25,29933.0,2026-08-12T14:06:49.340778+00:00,2026-08-12T14:11:22.217764+00:00,-61.0,STOP,exhaustion_short_B,,1786543609,1786543882,31.5,12.25,True,False
647,MNQ,SHORT,1.0,29932.0,29911.5,2026-08-12T14:11:43.846237+00:00,2026-08-12T14:12:36.127201+00:00,39.5,TARGET,exhaustion_short_A,,1786543903,1786543956,1.25,22.5,True,True
648,MNQ,SHORT,1.0,29931.75,29902.25,2026-08-12T14:11:43.899711+00:00,2026-08-12T14:13:22.429151+00:00,57.5,CHANDELIER,exhaustion_short_B,,1786543903,1786544002,1.5,47.5,True,True
649,MNQ,SHORT,1.0,29877.75,29899.75,2026-08-12T14:21:27.792691+00:00,2026-08-12T14:22:15.523416+00:00,-45.5,STOP,exhaustion_short_B,,1786544487,1786544535,27.0,7.75,True,False
650,MNQ,SHORT,1.0,29877.75,29899.75,2026-08-12T14:21:27.739474+00:00,2026-08-12T14:22:15.565793+00:00,-45.5,STOP,exhaustion_short_A,,1786544487,1786544535,27.0,7.75,True,False
651,MNQ,SHORT,1.0,29915.25,29939.75,2026-08-12T14:25:13.814724+00:00,2026-08-12T14:26:46.102689+00:00,-50.5,STOP,exhaustion_short_B,,1786544713,1786544806,29.0,4.75,True,False
652,MNQ,SHORT,1.0,29915.5,29940.5,2026-08-12T14:25:13.757864+00:00,2026-08-12T14:26:46.183490+00:00,-51.5,STOP,exhaustion_short_A,,1786544713,1786544806,28.75,5.0,True,False
653,MNQ,SHORT,1.0,29884.0,29911.25,2026-08-12T14:33:01.365297+00:00,2026-08-12T14:37:17.290446+00:00,-56.0,STOP,abs_veto_short_B,,1786545181,1786545437,28.25,22.25,True,False
654,MNQ,SHORT,1.0,29884.0,29911.0,2026-08-12T14:33:01.351466+00:00,2026-08-12T14:37:17.332727+00:00,-55.5,STOP,abs_veto_short_A,,1786545181,1786545437,28.25,22.25,True,False
655,MNQ,SHORT,1.0,29914.25,29892.5,2026-08-12T14:40:49.692980+00:00,2026-08-12T14:47:54.308863+00:00,42.0,TARGET,exhaustion_short_A,,1786545649,1786546074,17.5,24.0,True,True
656,MNQ,SHORT,1.0,29914.25,29878.25,2026-08-12T14:40:49.747814+00:00,2026-08-12T14:52:19.522045+00:00,70.5,CHANDELIER,exhaustion_short_B,,1786545649,1786546339,17.5,51.25,True,True
657,MNQ,SHORT,1.0,29875.0,29894.0,2026-08-12T14:50:55.163187+00:00,2026-08-12T14:54:02.230014+00:00,-39.5,STOP,exhaustion_short_A,,1786546255,1786546442,19.75,12.0,True,False
658,MNQ,SHORT,1.0,29882.75,29853.5,2026-08-12T14:53:55.967493+00:00,2026-08-12T14:55:57.588749+00:00,57.0,TARGET,exhaustion_short_B,,1786546435,1786546557,13.25,34.25,True,True
659,MNQ,SHORT,1.0,29864.5,29874.75,2026-08-12T16:09:04.549407+00:00,2026-08-12T16:11:56.448564+00:00,-22.0,STOP,exhaustion_short_A,,1786550944,1786551116,10.5,4.25,True,False
660,MNQ,SHORT,1.0,29864.5,29874.75,2026-08-12T16:09:04.599823+00:00,2026-08-12T16:11:56.491779+00:00,-22.0,STOP,exhaustion_short_B,,1786550944,1786551116,10.5,4.25,True,False
661,MNQ,SHORT,1.0,29873.0,29884.25,2026-08-12T16:14:04.369742+00:00,2026-08-12T16:25:16.495530+00:00,-24.0,STOP,exhaustion_short_B,,1786551244,1786551916,12.0,15.0,True,False
662,MNQ,SHORT,1.0,29873.0,29884.25,2026-08-12T16:14:04.317165+00:00,2026-08-12T16:25:16.538727+00:00,-24.0,STOP,exhaustion_short_A,,1786551244,1786551916,12.0,15.0,True,False
663,MNQ,SHORT,1.0,29885.25,29896.25,2026-08-12T16:40:16.118448+00:00,2026-08-12T16:48:51.294543+00:00,-23.5,STOP,exhaustion_short_A,,1786552816,1786553331,12.5,6.0,True,False
664,MNQ,SHORT,1.0,29885.5,29896.25,2026-08-12T16:40:16.135709+00:00,2026-08-12T16:48:51.344692+00:00,-23.0,STOP,exhaustion_short_B,,1786552816,1786553331,12.25,6.25,True,False
665,MNQ,LONG,1.0,30172.75,30200.5,2026-08-13T14:00:01.344231+00:00,2026-08-13T14:11:24.367737+00:00,54.0,TARGET,abs_veto_long_A,,1786629601,1786630284,17.0,29.0,True,True
666,MNQ,LONG,1.0,30170.75,30210.5,2026-08-13T14:00:01.403783+00:00,2026-08-13T14:13:31.921740+00:00,78.0,TARGET,abs_veto_long_B,,1786629601,1786630411,15.0,43.75,True,True
667,MNQ,LONG,1.0,30205.75,30188.0,2026-08-13T14:13:00.867852+00:00,2026-08-13T14:20:16.243505+00:00,-37.0,STOP,abs_veto_long_A,,1786630380,1786630816,18.5,13.25,True,False
668,MNQ,LONG,2.0,30024.25,30207.75,2026-08-13T13:38:21.596087+00:00,2026-08-13T14:26:23.051647+00:00,731.0,MANUAL_CLAIM,day_rider,,1786628301,1786631183,28.75,194.75,True,True
669,MNQ,SHORT,2.0,29759.5,29749.0,2026-08-10T13:42:21+00:00,2026-08-10T20:40:00+00:00,39.0,CLOCK_FLAT_RECON,day_rider,,1786369341,1786394400,140.5,36.75,True,True
670,MNQ,SHORT,2.0,29876.125,29819.25,2026-08-12T13:39:21.557591+00:00,2026-08-12T20:40:00+00:00,224.5,CLOCK_FLAT_RECON,day_rider,,1786541961,1786567200,93.875,66.625,True,True
671,MNQ,SHORT,1.0,30187.25,30163.0,2026-08-13T15:29:01.165182+00:00,2026-08-13T15:34:18.707026+00:00,47.0,TARGET,abs_veto_short_A,,1786634941,1786635258,11.0,25.5,True,True
672,MNQ,SHORT,1.0,30187.5,30155.25,2026-08-13T15:29:01.214729+00:00,2026-08-13T15:34:44.831613+00:00,63.0,TARGET,abs_veto_short_B,,1786634941,1786635284,10.75,34.5,True,True
673,MNQ,LONG,2.0,30024.25,30118.0,2026-08-13T13:38:21.596087+00:00,2026-08-13T15:53:23.516550+00:00,372.0,TRAIL,day_rider,EXCLUDE:day_rider_phantom_rebook_20260813,1786628301,1786636403,28.75,242.75,True,True
674,MNQ,LONG,2.0,30024.25,30126.0,2026-08-13T13:38:21.596087+00:00,2026-08-13T15:54:23.109710+00:00,404.0,TRAIL,day_rider,EXCLUDE:day_rider_phantom_rebook_20260813,1786628301,1786636463,28.75,242.75,True,True
675,MNQ,LONG,2.0,30024.25,30118.25,2026-08-13T13:38:21.596087+00:00,2026-08-13T15:55:23.116182+00:00,373.0,TRAIL,day_rider,EXCLUDE:day_rider_phantom_rebook_20260813,1786628301,1786636523,28.75,242.75,True,True
676,MNQ,SHORT,1.0,30114.5,30128.5,2026-08-13T15:53:01.503703+00:00,2026-08-13T15:56:11.564688+00:00,-29.5,STOP,abs_veto_short_B,,1786636381,1786636571,16.75,3.0,True,False
677,MNQ,SHORT,1.0,30114.5,30149.5,2026-08-13T15:53:01.452977+00:00,2026-08-13T15:56:11.606793+00:00,-71.5,STOP,abs_veto_short_A,,1786636381,1786636571,16.75,3.0,True,False
678,MNQ,LONG,2.0,30024.25,30125.5,2026-08-13T13:38:21.596087+00:00,2026-08-13T15:56:23.111238+00:00,402.0,TRAIL,day_rider,EXCLUDE:day_rider_phantom_rebook_20260813,1786628301,1786636583,28.75,242.75,True,True
679,MNQ,SHORT,1.0,30141.25,30157.25,2026-08-13T16:15:02.847324+00:00,2026-08-13T16:22:13.524869+00:00,-33.5,STOP,abs_veto_short_B,,1786637702,1786638133,17.0,8.0,True,False
680,MNQ,SHORT,1.0,30141.5,30157.25,2026-08-13T16:15:02.226804+00:00,2026-08-13T16:22:13.567739+00:00,-33.0,STOP,abs_veto_short_A,,1786637702,1786638133,16.75,8.25,True,False
681,MNQ,SHORT,1.0,30267.5,30246.5,2026-08-14T12:04:13.650895+00:00,2026-08-14T12:12:05.195712+00:00,40.5,TARGET,exhaustion_short_A,,1786709053,1786709525,1.0,22.5,True,True
682,MNQ,SHORT,1.0,30267.5,30237.25,2026-08-14T12:04:13.881511+00:00,2026-08-14T12:13:24.387975+00:00,59.0,TARGET,exhaustion_short_B,,1786709053,1786709604,1.0,32.25,True,True
683,MNQ,SHORT,1.0,30270.5,30261.25,2026-08-14T13:06:11.459771+00:00,2026-08-14T13:13:09.931789+00:00,17.0,MANUAL_CLAIM,exhaustion_short_B,,1786712771,1786713189,7.75,12.0,True,True
684,MNQ,SHORT,1.0,30270.5,30253.75,2026-08-14T13:06:11.407314+00:00,2026-08-14T13:15:01.494295+00:00,32.0,MANUAL_CLAIM,exhaustion_short_A,,1786712771,1786713301,7.75,18.0,True,True
685,MNQ,SHORT,1.0,30202.0,30219.0,2026-08-14T13:35:01.715797+00:00,2026-08-14T13:35:22.643982+00:00,-35.5,STOP,abs_veto_short_B,,1786714501,1786714522,17.5,2.5,True,False
686,MNQ,SHORT,1.0,30202.5,30218.75,2026-08-14T13:35:01.671690+00:00,2026-08-14T13:35:22.976813+00:00,-34.0,STOP,abs_veto_short_A,,1786714501,1786714522,17.0,3.0,True,False
687,MNQ,SHORT,1.0,30204.0,30225.0,2026-08-14T13:38:53.586853+00:00,2026-08-14T13:40:02.634368+00:00,-43.5,STOP,exhaustion_short_B,,1786714733,1786714802,24.0,7.5,True,False
688,MNQ,SHORT,1.0,30204.0,30225.25,2026-08-14T13:38:53.543303+00:00,2026-08-14T13:40:02.676725+00:00,-44.0,STOP,exhaustion_short_A,,1786714733,1786714802,24.0,7.5,True,False
689,MNQ,SHORT,1.0,30225.75,30251.75,2026-08-14T13:42:39.434699+00:00,2026-08-14T13:44:01.193874+00:00,-53.5,STOP,exhaustion_short_A,,1786714959,1786715041,31.25,1.0,True,False
690,MNQ,SHORT,1.0,30225.75,30251.75,2026-08-14T13:42:39.434699+00:00,2026-08-14T13:44:01.239712+00:00,-53.5,STOP,exhaustion_short_B,,1786714959,1786715041,31.25,1.0,True,False
691,MNQ,SHORT,1.0,30171.0,30190.5,2026-08-14T14:20:00.912718+00:00,2026-08-14T14:20:51.803797+00:00,-40.5,STOP,abs_veto_short_B,,1786717200,1786717251,22.25,4.5,True,False
692,MNQ,SHORT,1.0,30171.5,30191.25,2026-08-14T14:20:00.849886+00:00,2026-08-14T14:20:52.795265+00:00,-41.0,STOP,abs_veto_short_A,,1786717200,1786717252,21.75,5.0,True,False
693,MNQ,SHORT,1.0,30175.5,30154.75,2026-08-14T14:19:43.728409+00:00,2026-08-14T14:24:38.518186+00:00,40.0,TARGET,exhaustion_short_A,,1786717183,1786717478,17.75,24.5,True,True
694,MNQ,SHORT,1.0,30175.5,30140.25,2026-08-14T14:19:43.777717+00:00,2026-08-14T14:28:12.582364+00:00,69.0,TARGET,exhaustion_short_B,,1786717183,1786717692,17.75,36.75,True,True
695,MNQ,SHORT,1.0,30153.75,30132.75,2026-08-14T14:25:55.984192+00:00,2026-08-14T14:30:48.492729+00:00,40.5,TARGET,exhaustion_short_A,,1786717555,1786717848,16.25,23.5,True,True
696,MNQ,SHORT,1.0,30125.75,30105.75,2026-08-14T15:01:20.557677+00:00,2026-08-14T15:09:11.329323+00:00,38.5,TARGET,exhaustion_short_A,,1786719680,1786720151,13.0,20.75,True,True
697,MNQ,SHORT,1.0,30125.75,30097.0,2026-08-14T15:01:20.612720+00:00,2026-08-14T15:14:15.489169+00:00,56.0,TARGET,exhaustion_short_B,,1786719680,1786720455,13.0,32.5,True,True
698,MNQ,SHORT,1.0,30066.75,30046.5,2026-08-14T15:23:36.664626+00:00,2026-08-14T15:24:26.975090+00:00,39.0,TARGET,exhaustion_short_A,,1786721016,1786721066,1.0,22.25,True,True
699,MNQ,SHORT,1.0,30062.0,30042.25,2026-08-14T15:23:01.442000+00:00,2026-08-14T15:26:29.640658+00:00,38.0,TARGET,abs_veto_short_A,,1786720981,1786721189,6.25,21.75,True,True
700,MNQ,SHORT,1.0,30066.75,30034.25,2026-08-14T15:23:36.713715+00:00,2026-08-14T15:26:37.670527+00:00,63.5,TARGET,exhaustion_short_B,,1786721016,1786721197,1.0,34.25,True,True
701,MNQ,SHORT,1.0,30062.0,30074.5,2026-08-14T15:23:01.484774+00:00,2026-08-14T15:29:53.747642+00:00,-26.5,STOP,abs_veto_short_B,,1786720981,1786721393,12.75,29.5,True,False
702,MNQ,SHORT,1.0,30064.75,30046.0,2026-08-14T15:46:13.874911+00:00,2026-08-14T15:48:28.363919+00:00,36.0,TARGET,exhaustion_short_A,,1786722373,1786722508,1.25,20.0,True,True
703,MNQ,SHORT,1.0,30064.75,30033.25,2026-08-14T15:46:13.924773+00:00,2026-08-14T15:48:55.463203+00:00,61.5,TARGET,exhaustion_short_B,,1786722373,1786722535,1.25,34.0,True,True
704,MNQ,SHORT,1.0,30050.5,30063.25,2026-08-14T15:53:14.365722+00:00,2026-08-14T15:57:50.760434+00:00,-27.0,STOP,exhaustion_short_B,,1786722794,1786723070,14.5,0.0,True,False
705,MNQ,SHORT,1.0,30050.5,30063.25,2026-08-14T15:53:14.316457+00:00,2026-08-14T15:57:50.802772+00:00,-27.0,STOP,exhaustion_short_A,,1786722794,1786723070,14.5,0.0,True,False
706,MNQ,SHORT,2.0,30194.25,30085.0,2026-08-14T13:38:21.625379+00:00,2026-08-14T16:16:25.843628+00:00,434.0,TRAIL,day_rider,,1786714701,1786724185,86.5,169.25,True,True
707,MNQ,SHORT,1.0,30070.5,30078.0,2026-08-14T17:08:04.100710+00:00,2026-08-14T17:11:44.674465+00:00,-16.5,STOP,exhaustion_short_B,,1786727284,1786727504,9.25,7.5,True,False
708,MNQ,SHORT,1.0,30070.5,30078.0,2026-08-14T17:08:04.051030+00:00,2026-08-14T17:11:44.716765+00:00,-16.5,STOP,exhaustion_short_A,,1786727284,1786727504,9.25,7.5,True,False
709,MNQ,SHORT,1.0,30072.5,30053.25,2026-08-14T17:12:38.438721+00:00,2026-08-14T17:24:34.917682+00:00,37.0,TARGET,exhaustion_short_A,,1786727558,1786728274,4.0,21.75,True,True
710,MNQ,SHORT,1.0,30072.5,30049.0,2026-08-14T17:12:38.491755+00:00,2026-08-14T17:25:27.967294+00:00,45.5,MANUAL_CLAIM,exhaustion_short_B,,1786727558,1786728327,4.0,25.5,True,True
711,MNQ,SHORT,1.0,30086.25,30079.0,2026-08-14T18:02:55.854690+00:00,2026-08-14T18:14:56.638766+00:00,13.0,MANUAL_CLAIM,exhaustion_short_B,,1786730575,1786731296,5.5,9.5,True,True
712,MNQ,SHORT,1.0,30086.25,30067.0,2026-08-14T18:02:55.801065+00:00,2026-08-14T18:28:43.737391+00:00,37.0,TARGET,exhaustion_short_A,,1786730575,1786732123,7.25,20.5,True,True
713,MNQ,SHORT,1.0,30077.0,30083.75,2026-08-14T18:39:06.060703+00:00,2026-08-14T18:41:08.852730+00:00,-15.0,STOP,exhaustion_short_B,,1786732746,1786732868,7.0,3.5,True,False
714,MNQ,SHORT,1.0,30077.0,30104.0,2026-08-14T18:39:06.006896+00:00,2026-08-14T18:41:08.908140+00:00,-55.5,STOP,exhaustion_short_A,,1786732746,1786732868,7.0,3.5,True,False
715,MNQ,SHORT,1.0,30083.0,30090.25,2026-08-14T18:41:19.249744+00:00,2026-08-14T18:44:29.157911+00:00,-16.0,STOP,exhaustion_short_A,,1786732879,1786733069,7.25,2.5,True,False
716,MNQ,SHORT,1.0,30083.0,30090.25,2026-08-14T18:41:19.302732+00:00,2026-08-14T18:44:29.200836+00:00,-16.0,STOP,exhaustion_short_B,,1786732879,1786733069,7.25,2.5,True,False
717,MNQ,SHORT,1.0,30108.0,30114.75,2026-08-14T19:41:03.158463+00:00,2026-08-14T19:43:53.178437+00:00,-15.0,STOP,exhaustion_short_A,,1786736463,1786736633,7.5,4.5,True,False
718,MNQ,SHORT,1.0,30108.25,30115.5,2026-08-14T19:41:03.208798+00:00,2026-08-14T19:43:54.397336+00:00,-16.0,STOP,exhaustion_short_B,,1786736463,1786736634,7.25,4.75,True,False
719,MNQ,SHORT,1.0,30208.5,30189.75,2026-08-17T12:38:01.507579+00:00,2026-08-17T12:43:10.937836+00:00,36.0,TARGET,abs_veto_short_A,,1786970281,1786970590,4.25,21.25,True,True
720,MNQ,SHORT,1.0,30208.5,30224.75,2026-08-17T12:38:01.699436+00:00,2026-08-17T13:25:51.142088+00:00,-34.0,STOP,abs_veto_short_B,,1786970281,1786973151,19.0,28.5,True,False
721,MNQ,SHORT,1.0,30215.75,30168.75,2026-08-17T13:42:16.414134+00:00,2026-08-17T14:08:42.383148+00:00,92.5,MANUAL_CLAIM,exhaustion_short_A,,1786974136,1786975722,39.0,55.25,True,True
722,MNQ,SHORT,1.0,30215.5,30176.75,2026-08-17T13:42:16.456850+00:00,2026-08-17T14:21:39.578551+00:00,76.0,MANUAL_CLAIM,exhaustion_short_B,,1786974136,1786976499,39.25,55.0,True,True
723,MNQ,SHORT,1.0,30197.5,30222.75,2026-08-17T14:30:16.103785+00:00,2026-08-17T14:48:51.000388+00:00,-52.0,STOP,exhaustion_short_B,,1786977016,1786978131,26.0,11.75,True,False
724,MNQ,SHORT,1.0,30197.75,30222.75,2026-08-17T14:30:16.059394+00:00,2026-08-17T14:48:51.042747+00:00,-51.5,STOP,exhaustion_short_A,,1786977016,1786978131,25.75,12.0,True,False
725,MNQ,SHORT,1.0,30223.5,30235.25,2026-08-17T15:43:00.884807+00:00,2026-08-17T15:51:28.754763+00:00,-25.0,STOP,abs_veto_short_B,,1786981380,1786981888,13.75,11.25,True,False
726,MNQ,SHORT,1.0,30223.5,30235.25,2026-08-17T15:43:00.841332+00:00,2026-08-17T15:51:28.796772+00:00,-25.0,STOP,abs_veto_short_A,,1786981380,1786981888,13.75,11.25,True,False
727,MNQ,SHORT,2.0,30211.5,30096.75,2026-08-17T13:38:06.985654+00:00,2026-08-17T18:04:08.788224+00:00,456.0,MANUAL_CLAIM,day_rider,,1786973886,1786989848,75.25,125.25,True,True
728,MNQ,SHORT,1.0,29738.25,29718.0,2026-08-18T09:20:01.397792+00:00,2026-08-18T09:33:00.387731+00:00,39.0,TARGET,abs_veto_short_A,,1787044801,1787045580,10.75,21.0,True,True
729,MNQ,SHORT,1.0,29738.75,29708.75,2026-08-18T09:20:01.612463+00:00,2026-08-18T09:41:09.141965+00:00,58.5,TARGET,abs_veto_short_B,,1787044801,1787046069,10.25,33.75,True,True
730,MNQ,SHORT,1.0,29734.0,29749.0,2026-08-18T12:13:01.450914+00:00,2026-08-18T12:20:56.204135+00:00,-31.5,STOP,abs_veto_short_A,,1787055181,1787055656,15.5,8.5,True,False
731,MNQ,SHORT,1.0,29734.0,29749.25,2026-08-18T12:13:01.510790+00:00,2026-08-18T12:20:56.204135+00:00,-32.0,STOP,abs_veto_short_B,,1787055181,1787055656,15.5,8.5,True,False
732,MNQ,SHORT,1.0,29699.0,29750.25,2026-08-18T13:37:44.490731+00:00,2026-08-18T13:40:28.631922+00:00,-104.0,STOP,exhaustion_short_B,,1787060264,1787060428,61.0,9.0,True,False
733,MNQ,SHORT,1.0,29699.0,29750.25,2026-08-18T13:37:44.446362+00:00,2026-08-18T13:40:28.674748+00:00,-104.0,STOP,exhaustion_short_A,,1787060264,1787060428,61.0,9.0,True,False
734,MNQ,SHORT,1.0,29659.0,29697.25,2026-08-18T13:57:01.340949+00:00,2026-08-18T14:02:20.954726+00:00,-78.0,STOP,abs_veto_short_B,,1787061421,1787061740,38.25,38.25,True,False
735,MNQ,SHORT,1.0,29659.0,29697.25,2026-08-18T13:57:01.263083+00:00,2026-08-18T14:02:21.015305+00:00,-78.0,STOP,abs_veto_short_A,,1787061421,1787061741,38.25,38.25,True,False
736,MNQ,SHORT,1.0,29666.0,29636.75,2026-08-18T14:02:40.367676+00:00,2026-08-18T14:09:16.372454+00:00,57.0,MANUAL_CLAIM,exhaustion_short_B,,1787061760,1787062156,40.5,41.25,True,True
737,MNQ,SHORT,1.0,29666.5,29623.0,2026-08-18T14:02:40.315728+00:00,2026-08-18T14:09:57.142188+00:00,85.5,MANUAL_CLAIM,exhaustion_short_A,,1787061760,1787062197,40.0,49.0,True,True
738,MNQ,SHORT,1.0,29635.75,29675.25,2026-08-18T14:20:37.430781+00:00,2026-08-18T14:26:43.787982+00:00,-80.5,STOP,exhaustion_short_B,,1787062837,1787063203,44.0,40.75,True,False
739,MNQ,SHORT,1.0,29635.75,29675.25,2026-08-18T14:20:37.373983+00:00,2026-08-18T14:26:43.830730+00:00,-80.5,STOP,exhaustion_short_A,,1787062837,1787063203,44.0,40.75,True,False
740,MNQ,SHORT,1.0,29674.25,29608.0,2026-08-18T14:37:19.022725+00:00,2026-08-18T14:46:09.122893+00:00,131.0,MANUAL_CLAIM,exhaustion_short_B,,1787063839,1787064369,10.25,68.25,True,True
741,MNQ,SHORT,1.0,29674.0,29614.0,2026-08-18T14:37:18.971896+00:00,2026-08-18T14:46:49.893912+00:00,118.5,MANUAL_CLAIM,exhaustion_short_A,,1787063838,1787064409,10.5,74.0,True,True
742,MNQ,SHORT,1.0,29562.0,29542.0,2026-08-18T14:55:50.295172+00:00,2026-08-18T14:58:52.169206+00:00,38.5,TARGET,exhaustion_short_A,,1787064950,1787065132,4.0,22.0,True,True
743,MNQ,SHORT,1.0,29557.5,29540.25,2026-08-18T14:55:01.026912+00:00,2026-08-18T14:59:21.304959+00:00,33.0,MANUAL_CLAIM,abs_veto_short_A,,1787064901,1787065161,10.0,20.5,True,True
744,MNQ,SHORT,1.0,29558.25,29538.0,2026-08-18T14:55:50.341775+00:00,2026-08-18T15:02:33.222701+00:00,39.0,MANUAL_CLAIM,exhaustion_short_B,,1787064950,1787065353,7.75,31.75,True,True
745,MNQ,SHORT,1.0,29557.5,29530.5,2026-08-18T14:55:01.082787+00:00,2026-08-18T15:10:02.847334+00:00,52.5,MANUAL_CLAIM,abs_veto_short_B,,1787064901,1787065802,13.75,35.25,True,True
746,MNQ,SHORT,2.0,29642.0,29594.25,2026-08-18T13:54:06.885053+00:00,2026-08-18T15:27:08.835279+00:00,188.0,TRAIL,day_rider,,1787061246,1787066828,64.5,128.0,True,True
747,MNQ,SHORT,1.0,29609.5,29623.0,2026-08-18T16:30:00.804044+00:00,2026-08-18T16:32:59.960241+00:00,-28.5,STOP,abs_veto_short_A,,1787070600,1787070779,14.0,6.0,True,False
748,MNQ,SHORT,1.0,29609.75,29623.0,2026-08-18T16:30:00.859679+00:00,2026-08-18T16:33:00.002791+00:00,-28.0,STOP,abs_veto_short_B,,1787070600,1787070780,13.75,6.25,True,False
749,MNQ,SHORT,2.0,29607.5,29470.75,2026-08-19T13:39:06.795353+00:00,2026-08-19T13:50:08.867178+00:00,544.0,MANUAL_CLAIM,day_rider,,1787146746,1787147408,28.75,152.25,True,True
750,MNQ,SHORT,1.0,29466.75,29419.0,2026-08-19T13:50:02.233749+00:00,2026-08-19T13:51:35.055104+00:00,94.0,MANUAL_CLAIM,abs_veto_short_B,,1787147402,1787147495,26.0,51.75,True,True
751,MNQ,SHORT,1.0,29466.75,29422.0,2026-08-19T13:50:02.167523+00:00,2026-08-19T13:52:00.759396+00:00,88.0,MANUAL_CLAIM,abs_veto_short_A,,1787147402,1787147520,26.0,59.0,True,True
752,MNQ,SHORT,1.0,29543.0,29563.25,2026-08-19T14:51:00.985787+00:00,2026-08-19T14:51:35.931708+00:00,-42.0,STOP,abs_veto_short_A,,1787151060,1787151095,21.0,6.0,True,False
753,MNQ,SHORT,1.0,29543.0,29563.25,2026-08-19T14:51:01.039825+00:00,2026-08-19T14:51:35.974735+00:00,-42.0,STOP,abs_veto_short_B,,1787151061,1787151095,21.0,6.0,True,False
754,MNQ,SHORT,1.0,29527.5,29540.25,2026-08-19T17:20:01.311780+00:00,2026-08-19T17:28:36.026368+00:00,-27.0,STOP,abs_veto_short_A,,1787160001,1787160516,13.25,17.25,True,False
755,MNQ,SHORT,1.0,29527.25,29540.25,2026-08-19T17:20:01.365730+00:00,2026-08-19T17:28:36.068719+00:00,-27.5,STOP,abs_veto_short_B,,1787160001,1787160516,13.5,17.0,True,False
756,MNQ,SHORT,1.0,29514.0,29531.5,2026-08-19T18:09:01.706193+00:00,2026-08-19T18:12:36.416138+00:00,-36.5,STOP,abs_veto_short_A,,1787162941,1787163156,19.25,15.25,True,False
757,MNQ,SHORT,1.0,29514.75,29532.0,2026-08-19T18:09:01.764773+00:00,2026-08-19T18:12:36.693118+00:00,-36.0,STOP,abs_veto_short_B,,1787162941,1787163156,18.5,16.0,True,False
758,MNQ,LONG,1.0,29447.75,29301.75,2026-08-20T13:38:06.841348+00:00,2026-08-20T19:33:54.158490+00:00,-293.5,MANUAL_CLAIM,day_rider,,1787233086,1787254434,245.25,19.25,True,False
759,MNQ,LONG,1.0,29447.75,29314.5,2026-08-20T13:38:06.841348+00:00,2026-08-20T19:43:23.683539+00:00,-268.0,MANUAL_CLAIM,day_rider,,1787233086,1787255003,245.25,19.25,True,False
760,MNQ,LONG,2.0,29447.75,29266.75,2026-08-20T13:38:06.841348+00:00,2026-08-20T20:17:55.838541+00:00,-727.0,MANUAL_CLAIM,day_rider,,1787233086,1787257075,245.25,19.25,True,False
761,MNQ,LONG,3.0,29428.25,29417.5,2026-08-21T09:11:06+00:00,2026-08-21T09:12:06.583623+00:00,-69.0,CLOCK_FLAT_BUG,day_rider,,1787303466,1787303526,11.5,0.5,True,False
762,MNQ,LONG,1.0,29428.25,29388.25,2026-08-21T09:11:06+00:00,2026-08-21T09:12:06.675236+00:00,-81.5,CLOCK_FLAT_BUG,day_rider,BADFILL:stale_price_30pt_outside_book_20260821,1787303466,1787303526,11.5,0.5,True,False
763,MNQ,LONG,4.0,29491.93,29224.0,2026-08-21T13:13:06+00:00,2026-08-24T11:59:39.430779+00:00,-2149.44,MANUAL_CLAIM,day_rider,,1787317986,1787572779,375.1800000000003,0.0,True,False
764,MNQ,LONG,1.0,29354.75,29407.25,2026-08-25T13:38:06.744509+00:00,2026-08-25T13:49:06.921576+00:00,103.5,TARGET_100,day_rider,,1787665086,1787665746,53.75,56.5,True,True
765,MNQ,LONG,3.0,29354.75,29297.75,2026-08-25T13:38:06.744509+00:00,2026-08-25T20:27:47.583624+00:00,-346.5,MANUAL_CLAIM,day_rider,,1787665086,1787689667,209.25,61.25,True,False
766,MNQ,LONG,1.0,29322.75,29354.5,2026-08-26T13:44:06.794147+00:00,2026-08-26T19:20:01.067485+00:00,62.0,MANUAL_CLAIM,day_rider,,1787751846,1787772001,166.5,46.0,True,True
767,MNQ,LONG,1.0,29322.75,29327.25,2026-08-26T13:44:06.794147+00:00,2026-08-26T19:39:33.184766+00:00,7.5,MANUAL_CLAIM,day_rider,,1787751846,1787773173,166.5,46.0,True,True
768,MNQ,LONG,1.0,29322.75,29314.5,2026-08-26T13:44:06.794147+00:00,2026-08-26T19:44:34.312730+00:00,-18.0,MANUAL_CLAIM,day_rider,,1787751846,1787773474,166.5,46.0,True,False
769,MNQ,LONG,1.0,29322.75,29307.25,2026-08-26T13:44:06.794147+00:00,2026-08-26T19:45:33.686817+00:00,-32.5,MANUAL_CLAIM,day_rider,,1787751846,1787773533,166.5,46.0,True,False
770,MNQ,LONG,1.0,29543.625,29597.25,2026-08-27T07:20:06.837680+00:00,2026-08-27T08:10:43.817842+00:00,105.75,MANUAL_CLAIM,day_rider,,1787815206,1787818243,44.375,56.375,True,True
771,MNQ,LONG,1.0,29543.625,29616.75,2026-08-27T07:20:06.837680+00:00,2026-08-27T08:13:07.018653+00:00,144.75,MANUAL_CLAIM,day_rider,,1787815206,1787818387,44.375,74.625,True,True
772,MNQ,LONG,1.0,29543.625,29613.5,2026-08-27T07:20:06.837680+00:00,2026-08-27T11:17:25.902818+00:00,138.25,MANUAL_CLAIM,day_rider,,1787815206,1787829445,44.375,117.625,True,True
773,MNQ,LONG,1.0,29543.625,29538.75,2026-08-27T07:20:06.837680+00:00,2026-08-27T13:28:06.830785+00:00,-11.25,MANUAL_CLAIM,day_rider,,1787815206,1787837286,44.375,117.625,True,False
774,MNQ,LONG,4.0,29494.0625,29453.9375,2026-08-27T13:34:06.865688+00:00,2026-08-27T13:34:44.083075+00:00,-327.0,MANUAL_CLAIM,day_rider,,1787837646,1787837684,39.0625,0.0,True,False
775,MNQ,SHORT,4.0,29436.625,29538.75,2026-08-27T13:35:06.928686+00:00,2026-08-27T13:41:22.289363+00:00,-823.0,MANUAL_CLAIM,day_rider,,1787837706,1787838082,107.125,0.0,True,False
776,MNQ,LONG,1.0,29513.125,29580.0,2026-08-27T13:42:06.824761+00:00,2026-08-27T13:44:06.903634+00:00,132.25,TARGET_100,day_rider,,1787838126,1787838246,29.125,74.875,True,True
777,MNQ,LONG,1.0,29513.125,29613.25,2026-08-27T13:42:06.824761+00:00,2026-08-27T14:28:06.886820+00:00,198.75,TARGET_200,day_rider,,1787838126,1787840886,89.125,109.125,True,True
778,MNQ,LONG,1.0,29513.125,29652.75,2026-08-27T13:42:06.824761+00:00,2026-08-27T16:54:26.190782+00:00,277.75,MANUAL_CLAIM,day_rider,,1787838126,1787849666,89.125,145.875,True,True
779,MNQ,LONG,1.0,29513.125,29645.0,2026-08-27T13:42:06.824761+00:00,2026-08-27T16:56:13.107659+00:00,262.25,MANUAL_CLAIM,day_rider,,1787838126,1787849773,89.125,145.875,True,True
780,MNQ,SHORT,4.0,29639.125,29664.5,2026-08-27T16:58:06.815876+00:00,2026-08-27T17:02:28.326330+00:00,-209.0,MANUAL_CLAIM,day_rider,,1787849886,1787850148,28.375,0.0,True,False
781,MNQ,LONG,4.0,29659.0,29675.625,2026-08-27T17:03:06.894649+00:00,2026-08-27T20:02:07.374801+00:00,127.0,TRAIL,day_rider,,1787850186,1787860927,132.5,48.5,True,True
782,MNQ,LONG,4.0,29657.375,29681.5,2026-08-28T12:39:06.838350+00:00,2026-08-28T13:42:21.841233+00:00,187.0,MANUAL_CLAIM,day_rider,,1787920746,1787924541,94.875,41.625,True,True
783,MNQ,LONG,1.0,29638.75,29674.25,2026-08-28T14:00:10.597698+00:00,2026-08-28T14:00:21.794750+00:00,69.5,TARGET,capitulation_long_A,,1787925610,1787925621,17.75,56.75,True,True
784,MNQ,LONG,1.0,29638.25,29678.5,2026-08-28T14:00:10.612047+00:00,2026-08-28T14:00:24.726273+00:00,79.0,CHANDELIER,capitulation_long_B,,1787925610,1787925624,17.25,57.25,True,True
785,MNQ,LONG,1.0,29646.5,29697.0,2026-08-28T13:54:06.910048+00:00,2026-08-28T14:39:06.897800+00:00,99.5,TARGET_100,day_rider,,1787925246,1787927946,141.0,66.5,True,True
786,MNQ,LONG,3.0,29646.5,29737.5,2026-08-28T13:54:06.910048+00:00,2026-08-28T14:45:19.072979+00:00,541.5,MANUAL_CLAIM,day_rider,,1787925246,1787928319,141.0,97.5,True,True
787,MNQ,LONG,1.0,29727.25,29750.5,2026-08-28T14:46:01.943153+00:00,2026-08-28T14:47:22.160078+00:00,45.0,TARGET,abs_veto_long_A,,1787928361,1787928442,1.25,27.75,True,True
788,MNQ,LONG,1.0,29738.25,29750.0,2026-08-28T14:45:04.503837+00:00,2026-08-28T14:50:10.206205+00:00,22.0,MANUAL_CLAIM,grind_long_B,,1787928304,1787928610,13.25,16.75,True,True
789,MNQ,LONG,1.0,29730.0,29767.25,2026-08-28T14:46:01.986828+00:00,2026-08-28T14:50:45.666694+00:00,73.0,MANUAL_CLAIM,abs_veto_long_B,,1787928361,1787928645,4.0,39.5,True,True
790,MNQ,LONG,1.0,29738.25,29759.75,2026-08-28T14:45:04.459805+00:00,2026-08-28T14:51:00.852949+00:00,41.5,MANUAL_CLAIM,grind_long_A,,1787928304,1787928660,13.25,31.25,True,True
791,MNQ,LONG,1.0,29738.5,29789.0,2026-08-28T14:47:06.821105+00:00,2026-08-28T14:56:06.830485+00:00,99.5,TARGET_100,day_rider,,1787928426,1787928966,7.0,56.5,True,True
792,MNQ,LONG,1.0,29738.5,29789.5,2026-08-28T14:47:06.821105+00:00,2026-08-28T14:56:33.738805+00:00,100.5,MANUAL_CLAIM,day_rider,,1787928426,1787928993,7.0,58.25,True,True
793,MNQ,LONG,2.0,29738.5,29788.75,2026-08-28T14:47:06.821105+00:00,2026-08-28T14:58:43.971310+00:00,198.0,MANUAL_CLAIM,day_rider,,1787928426,1787929123,7.0,59.5,True,True
794,MNQ,LONG,4.0,29806.5,29751.5,2026-08-28T15:01:06.826288+00:00,2026-08-28T15:21:17.051281+00:00,-446.0,MANUAL_CLAIM,day_rider,,1787929266,1787930477,71.25,3.5,True,False
795,MNQ,SHORT,1.0,29471.75,29453.25,2026-08-30T22:05:01.612801+00:00,2026-08-30T22:09:39.587107+00:00,35.5,TARGET,abs_veto_short_A,,1788127501,1788127779,0.75,24.75,True,True
796,MNQ,SHORT,1.0,29469.75,29487.5,2026-08-30T22:05:01.814749+00:00,2026-08-30T22:19:07.788657+00:00,-37.0,STOP,abs_veto_short_B,,1788127501,1788128347,18.75,22.75,True,False
797,MNQ,SHORT,1.0,29464.5,29406.5,2026-08-31T13:48:06.702898+00:00,2026-08-31T14:03:06.831308+00:00,114.5,TARGET_100,day_rider,,1788184086,1788184986,15.25,64.5,True,True
798,MNQ,SHORT,1.0,29464.5,29365.5,2026-08-31T13:48:06.702898+00:00,2026-08-31T14:25:23.622077+00:00,196.5,TARGET_200,day_rider,,1788184086,1788186323,15.25,105.75,True,True
799,MNQ,SHORT,1.0,29464.5,29365.5,2026-08-31T13:48:06.702898+00:00,2026-08-31T14:25:24.291200+00:00,196.5,MANUAL_CLAIM,day_rider,,1788184086,1788186324,15.25,105.75,True,True
800,MNQ,SHORT,1.0,29464.5,29443.25,2026-08-31T13:48:06.702898+00:00,2026-08-31T19:35:32.704706+00:00,41.0,MANUAL_CLAIM,day_rider,,1788184086,1788204932,15.25,110.5,True,True
801,MNQ,SHORT,1.0,29266.75,29247.75,2026-09-01T08:39:57.305332+00:00,2026-09-01T08:58:54.416848+00:00,36.5,TARGET,abs_veto_short_A,,1788251997,1788253134,13.25,22.25,True,True
802,MNQ,SHORT,1.0,29266.75,29236.5,2026-09-01T08:39:57.356768+00:00,2026-09-01T08:59:56.546501+00:00,59.0,TARGET,abs_veto_short_B,,1788251997,1788253196,13.25,32.25,True,True
803,MNQ,SHORT,1.0,29228.25,29207.75,2026-09-01T09:01:00.687712+00:00,2026-09-01T09:06:21.289051+00:00,39.5,TARGET,abs_veto_short_A,,1788253260,1788253581,4.5,21.5,True,True
804,MNQ,SHORT,1.0,29228.25,29213.25,2026-09-01T09:01:00.733776+00:00,2026-09-01T09:14:45.480387+00:00,28.5,MANUAL_CLAIM,abs_veto_short_B,,1788253260,1788254085,4.5,27.25,True,True
805,MNQ,LONG,4.0,29309.5,29127.0,2026-09-01T08:24:06.807579+00:00,2026-09-01T17:26:37.727334+00:00,-1466.0,MANUAL_CLAIM,day_rider,,1788251046,1788283597,269.5,9.75,True,False
806,MNQ,SHORT,1.0,29126.75,29090.25,2026-09-01T17:28:06.681488+00:00,2026-09-01T18:28:23.429741+00:00,71.5,MANUAL_CLAIM,day_rider,,1788283686,1788287303,35.25,41.5,True,True
807,MNQ,SHORT,1.0,29126.75,29071.75,2026-09-01T17:28:06.681488+00:00,2026-09-01T18:35:16.221586+00:00,108.5,MANUAL_CLAIM,day_rider,,1788283686,1788287716,35.25,59.5,True,True
808,MNQ,SHORT,2.0,29126.75,29075.25,2026-09-01T17:28:06.681488+00:00,2026-09-01T18:39:57.248420+00:00,203.0,MANUAL_CLAIM,day_rider,,1788283686,1788287997,35.25,68.75,True,True
809,MNQ,SHORT,1.0,29042.5,29015.0,2026-09-01T18:42:06.886385+00:00,2026-09-01T18:46:47.159707+00:00,53.5,MANUAL_CLAIM,day_rider,,1788288126,1788288407,4.25,40.75,True,True
810,MNQ,SHORT,3.0,29042.5,29038.5,2026-09-01T18:42:06.886385+00:00,2026-09-01T18:49:50.301785+00:00,19.5,MANUAL_CLAIM,day_rider,,1788288126,1788288590,4.25,40.75,True,True
811,MNQ,LONG,1.0,29037.75,29091.0,2026-09-01T18:51:06.933259+00:00,2026-09-01T19:04:06.734096+00:00,105.0,TARGET_100,day_rider,,1788288666,1788289446,5.0,57.75,True,True
812,MNQ,LONG,3.0,29037.75,29092.75,2026-09-01T18:51:06.933259+00:00,2026-09-01T19:08:22.989320+00:00,325.5,MANUAL_CLAIM,day_rider,,1788288666,1788289702,5.0,70.5,True,True
813,MNQ,LONG,4.0,29108.5,29134.0,2026-09-01T19:10:06.939386+00:00,2026-09-01T20:15:07.438325+00:00,198.0,MANUAL_CLAIM,day_rider,,1788289806,1788293707,22.5,49.5,True,True
814,MNQ,LONG,1.0,29032.5,29119.75,2026-09-02T11:47:06.738654+00:00,2026-09-02T12:25:54.351874+00:00,173.0,MANUAL_CLAIM,day_rider,,1788349626,1788351954,10.25,116.75,True,True
815,MNQ,LONG,1.0,29032.5,29118.0,2026-09-02T11:47:06.738654+00:00,2026-09-02T12:26:04.028960+00:00,169.5,MANUAL_CLAIM,day_rider,,1788349626,1788351964,10.25,116.75,True,True
816,MNQ,LONG,2.0,29032.5,29099.0,2026-09-02T11:47:06.738654+00:00,2026-09-02T12:27:01.923782+00:00,263.0,MANUAL_CLAIM,day_rider,,1788349626,1788352021,10.25,116.75,True,True
817,MNQ,SHORT,4.0,29045.0,29064.0,2026-09-02T12:54:06.881082+00:00,2026-09-02T13:07:01.233268+00:00,-158.0,MANUAL_CLAIM,day_rider,,1788353646,1788354421,21.5,12.0,True,False
818,MNQ,LONG,1.0,29101.5,29157.5,2026-09-02T14:08:06.878146+00:00,2026-09-02T14:19:06.927659+00:00,110.5,TARGET_100,day_rider,,1788358086,1788358746,14.75,59.25,True,True
819,MNQ,LONG,1.0,29101.5,29189.75,2026-09-02T14:08:06.878146+00:00,2026-09-02T14:29:25.614657+00:00,175.0,MANUAL_CLAIM,day_rider,,1788358086,1788359365,14.75,91.0,True,True
820,MNQ,LONG,2.0,29101.5,29177.25,2026-09-02T14:08:06.878146+00:00,2026-09-02T14:39:08.953385+00:00,300.0,MANUAL_CLAIM,day_rider,,1788358086,1788359948,14.75,110.25,True,True
821,MNQ,SHORT,4.0,29141.5,29164.25,2026-09-02T14:51:06.928152+00:00,2026-09-02T15:04:20.497090+00:00,-188.0,MANUAL_CLAIM,day_rider,,1788360666,1788361460,13.0,35.25,True,False
822,MNQ,SHORT,1.0,29161.75,29143.25,2026-09-02T15:47:06.830274+00:00,2026-09-02T17:08:31.893743+00:00,35.5,MANUAL_CLAIM,day_rider,,1788364026,1788368911,36.25,26.0,True,True
823,MNQ,SHORT,1.0,29161.75,29139.0,2026-09-02T15:47:06.830274+00:00,2026-09-02T17:08:37.804627+00:00,44.0,MANUAL_CLAIM,day_rider,,1788364026,1788368917,36.25,26.0,True,True
824,MNQ,SHORT,1.0,29161.75,29132.0,2026-09-02T15:47:06.830274+00:00,2026-09-02T17:09:21.834800+00:00,58.0,MANUAL_CLAIM,day_rider,,1788364026,1788368961,36.25,32.75,True,True
825,MNQ,SHORT,1.0,29161.75,29135.5,2026-09-02T15:47:06.830274+00:00,2026-09-02T17:10:32.327053+00:00,51.0,MANUAL_CLAIM,day_rider,,1788364026,1788369032,36.25,35.0,True,True
826,MNQ,SHORT,4.0,29153.0,29136.5,2026-09-02T17:31:06.888273+00:00,2026-09-02T17:37:27.415318+00:00,126.0,MANUAL_CLAIM,day_rider,,1788370266,1788370647,0.0,22.75,True,True
827,MNQ,SHORT,4.0,29182.0,29172.75,2026-09-03T09:32:06.800708+00:00,2026-09-03T10:06:02.028567+00:00,68.0,MANUAL_CLAIM,day_rider,,1788427926,1788429962,16.75,55.0,True,True
828,MNQ,LONG,1.0,29352.0,29316.5,2026-09-03T13:42:05.754797+00:00,2026-09-03T13:56:18.684814+00:00,-72.5,STOP,grind_long_B,,1788442925,1788443778,38.0,23.25,True,False
829,MNQ,LONG,1.0,29352.0,29316.5,2026-09-03T13:42:05.704235+00:00,2026-09-03T13:56:18.733724+00:00,-72.5,STOP,grind_long_A,,1788442925,1788443778,38.0,23.25,True,False
830,MNQ,LONG,1.0,29430.75,29488.0,2026-09-03T15:08:06.384719+00:00,2026-09-03T15:23:38.451765+00:00,113.0,MANUAL_CLAIM,grind_long_B,,1788448086,1788449018,4.5,60.25,True,True
831,MNQ,LONG,1.0,29430.5,29487.5,2026-09-03T15:08:06.271946+00:00,2026-09-03T15:25:54.401588+00:00,112.5,MANUAL_CLAIM,grind_long_A,,1788448086,1788449154,4.25,64.25,True,True
832,MNQ,LONG,1.0,29490.75,29533.5,2026-09-03T15:23:52.270158+00:00,2026-09-03T15:37:26.381932+00:00,84.0,MANUAL_CLAIM,day_rider,,1788449032,1788449846,12.0,53.0,True,True
833,MNQ,LONG,1.0,29490.75,29527.0,2026-09-03T15:23:52.270158+00:00,2026-09-03T15:37:37.323032+00:00,71.0,MANUAL_CLAIM,day_rider,,1788449032,1788449857,12.0,53.0,True,True
834,MNQ,LONG,2.0,29490.75,29514.25,2026-09-03T15:23:52.270158+00:00,2026-09-03T15:39:50.963168+00:00,91.0,MANUAL_CLAIM,day_rider,,1788449032,1788449990,12.0,53.0,True,True
835,MNQ,LONG,1.0,29522.75,29507.5,2026-09-03T15:28:01.436410+00:00,2026-09-03T15:40:55.411027+00:00,-32.0,STOP,abs_veto_long_A,,1788449281,1788450055,18.5,21.0,True,False
836,MNQ,LONG,1.0,29522.75,29507.5,2026-09-03T15:28:01.448967+00:00,2026-09-03T15:40:55.453749+00:00,-32.0,STOP,abs_veto_long_B,,1788449281,1788450055,18.5,21.0,True,False
837,MNQ,LONG,4.0,29516.75,29486.875,2026-09-03T15:42:55.022181+00:00,2026-09-03T15:47:55.429067+00:00,-245.0,MANUAL_CLAIM,day_rider,,1788450175,1788450475,13.0,7.75,True,False
838,MNQ,SHORT,4.0,29490.0,29533.75,2026-09-03T16:26:57.537554+00:00,2026-09-03T16:41:57.570490+00:00,-356.0,MANUAL_CLAIM,day_rider,,1788452817,1788453717,45.0,7.5,True,False
839,MNQ,LONG,4.0,29573.75,29555.75,2026-09-03T18:06:06.833061+00:00,2026-09-03T19:01:30.206131+00:00,-150.0,MANUAL_CLAIM,day_rider,,1788458766,1788462090,20.75,11.25,True,False
840,MNQ,SHORT,4.0,29553.25,29544.375,2026-09-03T19:04:06.929050+00:00,2026-09-03T19:48:16.932125+00:00,65.0,MANUAL_CLAIM,day_rider,,1788462246,1788464896,9.0,32.75,True,True
841,MNQ,SHORT,1.0,29508.5,29505.0,2026-09-03T22:59:53.090759+00:00,2026-09-03T23:06:36.671632+00:00,5.5,TARGET,exhaustion_short_A,,1788476393,1788476796,3.5,12.5,True,True
842,MNQ,SHORT,1.0,29508.5,29505.0,2026-09-03T22:59:53.142720+00:00,2026-09-03T23:06:36.715770+00:00,5.5,TARGET,exhaustion_short_B,,1788476393,1788476796,3.5,12.5,True,True
843,MNQ,LONG,4.0,29647.625,29605.75,2026-09-04T05:29:37.260620+00:00,2026-09-04T14:13:13.084181+00:00,-341.0,MANUAL_CLAIM,day_rider,,1788499777,1788531193,145.625,72.375,True,False
844,MNQ,LONG,4.0,29624.8125,29639.0,2026-09-08T07:29:06.841031+00:00,2026-09-08T13:32:07.425356+00:00,107.5,TRAIL,day_rider,,1788852546,1788874327,146.3125,61.9375,True,True
845,MNQ,SHORT,1.0,29495.25,29525.0,2026-09-08T13:55:01.655218+00:00,2026-09-08T13:55:59.589438+00:00,-61.0,STOP,abs_veto_short_A,,1788875701,1788875759,31.0,6.25,True,False
846,MNQ,SHORT,1.0,29496.5,29526.0,2026-09-08T13:55:01.727769+00:00,2026-09-08T13:55:59.977162+00:00,-60.5,STOP,abs_veto_short_B,,1788875701,1788875759,29.75,7.5,True,False
847,MNQ,LONG,4.0,29608.0,29520.25,2026-09-08T13:32:56.123920+00:00,2026-09-08T19:58:31.893209+00:00,-708.0,MANUAL_CLAIM,day_rider,,1788874376,1788897511,183.5,37.0,True,False
848,MNQ,SHORT,1.0,29403.75,29417.25,2026-09-09T09:56:01.484913+00:00,2026-09-09T09:56:26.531650+00:00,-28.5,STOP,abs_veto_short_A,,1788947761,1788947786,14.0,0.0,True,False
849,MNQ,SHORT,1.0,29404.25,29373.0,2026-09-09T09:56:01.716240+00:00,2026-09-09T10:01:58.099000+00:00,61.0,TARGET,abs_veto_short_B,,1788947761,1788948118,13.5,32.25,True,True
850,MNQ,LONG,1.0,29441.5,29501.0,2026-09-09T13:33:21.407490+00:00,2026-09-09T13:49:06.923749+00:00,117.5,TARGET_100,day_rider,,1788960801,1788961746,4.75,75.5,True,True
851,MNQ,LONG,1.0,29441.5,29507.25,2026-09-09T13:33:21.407490+00:00,2026-09-09T13:49:33.229477+00:00,130.0,MANUAL_CLAIM,day_rider,,1788960801,1788961773,4.75,75.5,True,True
852,MNQ,LONG,2.0,29441.5,29512.0,2026-09-09T13:33:21.407490+00:00,2026-09-09T13:53:49.821827+00:00,279.0,MANUAL_CLAIM,day_rider,,1788960801,1788962029,4.75,77.5,True,True
853,MNQ,LONG,1.0,29519.5,29577.0,2026-09-09T13:54:53.007545+00:00,2026-09-09T14:05:06.865003+00:00,113.5,TARGET_100,day_rider,,1788962093,1788962706,7.5,67.5,True,True
854,MNQ,LONG,1.0,29519.5,29586.5,2026-09-09T13:54:53.007545+00:00,2026-09-09T14:05:50.231720+00:00,132.5,MANUAL_CLAIM,day_rider,,1788962093,1788962750,7.5,74.5,True,True
855,MNQ,LONG,2.0,29519.5,29496.5,2026-09-09T13:54:53.007545+00:00,2026-09-09T14:37:34.766810+00:00,-95.0,MANUAL_CLAIM,day_rider,,1788962093,1788964654,60.0,74.5,True,False
856,MNQ,SHORT,4.0,29420.5,29413.0625,2026-09-10T03:19:22.763163+00:00,2026-09-10T03:31:07.449351+00:00,53.5,TRAIL,day_rider,,1789010362,1789011067,8.0,31.75,True,True
857,MNQ,LONG,4.0,29465.0,29471.375,2026-09-10T05:26:02.703836+00:00,2026-09-10T05:39:07.329736+00:00,45.0,TRAIL,day_rider,,1789017962,1789018747,1.75,33.25,True,True
858,MNQ,SHORT,1.0,29153.75,29126.25,2026-09-10T12:33:01.627129+00:00,2026-09-10T12:34:25.021732+00:00,53.5,TARGET,abs_veto_short_A,,1789043581,1789043665,4.25,42.0,True,True
859,MNQ,SHORT,1.0,29153.75,29119.5,2026-09-10T12:33:01.729253+00:00,2026-09-10T12:34:26.996073+00:00,67.0,TARGET,abs_veto_short_B,,1789043581,1789043666,4.25,42.0,True,True
860,MNQ,LONG,4.0,29486.5,29155.25,2026-09-10T05:40:21.426029+00:00,2026-09-10T19:14:23.526850+00:00,-2656.0,MANUAL_CLAIM,day_rider,,1789018821,1789067663,444.0,21.75,True,False
861,MNQ,LONG,1.0,29229.5,29248.75,2026-09-11T08:11:29.383663+00:00,2026-09-11T08:13:59.691414+00:00,37.0,TARGET,capitulation_long_A,,1789114289,1789114439,4.5,21.75,True,True
862,MNQ,LONG,1.0,29229.5,29260.25,2026-09-11T08:11:29.430831+00:00,2026-09-11T08:17:14.934691+00:00,60.0,TARGET,capitulation_long_B,,1789114289,1789114634,4.5,31.5,True,True
863,MNQ,LONG,1.0,29230.0625,29286.75,2026-09-11T05:57:10.047575+00:00,2026-09-11T08:25:06.837880+00:00,111.88,TARGET_100,day_rider,,1789106230,1789115106,15.0625,86.9375,True,True
864,MNQ,LONG,1.0,29230.0625,29308.5,2026-09-11T05:57:10.047575+00:00,2026-09-11T08:55:04.921494+00:00,155.38,MANUAL_CLAIM,day_rider,,1789106230,1789116904,15.0625,90.9375,True,True
865,MNQ,LONG,2.0,29230.0625,29317.5,2026-09-11T05:57:10.047575+00:00,2026-09-11T08:57:33.132981+00:00,346.75,MANUAL_CLAIM,day_rider,,1789106230,1789117053,15.0625,94.9375,True,True
866,MNQ,LONG,4.0,29323.75,29276.3125,2026-09-11T08:59:01.126309+00:00,2026-09-11T09:12:02.816165+00:00,-385.5,MANUAL_CLAIM,day_rider,,1789117141,1789117922,31.0,10.0,True,False
867,MNQ,SHORT,4.0,29298.0,29320.25,2026-09-11T09:12:16.326963+00:00,2026-09-11T10:39:06.205791+00:00,-184.0,MANUAL_CLAIM,day_rider,,1789117936,1789123146,42.0,12.75,True,False
868,MNQ,LONG,1.0,29320.25,29240.75,2026-09-11T10:39:19.652434+00:00,2026-09-11T12:30:06.884632+00:00,-160.5,TARGET_100,day_rider,,1789123159,1789129806,115.75,77.25,True,False
869,MNQ,LONG,1.0,29256.0,29281.0,2026-09-11T12:30:18.063275+00:00,2026-09-11T12:30:26.117023+00:00,48.5,TARGET,capitulation_long_A,,1789129818,1789129826,0.0,32.75,True,True
870,MNQ,LONG,3.0,29320.25,29245.5,2026-09-11T10:39:19.652434+00:00,2026-09-11T12:31:07.386096+00:00,-453.0,TRAIL,day_rider,,1789123159,1789129867,115.75,77.25,True,False
871,MNQ,LONG,1.0,29256.5,29289.0,2026-09-11T12:30:18.158796+00:00,2026-09-11T12:31:44.464983+00:00,63.5,TARGET,capitulation_long_B,,1789129818,1789129904,17.75,39.0,True,True
872,MNQ,SHORT,1.0,29245.0,29290.0,2026-09-11T12:31:16.514358+00:00,2026-09-11T12:31:44.464983+00:00,-91.5,STOP,exhaustion_short_A,,1789129876,1789129904,50.5,6.25,True,False
873,MNQ,SHORT,1.0,29245.25,29289.5,2026-09-11T12:31:16.528312+00:00,2026-09-11T12:31:44.464983+00:00,-90.0,STOP,exhaustion_short_B,,1789129876,1789129904,50.25,6.5,True,False
874,MNQ,SHORT,1.0,29353.5,29414.75,2026-09-11T12:37:09.253613+00:00,2026-09-11T12:52:04.102001+00:00,-124.0,STOP,exhaustion_short_A,,1789130229,1789131124,66.25,11.5,True,False
875,MNQ,SHORT,1.0,29353.25,29415.75,2026-09-11T12:37:09.306787+00:00,2026-09-11T12:52:04.102001+00:00,-126.5,STOP,exhaustion_short_B,,1789130229,1789131124,66.5,11.25,True,False
876,MNQ,LONG,1.0,29482.5,29465.25,2026-09-11T13:02:01.640099+00:00,2026-09-11T13:05:28.927436+00:00,-36.0,STOP,abs_veto_long_A,,1789131721,1789131928,21.5,0.75,True,False
877,MNQ,LONG,1.0,29482.25,29465.75,2026-09-11T13:02:01.682822+00:00,2026-09-11T13:05:29.473781+00:00,-34.5,STOP,abs_veto_long_B,,1789131721,1789131929,21.25,1.0,True,False
878,MNQ,LONG,1.0,29365.75,29353.25,2026-09-11T13:30:20.445777+00:00,2026-09-11T13:31:15.779032+00:00,-26.5,STOP,capitulation_long_B,,1789133420,1789133475,18.5,18.0,True,False
879,MNQ,LONG,1.0,29365.5,29353.0,2026-09-11T13:30:20.393397+00:00,2026-09-11T13:31:15.820723+00:00,-26.5,STOP,capitulation_long_A,,1789133420,1789133475,18.25,18.25,True,False
