feat,K,seed,lab,tr,exec,n,mean,t,t_cl,ctrl,ctrl_sd,gap,tr_n,tr_m,tr_t,va_n,va_m,va_t,te_n,te_m,te_t,ho_n,ho_m,ho_t
F1dir,3,1,Lret_mid,strict,simple/0,135,6.348148148148148,1.308972297873738,1.3667069592206749,-1.6189300411522627,5.385958339141114,1.4792313062285778,52,18.278846153846153,3.8309556224948405,40,7.79375,0.8102969692455346,43,-9.424418604651162,-0.8898151826413201,31,1.8306451612903225,0.2830466479346482
F1dir,3,1,Lret_mid,loose,simple/0,208,2.6514423076923075,0.6216768542890162,0.5260605360703957,-1.1170539529914536,4.524731268123521,0.8328663156710779,79,12.439873417721518,3.0547654068150325,59,6.110169491525424,0.7910879712083786,70,-11.310714285714285,-1.1654308491921408,49,-0.6683673469387755,-0.12247260708381295
F1dir,3,1,Lret_mid,simple,simple/0,135,6.348148148148148,1.308972297873738,1.3667069592206749,-1.6189300411522627,5.385958339141114,1.4792313062285778,52,18.278846153846153,3.8309556224948405,40,7.79375,0.8102969692455346,43,-9.424418604651162,-0.8898151826413201,31,1.8306451612903225,0.2830466479346482
F1dir,3,1,Lret_top3,strict,simple/0,135,6.348148148148148,1.308972297873738,1.3667069592206749,-1.6189300411522627,5.385958339141114,1.4792313062285778,52,18.278846153846153,3.8309556224948405,40,7.79375,0.8102969692455346,43,-9.424418604651162,-0.8898151826413201,31,1.8306451612903225,0.2830466479346482
F1dir,3,1,Lret_top3,loose,simple/0,208,2.6514423076923075,0.6216768542890162,0.5260605360703957,-1.1170539529914536,4.524731268123521,0.8328663156710779,79,12.439873417721518,3.0547654068150325,59,6.110169491525424,0.7910879712083786,70,-11.310714285714285,-1.1654308491921408,49,-0.6683673469387755,-0.12247260708381295
F1dir,3,1,Lret_top3,simple,simple/0,135,6.348148148148148,1.308972297873738,1.3667069592206749,-1.6189300411522627,5.385958339141114,1.4792313062285778,52,18.278846153846153,3.8309556224948405,40,7.79375,0.8102969692455346,43,-9.424418604651162,-0.8898151826413201,31,1.8306451612903225,0.2830466479346482
F1dir,3,1,Lact,strict,simple/0,618,-0.281957928802589,-0.13462735762052538,-0.12777461203681253,0.16311578568860174,1.9003947823376892,-0.23420066116141533,243,2.248971193415638,1.0749453405092084,181,-1.0234806629834254,-0.19305523264415078,194,-2.7603092783505154,-0.7579408897826091,156,-1.375,-0.8149636069848641
F1dir,3,1,Lact,loose,simple/0,966,-0.21661490683229814,-0.1270294095359343,-0.09505964947028639,-0.2723142397055438,1.531428404563744,0.03637083699587814,380,1.7230263157894736,0.953843624829761,281,-0.351423487544484,-0.08208868644577728,305,-2.509016393442623,-0.8564895544933955,240,-1.2020833333333334,-0.8944465605733242
F1dir,3,1,Lact,simple,simple/0,618,-0.281957928802589,-0.13462735762052538,-0.12777461203681253,0.16311578568860174,1.9003947823376892,-0.23420066116141533,243,2.248971193415638,1.0749453405092084,181,-1.0234806629834254,-0.19305523264415078,194,-2.7603092783505154,-0.7579408897826091,156,-1.375,-0.8149636069848641
F1dir,3,1,Ldrift,strict,simple/0,46,-2.9239130434782608,-0.2696506038833817,-0.27761033437071075,-3.958937198067633,9.27185605275167,0.1116307402423705,20,6.1625,0.6593416853179697,12,-35.708333333333336,-1.2195592947830562,14,12.196428571428571,0.5843768377527263,14,-6.607142857142857,-0.8838237296447009
F1dir,3,1,Ldrift,loose,simple/0,101,-3.655940594059406,-0.6543810773977613,-0.5954978913645764,-1.6573157315731564,5.8654941862534065,-0.34074279148895964,45,0.4444444444444444,0.07503238235498011,30,-16.758333333333333,-1.3388081009203059,26,4.365384615384615,0.34867499920433576,27,-7.444444444444445,-1.6083610557230794
F1dir,3,1,Ldrift,simple,simple/0,46,-2.9239130434782608,-0.2696506038833817,-0.27761033437071075,-3.958937198067633,9.27185605275167,0.1116307402423705,20,6.1625,0.6593416853179697,12,-35.708333333333336,-1.2195592947830562,14,12.196428571428571,0.5843768377527263,14,-6.607142857142857,-0.8838237296447009
F1dir,3,3,Lret_mid,strict,simple/0,135,6.348148148148148,1.308972297873738,1.3667069592206749,-1.6189300411522627,5.385958339141114,1.4792313062285778,52,18.278846153846153,3.8309556224948405,40,7.79375,0.8102969692455346,43,-9.424418604651162,-0.8898151826413201,31,1.8306451612903225,0.2830466479346482
F1dir,3,3,Lret_mid,loose,simple/0,208,2.6514423076923075,0.6216768542890162,0.5260605360703957,-1.1170539529914536,4.524731268123521,0.8328663156710779,79,12.439873417721518,3.0547654068150325,59,6.110169491525424,0.7910879712083786,70,-11.310714285714285,-1.1654308491921408,49,-0.6683673469387755,-0.12247260708381295
F1dir,3,3,Lret_mid,simple,simple/0,135,6.348148148148148,1.308972297873738,1.3667069592206749,-1.6189300411522627,5.385958339141114,1.4792313062285778,52,18.278846153846153,3.8309556224948405,40,7.79375,0.8102969692455346,43,-9.424418604651162,-0.8898151826413201,31,1.8306451612903225,0.2830466479346482
F1dir,3,3,Lret_top3,strict,simple/0,135,6.348148148148148,1.308972297873738,1.3667069592206749,-1.6189300411522627,5.385958339141114,1.4792313062285778,52,18.278846153846153,3.8309556224948405,40,7.79375,0.8102969692455346,43,-9.424418604651162,-0.8898151826413201,31,1.8306451612903225,0.2830466479346482
F1dir,3,3,Lret_top3,loose,simple/0,208,2.6514423076923075,0.6216768542890162,0.5260605360703957,-1.1170539529914536,4.524731268123521,0.8328663156710779,79,12.439873417721518,3.0547654068150325,59,6.110169491525424,0.7910879712083786,70,-11.310714285714285,-1.1654308491921408,49,-0.6683673469387755,-0.12247260708381295
F1dir,3,3,Lret_top3,simple,simple/0,135,6.348148148148148,1.308972297873738,1.3667069592206749,-1.6189300411522627,5.385958339141114,1.4792313062285778,52,18.278846153846153,3.8309556224948405,40,7.79375,0.8102969692455346,43,-9.424418604651162,-0.8898151826413201,31,1.8306451612903225,0.2830466479346482
F1dir,3,3,Lact,strict,simple/0,618,-0.281957928802589,-0.13462735762052538,-0.12777461203681253,0.16311578568860174,1.9003947823376892,-0.23420066116141533,243,2.248971193415638,1.0749453405092084,181,-1.0234806629834254,-0.19305523264415078,194,-2.7603092783505154,-0.7579408897826091,156,-1.375,-0.8149636069848641
F1dir,3,3,Lact,loose,simple/0,966,-0.21661490683229814,-0.1270294095359343,-0.09505964947028639,-0.2723142397055438,1.531428404563744,0.03637083699587814,380,1.7230263157894736,0.953843624829761,281,-0.351423487544484,-0.08208868644577728,305,-2.509016393442623,-0.8564895544933955,240,-1.2020833333333334,-0.8944465605733242
F1dir,3,3,Lact,simple,simple/0,618,-0.281957928802589,-0.13462735762052538,-0.12777461203681253,0.16311578568860174,1.9003947823376892,-0.23420066116141533,243,2.248971193415638,1.0749453405092084,181,-1.0234806629834254,-0.19305523264415078,194,-2.7603092783505154,-0.7579408897826091,156,-1.375,-0.8149636069848641
F1dir,3,3,Ldrift,strict,simple/0,46,-2.9239130434782608,-0.2696506038833817,-0.27761033437071075,-3.958937198067633,9.27185605275167,0.1116307402423705,20,6.1625,0.6593416853179697,12,-35.708333333333336,-1.2195592947830562,14,12.196428571428571,0.5843768377527263,14,-6.607142857142857,-0.8838237296447009
F1dir,3,3,Ldrift,loose,simple/0,101,-3.655940594059406,-0.6543810773977613,-0.5954978913645764,-1.6573157315731564,5.8654941862534065,-0.34074279148895964,45,0.4444444444444444,0.07503238235498011,30,-16.758333333333333,-1.3388081009203059,26,4.365384615384615,0.34867499920433576,27,-7.444444444444445,-1.6083610557230794
F1dir,3,3,Ldrift,simple,simple/0,46,-2.9239130434782608,-0.2696506038833817,-0.27761033437071075,-3.958937198067633,9.27185605275167,0.1116307402423705,20,6.1625,0.6593416853179697,12,-35.708333333333336,-1.2195592947830562,14,12.196428571428571,0.5843768377527263,14,-6.607142857142857,-0.8838237296447009
F1dir,3,7,Lret_mid,strict,simple/0,135,6.348148148148148,1.308972297873738,1.3667069592206749,-1.6189300411522627,5.385958339141114,1.4792313062285778,52,18.278846153846153,3.8309556224948405,40,7.79375,0.8102969692455346,43,-9.424418604651162,-0.8898151826413201,31,1.8306451612903225,0.2830466479346482
F1dir,3,7,Lret_mid,loose,simple/0,208,2.6514423076923075,0.6216768542890162,0.5260605360703957,-1.1170539529914536,4.524731268123521,0.8328663156710779,79,12.439873417721518,3.0547654068150325,59,6.110169491525424,0.7910879712083786,70,-11.310714285714285,-1.1654308491921408,49,-0.6683673469387755,-0.12247260708381295
F1dir,3,7,Lret_mid,simple,simple/0,135,6.348148148148148,1.308972297873738,1.3667069592206749,-1.6189300411522627,5.385958339141114,1.4792313062285778,52,18.278846153846153,3.8309556224948405,40,7.79375,0.8102969692455346,43,-9.424418604651162,-0.8898151826413201,31,1.8306451612903225,0.2830466479346482
F1dir,3,7,Lret_top3,strict,simple/0,135,6.348148148148148,1.308972297873738,1.3667069592206749,-1.6189300411522627,5.385958339141114,1.4792313062285778,52,18.278846153846153,3.8309556224948405,40,7.79375,0.8102969692455346,43,-9.424418604651162,-0.8898151826413201,31,1.8306451612903225,0.2830466479346482
F1dir,3,7,Lret_top3,loose,simple/0,208,2.6514423076923075,0.6216768542890162,0.5260605360703957,-1.1170539529914536,4.524731268123521,0.8328663156710779,79,12.439873417721518,3.0547654068150325,59,6.110169491525424,0.7910879712083786,70,-11.310714285714285,-1.1654308491921408,49,-0.6683673469387755,-0.12247260708381295
F1dir,3,7,Lret_top3,simple,simple/0,135,6.348148148148148,1.308972297873738,1.3667069592206749,-1.6189300411522627,5.385958339141114,1.4792313062285778,52,18.278846153846153,3.8309556224948405,40,7.79375,0.8102969692455346,43,-9.424418604651162,-0.8898151826413201,31,1.8306451612903225,0.2830466479346482
F1dir,3,7,Lact,strict,simple/0,618,-0.281957928802589,-0.13462735762052538,-0.12777461203681253,0.16311578568860174,1.9003947823376892,-0.23420066116141533,243,2.248971193415638,1.0749453405092084,181,-1.0234806629834254,-0.19305523264415078,194,-2.7603092783505154,-0.7579408897826091,156,-1.375,-0.8149636069848641
F1dir,3,7,Lact,loose,simple/0,966,-0.21661490683229814,-0.1270294095359343,-0.09505964947028639,-0.2723142397055438,1.531428404563744,0.03637083699587814,380,1.7230263157894736,0.953843624829761,281,-0.351423487544484,-0.08208868644577728,305,-2.509016393442623,-0.8564895544933955,240,-1.2020833333333334,-0.8944465605733242
F1dir,3,7,Lact,simple,simple/0,618,-0.281957928802589,-0.13462735762052538,-0.12777461203681253,0.16311578568860174,1.9003947823376892,-0.23420066116141533,243,2.248971193415638,1.0749453405092084,181,-1.0234806629834254,-0.19305523264415078,194,-2.7603092783505154,-0.7579408897826091,156,-1.375,-0.8149636069848641
F1dir,3,7,Ldrift,strict,simple/0,46,-2.9239130434782608,-0.2696506038833817,-0.27761033437071075,-3.958937198067633,9.27185605275167,0.1116307402423705,20,6.1625,0.6593416853179697,12,-35.708333333333336,-1.2195592947830562,14,12.196428571428571,0.5843768377527263,14,-6.607142857142857,-0.8838237296447009
F1dir,3,7,Ldrift,loose,simple/0,101,-3.655940594059406,-0.6543810773977613,-0.5954978913645764,-1.6573157315731564,5.8654941862534065,-0.34074279148895964,45,0.4444444444444444,0.07503238235498011,30,-16.758333333333333,-1.3388081009203059,26,4.365384615384615,0.34867499920433576,27,-7.444444444444445,-1.6083610557230794
F1dir,3,7,Ldrift,simple,simple/0,46,-2.9239130434782608,-0.2696506038833817,-0.27761033437071075,-3.958937198067633,9.27185605275167,0.1116307402423705,20,6.1625,0.6593416853179697,12,-35.708333333333336,-1.2195592947830562,14,12.196428571428571,0.5843768377527263,14,-6.607142857142857,-0.8838237296447009
F1dir,3,11,Lret_mid,strict,simple/0,135,6.348148148148148,1.308972297873738,1.3667069592206749,-1.6189300411522627,5.385958339141114,1.4792313062285778,52,18.278846153846153,3.8309556224948405,40,7.79375,0.8102969692455346,43,-9.424418604651162,-0.8898151826413201,31,1.8306451612903225,0.2830466479346482
F1dir,3,11,Lret_mid,loose,simple/0,208,2.6514423076923075,0.6216768542890162,0.5260605360703957,-1.1170539529914536,4.524731268123521,0.8328663156710779,79,12.439873417721518,3.0547654068150325,59,6.110169491525424,0.7910879712083786,70,-11.310714285714285,-1.1654308491921408,49,-0.6683673469387755,-0.12247260708381295
F1dir,3,11,Lret_mid,simple,simple/0,135,6.348148148148148,1.308972297873738,1.3667069592206749,-1.6189300411522627,5.385958339141114,1.4792313062285778,52,18.278846153846153,3.8309556224948405,40,7.79375,0.8102969692455346,43,-9.424418604651162,-0.8898151826413201,31,1.8306451612903225,0.2830466479346482
F1dir,3,11,Lret_top3,strict,simple/0,135,6.348148148148148,1.308972297873738,1.3667069592206749,-1.6189300411522627,5.385958339141114,1.4792313062285778,52,18.278846153846153,3.8309556224948405,40,7.79375,0.8102969692455346,43,-9.424418604651162,-0.8898151826413201,31,1.8306451612903225,0.2830466479346482
F1dir,3,11,Lret_top3,loose,simple/0,208,2.6514423076923075,0.6216768542890162,0.5260605360703957,-1.1170539529914536,4.524731268123521,0.8328663156710779,79,12.439873417721518,3.0547654068150325,59,6.110169491525424,0.7910879712083786,70,-11.310714285714285,-1.1654308491921408,49,-0.6683673469387755,-0.12247260708381295
F1dir,3,11,Lret_top3,simple,simple/0,135,6.348148148148148,1.308972297873738,1.3667069592206749,-1.6189300411522627,5.385958339141114,1.4792313062285778,52,18.278846153846153,3.8309556224948405,40,7.79375,0.8102969692455346,43,-9.424418604651162,-0.8898151826413201,31,1.8306451612903225,0.2830466479346482
F1dir,3,11,Lact,strict,simple/0,618,-0.281957928802589,-0.13462735762052538,-0.12777461203681253,0.16311578568860174,1.9003947823376892,-0.23420066116141533,243,2.248971193415638,1.0749453405092084,181,-1.0234806629834254,-0.19305523264415078,194,-2.7603092783505154,-0.7579408897826091,156,-1.375,-0.8149636069848641
F1dir,3,11,Lact,loose,simple/0,966,-0.21661490683229814,-0.1270294095359343,-0.09505964947028639,-0.2723142397055438,1.531428404563744,0.03637083699587814,380,1.7230263157894736,0.953843624829761,281,-0.351423487544484,-0.08208868644577728,305,-2.509016393442623,-0.8564895544933955,240,-1.2020833333333334,-0.8944465605733242
F1dir,3,11,Lact,simple,simple/0,618,-0.281957928802589,-0.13462735762052538,-0.12777461203681253,0.16311578568860174,1.9003947823376892,-0.23420066116141533,243,2.248971193415638,1.0749453405092084,181,-1.0234806629834254,-0.19305523264415078,194,-2.7603092783505154,-0.7579408897826091,156,-1.375,-0.8149636069848641
F1dir,3,11,Ldrift,strict,simple/0,46,-2.9239130434782608,-0.2696506038833817,-0.27761033437071075,-3.958937198067633,9.27185605275167,0.1116307402423705,20,6.1625,0.6593416853179697,12,-35.708333333333336,-1.2195592947830562,14,12.196428571428571,0.5843768377527263,14,-6.607142857142857,-0.8838237296447009
F1dir,3,11,Ldrift,loose,simple/0,101,-3.655940594059406,-0.6543810773977613,-0.5954978913645764,-1.6573157315731564,5.8654941862534065,-0.34074279148895964,45,0.4444444444444444,0.07503238235498011,30,-16.758333333333333,-1.3388081009203059,26,4.365384615384615,0.34867499920433576,27,-7.444444444444445,-1.6083610557230794
F1dir,3,11,Ldrift,simple,simple/0,46,-2.9239130434782608,-0.2696506038833817,-0.27761033437071075,-3.958937198067633,9.27185605275167,0.1116307402423705,20,6.1625,0.6593416853179697,12,-35.708333333333336,-1.2195592947830562,14,12.196428571428571,0.5843768377527263,14,-6.607142857142857,-0.8838237296447009
F1dir,3,23,Lret_mid,strict,simple/0,135,6.348148148148148,1.308972297873738,1.3667069592206749,-1.6189300411522627,5.385958339141114,1.4792313062285778,52,18.278846153846153,3.8309556224948405,40,7.79375,0.8102969692455346,43,-9.424418604651162,-0.8898151826413201,31,1.8306451612903225,0.2830466479346482
F1dir,3,23,Lret_mid,loose,simple/0,208,2.6514423076923075,0.6216768542890162,0.5260605360703957,-1.1170539529914536,4.524731268123521,0.8328663156710779,79,12.439873417721518,3.0547654068150325,59,6.110169491525424,0.7910879712083786,70,-11.310714285714285,-1.1654308491921408,49,-0.6683673469387755,-0.12247260708381295
F1dir,3,23,Lret_mid,simple,simple/0,135,6.348148148148148,1.308972297873738,1.3667069592206749,-1.6189300411522627,5.385958339141114,1.4792313062285778,52,18.278846153846153,3.8309556224948405,40,7.79375,0.8102969692455346,43,-9.424418604651162,-0.8898151826413201,31,1.8306451612903225,0.2830466479346482
F1dir,3,23,Lret_top3,strict,simple/0,135,6.348148148148148,1.308972297873738,1.3667069592206749,-1.6189300411522627,5.385958339141114,1.4792313062285778,52,18.278846153846153,3.8309556224948405,40,7.79375,0.8102969692455346,43,-9.424418604651162,-0.8898151826413201,31,1.8306451612903225,0.2830466479346482
F1dir,3,23,Lret_top3,loose,simple/0,208,2.6514423076923075,0.6216768542890162,0.5260605360703957,-1.1170539529914536,4.524731268123521,0.8328663156710779,79,12.439873417721518,3.0547654068150325,59,6.110169491525424,0.7910879712083786,70,-11.310714285714285,-1.1654308491921408,49,-0.6683673469387755,-0.12247260708381295
F1dir,3,23,Lret_top3,simple,simple/0,135,6.348148148148148,1.308972297873738,1.3667069592206749,-1.6189300411522627,5.385958339141114,1.4792313062285778,52,18.278846153846153,3.8309556224948405,40,7.79375,0.8102969692455346,43,-9.424418604651162,-0.8898151826413201,31,1.8306451612903225,0.2830466479346482
F1dir,3,23,Lact,strict,simple/0,618,-0.281957928802589,-0.13462735762052538,-0.12777461203681253,0.16311578568860174,1.9003947823376892,-0.23420066116141533,243,2.248971193415638,1.0749453405092084,181,-1.0234806629834254,-0.19305523264415078,194,-2.7603092783505154,-0.7579408897826091,156,-1.375,-0.8149636069848641
F1dir,3,23,Lact,loose,simple/0,966,-0.21661490683229814,-0.1270294095359343,-0.09505964947028639,-0.2723142397055438,1.531428404563744,0.03637083699587814,380,1.7230263157894736,0.953843624829761,281,-0.351423487544484,-0.08208868644577728,305,-2.509016393442623,-0.8564895544933955,240,-1.2020833333333334,-0.8944465605733242
F1dir,3,23,Lact,simple,simple/0,618,-0.281957928802589,-0.13462735762052538,-0.12777461203681253,0.16311578568860174,1.9003947823376892,-0.23420066116141533,243,2.248971193415638,1.0749453405092084,181,-1.0234806629834254,-0.19305523264415078,194,-2.7603092783505154,-0.7579408897826091,156,-1.375,-0.8149636069848641
F1dir,3,23,Ldrift,strict,simple/0,46,-2.9239130434782608,-0.2696506038833817,-0.27761033437071075,-3.958937198067633,9.27185605275167,0.1116307402423705,20,6.1625,0.6593416853179697,12,-35.708333333333336,-1.2195592947830562,14,12.196428571428571,0.5843768377527263,14,-6.607142857142857,-0.8838237296447009
F1dir,3,23,Ldrift,loose,simple/0,101,-3.655940594059406,-0.6543810773977613,-0.5954978913645764,-1.6573157315731564,5.8654941862534065,-0.34074279148895964,45,0.4444444444444444,0.07503238235498011,30,-16.758333333333333,-1.3388081009203059,26,4.365384615384615,0.34867499920433576,27,-7.444444444444445,-1.6083610557230794
F1dir,3,23,Ldrift,simple,simple/0,46,-2.9239130434782608,-0.2696506038833817,-0.27761033437071075,-3.958937198067633,9.27185605275167,0.1116307402423705,20,6.1625,0.6593416853179697,12,-35.708333333333336,-1.2195592947830562,14,12.196428571428571,0.5843768377527263,14,-6.607142857142857,-0.8838237296447009
F1dir,4,1,Lret_mid,loose,simple/0,28,-12.732142857142858,-1.2143246275794766,-1.236607672029336,2.209821428571428,14.274973467543921,-1.0467244874175674,12,-5.1875,-0.5711606026393489,9,,,7,,,3,,
F1dir,4,1,Lret_top3,strict,simple/0,113,10.831858407079647,2.029457063371456,2.0827515295514694,-2.850417895771878,5.135169977508185,2.6644252016543337,42,20.863095238095237,3.2008536009779665,35,8.728571428571428,0.8290725389617356,36,1.1736111111111112,0.10838530204851156,29,-0.29310344827586204,-0.04187842973753159
F1dir,4,1,Lret_top3,loose,simple/0,180,7.016666666666667,1.5399645331943719,1.3545319396441882,-1.3766975308641973,4.4762345652410795,1.8750948090851038,66,15.306818181818182,2.9483118996594864,52,5.653846153846154,0.6638983113899796,62,-0.6653225806451613,-0.06890047888728282,46,0.3858695652173913,0.07155028266191227
F1dir,4,1,Lret_top3,simple,simple/0,134,6.473880597014926,1.2351890697187484,1.2481709092164277,-2.6586857379767825,5.241322280525521,1.7424164831314344,51,15.696078431372548,2.5944030077473665,39,11.557692307692308,1.0912221804301026,44,-8.721590909090908,-0.8191434058057278,31,0.3548387096774194,0.05412967593434121
F1dir,4,1,Lact,strict,simple/0,144,7.588541666666667,1.6676770279352164,1.6692151332626053,-2.5781250000000004,4.391868292794706,2.3148842335154014,56,17.388392857142858,3.2684719708199284,46,0.875,0.10009926028225614,42,1.875,0.1874949472589092,36,-0.22916666666666666,-0.039115912935897876
F1dir,4,1,Lact,loose,simple/0,235,5.857446808510638,1.597369391603695,1.383539389933464,-1.4255910165484627,3.388270550335881,2.1494853249948207,91,12.39010989010989,3.000907324398221,74,2.77027027027027,0.42809965760274515,70,0.6285714285714286,0.0721008878981962,62,1.1975806451612903,0.26621743997592157
F1dir,4,1,Lact,simple,simple/0,220,5.7704545454545455,1.4840484667635363,1.484157812799674,-1.3764520202020185,3.5952603076643634,1.9878690147750395,89,10.884831460674157,2.5739298879440957,68,-0.6102941176470589,-0.07226859936758194,63,5.432539682539683,0.6679710307266022,59,-0.3898305084745763,-0.08868700052437194
F1dir,4,1,Ldrift,loose,simple/0,28,-12.732142857142858,-1.2143246275794766,-1.236607672029336,2.209821428571428,14.274973467543921,-1.0467244874175674,12,-5.1875,-0.5711606026393489,9,,,7,,,3,,
F1dir,4,3,Lret_mid,loose,simple/0,27,-0.75,-0.0963935840319879,-0.09552407364113966,-0.1707818930041148,13.983500674194348,-0.04142153817497181,15,-2.15,-0.2390912040399043,8,,,4,,,8,,
F1dir,4,3,Lret_top3,strict,simple/0,260,2.151923076923077,0.7321749854897495,0.665363762998379,0.054914529914529824,2.472472404509781,0.8481423465773009,96,-1.6666666666666667,-0.40622096395618684,77,3.107142857142857,0.4855731134061569,87,5.5201149425287355,1.1068312713406119,60,3.3291666666666666,1.1099345539499206
F1dir,4,3,Lret_top3,loose,simple/0,427,1.9754098360655739,0.9001060670783576,0.6915295403698344,-0.018930523028883827,1.8956980885732275,1.0520347998005695,154,-1.349025974025974,-0.41425904467951224,127,2.9881889763779528,0.6303098791554421,146,4.601027397260274,1.3034882476849163,98,2.2933673469387754,1.0711556184048658
F1dir,4,3,Lret_top3,simple,simple/0,293,0.9496587030716723,0.3346676760071277,0.30898092482687795,0.35504361016306424,2.596152414407129,0.2290370509870074,117,-5.0747863247863245,-1.203783895873516,84,5.214285714285714,0.8801925754185366,92,4.717391304347826,0.9751033212466526,71,4.063380281690141,1.5447734422771242
F1dir,4,3,Lact,strict,simple/0,323,0.20123839009287925,0.08127727602539783,0.07320137622444532,0.040204678362573125,2.1746525965175874,0.07405031589329711,120,-0.80625,-0.24021368245908017,100,0.5375,0.10427266577618993,103,1.0485436893203883,0.2326217948929348,78,3.6634615384615383,1.5120320117590706
F1dir,4,3,Lact,loose,simple/0,530,0.9495283018867925,0.49829888097586084,0.37613651491417327,0.17106918238993687,1.702156536059638,0.4573369740123484,194,-1.1172680412371134,-0.41322103814588473,163,1.397239263803681,0.35787387460802683,173,2.8453757225433525,0.8413567370703048,127,2.572834645669291,1.4394342964048796
F1dir,4,3,Lact,simple,simple/0,754,0.8222811671087533,0.5089445575352128,0.45624149229329636,0.31828396699086375,1.6576830371955475,0.3040371342464524,293,0.24146757679180889,0.11284707557277182,219,-1.4417808219178083,-0.456199385083918,242,3.574380165289256,1.1048505441145258,169,0.8313609467455622,0.5180272587315612
F1dir,4,3,Ldrift,strict,simple/0,47,6.069148936170213,1.0678891729597333,1.0432892861425256,0.22251773049645407,6.0664171512341305,0.9637700573367824,27,-0.28703703703703703,-0.04393471105115357,9,,,11,11.477272727272727,0.8121717363006996,14,-1.5714285714285714,-0.22691778081293243
F1dir,4,3,Ldrift,loose,simple/0,97,1.384020618556701,0.3182771598258963,0.272943107258793,-0.3694158075601372,4.555554591942447,0.3849007603197636,50,-3.525,-0.728364887425735,21,-2.511904761904762,-0.2284731691077448,26,13.971153846153847,1.4271943952691593,29,1.793103448275862,0.40236318137902766
F1dir,4,3,Ldrift,simple,simple/0,48,5.4375,0.9710874782710549,0.9488048447677934,0.21325231481481485,5.96872668932254,0.8752700462111703,28,-1.1428571428571428,-0.1798779738082274,9,,,11,11.477272727272727,0.8121717363006996,14,-1.5714285714285714,-0.22691778081293243
F1dir,4,7,Lret_mid,strict,simple/0,38,-16.236842105263158,-1.424032172085123,-1.4432514367815357,-5.904605263157894,9.265653943480457,-1.115111454100364,15,-9.45,-0.6523355388525999,12,-1.1041666666666667,-0.07105301094578449,11,-42.0,-1.420954812808001,14,13.678571428571429,1.6252399580154477
F1dir,4,7,Lret_mid,loose,simple/0,48,-7.994791666666667,-0.6798517758983086,-0.5696765892464271,-1.8075810185185184,8.175874194432565,-0.756764414545589,20,-5.55,-0.43643236258952894,13,4.019230769230769,0.26468135884065097,15,-21.666666666666668,-0.685560050337805,18,12.416666666666666,1.620974020356173
F1dir,4,7,Lret_mid,simple,simple/0,38,-16.236842105263158,-1.424032172085123,-1.4432514367815357,-5.904605263157894,9.265653943480457,-1.115111454100364,15,-9.45,-0.6523355388525999,12,-1.1041666666666667,-0.07105301094578449,11,-42.0,-1.420954812808001,14,13.678571428571429,1.6252399580154477
F1dir,4,7,Lret_top3,strict,simple/0,289,-2.4783737024221453,-0.8864851690686559,-0.8687492400398847,-0.6799307958477517,2.6377298165474055,-0.6818146783996335,118,-5.245762711864407,-1.6178267139222555,89,-0.7528089887640449,-0.1192377022255141,82,-0.36890243902439024,-0.06867118037414689,62,-0.9879032258064516,-0.33698306368700415
F1dir,4,7,Lret_top3,loose,simple/0,501,-1.3672654690618762,-0.6535653185635256,-0.5235543033522302,-0.7581780882679086,1.9906499319223705,-0.30597412986911865,201,-4.756218905472637,-1.9971901255335849,155,2.708064516129032,0.58927445647568,145,-1.0258620689655173,-0.24729858289152656,115,-0.5195652173913043,-0.23985930558151902
F1dir,4,7,Lret_top3,simple,simple/0,366,-3.855874316939891,-1.3485641653642406,-1.256047888576547,-1.2603976927747431,2.393463974854493,-1.0844017923114702,153,-3.2173202614379086,-1.0831982698095557,113,1.3141592920353982,0.24983612886707343,100,-10.675,-1.4602654555370413,82,0.3384146341463415,0.11955972797769925
F1dir,4,7,Lact,strict,simple/0,302,-1.3269867549668874,-0.48842675180754913,-0.4697430554237779,0.04769131714495971,2.5490959802737447,-0.5392806244840659,121,-4.080578512396694,-1.2792061167612971,92,0.6793478260869565,0.11440778606144254,89,0.34269662921348315,0.06372530214650206,61,-2.221311475409836,-0.7575871495666967
F1dir,4,7,Lact,loose,simple/0,537,-0.5377094972067039,-0.26819925735106137,-0.21500328929288873,0.2207738464721708,1.9923876749232419,-0.3806906423008744,214,-3.941588785046729,-1.7409228065179672,166,2.7816265060240966,0.6378230954930831,157,0.5923566878980892,0.14697129274744677,123,-2.7540650406504064,-1.3929162318303983
F1dir,4,7,Lact,simple,simple/0,768,-0.16341145833333334,-0.0995493405675859,-0.08489883928033502,-0.6141493055555546,1.6129674080964491,0.27944634526382744,302,-0.8675496688741722,-0.43166308865230296,234,0.07051282051282051,0.020591390428912566,232,0.5172413793103449,0.15716588762727834,183,-0.6161202185792349,-0.37445994590646264
F1dir,4,7,Ldrift,strict,simple/0,53,2.3773584905660377,0.36592277389415995,0.36942450701897384,-3.163522012578615,8.686339947025294,0.63788437212179,20,-7.775,-1.1014734165469755,19,19.210526315789473,1.642633302534752,14,-5.964285714285714,-0.39168421580519,17,1.2647058823529411,0.17575908562285525
F1dir,4,7,Ldrift,loose,simple/0,173,-1.416184971098266,-0.3574049697959314,-0.3152583553578988,-2.2695086705202296,4.526695493535341,0.1885091896816588,68,-7.970588235294118,-1.7106802682221676,54,10.296296296296296,1.356217900151105,51,-5.078431372549019,-0.584785449314676,43,-2.7674418604651163,-0.6279847065621141
F1dir,4,7,Ldrift,simple,simple/0,54,1.8842592592592593,0.29466972556547916,0.2974366381519175,-3.109053497942386,8.541301172560814,0.5846079720549852,21,-8.55952380952381,-1.2662266160390738,19,19.210526315789473,1.642633302534752,14,-5.964285714285714,-0.39168421580519,17,1.2647058823529411,0.17575908562285525
F1dir,4,11,Lret_mid,strict,simple/0,38,-16.236842105263158,-1.424032172085123,-1.4432514367815357,-5.904605263157894,9.265653943480457,-1.115111454100364,15,-9.45,-0.6523355388525999,12,-1.1041666666666667,-0.07105301094578449,11,-42.0,-1.420954812808001,14,13.678571428571429,1.6252399580154477
F1dir,4,11,Lret_mid,loose,simple/0,48,-7.994791666666667,-0.6798517758983086,-0.5696765892464271,-1.8075810185185184,8.175874194432565,-0.756764414545589,20,-5.55,-0.43643236258952894,13,4.019230769230769,0.26468135884065097,15,-21.666666666666668,-0.685560050337805,18,12.416666666666666,1.620974020356173
F1dir,4,11,Lret_mid,simple,simple/0,38,-16.236842105263158,-1.424032172085123,-1.4432514367815357,-5.904605263157894,9.265653943480457,-1.115111454100364,15,-9.45,-0.6523355388525999,12,-1.1041666666666667,-0.07105301094578449,11,-42.0,-1.420954812808001,14,13.678571428571429,1.6252399580154477
F1dir,4,11,Lret_top3,strict,simple/0,289,-2.4783737024221453,-0.8864851690686559,-0.8687492400398847,-0.6799307958477517,2.6377298165474055,-0.6818146783996335,118,-5.245762711864407,-1.6178267139222555,89,-0.7528089887640449,-0.1192377022255141,82,-0.36890243902439024,-0.06867118037414689,60,-0.8958333333333334,-0.29896362186037573
F1dir,4,11,Lret_top3,loose,simple/0,499,-1.4023046092184368,-0.6677480732734196,-0.5352882846041417,-0.863727454909819,1.9916010330781606,-0.2704242191902304,201,-4.756218905472637,-1.9971901255335849,153,2.6470588235294117,0.5686895791315209,145,-1.0258620689655173,-0.24729858289152656,111,-0.6554054054054054,-0.3015801368466535
F1dir,4,11,Lret_top3,simple,simple/0,365,-3.915068493150685,-1.365813336627637,-1.2716495039215945,-1.325532724505328,2.3961038604059905,-1.080727681064122,153,-3.2173202614379086,-1.0831982698095557,112,1.1674107142857142,0.2200504453261068,100,-10.675,-1.4602654555370413,81,0.6697530864197531,0.2345932168561541
F1dir,4,11,Lact,strict,simple/0,302,-1.3269867549668874,-0.48842675180754913,-0.4697430554237779,0.04769131714495971,2.5490959802737447,-0.5392806244840659,121,-4.080578512396694,-1.2792061167612971,92,0.6793478260869565,0.11440778606144254,89,0.34269662921348315,0.06372530214650206,60,-1.8833333333333333,-0.635939751018649
F1dir,4,11,Lact,loose,simple/0,536,-0.5331156716417911,-0.265413006369987,-0.2127408803339448,0.1677549751243783,1.9921957434442845,-0.3518081238113892,214,-3.941588785046729,-1.7409228065179672,165,2.816666666666667,0.6419759781257138,157,0.5923566878980892,0.14697129274744677,120,-2.80625,-1.429308155637375
F1dir,4,11,Lact,simple,simple/0,766,-0.4200391644908616,-0.2574879862510578,-0.22197805948858773,-0.6481904554685234,1.613402067337213,0.14141006485395588,302,-0.8675496688741722,-0.43166308865230296,234,0.07051282051282051,0.020591390428912566,230,-0.33152173913043476,-0.10233582871312119,182,-0.4958791208791209,-0.3005330696025633
F1dir,4,11,Ldrift,strict,simple/0,53,2.3773584905660377,0.36592277389415995,0.36942450701897384,-3.163522012578615,8.686339947025294,0.63788437212179,20,-7.775,-1.1014734165469755,19,19.210526315789473,1.642633302534752,14,-5.964285714285714,-0.39168421580519,17,1.2647058823529411,0.17575908562285525
F1dir,4,11,Ldrift,loose,simple/0,173,-1.416184971098266,-0.3574049697959314,-0.3152583553578988,-2.2695086705202296,4.526695493535341,0.1885091896816588,68,-7.970588235294118,-1.7106802682221676,54,10.296296296296296,1.356217900151105,51,-5.078431372549019,-0.584785449314676,43,-2.7674418604651163,-0.6279847065621141
F1dir,4,11,Ldrift,simple,simple/0,54,1.8842592592592593,0.29466972556547916,0.2974366381519175,-3.109053497942386,8.541301172560814,0.5846079720549852,21,-8.55952380952381,-1.2662266160390738,19,19.210526315789473,1.642633302534752,14,-5.964285714285714,-0.39168421580519,17,1.2647058823529411,0.17575908562285525
F1dir,4,23,Lret_mid,strict,simple/0,38,-16.236842105263158,-1.424032172085123,-1.4432514367815357,-5.904605263157894,9.265653943480457,-1.115111454100364,15,-9.45,-0.6523355388525999,12,-1.1041666666666667,-0.07105301094578449,11,-42.0,-1.420954812808001,14,13.678571428571429,1.6252399580154477
F1dir,4,23,Lret_mid,loose,simple/0,48,-7.994791666666667,-0.6798517758983086,-0.5696765892464271,-1.8075810185185184,8.175874194432565,-0.756764414545589,20,-5.55,-0.43643236258952894,13,4.019230769230769,0.26468135884065097,15,-21.666666666666668,-0.685560050337805,18,12.416666666666666,1.620974020356173
F1dir,4,23,Lret_mid,simple,simple/0,38,-16.236842105263158,-1.424032172085123,-1.4432514367815357,-5.904605263157894,9.265653943480457,-1.115111454100364,15,-9.45,-0.6523355388525999,12,-1.1041666666666667,-0.07105301094578449,11,-42.0,-1.420954812808001,14,13.678571428571429,1.6252399580154477
F1dir,4,23,Lret_top3,strict,simple/0,289,-2.4783737024221453,-0.8864851690686559,-0.8687492400398847,-0.6799307958477517,2.6377298165474055,-0.6818146783996335,118,-5.245762711864407,-1.6178267139222555,89,-0.7528089887640449,-0.1192377022255141,82,-0.36890243902439024,-0.06867118037414689,62,-0.9879032258064516,-0.33698306368700415
F1dir,4,23,Lret_top3,loose,simple/0,500,-1.4055,-0.6706114403486317,-0.5375372857169841,-0.8047222222222221,1.9921197404919004,-0.3015771419590631,201,-4.756218905472637,-1.9971901255335849,154,2.6103896103896105,0.5644713746164404,145,-1.0258620689655173,-0.24729858289152656,115,-0.5195652173913043,-0.23985930558151902
F1dir,4,23,Lret_top3,simple,simple/0,365,-3.915068493150685,-1.365813336627637,-1.2716495039215945,-1.325532724505328,2.3961038604059905,-1.080727681064122,153,-3.2173202614379086,-1.0831982698095557,112,1.1674107142857142,0.2200504453261068,100,-10.675,-1.4602654555370413,82,0.3384146341463415,0.11955972797769925
F1dir,4,23,Lact,strict,simple/0,302,-1.3269867549668874,-0.48842675180754913,-0.4697430554237779,0.04769131714495971,2.5490959802737447,-0.5392806244840659,121,-4.080578512396694,-1.2792061167612971,92,0.6793478260869565,0.11440778606144254,89,0.34269662921348315,0.06372530214650206,61,-2.221311475409836,-0.7575871495666967
F1dir,4,23,Lact,loose,simple/0,537,-0.5377094972067039,-0.26819925735106137,-0.21500328929288873,0.2207738464721708,1.9923876749232419,-0.3806906423008744,214,-3.941588785046729,-1.7409228065179672,166,2.7816265060240966,0.6378230954930831,157,0.5923566878980892,0.14697129274744677,123,-2.7540650406504064,-1.3929162318303983
F1dir,4,23,Lact,simple,simple/0,768,-0.16341145833333334,-0.0995493405675859,-0.08489883928033502,-0.6141493055555546,1.6129674080964491,0.27944634526382744,302,-0.8675496688741722,-0.43166308865230296,234,0.07051282051282051,0.020591390428912566,232,0.5172413793103449,0.15716588762727834,183,-0.6161202185792349,-0.37445994590646264
F1dir,4,23,Ldrift,strict,simple/0,53,2.3773584905660377,0.36592277389415995,0.36942450701897384,-3.163522012578615,8.686339947025294,0.63788437212179,20,-7.775,-1.1014734165469755,19,19.210526315789473,1.642633302534752,14,-5.964285714285714,-0.39168421580519,17,1.2647058823529411,0.17575908562285525
F1dir,4,23,Ldrift,loose,simple/0,173,-1.416184971098266,-0.3574049697959314,-0.3152583553578988,-2.2695086705202296,4.526695493535341,0.1885091896816588,68,-7.970588235294118,-1.7106802682221676,54,10.296296296296296,1.356217900151105,51,-5.078431372549019,-0.584785449314676,43,-2.7674418604651163,-0.6279847065621141
F1dir,4,23,Ldrift,simple,simple/0,54,1.8842592592592593,0.29466972556547916,0.2974366381519175,-3.109053497942386,8.541301172560814,0.5846079720549852,21,-8.55952380952381,-1.2662266160390738,19,19.210526315789473,1.642633302534752,14,-5.964285714285714,-0.39168421580519,17,1.2647058823529411,0.17575908562285525
F1dir,5,1,Lret_top3,strict,simple/0,294,-2.957482993197279,-1.0445653035206663,-1.0406235272899442,-0.7486772486772492,2.6446114399597933,-0.8352099333555066,122,-7.225409836065574,-2.002800631812711,90,-0.5277777777777778,-0.08439722985574512,82,0.725609756097561,0.13888347081460012,63,-1.4246031746031746,-0.4752754926349022
F1dir,5,1,Lret_top3,loose,simple/0,509,-1.8104125736738703,-0.8608544340003794,-0.6955719574852143,-0.9077166557520194,1.9959908540576,-0.452254536180255,205,-5.852439024390244,-2.278408730546083,157,2.611464968152866,0.575383117431836,147,-0.8962585034013606,-0.21987016868620707,116,-0.7133620689655172,-0.32655009338894164
F1dir,5,1,Lret_top3,simple,simple/0,373,-4.31970509383378,-1.510203208802098,-1.462519180253485,-1.0122877569258264,2.3966047746505326,-1.3800428722713503,155,-5.27258064516129,-1.6296869326050354,117,1.1047008547008548,0.2160541956186581,101,-9.141089108910892,-1.2683215070854796,83,-0.44879518072289154,-0.15626664533925033
F1dir,5,1,Lact,strict,simple/0,46,-1.934782608695652,-0.2618046754151246,-0.28188706614716386,-5.382246376811595,7.102027281964633,0.48541967402331226,18,4.5,0.7485574135519272,16,-5.640625,-0.4582395491342221,12,-6.645833333333333,-0.3008852312555259,13,8.788461538461538,0.9324071442477095
F1dir,5,1,Lact,loose,simple/0,68,9.694852941176471,1.3914006401754566,1.4320619508089942,-0.29146241830065417,5.755907703742651,1.7349679448445194,28,5.169642857142857,0.8160188357310652,22,9.215909090909092,0.7722091860006343,18,17.319444444444443,0.8623934729319003,20,10.15,1.3363180347969283
F1dir,5,1,Lact,simple,simple/0,213,3.960093896713615,1.0084051861299594,1.0219743888876165,-1.0718570683359392,3.6157514209674093,1.3916750293921574,82,7.570121951219512,2.212319825998569,68,0.34191176470588236,0.040462856226153275,63,3.1666666666666665,0.3666785137903184,56,-0.6607142857142857,-0.14684034345696131
F1dir,5,1,Ldrift,loose,simple/0,32,-30.6328125,-2.4198714499520593,-2.1246229755891584,-8.52126736111111,10.556754509146177,-2.0945400520332127,8,,,12,-2.8333333333333335,-0.16425608663693383,12,-65.70833333333333,-2.719054796935914,2,,
F1dir,5,3,Lret_top3,loose,simple/0,28,-2.0,-0.3264727026835977,-0.3064234028557837,10.421626984126986,8.48512859632969,-1.4639291370905163,11,-10.25,-1.4732301454166568,12,0.4166666666666667,0.04027189646511388,5,,,7,,
F1dir,5,3,Lret_top3,simple,simple/0,112,-1.4241071428571428,-0.23989155696596626,-0.23485614795957704,7.240327380952377,4.3599363891398335,-1.9872846185076833,39,4.756410256410256,1.0104361392077987,43,3.7906976744186047,0.492836619768224,30,-16.933333333333334,-0.9297797317939865,28,-6.526785714285714,-1.6674620519036047
F1dir,5,3,Lact,strict,simple/0,53,1.9339622641509433,0.34163763691333543,0.3429900520649833,4.316561844863732,5.445738357326206,-0.43751635212284,22,-1.9886363636363635,-0.28648522457714837,18,-0.8333333333333334,-0.06649400641726638,13,12.403846153846153,1.2212302961503942,20,-5.1125,-1.4112110377447953
F1dir,5,3,Lact,loose,simple/0,127,4.923228346456693,1.4188683712555146,1.2314486345077027,6.522090988626419,3.4904853130665963,-0.45806313413908395,57,-2.692982456140351,-0.7198194224870302,42,7.761904761904762,1.0546168410688337,28,16.169642857142858,2.0395426401270633,35,0.22142857142857142,0.06044000306365896
F1dir,5,3,Lact,simple,simple/0,331,-2.141238670694864,-0.7572181378538252,-0.7374391300719063,7.836941926821077,2.7892843389923723,-3.577326433891123,129,0.25193798449612403,0.10046951059874078,101,4.415841584158416,0.879140832657385,101,-11.754950495049505,-1.6700743521763202,76,1.1217105263157894,0.47396792212686856
F1dir,5,7,Lret_mid,strict,simple/0,25,0.38,0.03098987389335993,0.03162890759663722,3.282222222222222,11.019232206981235,-0.2633778985421071,6,,,8,,,11,-3.6818181818181817,-0.170959063160467,9,,
F1dir,5,7,Lret_mid,loose,simple/0,25,0.38,0.03098987389335993,0.03162890759663722,3.282222222222222,11.019232206981235,-0.2633778985421071,6,,,8,,,11,-3.6818181818181817,-0.170959063160467,9,,
F1dir,5,7,Lret_mid,simple,simple/0,25,0.38,0.03098987389335993,0.03162890759663722,3.282222222222222,11.019232206981235,-0.2633778985421071,6,,,8,,,11,-3.6818181818181817,-0.170959063160467,9,,
F1dir,5,7,Lret_top3,strict,simple/0,253,-0.2875494071146245,-0.09600567617868808,-0.09315690448326745,-5.946365832235395,2.998836500442252,1.8870039844740583,91,-6.604395604395604,-1.3811843277456677,94,-0.574468085106383,-0.11911884630155711,68,8.5625,1.3919670280898173,62,1.7459677419354838,0.6165221702831548
F1dir,5,7,Lret_top3,loose,simple/0,424,1.3425707547169812,0.5973703322334925,0.4646671341048094,-5.141902515723268,2.3672465621184506,2.739247095848474,158,-3.5537974683544302,-1.0985362098492,144,0.4392361111111111,0.10593923868933229,122,8.75,2.002884550940551,114,0.706140350877193,0.3581312787013073
F1dir,5,7,Lret_top3,simple,simple/0,449,-1.1698218262806237,-0.5299222049160253,-0.4967813756125439,-0.027097253155160015,2.3624174439618217,-0.4837098439338864,177,-2.5324858757062145,-0.8539153412321194,144,1.4548611111111112,0.37156973378419195,128,-2.23828125,-0.4575001546024644,101,-0.3787128712871287,-0.1699763665341523
F1dir,5,7,Lact,strict,simple/0,56,-9.517857142857142,-0.8974216462323363,-0.9019613232333301,6.626984126984128,6.595931722397625,-2.4476968454689545,21,1.9404761904761905,0.34509788414981796,16,18.125,1.206756083552917,19,-45.46052631578947,-1.7178991723502464,17,-3.2794117647058822,-0.6829190560992415
F1dir,5,7,Lact,loose,simple/0,111,-9.522522522522523,-1.587026714184883,-1.431774759538402,6.771896896896895,5.091589131826428,-3.200262039520532,40,-0.1,-0.024907318828798833,38,3.4276315789473686,0.38920683222514246,33,-35.85606060606061,-2.231709579343915,29,-4.844827586206897,-1.4421472732239407
F1dir,5,7,Lact,simple,simple/0,296,-4.215371621621622,-1.3791130256260171,-1.334783012673804,8.058042417417411,2.9182905537952846,-4.205686107257982,121,-1.06198347107438,-0.4035499194605158,91,-0.4340659340659341,-0.0782085468388705,84,-12.854166666666666,-1.5925852309827349,76,-2.2664473684210527,-0.941738722423262
F1dir,5,7,Ldrift,strict,simple/0,46,-9.434782608695652,-0.7493881214577612,-0.7595331290074144,6.797705314009663,7.514070838865832,-2.1602787983770773,15,1.9833333333333334,0.3954330197247705,14,19.053571428571427,1.1267435860511517,17,-42.970588235294116,-1.451613996700351,16,-4.34375,-0.8713600470878864
F1dir,5,7,Ldrift,loose,simple/0,76,-9.177631578947368,-1.124596521469155,-1.0379323195806442,6.915204678362572,5.472326458490008,-2.9407668528880992,26,3.4038461538461537,0.9507394025113959,24,9.354166666666666,0.7894873687074617,26,-38.86538461538461,-1.9488349979292088,23,-5.043478260869565,-1.3600681025099224
F1dir,5,7,Ldrift,simple,simple/0,46,-9.434782608695652,-0.7493881214577612,-0.7595331290074144,6.797705314009663,7.514070838865832,-2.1602787983770773,15,1.9833333333333334,0.3954330197247705,14,19.053571428571427,1.1267435860511517,17,-42.970588235294116,-1.451613996700351,16,-4.34375,-0.8713600470878864
F1dir,5,11,Lret_mid,strict,simple/0,38,-3.3026315789473686,-0.3707029181259226,-0.37567901887579763,-1.5833333333333328,8.179158373921073,-0.21020478721819974,13,17.365384615384617,1.485408677327721,10,3.4,0.20251333855286574,15,-25.683333333333334,-1.641768706050425,8,,
F1dir,5,11,Lret_mid,loose,simple/0,42,-2.5654761904761907,-0.31604822079788075,-0.3155346556330979,-2.0777116402116405,7.792263607184341,-0.06259600224700294,15,18.166666666666668,1.7996153937832908,11,0.8636363636363636,0.056092706832221784,16,-24.359375,-1.6578773910327556,9,,
F1dir,5,11,Lret_mid,simple,simple/0,38,-3.3026315789473686,-0.3707029181259226,-0.37567901887579763,-1.5833333333333328,8.179158373921073,-0.21020478721819974,13,17.365384615384617,1.485408677327721,10,3.4,0.20251333855286574,15,-25.683333333333334,-1.641768706050425,8,,
F1dir,5,11,Lret_top3,loose,simple/0,37,-14.22972972972973,-2.3228177434207553,-2.280769964444038,-4.458333333333334,7.238088741576479,-1.3499967664486183,13,-7.461538461538462,-1.057036297052203,13,-21.692307692307693,-2.07127635382879,11,-13.409090909090908,-0.9120342117769892,9,,
F1dir,5,11,Lret_top3,simple,simple/0,118,-3.625,-0.620346245277279,-0.6271706000702721,7.809910546139358,4.467926171666735,-2.5593329224313544,37,1.2905405405405406,0.32224365011801137,46,3.380434782608696,0.43614857712278876,35,-18.02857142857143,-1.1075715634551462,27,3.564814814814815,0.8731250095412381
F1dir,5,11,Lact,strict,simple/0,27,-7.453703703703703,-1.0543756929296528,-1.074460844218086,-2.1476337448559675,7.486843513788622,-0.708719228480664,13,4.4423076923076925,0.7417963604611246,9,,,5,,,4,,
F1dir,5,11,Lact,loose,simple/0,100,-7.6225,-1.6186269416404149,-1.7311385789280875,-0.7234722222222217,4.4192187294726155,-1.5611419574611325,46,2.2717391304347827,0.4695680279902285,30,-20.458333333333332,-2.128027228237757,24,-10.541666666666666,-0.870007206600583,30,1.0666666666666667,0.3641109107347125
F1dir,5,11,Lact,simple,simple/0,435,-3.989080459770115,-1.6381598430587434,-1.5956629893876555,5.375830140485309,2.36034980052899,-3.967594378662267,173,-0.3800578034682081,-0.1704210369990506,137,-3.417883211678832,-0.7098993740276192,125,-9.61,-1.6382824038552422,106,-0.714622641509434,-0.35056521027844895
F1dir,5,11,Ldrift,loose,simple/0,31,-13.548387096774194,-2.0145648838812136,-1.9852387404039786,-4.593189964157706,7.711213636350953,-1.1613213632678192,11,-4.0227272727272725,-0.524515938896811,12,-19.8125,-1.7689165613680864,8,,,4,,
F1dir,5,23,Lret_mid,strict,simple/0,25,0.38,0.03098987389335993,0.03162890759663722,3.282222222222222,11.019232206981235,-0.2633778985421071,6,,,8,,,11,-3.6818181818181817,-0.170959063160467,9,,
F1dir,5,23,Lret_mid,loose,simple/0,25,0.38,0.03098987389335993,0.03162890759663722,3.282222222222222,11.019232206981235,-0.2633778985421071,6,,,8,,,11,-3.6818181818181817,-0.170959063160467,9,,
F1dir,5,23,Lret_mid,simple,simple/0,25,0.38,0.03098987389335993,0.03162890759663722,3.282222222222222,11.019232206981235,-0.2633778985421071,6,,,8,,,11,-3.6818181818181817,-0.170959063160467,9,,
F1dir,5,23,Lret_top3,strict,simple/0,253,-0.2875494071146245,-0.09600567617868808,-0.09315690448326745,-5.946365832235395,2.998836500442252,1.8870039844740583,91,-6.604395604395604,-1.3811843277456677,94,-0.574468085106383,-0.11911884630155711,68,8.5625,1.3919670280898173,62,1.7459677419354838,0.6165221702831548
F1dir,5,23,Lret_top3,loose,simple/0,424,1.3425707547169812,0.5973703322334925,0.4646671341048094,-5.141902515723268,2.3672465621184506,2.739247095848474,158,-3.5537974683544302,-1.0985362098492,144,0.4392361111111111,0.10593923868933229,122,8.75,2.002884550940551,114,0.706140350877193,0.3581312787013073
F1dir,5,23,Lret_top3,simple,simple/0,449,-1.1698218262806237,-0.5299222049160253,-0.4967813756125439,-0.027097253155160015,2.3624174439618217,-0.4837098439338864,177,-2.5324858757062145,-0.8539153412321194,144,1.4548611111111112,0.37156973378419195,128,-2.23828125,-0.4575001546024644,101,-0.3787128712871287,-0.1699763665341523
F1dir,5,23,Lact,strict,simple/0,56,-9.517857142857142,-0.8974216462323363,-0.9019613232333301,6.626984126984128,6.595931722397625,-2.4476968454689545,21,1.9404761904761905,0.34509788414981796,16,18.125,1.206756083552917,19,-45.46052631578947,-1.7178991723502464,17,-3.2794117647058822,-0.6829190560992415
F1dir,5,23,Lact,loose,simple/0,111,-9.522522522522523,-1.587026714184883,-1.431774759538402,6.771896896896895,5.091589131826428,-3.200262039520532,40,-0.1,-0.024907318828798833,38,3.4276315789473686,0.38920683222514246,33,-35.85606060606061,-2.231709579343915,29,-4.844827586206897,-1.4421472732239407
F1dir,5,23,Lact,simple,simple/0,296,-4.215371621621622,-1.3791130256260171,-1.334783012673804,8.058042417417411,2.9182905537952846,-4.205686107257982,121,-1.06198347107438,-0.4035499194605158,91,-0.4340659340659341,-0.0782085468388705,84,-12.854166666666666,-1.5925852309827349,76,-2.2664473684210527,-0.941738722423262
F1dir,5,23,Ldrift,strict,simple/0,46,-9.434782608695652,-0.7493881214577612,-0.7595331290074144,6.797705314009663,7.514070838865832,-2.1602787983770773,15,1.9833333333333334,0.3954330197247705,14,19.053571428571427,1.1267435860511517,17,-42.970588235294116,-1.451613996700351,16,-4.34375,-0.8713600470878864
F1dir,5,23,Ldrift,loose,simple/0,76,-9.177631578947368,-1.124596521469155,-1.0379323195806442,6.915204678362572,5.472326458490008,-2.9407668528880992,26,3.4038461538461537,0.9507394025113959,24,9.354166666666666,0.7894873687074617,26,-38.86538461538461,-1.9488349979292088,23,-5.043478260869565,-1.3600681025099224
F1dir,5,23,Ldrift,simple,simple/0,46,-9.434782608695652,-0.7493881214577612,-0.7595331290074144,6.797705314009663,7.514070838865832,-2.1602787983770773,15,1.9833333333333334,0.3954330197247705,14,19.053571428571427,1.1267435860511517,17,-42.970588235294116,-1.451613996700351,16,-4.34375,-0.8713600470878864
F1dir,6,1,Lret_top3,strict,simple/0,251,-2.651394422310757,-0.8833834334659876,-0.8277180355815514,-1.2828131916777334,2.8123123503945258,-0.48663912827500533,96,-9.953125,-2.341787989544327,92,2.9755434782608696,0.5537618575283473,63,0.25793650793650796,0.04158880080131812,66,0.8977272727272727,0.3532189944095153
F1dir,6,1,Lret_top3,loose,simple/0,418,-3.6226076555023923,-1.5838626483695992,-1.2197374001519745,-1.9602604997341846,2.216069218353512,-0.7501332277893797,162,-8.175925925925926,-2.7742379314968346,147,-2.042517006802721,-0.46117357148071536,109,1.0137614678899083,0.21644072115195565,114,0.5087719298245614,0.2836127304936018
F1dir,6,1,Lret_top3,simple,simple/0,407,-3.154791154791155,-1.3472157128083582,-1.2418881176358507,-1.315383565383564,2.285516781223695,-0.8048103625923712,163,-6.064417177914111,-2.0072553417981474,129,1.2945736434108528,0.2898116401728175,115,-4.021739130434782,-0.7996689389980798,98,-0.5178571428571429,-0.2134902740770164
F1dir,6,1,Lact,simple,simple/0,86,1.569767441860465,0.26050733630016454,0.26138200355372665,4.299741602067184,5.439310127487391,-0.5018971333167557,37,6.925675675675675,1.2911819364917376,26,-14.942307692307692,-0.9971727153767548,23,11.619565217391305,0.983130468232943,24,-4.34375,-0.7057988639458189
F1dir,6,3,Lret_top3,strict,simple/0,225,2.5411111111111113,0.8186102934061575,0.7679632297853066,0.23123456790123423,2.585043709570915,0.8935541533234994,85,-2.4176470588235293,-0.5306904573635471,69,5.405797101449275,0.8864953860522636,71,5.693661971830986,1.004637033000451,52,0.8028846153846154,0.24914810963961462
F1dir,6,3,Lret_top3,loose,simple/0,378,-0.12566137566137567,-0.054603124966447904,-0.042909578858526747,-0.3110670194003527,1.974633857980008,0.09389368210704212,140,-3.3375,-1.0452478172112651,116,0.01293103448275862,0.002606448421532138,122,3.42827868852459,0.8780927539509756,79,1.379746835443038,0.5685447189143473
F1dir,6,3,Lret_top3,simple,simple/0,324,1.691358024691358,0.6196056423964253,0.5773827028093323,0.9473593964334709,2.5381066560166134,0.2931313491078986,129,-7.195736434108527,-1.8190062626613872,91,8.747252747252746,1.6614100933877725,104,6.540865384615385,1.285743348439625,71,-0.4964788732394366,-0.17888249213305782
F1dir,6,3,Lact,loose,simple/0,30,2.975,0.4968064952966453,0.4175361489881128,1.542129629629629,7.331265816317051,0.19544651718687656,11,4.431818181818182,0.41787995631422387,14,-0.3392857142857143,-0.0360391590794481,5,,,7,,
F1dir,6,3,Lact,simple,simple/0,110,1.8545454545454545,0.3548591928422457,0.3354200729886932,4.249242424242426,4.691999979956943,-0.5103787254745357,46,6.3478260869565215,1.2476299738739982,36,-13.5625,-1.220631900131751,28,14.294642857142858,1.215723333558006,26,-6.403846153846154,-1.165176417181453
F1dir,6,7,Lret_top3,strict,simple/0,131,3.1030534351145036,0.7879189761021606,0.7733855661889729,-0.015161153519932146,3.3901357824581266,0.9197904711573158,53,-6.311320754716981,-1.098390556305951,40,6.85625,0.9016160549680111,38,12.282894736842104,1.6877089299031296,26,3.7211538461538463,0.850152032429914
F1dir,6,7,Lret_top3,loose,simple/0,227,2.526431718061674,0.8717114513682844,0.739761290372232,0.12420460107684751,2.587507390907842,0.9283943015683488,85,-5.864705882352941,-1.3670029575871603,75,4.29,0.7464027652142116,67,11.197761194029852,2.29893701125176,42,3.4404761904761907,1.0347924645048059
F1dir,6,7,Lret_top3,simple,simple/0,221,3.432126696832579,1.100007978088471,1.1034779781087432,1.3285570638511814,3.130975455681473,0.6718575928675061,98,-5.979591836734694,-1.2957849080985293,62,12.100806451612904,2.0464868442959343,61,9.741803278688524,1.6812403545767356,43,-0.9534883720930233,-0.25058542576328413
F1dir,6,7,Lact,strict,simple/0,58,3.1594827586206895,0.659930350510927,0.6632258014681153,0.5886015325670497,6.069931648361415,0.42354368631937594,25,0.65,0.10387155567689588,16,8.6875,0.8044705343837162,17,1.6470588235294117,0.17679299203763107,8,,
F1dir,6,7,Lact,loose,simple/0,132,2.8181818181818183,0.8477120188476054,0.8241508412536764,-2.601220538720537,4.270065124056867,1.2691615231745075,57,2.956140350877193,0.7111102203689572,37,-2.195945945945946,-0.35585918234861014,38,7.493421052631579,0.9725624829674497,25,-3.79,-0.810673241243746
F1dir,6,7,Lact,simple,simple/0,673,0.8473254086181278,0.3564384282555207,0.28569690915284834,0.360244345385504,1.9266127421028596,0.25281731641667876,269,-1.3810408921933086,-0.5655225182599689,198,4.733585858585859,0.7443367137776967,206,0.021844660194174758,0.00608733758671175,157,-1.10828025477707,-0.6547545536687795
F1dir,6,7,Ldrift,loose,simple/0,105,-8.980952380952381,-1.7498073208827796,-1.6984966142917775,-1.4616402116402112,5.639589296342156,-1.3333084687903078,44,-10.607954545454545,-1.6249514359746182,31,0.8548387096774194,0.08239684353345923,30,-16.758333333333333,-1.5476791169927333,31,-10.25,-1.9096761889643807
F1dir,6,11,Lret_mid,strict,simple/0,27,-8.944444444444445,-0.8147549607778994,-0.8302754974897768,-1.0920781893004112,8.85320784889219,-0.8869515309218238,7,,,9,,,11,-25.227272727272727,-1.194587905730857,8,,
F1dir,6,11,Lret_mid,loose,simple/0,28,-8.785714285714286,-0.8304130721596675,-0.8491532773312325,0.49900793650793596,8.960975076252968,-1.036128562261846,7,,,9,,,12,-23.5,-1.214143539202701,9,,
F1dir,6,11,Lret_mid,simple,simple/0,27,-8.944444444444445,-0.8147549607778994,-0.8302754974897768,-1.0920781893004112,8.85320784889219,-0.8869515309218238,7,,,9,,,11,-25.227272727272727,-1.194587905730857,8,,
F1dir,6,11,Lret_top3,loose,simple/0,25,-14.59,-2.153828746528718,-2.029332384926877,7.773333333333333,7.796054851130156,-2.8685448935869697,11,-12.568181818181818,-1.9991353151291986,9,,,5,,,5,,
F1dir,6,11,Lret_top3,simple,simple/0,121,-3.834710743801653,-0.7152274056575334,-0.712910877410873,7.979109274563816,4.096281522060997,-2.884035180380249,39,2.076923076923077,0.535466204549095,51,1.2745098039215685,0.19253646992053675,31,-19.677419354838708,-1.1487397628553133,30,-4.458333333333333,-1.1130995731048337
F1dir,6,11,Lact,loose,simple/0,44,-12.147727272727273,-1.3776920630119855,-1.363903305378432,1.7392676767676767,6.4586996958307905,-2.150122409075508,22,-1.4318181818181819,-0.15438765279254246,15,-36.6,-2.2678796096279394,7,,,10,-11.575,-2.131177901490308
F1dir,6,11,Lact,simple,simple/0,358,-4.690642458100559,-1.7275898892631414,-1.7043557334626682,7.074565487274989,2.6347817489177805,-4.4653444066887245,142,-0.9225352112676056,-0.3660246807119403,114,-1.8771929824561404,-0.38610393237762103,102,-13.080882352941176,-1.8769123022767988,84,-0.6071428571428571,-0.26379629449082964
F1dir,6,23,Lret_mid,strict,simple/0,27,-8.944444444444445,-0.8147549607778994,-0.8302754974897768,-1.0920781893004112,8.85320784889219,-0.8869515309218238,7,,,9,,,11,-25.227272727272727,-1.194587905730857,8,,
F1dir,6,23,Lret_mid,loose,simple/0,28,-8.785714285714286,-0.8304130721596675,-0.8491532773312325,0.49900793650793596,8.960975076252968,-1.036128562261846,7,,,9,,,12,-23.5,-1.214143539202701,9,,
F1dir,6,23,Lret_mid,simple,simple/0,27,-8.944444444444445,-0.8147549607778994,-0.8302754974897768,-1.0920781893004112,8.85320784889219,-0.8869515309218238,7,,,9,,,11,-25.227272727272727,-1.194587905730857,8,,
F1dir,6,23,Lret_top3,loose,simple/0,25,-14.59,-2.153828746528718,-2.029332384926877,7.773333333333333,7.796054851130156,-2.8685448935869697,11,-12.568181818181818,-1.9991353151291986,9,,,5,,,5,,
F1dir,6,23,Lret_top3,simple,simple/0,121,-3.834710743801653,-0.7152274056575334,-0.712910877410873,7.979109274563816,4.096281522060997,-2.884035180380249,39,2.076923076923077,0.535466204549095,51,1.2745098039215685,0.19253646992053675,31,-19.677419354838708,-1.1487397628553133,30,-4.458333333333333,-1.1130995731048337
F1dir,6,23,Lact,loose,simple/0,44,-12.147727272727273,-1.3776920630119855,-1.363903305378432,1.7392676767676767,6.4586996958307905,-2.150122409075508,22,-1.4318181818181819,-0.15438765279254246,15,-36.6,-2.2678796096279394,7,,,10,-11.575,-2.131177901490308
F1dir,6,23,Lact,simple,simple/0,358,-4.690642458100559,-1.7275898892631414,-1.7043557334626682,7.074565487274989,2.6347817489177805,-4.4653444066887245,142,-0.9225352112676056,-0.3660246807119403,114,-1.8771929824561404,-0.38610393237762103,102,-13.080882352941176,-1.8769123022767988,84,-0.6071428571428571,-0.26379629449082964
F2diract,3,1,Lret_mid,strict,simple/0,79,-5.949367088607595,-0.6890923979772053,-0.6815614169530624,-1.3646272855133612,6.836635742460613,-0.6706134385103445,36,-4.729166666666667,-0.504762785747658,21,5.75,0.5528767045451414,22,-19.113636363636363,-0.7544352259031883,23,7.858695652173913,1.2275002237272077
F2diract,3,1,Lret_mid,loose,simple/0,185,-3.495945945945946,-0.7424305272065322,-0.6279665538466841,-0.37995495495495446,4.001017787526369,-0.7787995846220556,74,-7.206081081081081,-1.2624647886242084,56,7.303571428571429,1.0743756970566465,55,-9.5,-0.7923988548018235,46,5.336956521739131,1.1972972336438528
F2diract,3,1,Lret_mid,simple,simple/0,79,-5.949367088607595,-0.6890923979772053,-0.6815614169530624,-1.3646272855133612,6.836635742460613,-0.6706134385103445,36,-4.729166666666667,-0.504762785747658,21,5.75,0.5528767045451414,22,-19.113636363636363,-0.7544352259031883,23,7.858695652173913,1.2275002237272077
F2diract,3,1,Lret_top3,strict,simple/0,79,-5.949367088607595,-0.6890923979772053,-0.6815614169530624,-1.3646272855133612,6.836635742460613,-0.6706134385103445,36,-4.729166666666667,-0.504762785747658,21,5.75,0.5528767045451414,22,-19.113636363636363,-0.7544352259031883,23,7.858695652173913,1.2275002237272077
F2diract,3,1,Lret_top3,loose,simple/0,185,-3.495945945945946,-0.7424305272065322,-0.6279665538466841,-0.37995495495495446,4.001017787526369,-0.7787995846220556,74,-7.206081081081081,-1.2624647886242084,56,7.303571428571429,1.0743756970566465,55,-9.5,-0.7923988548018235,46,5.336956521739131,1.1972972336438528
F2diract,3,1,Lret_top3,simple,simple/0,79,-5.949367088607595,-0.6890923979772053,-0.6815614169530624,-1.3646272855133612,6.836635742460613,-0.6706134385103445,36,-4.729166666666667,-0.504762785747658,21,5.75,0.5528767045451414,22,-19.113636363636363,-0.7544352259031883,23,7.858695652173913,1.2275002237272077
F2diract,3,1,Lact,strict,simple/0,37,-11.628378378378379,-1.6653105040128033,-1.6880759030235402,0.7961711711711711,6.842507412919014,-1.8157889790650934,11,2.1136363636363638,0.17108884561416993,17,-15.411764705882353,-1.8077414410710808,9,,,6,,
F2diract,3,1,Lact,loose,simple/0,44,-11.4375,-1.895083899247982,-1.8558358121834568,0.8159722222222224,5.912639364241084,-2.072420025535418,13,3.8076923076923075,0.3604653304179745,20,-15.8375,-2.1621281365349763,11,-21.454545454545453,-1.3794392821484933,6,,
F2diract,3,1,Lact,simple,simple/0,37,-11.628378378378379,-1.6653105040128033,-1.6880759030235402,0.7961711711711711,6.842507412919014,-1.8157889790650934,11,2.1136363636363638,0.17108884561416993,17,-15.411764705882353,-1.8077414410710808,9,,,6,,
F2diract,3,1,Ldrift,strict,simple/0,79,-5.949367088607595,-0.6890923979772053,-0.6815614169530624,-1.3646272855133612,6.836635742460613,-0.6706134385103445,36,-4.729166666666667,-0.504762785747658,21,5.75,0.5528767045451414,22,-19.113636363636363,-0.7544352259031883,23,7.858695652173913,1.2275002237272077
F2diract,3,1,Ldrift,loose,simple/0,185,-3.495945945945946,-0.7424305272065322,-0.6279665538466841,-0.37995495495495446,4.001017787526369,-0.7787995846220556,74,-7.206081081081081,-1.2624647886242084,56,7.303571428571429,1.0743756970566465,55,-9.5,-0.7923988548018235,46,5.336956521739131,1.1972972336438528
F2diract,3,1,Ldrift,simple,simple/0,79,-5.949367088607595,-0.6890923979772053,-0.6815614169530624,-1.3646272855133612,6.836635742460613,-0.6706134385103445,36,-4.729166666666667,-0.504762785747658,21,5.75,0.5528767045451414,22,-19.113636363636363,-0.7544352259031883,23,7.858695652173913,1.2275002237272077
F2diract,3,3,Lret_mid,strict,simple/0,140,5.010714285714286,1.0063784732913614,1.0247252730574552,-3.0716269841269837,4.911337474250884,1.6456497465741857,57,12.359649122807017,2.0831804066744892,35,-2.5214285714285714,-0.273263969542849,48,1.7760416666666667,0.16443910404585294,47,6.058510638297872,1.3095961577492596
F2diract,3,3,Lret_mid,loose,simple/0,247,0.3724696356275304,0.09844020829228058,0.08245605103661778,-3.4676113360323915,3.805674094905168,1.0090409414723178,97,6.322164948453608,1.4055522899512398,66,-0.7234848484848485,-0.10992230842967185,84,-5.636904761904762,-0.6730014221412086,73,2.537671232876712,0.6518782758125969
F2diract,3,3,Lret_mid,simple,simple/0,140,5.010714285714286,1.0063784732913614,1.0247252730574552,-3.0716269841269837,4.911337474250884,1.6456497465741857,57,12.359649122807017,2.0831804066744892,35,-2.5214285714285714,-0.273263969542849,48,1.7760416666666667,0.16443910404585294,47,6.058510638297872,1.3095961577492596
F2diract,3,3,Lret_top3,strict,simple/0,140,5.010714285714286,1.0063784732913614,1.0247252730574552,-3.0716269841269837,4.911337474250884,1.6456497465741857,57,12.359649122807017,2.0831804066744892,35,-2.5214285714285714,-0.273263969542849,48,1.7760416666666667,0.16443910404585294,47,6.058510638297872,1.3095961577492596
F2diract,3,3,Lret_top3,loose,simple/0,247,0.3724696356275304,0.09844020829228058,0.08245605103661778,-3.4676113360323915,3.805674094905168,1.0090409414723178,97,6.322164948453608,1.4055522899512398,66,-0.7234848484848485,-0.10992230842967185,84,-5.636904761904762,-0.6730014221412086,73,2.537671232876712,0.6518782758125969
F2diract,3,3,Lret_top3,simple,simple/0,140,5.010714285714286,1.0063784732913614,1.0247252730574552,-3.0716269841269837,4.911337474250884,1.6456497465741857,57,12.359649122807017,2.0831804066744892,35,-2.5214285714285714,-0.273263969542849,48,1.7760416666666667,0.16443910404585294,47,6.058510638297872,1.3095961577492596
F2diract,3,3,Lact,strict,simple/0,43,-2.4186046511627906,-0.33666150272424816,-0.35749082091687157,-0.9760981912144703,6.598436710484773,-0.2186133660502053,19,2.0526315789473686,0.22922294395443843,13,3.673076923076923,0.2603275323005489,11,-17.34090909090909,-1.0260760830330315,3,,
F2diract,3,3,Lact,loose,simple/0,93,-1.4543010752688172,-0.2741392196689532,-0.2521300318271008,1.39889486260454,5.486843332415907,-0.5200068172198147,41,-0.8048780487804879,-0.126982687426172,28,-0.6339285714285714,-0.06808722195434053,24,-3.5208333333333335,-0.25029419054290014,9,,
F2diract,3,3,Lact,simple,simple/0,43,-2.4186046511627906,-0.33666150272424816,-0.35749082091687157,-0.9760981912144703,6.598436710484773,-0.2186133660502053,19,2.0526315789473686,0.22922294395443843,13,3.673076923076923,0.2603275323005489,11,-17.34090909090909,-1.0260760830330315,3,,
F2diract,3,3,Ldrift,strict,simple/0,140,5.010714285714286,1.0063784732913614,1.0247252730574552,-3.0716269841269837,4.911337474250884,1.6456497465741857,57,12.359649122807017,2.0831804066744892,35,-2.5214285714285714,-0.273263969542849,48,1.7760416666666667,0.16443910404585294,47,6.058510638297872,1.3095961577492596
F2diract,3,3,Ldrift,loose,simple/0,247,0.3724696356275304,0.09844020829228058,0.08245605103661778,-3.4676113360323915,3.805674094905168,1.0090409414723178,97,6.322164948453608,1.4055522899512398,66,-0.7234848484848485,-0.10992230842967185,84,-5.636904761904762,-0.6730014221412086,73,2.537671232876712,0.6518782758125969
F2diract,3,3,Ldrift,simple,simple/0,140,5.010714285714286,1.0063784732913614,1.0247252730574552,-3.0716269841269837,4.911337474250884,1.6456497465741857,57,12.359649122807017,2.0831804066744892,35,-2.5214285714285714,-0.273263969542849,48,1.7760416666666667,0.16443910404585294,47,6.058510638297872,1.3095961577492596
F2diract,3,7,Lret_mid,strict,simple/0,79,-5.949367088607595,-0.6890923979772053,-0.6815614169530624,-1.3646272855133612,6.836635742460613,-0.6706134385103445,36,-4.729166666666667,-0.504762785747658,21,5.75,0.5528767045451414,22,-19.113636363636363,-0.7544352259031883,23,7.858695652173913,1.2275002237272077
F2diract,3,7,Lret_mid,loose,simple/0,185,-3.495945945945946,-0.7424305272065322,-0.6279665538466841,-0.37995495495495446,4.001017787526369,-0.7787995846220556,74,-7.206081081081081,-1.2624647886242084,56,7.303571428571429,1.0743756970566465,55,-9.5,-0.7923988548018235,46,5.336956521739131,1.1972972336438528
F2diract,3,7,Lret_mid,simple,simple/0,79,-5.949367088607595,-0.6890923979772053,-0.6815614169530624,-1.3646272855133612,6.836635742460613,-0.6706134385103445,36,-4.729166666666667,-0.504762785747658,21,5.75,0.5528767045451414,22,-19.113636363636363,-0.7544352259031883,23,7.858695652173913,1.2275002237272077
F2diract,3,7,Lret_top3,strict,simple/0,79,-5.949367088607595,-0.6890923979772053,-0.6815614169530624,-1.3646272855133612,6.836635742460613,-0.6706134385103445,36,-4.729166666666667,-0.504762785747658,21,5.75,0.5528767045451414,22,-19.113636363636363,-0.7544352259031883,23,7.858695652173913,1.2275002237272077
F2diract,3,7,Lret_top3,loose,simple/0,185,-3.495945945945946,-0.7424305272065322,-0.6279665538466841,-0.37995495495495446,4.001017787526369,-0.7787995846220556,74,-7.206081081081081,-1.2624647886242084,56,7.303571428571429,1.0743756970566465,55,-9.5,-0.7923988548018235,46,5.336956521739131,1.1972972336438528
F2diract,3,7,Lret_top3,simple,simple/0,79,-5.949367088607595,-0.6890923979772053,-0.6815614169530624,-1.3646272855133612,6.836635742460613,-0.6706134385103445,36,-4.729166666666667,-0.504762785747658,21,5.75,0.5528767045451414,22,-19.113636363636363,-0.7544352259031883,23,7.858695652173913,1.2275002237272077
F2diract,3,7,Lact,strict,simple/0,37,-11.628378378378379,-1.6653105040128033,-1.6880759030235402,0.7961711711711711,6.842507412919014,-1.8157889790650934,11,2.1136363636363638,0.17108884561416993,17,-15.411764705882353,-1.8077414410710808,9,,,6,,
F2diract,3,7,Lact,loose,simple/0,44,-11.4375,-1.895083899247982,-1.8558358121834568,0.8159722222222224,5.912639364241084,-2.072420025535418,13,3.8076923076923075,0.3604653304179745,20,-15.8375,-2.1621281365349763,11,-21.454545454545453,-1.3794392821484933,6,,
F2diract,3,7,Lact,simple,simple/0,37,-11.628378378378379,-1.6653105040128033,-1.6880759030235402,0.7961711711711711,6.842507412919014,-1.8157889790650934,11,2.1136363636363638,0.17108884561416993,17,-15.411764705882353,-1.8077414410710808,9,,,6,,
F2diract,3,7,Ldrift,strict,simple/0,79,-5.949367088607595,-0.6890923979772053,-0.6815614169530624,-1.3646272855133612,6.836635742460613,-0.6706134385103445,36,-4.729166666666667,-0.504762785747658,21,5.75,0.5528767045451414,22,-19.113636363636363,-0.7544352259031883,23,7.858695652173913,1.2275002237272077
F2diract,3,7,Ldrift,loose,simple/0,185,-3.495945945945946,-0.7424305272065322,-0.6279665538466841,-0.37995495495495446,4.001017787526369,-0.7787995846220556,74,-7.206081081081081,-1.2624647886242084,56,7.303571428571429,1.0743756970566465,55,-9.5,-0.7923988548018235,46,5.336956521739131,1.1972972336438528
F2diract,3,7,Ldrift,simple,simple/0,79,-5.949367088607595,-0.6890923979772053,-0.6815614169530624,-1.3646272855133612,6.836635742460613,-0.6706134385103445,36,-4.729166666666667,-0.504762785747658,21,5.75,0.5528767045451414,22,-19.113636363636363,-0.7544352259031883,23,7.858695652173913,1.2275002237272077
F2diract,3,11,Lret_mid,strict,simple/0,166,2.5481927710843375,0.49750189572976466,0.481530607235504,-2.5947958500669324,4.7846738987025175,1.07488801327629,63,7.142857142857143,1.1742517118459606,56,12.433035714285714,1.6575357046230257,47,-15.388297872340425,-1.1625189967437195,37,3.810810810810811,0.8571524808918061
F2diract,3,11,Lret_mid,loose,simple/0,356,1.6446629213483146,0.5115913570708841,0.40016650804156373,-0.5848548689138577,2.954831255158418,0.7545330334414109,139,2.643884892086331,0.6843997131040995,114,8.732456140350877,1.7361882572123404,103,-7.548543689320389,-0.9386732966555427,86,1.558139534883721,0.5516810679176273
F2diract,3,11,Lret_mid,simple,simple/0,166,2.5481927710843375,0.49750189572976466,0.481530607235504,-2.5947958500669324,4.7846738987025175,1.07488801327629,63,7.142857142857143,1.1742517118459606,56,12.433035714285714,1.6575357046230257,47,-15.388297872340425,-1.1625189967437195,38,3.263157894736842,0.74811594141528
F2diract,3,11,Lret_top3,strict,simple/0,166,2.5481927710843375,0.49750189572976466,0.481530607235504,-2.5947958500669324,4.7846738987025175,1.07488801327629,63,7.142857142857143,1.1742517118459606,56,12.433035714285714,1.6575357046230257,47,-15.388297872340425,-1.1625189967437195,37,3.810810810810811,0.8571524808918061
F2diract,3,11,Lret_top3,loose,simple/0,356,1.6446629213483146,0.5115913570708841,0.40016650804156373,-0.5848548689138577,2.954831255158418,0.7545330334414109,139,2.643884892086331,0.6843997131040995,114,8.732456140350877,1.7361882572123404,103,-7.548543689320389,-0.9386732966555427,86,1.558139534883721,0.5516810679176273
F2diract,3,11,Lret_top3,simple,simple/0,166,2.5481927710843375,0.49750189572976466,0.481530607235504,-2.5947958500669324,4.7846738987025175,1.07488801327629,63,7.142857142857143,1.1742517118459606,56,12.433035714285714,1.6575357046230257,47,-15.388297872340425,-1.1625189967437195,38,3.263157894736842,0.74811594141528
F2diract,3,11,Lact,strict,simple/0,432,2.2957175925925926,0.8627175148283063,0.8558564285333603,1.7019032921810704,2.4271906471193927,0.2446508687384179,173,-0.8786127167630058,-0.3258465554254712,126,5.559523809523809,0.7993489129942507,133,3.332706766917293,0.7606724720740897,101,0.4207920792079208,0.1825731203018455
F2diract,3,11,Lact,loose,simple/0,641,1.107254290171607,0.5246377866230302,0.44743528929579124,1.5583506673600283,2.0023106649109894,-0.2252879061643885,255,-1.272549019607843,-0.5330931368499129,191,1.8717277486910995,0.3637686459634689,195,3.4705128205128206,0.9595965702755093,159,0.05345911949685535,0.03065402675739805
F2diract,3,11,Lact,simple,simple/0,432,2.2957175925925926,0.8627175148283063,0.8558564285333603,1.7019032921810704,2.4271906471193927,0.2446508687384179,173,-0.8786127167630058,-0.3258465554254712,126,5.559523809523809,0.7993489129942507,133,3.332706766917293,0.7606724720740897,102,0.25,0.1092437259343912
F2diract,3,11,Ldrift,strict,simple/0,166,2.5481927710843375,0.49750189572976466,0.481530607235504,-2.5947958500669324,4.7846738987025175,1.07488801327629,63,7.142857142857143,1.1742517118459606,56,12.433035714285714,1.6575357046230257,47,-15.388297872340425,-1.1625189967437195,37,3.810810810810811,0.8571524808918061
F2diract,3,11,Ldrift,loose,simple/0,356,1.6446629213483146,0.5115913570708841,0.40016650804156373,-0.5848548689138577,2.954831255158418,0.7545330334414109,139,2.643884892086331,0.6843997131040995,114,8.732456140350877,1.7361882572123404,103,-7.548543689320389,-0.9386732966555427,86,1.558139534883721,0.5516810679176273
F2diract,3,11,Ldrift,simple,simple/0,166,2.5481927710843375,0.49750189572976466,0.481530607235504,-2.5947958500669324,4.7846738987025175,1.07488801327629,63,7.142857142857143,1.1742517118459606,56,12.433035714285714,1.6575357046230257,47,-15.388297872340425,-1.1625189967437195,38,3.263157894736842,0.74811594141528
F2diract,3,23,Lret_mid,strict,simple/0,122,2.0,0.321618782280075,0.3293909297461877,-3.674977231329689,5.553744684150172,1.0218289737959152,47,8.074468085106384,1.1622365314370864,34,4.661764705882353,0.48807277994218834,41,-7.170731707317073,-0.48485154039394823,43,1.6627906976744187,0.33530328513594826
F2diract,3,23,Lret_mid,loose,simple/0,216,-1.1365740740740742,-0.26570481313636723,-0.2264746102458569,-3.3654192386831285,4.125230135416836,0.5402959571815111,83,3.539156626506024,0.6989069279193604,62,0.4112903225806452,0.0631378537512759,71,-7.954225352112676,-0.785625724052589,70,-1.3607142857142858,-0.33483252904728966
F2diract,3,23,Lret_mid,simple,simple/0,122,2.0,0.321618782280075,0.3293909297461877,-3.674977231329689,5.553744684150172,1.0218289737959152,47,8.074468085106384,1.1622365314370864,34,4.661764705882353,0.48807277994218834,41,-7.170731707317073,-0.48485154039394823,43,1.6627906976744187,0.33530328513594826
F2diract,3,23,Lret_top3,strict,simple/0,122,2.0,0.321618782280075,0.3293909297461877,-3.674977231329689,5.553744684150172,1.0218289737959152,47,8.074468085106384,1.1622365314370864,34,4.661764705882353,0.48807277994218834,41,-7.170731707317073,-0.48485154039394823,43,1.6627906976744187,0.33530328513594826
F2diract,3,23,Lret_top3,loose,simple/0,216,-1.1365740740740742,-0.26570481313636723,-0.2264746102458569,-3.3654192386831285,4.125230135416836,0.5402959571815111,83,3.539156626506024,0.6989069279193604,62,0.4112903225806452,0.0631378537512759,71,-7.954225352112676,-0.785625724052589,70,-1.3607142857142858,-0.33483252904728966
F2diract,3,23,Lret_top3,simple,simple/0,122,2.0,0.321618782280075,0.3293909297461877,-3.674977231329689,5.553744684150172,1.0218289737959152,47,8.074468085106384,1.1622365314370864,34,4.661764705882353,0.48807277994218834,41,-7.170731707317073,-0.48485154039394823,43,1.6627906976744187,0.33530328513594826
F2diract,3,23,Lact,strict,simple/0,50,4.055,0.5968834987861855,0.6272660071668964,-1.345,6.062979487136493,0.8906512072912167,21,2.9285714285714284,0.3431320785994064,15,17.116666666666667,1.2420111486602972,14,-8.25,-0.5717693784067728,2,,
F2diract,3,23,Lact,loose,simple/0,105,0.30952380952380953,0.06240653832029184,0.05738195432307355,1.034920634920635,5.0308660870843305,-0.14418925346852826,44,-1.2102272727272727,-0.19796825278802616,32,2.875,0.3025861663779165,29,-0.21551724137931033,-0.01868345816888054,8,,
F2diract,3,23,Lact,simple,simple/0,50,4.055,0.5968834987861855,0.6272660071668964,-1.345,6.062979487136493,0.8906512072912167,21,2.9285714285714284,0.3431320785994064,15,17.116666666666667,1.2420111486602972,14,-8.25,-0.5717693784067728,2,,
F2diract,3,23,Ldrift,strict,simple/0,122,2.0,0.321618782280075,0.3293909297461877,-3.674977231329689,5.553744684150172,1.0218289737959152,47,8.074468085106384,1.1622365314370864,34,4.661764705882353,0.48807277994218834,41,-7.170731707317073,-0.48485154039394823,43,1.6627906976744187,0.33530328513594826
F2diract,3,23,Ldrift,loose,simple/0,216,-1.1365740740740742,-0.26570481313636723,-0.2264746102458569,-3.3654192386831285,4.125230135416836,0.5402959571815111,83,3.539156626506024,0.6989069279193604,62,0.4112903225806452,0.0631378537512759,71,-7.954225352112676,-0.785625724052589,70,-1.3607142857142858,-0.33483252904728966
F2diract,3,23,Ldrift,simple,simple/0,122,2.0,0.321618782280075,0.3293909297461877,-3.674977231329689,5.553744684150172,1.0218289737959152,47,8.074468085106384,1.1622365314370864,34,4.661764705882353,0.48807277994218834,41,-7.170731707317073,-0.48485154039394823,43,1.6627906976744187,0.33530328513594826
F2diract,4,1,Lret_mid,strict,simple/0,127,5.133858267716535,1.4569464089237305,1.361637868564737,3.7449693788276477,4.573991841810229,0.3036491836721801,53,1.1556603773584906,0.30220220088341454,40,13.90625,1.9550672687040702,34,1.0147058823529411,0.1241381253421506,39,-0.28205128205128205,-0.08936326426356273
F2diract,4,1,Lret_mid,loose,simple/0,211,4.061611374407583,1.3785594678085524,1.1267566152749322,4.406003159557663,3.2939878311755244,-0.10455162641787204,86,-2.5174418604651163,-0.7067506476899819,66,12.219696969696969,2.112268849184152,59,4.52542372881356,0.7070524580842206,59,-0.8177966101694916,-0.31331961805011027
F2diract,4,1,Lret_mid,simple,simple/0,127,5.133858267716535,1.4569464089237305,1.361637868564737,3.7449693788276477,4.573991841810229,0.3036491836721801,53,1.1556603773584906,0.30220220088341454,40,13.90625,1.9550672687040702,34,1.0147058823529411,0.1241381253421506,40,-0.7,-0.22547356150451323
F2diract,4,1,Lret_top3,strict,simple/0,152,4.208881578947368,1.2449547584180558,1.177578237283441,3.5578399122806976,4.088896563296143,0.15922184789674712,66,-1.7803030303030303,-0.42866016903156823,46,13.684782608695652,2.0708428226467914,40,3.19375,0.41725357978366345,48,1.5572916666666667,0.524576879653336
F2diract,4,1,Lret_top3,loose,simple/0,296,5.143581081081081,1.9035379161600121,1.5499096099246734,3.753472222222224,2.6999667807713306,0.5148614674665472,118,-2.402542372881356,-0.6307003150866793,92,12.0,2.4424948236438313,86,8.162790697674419,1.4768598392228238,88,2.5767045454545454,1.0520435051909212
F2diract,4,1,Lret_top3,simple,simple/0,264,5.725378787878788,1.739443534326079,1.729039846087448,2.5091540404040384,3.176561272276702,1.012486293132202,107,1.4649532710280373,0.37543541929528856,80,13.6,2.5971758826338505,77,3.4642857142857144,0.4195770732552697,82,1.5091463414634145,0.5746648080945996
F2diract,4,1,Lact,strict,simple/0,195,4.812820512820513,1.5166943664681347,1.4318569937755157,3.6284188034188016,3.548188445956323,0.333804623807822,74,-1.3006756756756757,-0.4001167585328151,61,9.647540983606557,1.6463676165005803,60,7.4375,1.0058288331865068,50,-2.22,-0.8119571091575086
F2diract,4,1,Lact,loose,simple/0,313,3.783546325878594,1.4804903314301172,1.2348420855469262,3.9542066027689033,2.645477095914275,-0.06451020768763417,118,-1.9110169491525424,-0.6444022410194152,100,7.81,1.664045903198377,95,6.618421052631579,1.1572207622061224,76,-1.5361842105263157,-0.6850676209665382
F2diract,4,1,Lact,simple,simple/0,371,1.4588948787061995,0.6720771205718546,0.6582856133442401,4.025119796346212,2.466143467062146,-1.0405821688456314,141,-0.5159574468085106,-0.21422876825672443,120,2.441666666666667,0.5746252811968877,110,2.918181818181818,0.6109019629742681,93,-0.11290322580645161,-0.05324734048198112
F2diract,4,1,Ldrift,strict,simple/0,52,3.730769230769231,0.3502814909529693,0.35280292107492583,0.10470085470085494,8.816691481845243,0.41127313840287366,22,7.386363636363637,1.0330661419012088,14,16.732142857142858,1.1961059962140281,16,-12.671875,-0.4052695785635254,13,-9.48076923076923,-1.4563380277173292
F2diract,4,1,Ldrift,loose,simple/0,155,1.2806451612903227,0.26791823067467874,0.24405493216124458,1.149641577060933,4.328939485638202,0.030262281250179292,59,0.6991525423728814,0.13503165789849786,50,7.87,1.0575911665047828,46,-5.135869565217392,-0.4170676954553572,39,-5.282051282051282,-1.2101611916958075
F2diract,4,1,Ldrift,simple,simple/0,52,3.730769230769231,0.3502814909529693,0.35280292107492583,0.10470085470085494,8.816691481845243,0.41127313840287366,22,7.386363636363637,1.0330661419012088,14,16.732142857142858,1.1961059962140281,16,-12.671875,-0.4052695785635254,14,-10.017857142857142,-1.6555766376625785
F2diract,4,3,Lret_mid,strict,simple/0,90,3.136111111111111,0.42265516324044455,0.4341012180588521,-3.0899691358024675,6.634112835462845,0.9384947771210469,32,13.6796875,1.6264427361552452,26,-6.230769230769231,-0.5725047533611648,32,0.203125,0.011926992325055851,29,-0.5344827586206896,-0.0749373096881096
F2diract,4,3,Lret_mid,loose,simple/0,161,-0.6661490683229814,-0.13296748045852383,-0.11869687973212001,-3.2168737060041415,4.616310457338875,0.5525461645730723,56,6.982142857142857,1.2495897845819621,49,-4.816326530612245,-0.6512011759759605,56,-4.683035714285714,-0.4026151091073574,51,-3.0049019607843137,-0.557564100696925
F2diract,4,3,Lret_mid,simple,simple/0,90,3.136111111111111,0.42265516324044455,0.4341012180588521,-3.0899691358024675,6.634112835462845,0.9384947771210469,32,13.6796875,1.6264427361552452,26,-6.230769230769231,-0.5725047533611648,32,0.203125,0.011926992325055851,29,-0.5344827586206896,-0.0749373096881096
F2diract,4,3,Lret_top3,strict,simple/0,347,2.0028818443804033,0.7668087671193767,0.7130656583461642,0.9839497278258085,2.797785294524924,0.36419239122765273,134,1.6473880597014925,0.5870648310069247,107,3.4018691588785046,0.6291897332514451,106,1.0400943396226414,0.18630569713935197,96,-3.3619791666666665,-1.6704116638045128
F2diract,4,3,Lret_top3,loose,simple/0,580,3.518534482758621,1.4538488109690955,1.206536608789063,2.3677681992337174,2.1883737359493383,0.5258545488006826,227,-0.15088105726872247,-0.06635911071922579,181,7.214088397790055,1.1945658582903962,172,4.472383720930233,1.0763236529019282,163,-2.196319018404908,-1.4099819330857766
F2diract,4,3,Lret_top3,simple,simple/0,418,1.4031100478468899,0.5677150213097304,0.525054725993581,1.4244750132908017,2.503518500783251,-0.008533975457831695,164,0.19817073170731708,0.0633564298386454,133,2.0714285714285716,0.4279034131013134,121,2.3016528925619837,0.44332656851357544,105,-1.7809523809523808,-0.9008890976662092
F2diract,4,3,Lact,loose,simple/0,51,-12.426470588235293,-1.4211846800778205,-1.3320781865503755,2.1304466230936825,10.370186388295437,-1.4037276348050016,26,-5.548076923076923,-0.7593709103990803,16,-25.21875,-1.0434984037425976,9,,,4,,
F2diract,4,3,Lact,simple,simple/0,62,-3.088709677419355,-0.368014752941665,-0.37667327706685144,1.8467741935483875,7.604841413611454,-0.6489923461301919,29,-1.1637931034482758,-0.12948564426237416,22,-9.454545454545455,-0.49096518358347424,11,4.568181818181818,0.2871300830682111,7,,
F2diract,4,3,Ldrift,strict,simple/0,90,3.136111111111111,0.42265516324044455,0.4341012180588521,-3.0899691358024675,6.634112835462845,0.9384947771210469,32,13.6796875,1.6264427361552452,26,-6.230769230769231,-0.5725047533611648,32,0.203125,0.011926992325055851,29,-0.5344827586206896,-0.0749373096881096
F2diract,4,3,Ldrift,loose,simple/0,161,-0.6661490683229814,-0.13296748045852383,-0.11869687973212001,-3.2168737060041415,4.616310457338875,0.5525461645730723,56,6.982142857142857,1.2495897845819621,49,-4.816326530612245,-0.6512011759759605,56,-4.683035714285714,-0.4026151091073574,51,-3.0049019607843137,-0.557564100696925
F2diract,4,3,Ldrift,simple,simple/0,90,3.136111111111111,0.42265516324044455,0.4341012180588521,-3.0899691358024675,6.634112835462845,0.9384947771210469,32,13.6796875,1.6264427361552452,26,-6.230769230769231,-0.5725047533611648,32,0.203125,0.011926992325055851,29,-0.5344827586206896,-0.0749373096881096
F2diract,4,7,Lret_mid,strict,simple/0,77,1.3376623376623376,0.1581954589454878,0.18861328551778667,-3.3688672438672436,7.089299117466549,0.6638920863042269,26,13.086538461538462,1.364082352802413,22,-5.465909090909091,-0.4987059861030477,29,-4.0344827586206895,-0.21072353896502186,25,-1.48,-0.1857254193619451
F2diract,4,7,Lret_mid,loose,simple/0,107,-3.303738317757009,-0.46620835542634503,-0.501097341883576,-2.6230529595015555,6.771123940943761,-0.10052767667410022,37,9.222972972972974,1.2838679110093318,30,-2.8833333333333333,-0.2859497262803076,40,-15.20625,-0.9485778351648428,33,-5.075757575757576,-0.7186150386183816
F2diract,4,7,Lret_mid,simple,simple/0,77,1.3376623376623376,0.1581954589454878,0.18861328551778667,-3.3688672438672436,7.089299117466549,0.6638920863042269,26,13.086538461538462,1.364082352802413,22,-5.465909090909091,-0.4987059861030477,29,-4.0344827586206895,-0.21072353896502186,25,-1.48,-0.1857254193619451
F2diract,4,7,Lret_top3,strict,simple/0,147,1.3656462585034013,0.37197423967931303,0.38375807933201855,0.5668934240362817,4.3190246151750085,0.18493824546882184,64,-2.39453125,-0.5444005739338666,49,14.224489795918368,2.0045181700430135,34,-10.088235294117647,-1.199447069348155,52,-0.3605769230769231,-0.11496397837204163
F2diract,4,7,Lret_top3,loose,simple/0,321,0.8995327102803738,0.3217509739628077,0.2808994236782983,1.169003115264798,2.886731943047466,-0.09334791393895392,129,-2.242248062015504,-0.635950253159583,110,7.322727272727272,1.606298114442767,82,-2.774390243902439,-0.38691391495186905,101,0.5,0.2055294582560252
F2diract,4,7,Lret_top3,simple,simple/0,258,4.0145348837209305,1.1872527184219979,1.164641076379949,1.419573643410854,3.298798848220227,0.7866382158191045,103,0.9004854368932039,0.2202393450084028,87,12.804597701149426,2.462275690316941,68,-2.514705882352941,-0.2792248971037067,86,-1.0436046511627908,-0.3713886451833885
F2diract,4,7,Lact,strict,simple/0,34,-8.816176470588236,-1.1003661311501893,-1.154263186222951,-6.895016339869281,7.926286811614659,-0.24237832624272598,17,-8.779411764705882,-1.250595033128136,8,,,9,,,6,,
F2diract,4,7,Lact,loose,simple/0,57,-8.236842105263158,-1.2822022937420223,-1.1901602402607103,-6.129629629629626,5.931125709523418,-0.35528035972160354,29,-5.844827586206897,-0.8747413973465845,14,-1.0178571428571428,-0.05640720956702872,14,-20.410714285714285,-1.5102789802217573,10,-23.5,-1.9782484985546682
F2diract,4,7,Lact,simple,simple/0,68,0.28308823529411764,0.04705505979903688,0.0488143896382891,-3.442810457516341,5.91284331471597,0.6301365509783403,32,0.9453125,0.1610938176472074,19,5.776315789473684,0.38779909969804494,17,-7.102941176470588,-0.5071900116585496,16,-11.625,-1.3393061201067291
F2diract,4,7,Ldrift,strict,simple/0,45,16.727777777777778,1.842763140438621,1.685357017671261,7.02746913580247,9.543603969400868,1.0164198633007901,17,3.6029411764705883,0.408257075765489,14,35.0,2.499864225291312,14,14.392857142857142,0.6183120633617062,13,-8.48076923076923,-1.1421625769676647
F2diract,4,7,Ldrift,loose,simple/0,159,6.789308176100629,1.6243540266291567,1.332561257501277,3.7384696016771457,4.203091760237309,0.7258558100694978,59,0.9872881355932204,0.19087002113991022,53,13.334905660377359,1.7831443559133069,47,6.691489361702128,0.7158065862829267,38,-4.815789473684211,-1.0408648072845845
F2diract,4,7,Ldrift,simple,simple/0,45,16.727777777777778,1.842763140438621,1.685357017671261,7.02746913580247,9.543603969400868,1.0164198633007901,17,3.6029411764705883,0.408257075765489,14,35.0,2.499864225291312,14,14.392857142857142,0.6183120633617062,14,-9.089285714285714,-1.31704606578995
F2diract,4,11,Lret_mid,strict,simple/0,77,0.935064935064935,0.11120263031719906,0.12981745892208513,-4.02723665223665,7.153457105898361,0.6936927857175428,25,14.74,1.498580885873166,23,-3.847826086956522,-0.3631024806963197,29,-7.172413793103448,-0.3784200196451086,22,-4.795454545454546,-0.5646114669761664
F2diract,4,11,Lret_mid,loose,simple/0,103,-1.1092233009708738,-0.15811765069326855,-0.16921683324861567,-2.510517799352751,6.976609608721286,0.20085608583145517,35,8.4,1.099389778593661,31,-1.7661290322580645,-0.1799153081493756,37,-9.554054054054054,-0.5876140034334181,30,-9.15,-1.25147220193112
F2diract,4,11,Lret_mid,simple,simple/0,77,0.935064935064935,0.11120263031719906,0.12981745892208513,-4.02723665223665,7.153457105898361,0.6936927857175428,25,14.74,1.498580885873166,23,-3.847826086956522,-0.3631024806963197,29,-7.172413793103448,-0.3784200196451086,22,-4.795454545454546,-0.5646114669761664
F2diract,4,11,Lret_top3,strict,simple/0,129,2.5135658914728682,0.6010897681714257,0.6161574592237283,0.8424849267872526,4.664213141049418,0.3582771443222754,59,-0.2838983050847458,-0.05837759532747204,42,14.547619047619047,1.7647729139738693,28,-9.642857142857142,-0.936752398227345,43,1.5,0.40866859834455005
F2diract,4,11,Lret_top3,loose,simple/0,287,0.4059233449477352,0.12910113608181842,0.1139958599523589,0.8324622531939612,3.0676624000976656,-0.139043627562357,118,-1.74364406779661,-0.4569407836848084,98,8.11734693877551,1.639062932761058,71,-6.665492957746479,-0.7752778430067144,87,2.9770114942528734,1.067352788696407
F2diract,4,11,Lret_top3,simple,simple/0,244,0.8975409836065574,0.23599901449763253,0.2281530960535266,1.0163365209471775,3.4728735846957455,-0.03420669783781595,97,-0.6288659793814433,-0.13935272115056305,79,13.360759493670885,2.3562280362033747,68,-11.404411764705882,-1.1513055060569342,71,-0.47183098591549294,-0.15340162161410598
F2diract,4,11,Lact,strict,simple/0,33,-5.318181818181818,-0.6735142958833965,-0.7049635956723385,-4.005892255892256,7.698655255902766,-0.17045698484594365,17,-8.132352941176471,-0.9854466377453015,7,,,9,,,7,,
F2diract,4,11,Lact,loose,simple/0,53,-5.712264150943396,-0.8283734811546537,-0.773112099371164,-2.7028301886792425,8.522771934038264,-0.35310506787645807,27,-6.898148148148148,-0.9740044093338441,13,9.384615384615385,0.4854512351347118,13,-18.346153846153847,-1.2717400263891914,8,,
F2diract,4,11,Lact,simple,simple/0,70,-3.9535714285714287,-0.6406581402939224,-0.6606002765178783,-3.3412698412698405,5.83268205076322,-0.10497770699184042,33,-5.462121212121212,-0.8846946682205159,17,17.808823529411764,1.2093393567392914,20,-19.9625,-1.455827990824498,16,-11.109375,-1.2718685466558062
F2diract,4,11,Ldrift,strict,simple/0,47,2.49468085106383,0.24674890776524463,0.23816008845962025,5.68291962174941,9.663302391762862,-0.32993262980192783,16,-13.8125,-1.2350866692291826,13,35.23076923076923,2.3823774747937145,18,-6.652777777777778,-0.31422351665037246,9,,
F2diract,4,11,Ldrift,loose,simple/0,163,3.437116564417178,0.7958338887690218,0.6682219072157353,3.8341854124062675,4.246245639493626,-0.09351056950074157,58,-4.064655172413793,-0.7289477213091052,53,13.452830188679245,1.8183344292401606,52,1.5961538461538463,0.17134184184836074,35,-8.407142857142857,-2.052621567878486
F2diract,4,11,Ldrift,simple,simple/0,47,2.49468085106383,0.24674890776524463,0.23816008845962025,5.68291962174941,9.663302391762862,-0.32993262980192783,16,-13.8125,-1.2350866692291826,13,35.23076923076923,2.3823774747937145,18,-6.652777777777778,-0.31422351665037246,10,-11.975,-2.1841302091548
F2diract,4,23,Lret_mid,strict,simple/0,90,3.136111111111111,0.42265516324044455,0.4341012180588521,-3.0899691358024675,6.634112835462845,0.9384947771210469,32,13.6796875,1.6264427361552452,26,-6.230769230769231,-0.5725047533611648,32,0.203125,0.011926992325055851,29,-0.5344827586206896,-0.0749373096881096
F2diract,4,23,Lret_mid,loose,simple/0,161,-0.6661490683229814,-0.13296748045852383,-0.11869687973212001,-3.2168737060041415,4.616310457338875,0.5525461645730723,56,6.982142857142857,1.2495897845819621,49,-4.816326530612245,-0.6512011759759605,56,-4.683035714285714,-0.4026151091073574,51,-3.0049019607843137,-0.557564100696925
F2diract,4,23,Lret_mid,simple,simple/0,90,3.136111111111111,0.42265516324044455,0.4341012180588521,-3.0899691358024675,6.634112835462845,0.9384947771210469,32,13.6796875,1.6264427361552452,26,-6.230769230769231,-0.5725047533611648,32,0.203125,0.011926992325055851,29,-0.5344827586206896,-0.0749373096881096
F2diract,4,23,Lret_top3,strict,simple/0,347,2.0028818443804033,0.7668087671193767,0.7130656583461642,0.9839497278258085,2.797785294524924,0.36419239122765273,134,1.6473880597014925,0.5870648310069247,107,3.4018691588785046,0.6291897332514451,106,1.0400943396226414,0.18630569713935197,96,-3.3619791666666665,-1.6704116638045128
F2diract,4,23,Lret_top3,loose,simple/0,580,3.518534482758621,1.4538488109690955,1.206536608789063,2.3677681992337174,2.1883737359493383,0.5258545488006826,227,-0.15088105726872247,-0.06635911071922579,181,7.214088397790055,1.1945658582903962,172,4.472383720930233,1.0763236529019282,163,-2.196319018404908,-1.4099819330857766
F2diract,4,23,Lret_top3,simple,simple/0,418,1.4031100478468899,0.5677150213097304,0.525054725993581,1.4244750132908017,2.503518500783251,-0.008533975457831695,164,0.19817073170731708,0.0633564298386454,133,2.0714285714285716,0.4279034131013134,121,2.3016528925619837,0.44332656851357544,105,-1.7809523809523808,-0.9008890976662092
F2diract,4,23,Lact,loose,simple/0,51,-12.426470588235293,-1.4211846800778205,-1.3320781865503755,2.1304466230936825,10.370186388295437,-1.4037276348050016,26,-5.548076923076923,-0.7593709103990803,16,-25.21875,-1.0434984037425976,9,,,4,,
F2diract,4,23,Lact,simple,simple/0,62,-3.088709677419355,-0.368014752941665,-0.37667327706685144,1.8467741935483875,7.604841413611454,-0.6489923461301919,29,-1.1637931034482758,-0.12948564426237416,22,-9.454545454545455,-0.49096518358347424,11,4.568181818181818,0.2871300830682111,7,,
F2diract,4,23,Ldrift,strict,simple/0,90,3.136111111111111,0.42265516324044455,0.4341012180588521,-3.0899691358024675,6.634112835462845,0.9384947771210469,32,13.6796875,1.6264427361552452,26,-6.230769230769231,-0.5725047533611648,32,0.203125,0.011926992325055851,29,-0.5344827586206896,-0.0749373096881096
F2diract,4,23,Ldrift,loose,simple/0,161,-0.6661490683229814,-0.13296748045852383,-0.11869687973212001,-3.2168737060041415,4.616310457338875,0.5525461645730723,56,6.982142857142857,1.2495897845819621,49,-4.816326530612245,-0.6512011759759605,56,-4.683035714285714,-0.4026151091073574,51,-3.0049019607843137,-0.557564100696925
F2diract,4,23,Ldrift,simple,simple/0,90,3.136111111111111,0.42265516324044455,0.4341012180588521,-3.0899691358024675,6.634112835462845,0.9384947771210469,32,13.6796875,1.6264427361552452,26,-6.230769230769231,-0.5725047533611648,32,0.203125,0.011926992325055851,29,-0.5344827586206896,-0.0749373096881096
F2diract,5,1,Lret_top3,strict,simple/0,260,-1.8221153846153846,-0.7684411380485117,-0.750643804811844,2.0653311965811967,2.7592010435551186,-1.408902983085192,107,0.11448598130841121,0.04027272093774775,75,-4.206666666666667,-0.7793219881393004,78,-2.1858974358974357,-0.48027226189733946,55,-3.3636363636363638,-1.3281588082333071
F2diract,5,1,Lret_top3,loose,simple/0,402,0.12064676616915423,0.0622299594060074,0.0516927198187705,2.1986249309010506,2.1041246840964427,-0.9875736834598401,163,3.188650306748466,1.434370180783641,120,-2.935416666666667,-0.6947378995118559,119,-1.0,-0.2539890223024411,89,-1.351123595505618,-0.7249454651061102
F2diract,5,1,Lret_top3,simple,simple/0,291,-1.9329896907216495,-0.8510737491903891,-0.8630073788934802,2.256491027109582,2.5640055847630188,-1.6339592794679694,121,-0.45041322314049587,-0.16192162471466898,90,-3.175,-0.6537833947211067,80,-2.778125,-0.6042259506883508,60,-3.558333333333333,-1.5148763029543721
F2diract,5,1,Lact,loose,simple/0,47,-11.537234042553191,-1.9532776408718797,-1.5793947604501826,-0.39332151300236384,4.929040318914757,-2.260868609004281,27,-9.805555555555555,-1.4482377657421808,10,-33.35,-2.976749273352791,10,5.6,0.34169110671041225,13,-5.788461538461538,-0.8825031740741099
F2diract,5,1,Lact,simple,simple/0,91,4.381868131868132,0.8669041290003283,0.7980628231368433,2.5071733821733826,3.759054473465115,0.4987144408063464,38,1.3026315789473684,0.18250560253949374,22,-0.45454545454545453,-0.041855164272098476,31,11.588709677419354,1.2444570385394724,22,-3.659090909090909,-0.5571417107017015
F2diract,5,3,Lret_mid,strict,simple/0,66,8.390151515151516,1.1444238786897272,1.1432679903686733,-2.3339646464646466,7.136974913072495,1.5026136832810288,23,15.902173913043478,1.5191278541654247,21,-5.928571428571429,-0.5162061558023305,22,14.204545454545455,0.9067031145626263,21,-5.214285714285714,-0.5887926513596546
F2diract,5,3,Lret_mid,loose,simple/0,92,2.5244565217391304,0.38324372823613956,0.35566985016491914,-1.056763285024154,7.225105515104932,0.4956633227398996,32,11.546875,1.4447703502800635,29,-3.1293103448275863,-0.29991011681101504,31,-1.5,-0.10043148035314116,28,-9.133928571428571,-1.1670992743795927
F2diract,5,3,Lret_mid,simple,simple/0,66,8.390151515151516,1.1444238786897272,1.1432679903686733,-2.3339646464646466,7.136974913072495,1.5026136832810288,23,15.902173913043478,1.5191278541654247,21,-5.928571428571429,-0.5162061558023305,22,14.204545454545455,0.9067031145626263,21,-5.214285714285714,-0.5887926513596546
F2diract,5,3,Lret_top3,strict,simple/0,139,-3.577338129496403,-0.7342568116762288,-0.7208761931571169,0.6503796962430052,4.726484484468836,-0.8944740725652718,59,-3.402542372881356,-0.7693375040801613,48,9.822916666666666,1.1467273702909062,32,-24.0,-1.6865491348989794,53,-0.7547169811320755,-0.25561204096059126
F2diract,5,3,Lret_top3,loose,simple/0,296,0.09966216216216216,0.03267510537218383,0.028282161800488655,1.2029373123123128,3.0233823966521194,-0.36491419390806795,118,-1.5614406779661016,-0.4256946936643892,103,4.820388349514563,0.9237579130285942,75,-3.77,-0.4839694394394273,97,0.49742268041237114,0.19776778662724048
F2diract,5,3,Lret_top3,simple,simple/0,276,3.0443840579710146,0.9088727229076908,0.8962429245436228,2.4366948470209326,3.158301386546262,0.1924101396841725,112,1.625,0.43527816095291577,92,9.296195652173912,1.6794619013842615,72,-2.736111111111111,-0.30345401798482996,89,-0.9831460674157303,-0.3860185824414878
F2diract,5,3,Lact,simple,simple/0,76,0.24342105263157895,0.04267324395437437,0.04443312410219914,-3.79879385964912,5.576697022852152,0.7248403303454604,33,3.0984848484848486,0.5328039735195156,25,5.75,0.4801303953455913,18,-12.63888888888889,-0.9049245122459454,18,-9.916666666666666,-1.191824185965588
F2diract,5,3,Ldrift,strict,simple/0,45,15.133333333333333,1.6319551995680752,1.516123469765576,6.86820987654321,9.582299097992559,0.8625407506348474,17,5.852941176470588,0.6449554009574667,14,35.125,2.56545981826915,14,6.410714285714286,0.2661151801395086,12,-6.75,-1.0340442553934013
F2diract,5,3,Ldrift,loose,simple/0,162,5.912037037037037,1.4358115966997396,1.2238722072713455,3.4795953360768155,4.139560266081981,0.5876087179816527,60,0.825,0.1598300699394817,55,12.595454545454546,1.7413141600733055,47,4.585106382978723,0.49117688992581127,36,-6.486111111111111,-1.5477728711144665
F2diract,5,3,Ldrift,simple,simple/0,45,15.133333333333333,1.6319551995680752,1.516123469765576,6.86820987654321,9.582299097992559,0.8625407506348474,17,5.852941176470588,0.6449554009574667,14,35.125,2.56545981826915,14,6.410714285714286,0.2661151801395086,13,-7.538461538461538,-1.2447476449033708
F2diract,5,7,Lret_mid,strict,simple/0,28,-7.133928571428571,-0.5180406365538507,-0.48034428554234965,8.207341269841269,15.178860463002993,-1.0106997082332172,10,-31.3,-1.9663638663042893,6,,,12,-0.20833333333333334,-0.0075336933378425605,4,,
F2diract,5,7,Lret_mid,loose,simple/0,54,-5.861111111111111,-0.6390025225652479,-0.5516203645961572,6.084362139917695,10.623930701959113,-1.1243929940945485,19,-15.552631578947368,-1.3016521304336688,14,20.732142857142858,1.7316497367915182,21,-14.821428571428571,-0.7778272342390901,13,-14.423076923076923,-1.7726979721764953
F2diract,5,7,Lret_mid,simple,simple/0,28,-7.133928571428571,-0.5180406365538507,-0.48034428554234965,8.207341269841269,15.178860463002993,-1.0106997082332172,10,-31.3,-1.9663638663042893,6,,,12,-0.20833333333333334,-0.0075336933378425605,4,,
F2diract,5,7,Lret_top3,strict,simple/0,59,5.190677966101695,0.8186595579871068,0.8336821250055023,-0.4402071563088512,5.466484115201474,1.0300743592672112,22,5.5,0.6291631279267257,20,-4.025,-0.3534624797081713,17,15.632352941176471,1.159561176677328,21,4.083333333333333,0.7103613066148539
F2diract,5,7,Lret_top3,loose,simple/0,121,3.293388429752066,0.7000658817789507,0.6046114707600222,-0.8375803489439854,3.811735429944319,1.0837501328775057,41,1.079268292682927,0.14556841063632292,42,-6.321428571428571,-0.8275568946923431,38,16.30921052631579,1.7639109432351012,45,5.111111111111111,1.158056489247966
F2diract,5,7,Lret_top3,simple,simple/0,102,2.406862745098039,0.41678112387588134,0.3950074267015699,2.3443627450980395,5.480551043654182,0.011403962758884808,38,0.17105263157894737,0.022666656877759834,30,1.95,0.1842050628152431,34,5.3088235294117645,0.43709370605017295,33,-0.06060606060606061,-0.012087747274468184
F2diract,5,7,Lact,strict,simple/0,61,3.3852459016393444,0.5486587304094943,0.5707117131595038,-1.2331511839708555,4.941481709103,0.9346178651440464,25,8.61,1.0621031816780195,19,-4.447368421052632,-0.4192504464616507,17,4.455882352941177,0.301140681602362,21,1.3095238095238095,0.20716420731123678
F2diract,5,7,Lact,loose,simple/0,138,-0.37318840579710144,-0.09071123976034531,-0.07708693088065605,-1.0313003220611914,3.2497243983863497,0.20251314745055776,52,-1.4038461538461537,-0.2222899623164318,45,-10.15,-1.8251650552290282,41,11.664634146341463,1.2505643758987925,42,1.7321428571428572,0.3639688563010251
F2diract,5,7,Lact,simple,simple/0,121,1.628099173553719,0.3942049552671558,0.3873203582081763,0.20293847566574824,3.3198120076348,0.42928957862988343,52,4.769230769230769,0.8932023174738126,39,-3.0641025641025643,-0.4209904744820652,30,2.283333333333333,0.22183020554455682,31,-0.5564516129032258,-0.10609386462259891
F2diract,5,7,Ldrift,strict,simple/0,28,-7.133928571428571,-0.5180406365538507,-0.48034428554234965,8.207341269841269,15.178860463002993,-1.0106997082332172,10,-31.3,-1.9663638663042893,6,,,12,-0.20833333333333334,-0.0075336933378425605,4,,
F2diract,5,7,Ldrift,loose,simple/0,54,-5.861111111111111,-0.6390025225652479,-0.5516203645961572,6.084362139917695,10.623930701959113,-1.1243929940945485,19,-15.552631578947368,-1.3016521304336688,14,20.732142857142858,1.7316497367915182,21,-14.821428571428571,-0.7778272342390901,13,-14.423076923076923,-1.7726979721764953
F2diract,5,7,Ldrift,simple,simple/0,28,-7.133928571428571,-0.5180406365538507,-0.48034428554234965,8.207341269841269,15.178860463002993,-1.0106997082332172,10,-31.3,-1.9663638663042893,6,,,12,-0.20833333333333334,-0.0075336933378425605,4,,
F2diract,5,11,Lret_mid,strict,simple/0,29,-1.8620689655172413,-0.19454624431084902,-0.19798980800682647,-2.4506704980842917,9.428954854972812,0.062424896674165654,7,,,11,-4.295454545454546,-0.27063835471444486,11,-6.318181818181818,-0.34619578396063483,13,-1.5769230769230769,-0.11407502146293672
F2diract,5,11,Lret_mid,loose,simple/0,44,-7.7727272727272725,-0.7776332630361954,-0.6982536988754198,-0.6928661616161615,10.679874440531348,-0.6629161373135836,11,11.568181818181818,1.1882920180527818,16,0.453125,0.02975809315824903,17,-28.029411764705884,-1.3888890022412679,20,-8.35,-0.7830604906478653
F2diract,5,11,Lret_mid,simple,simple/0,29,-1.8620689655172413,-0.19454624431084902,-0.19798980800682647,-2.4506704980842917,9.428954854972812,0.062424896674165654,7,,,11,-4.295454545454546,-0.27063835471444486,11,-6.318181818181818,-0.34619578396063483,13,-1.5769230769230769,-0.11407502146293672
F2diract,5,11,Lret_top3,strict,simple/0,213,0.784037558685446,0.22576198814174203,0.19695031448044625,-6.308229003651534,3.535758768713672,2.0058683372557073,78,3.5961538461538463,0.8219031870379542,66,-0.7878787878787878,-0.11247040210510134,69,-0.8913043478260869,-0.13071970100081193,57,1.8596491228070176,0.7793341756939878
F2diract,5,11,Lret_top3,loose,simple/0,348,0.9066091954022989,0.33614710457775704,0.2585566922096607,-6.271471902937417,2.8240116672360913,2.5418029187411353,131,3.795801526717557,1.0178725495493186,105,0.8047619047619048,0.14606391655201484,112,-2.377232142857143,-0.47777836863094464,82,0.8810975609756098,0.408961996225195
F2diract,5,11,Lret_top3,simple,simple/0,335,1.5880597014925373,0.5778643167802021,0.5274126692293439,-2.0860696517412944,2.82987851884221,1.2983346559826994,127,2.559055118110236,0.7787160479706574,105,0.7166666666666667,0.12752841139918852,103,1.279126213592233,0.2292232644045578,88,2.241477272727273,1.1029867482271283
F2diract,5,11,Lact,loose,simple/0,42,4.726190476190476,0.592615078556377,0.5734965245044609,0.11871693121693168,6.220299960452838,0.7407156526641394,22,10.204545454545455,1.2784015589906808,12,19.520833333333332,1.148835067867354,8,,,8,,
F2diract,5,11,Lact,simple,simple/0,113,6.6084070796460175,1.348864430034949,1.3143316484550085,2.0497787610619462,4.25279478263563,1.071913541936511,46,5.684782608695652,1.1735930631020586,35,13.221428571428572,1.569089354151202,32,0.703125,0.054024994328337905,29,-6.517241379310345,-1.093450395999759
F2diract,5,11,Ldrift,strict,simple/0,31,-0.21774193548387097,-0.018672418855757954,-0.018981074788387533,2.3033154121863806,12.822888982312579,-0.1966060340339611,13,-1.4615384615384615,-0.12394076814895687,6,,,12,-15.104166666666666,-0.583050203013437,6,,
F2diract,5,11,Ldrift,loose,simple/0,129,-1.7732558139534884,-0.38273335458863533,-0.3217179869970193,0.9912790697674424,4.922564870794153,-0.5616045610943734,48,-5.817708333333333,-1.0276395333380615,38,11.06578947368421,1.6924851755012675,43,-8.604651162790697,-0.792355636351116,28,-2.294642857142857,-0.4954796272846685
F2diract,5,11,Ldrift,simple,simple/0,31,-0.21774193548387097,-0.018672418855757954,-0.018981074788387533,2.3033154121863806,12.822888982312579,-0.1966060340339611,13,-1.4615384615384615,-0.12394076814895687,6,,,12,-15.104166666666666,-0.583050203013437,6,,
F2diract,5,23,Lret_mid,loose,simple/0,30,-25.108333333333334,-2.349469950221078,-2.0328883883702984,-6.6930555555555555,10.208428515407046,-1.8039287584748782,13,-44.28846153846154,-3.3182773096490026,11,-15.545454545454545,-1.2632527858565854,6,,,4,,
F2diract,5,23,Lret_top3,strict,simple/0,134,-2.125,-0.4376387159235404,-0.44590466912937166,-0.009121061359866503,4.827751204626978,-0.4382742293373048,59,-2.6822033898305087,-0.55896973551255,42,14.107142857142858,1.7380143326013562,33,-21.78787878787879,-1.567199654352983,48,1.4010416666666667,0.4164985977122039
F2diract,5,23,Lret_top3,loose,simple/0,283,0.45671378091872794,0.14733885384248732,0.13044632818632865,1.4168138987043588,3.1286221883889103,-0.30687633724161373,117,-2.982905982905983,-0.7717655345134006,94,7.529255319148936,1.4721289163161146,72,-3.1875,-0.397721613881491,94,1.3324468085106382,0.5149833676965955
F2diract,5,23,Lret_top3,simple,simple/0,251,5.055776892430279,1.443767998809626,1.4060186179993406,1.8993470562195647,3.345424172367727,0.9435066148806918,100,1.1725,0.27743932942184835,84,15.74702380952381,2.9006511426277743,67,-2.5522388059701493,-0.27819307717783776,78,0.7083333333333334,0.2422457682910711
F2diract,5,23,Lact,loose,simple/0,37,-20.91216216216216,-2.2914846284927455,-1.9695106771190276,-4.218093093093092,9.045815174522149,-1.8455018975059863,15,-34.11666666666667,-2.5390976055734233,13,-17.71153846153846,-1.680044916357379,9,,,7,,
F2diract,5,23,Lact,simple,simple/0,63,-0.4722222222222222,-0.07673413668344109,-0.07574093682030475,-0.6448412698412701,5.503785383182533,0.03136369527534736,31,-6.516129032258065,-0.9596019958690417,16,1.09375,0.0747761401964804,16,9.671875,0.6642746755972818,15,-8.183333333333334,-1.2420847496268932
F2diract,5,23,Ldrift,loose,simple/0,30,-25.108333333333334,-2.349469950221078,-2.0328883883702984,-6.6930555555555555,10.208428515407046,-1.8039287584748782,13,-44.28846153846154,-3.3182773096490026,11,-15.545454545454545,-1.2632527858565854,6,,,4,,
F2diract,6,1,Lret_mid,strict,simple/0,76,4.095394736842105,0.4848095342887365,0.5696219167185909,-3.95705409356725,7.115139145630385,1.1317345543909145,25,16.54,1.709441490944906,23,1.8369565217391304,0.16075190243530088,28,-5.160714285714286,-0.2690668800170508,22,-0.8181818181818182,-0.09113063272862597
F2diract,6,1,Lret_mid,loose,simple/0,100,0.9725,0.13545845911907006,0.1456223678554388,-2.5666666666666655,7.090901055421501,0.49911381346390665,35,10.542857142857143,1.4132392857359322,30,1.8583333333333334,0.17492467795506167,35,-9.357142857142858,-0.5544796079860702,28,-6.205357142857143,-0.7539146333967313
F2diract,6,1,Lret_mid,simple,simple/0,76,4.095394736842105,0.4848095342887365,0.5696219167185909,-3.95705409356725,7.115139145630385,1.1317345543909145,25,16.54,1.709441490944906,23,1.8369565217391304,0.16075190243530088,28,-5.160714285714286,-0.2690668800170508,22,-0.8181818181818182,-0.09113063272862597
F2diract,6,1,Lret_top3,strict,simple/0,177,2.0437853107344632,0.5903240067754771,0.5327430879591832,3.1129158819836777,4.40312077888703,-0.24281200197271377,63,4.345238095238095,0.8770459719820657,54,-2.3935185185185186,-0.3612968065194948,60,3.620833333333333,0.5555571676201336,41,-5.408536585365853,-1.5471563562972015
F2diract,6,1,Lret_top3,loose,simple/0,295,5.277966101694915,1.3873832082039355,1.247381491220603,5.307297551789079,3.4858825983488506,-0.008414353973956859,107,2.0630841121495327,0.5846448230752161,89,8.351123595505618,0.7941190481828674,99,5.98989898989899,1.1900005637947486,82,-3.524390243902439,-1.43705682116226
F2diract,6,1,Lret_top3,simple,simple/0,314,2.8224522292993632,1.0986463274207308,1.0339853652304374,3.2273973814578927,2.923888199345555,-0.1384954295616252,122,4.008196721311475,1.324519612414847,105,0.31666666666666665,0.06326706989999438,87,4.183908045977011,0.740423776304403,78,-2.6378205128205128,-1.1613950877885104
F2diract,6,1,Lact,strict,simple/0,111,2.5382882882882885,0.5706058864034514,0.6179016219481102,1.2786536536536541,4.260035230955481,0.2956864359903689,47,0.1702127659574468,0.04456661953482018,37,10.162162162162161,1.2368334618952734,27,-3.787037037037037,-0.29376384921206655,39,-1.6794871794871795,-0.4752264379649267
F2diract,6,1,Lact,loose,simple/0,182,1.8021978021978022,0.5271606453510868,0.5284097754397056,0.9420024420024422,3.3250353684698903,0.25870261963294644,76,-2.361842105263158,-0.6716199855403328,64,6.16015625,1.0282775157360573,42,2.6964285714285716,0.27360792543607515,53,-0.330188679245283,-0.10867071741993514
F2diract,6,1,Lact,simple,simple/0,245,-1.9040816326530612,-0.601700325411773,-0.5877461633365594,1.709863945578232,2.800032631910309,-1.290679807458421,102,-4.625,-1.5527055036436277,89,2.157303370786517,0.34784091551971386,54,-3.4583333333333335,-0.4099986414326517,72,-0.5208333333333334,-0.2136954426359591
F2diract,6,1,Ldrift,strict,simple/0,44,4.1875,0.3997293190329787,0.3850205220627608,5.057449494949496,10.644981564644134,-0.08172390808443626,17,-17.941176470588236,-1.7009321054039555,11,38.36363636363637,2.351706297180354,16,4.203125,0.18276857003672575,8,,
F2diract,6,1,Ldrift,loose,simple/0,160,0.9390625,0.19715253446229253,0.16127043122791523,3.1868055555555537,4.520103730121241,-0.49727687454979347,61,-7.897540983606557,-1.3520469497556453,46,14.880434782608695,1.790079347515236,53,-0.9905660377358491,-0.09568749814268482,37,-4.405405405405405,-0.9877999262739577
F2diract,6,1,Ldrift,simple,simple/0,44,4.1875,0.3997293190329787,0.3850205220627608,5.057449494949496,10.644981564644134,-0.08172390808443626,17,-17.941176470588236,-1.7009321054039555,11,38.36363636363637,2.351706297180354,16,4.203125,0.18276857003672575,8,,
F2diract,6,3,Lret_mid,strict,simple/0,49,0.28061224489795916,0.04027782461397809,0.04284614574808936,3.5547052154195002,6.612913309279748,-0.49510598693726743,20,2.4375,0.3748747003046871,18,-0.8888888888888888,-0.06160588321695853,11,-1.7272727272727273,-0.09791791813178209,15,-2.183333333333333,-0.7469061382618615
F2diract,6,3,Lret_mid,loose,simple/0,82,4.661585365853658,0.9258016227687498,0.9592715915670116,3.426490514905149,5.130139777834562,0.24075267038237388,34,4.625,0.8075799851953582,31,2.943548387096774,0.31900724608842973,17,7.867647058823529,0.5682134017608359,21,1.4761904761904763,0.4345244997516288
F2diract,6,3,Lret_mid,simple,simple/0,49,0.28061224489795916,0.04027782461397809,0.04284614574808936,3.5547052154195002,6.612913309279748,-0.49510598693726743,20,2.4375,0.3748747003046871,18,-0.8888888888888888,-0.06160588321695853,11,-1.7272727272727273,-0.09791791813178209,15,-2.183333333333333,-0.7469061382618615
F2diract,6,3,Lret_top3,strict,simple/0,275,0.5654545454545454,0.19377890225522,0.1826248497204529,1.052424242424243,3.2307697823071693,-0.15072868999719966,98,1.8214285714285714,0.4973522045224257,87,-1.8477011494252873,-0.31709624083649196,90,1.5305555555555554,0.2689951420663327,68,-4.470588235294118,-1.8273443732296035
F2diract,6,3,Lret_top3,loose,simple/0,453,2.683222958057395,0.9464435708368332,0.82609313314295,3.169763306352711,2.562842165776594,-0.18984405469537924,157,-0.7914012738853503,-0.279951697871314,146,6.671232876712328,0.9475155215554586,150,2.4383333333333335,0.5790275941927701,119,-3.466386554621849,-1.8196393874780474
F2diract,6,3,Lret_top3,simple,simple/0,407,1.098894348894349,0.47632983755279673,0.4478797045030572,2.169772044772045,2.47190644237269,-0.43321934743201723,157,0.6369426751592356,0.2138209866389843,129,1.430232558139535,0.3147343313539511,121,1.3450413223140496,0.28602277797861025,100,-2.99,-1.5557257675936031
F2diract,6,3,Lact,strict,simple/0,90,1.0722222222222222,0.2263535261589252,0.2532744855171054,0.9645061728395056,4.577724936195153,0.023530476576044883,39,-2.6474358974358974,-0.6636144403246558,29,-0.9913793103448276,-0.10133276758629041,22,10.386363636363637,0.8105790320711795,25,-2.37,-0.49317702881204334
F2diract,6,3,Lact,loose,simple/0,145,4.177586206896552,1.1156573204683689,1.1808808669880395,2.163218390804598,3.707881669081338,0.5432664782398604,62,-2.100806451612903,-0.5327464216433988,49,3.413265306122449,0.49370470321023513,34,16.727941176470587,1.6616689950111843,39,1.2884615384615385,0.32696319717879213
F2diract,6,3,Lact,simple,simple/0,188,-1.240691489361702,-0.35068604073487886,-0.35299780137457376,1.632609338061466,3.1092020717830806,-0.924128043493607,83,-5.816265060240964,-1.7880535973052687,64,-1.1484375,-0.14910226272225202,41,7.878048780487805,0.9072001533460125,54,-0.10648148148148148,-0.03480358322969909
F2diract,6,3,Ldrift,strict,simple/0,53,-4.712264150943396,-0.40391221740662264,-0.3873303843990699,2.5715408805031443,9.78462727009576,-0.7444131319858908,22,-13.636363636363637,-1.5748878793563665,14,33.035714285714285,2.075890050290416,17,-24.25,-0.7751680072480078,11,-12.863636363636363,-1.9190432438452465
F2diract,6,3,Ldrift,loose,simple/0,170,-1.963235294117647,-0.38852462181919956,-0.3253072042241311,2.262499999999999,4.466649061642213,-0.9460638693123581,67,-9.485074626865671,-1.8583466852969905,48,16.427083333333332,2.0032207750485216,55,-8.85,-0.7237901581862565,40,-6.425,-1.4933449812021486
F2diract,6,3,Ldrift,simple,simple/0,53,-4.712264150943396,-0.40391221740662264,-0.3873303843990699,2.5715408805031443,9.78462727009576,-0.7444131319858908,22,-13.636363636363637,-1.5748878793563665,14,33.035714285714285,2.075890050290416,17,-24.25,-0.7751680072480078,11,-12.863636363636363,-1.9190432438452465
F2diract,6,7,Lret_mid,strict,simple/0,28,-17.044642857142858,-0.997903670529148,-1.016215356994243,2.5173611111111103,16.00153038111454,-1.222508316538373,12,-24.5,-1.9151976861299074,7,,,9,,,5,,
F2diract,6,7,Lret_mid,loose,simple/0,54,-15.694444444444445,-1.3488327463779746,-1.2044033337037288,2.03395061728395,11.411197873921653,-1.5535963233311045,21,-30.833333333333332,-2.5088020072652504,16,20.3125,1.8413612510829795,17,-30.88235294117647,-0.9887402348136566,12,-16.520833333333332,-1.8744949795472714
F2diract,6,7,Lret_mid,simple,simple/0,28,-17.044642857142858,-0.997903670529148,-1.016215356994243,2.5173611111111103,16.00153038111454,-1.222508316538373,12,-24.5,-1.9151976861299074,7,,,9,,,5,,
F2diract,6,7,Lret_top3,strict,simple/0,271,-1.5673431734317342,-0.6566580085295415,-0.6168413956705009,2.330822058220582,2.3632557055383487,-1.6494893982554952,114,-0.19517543859649122,-0.070772449793497,78,-2.230769230769231,-0.41602663745340035,79,-2.892405063291139,-0.5946053111138925,76,-3.1414473684210527,-1.407259782607774
F2diract,6,7,Lret_top3,loose,simple/0,419,0.32398568019093077,0.1637565954794906,0.1293181882189409,2.10693450013259,1.9715061914393868,-0.9043587221199327,172,1.315406976744186,0.582859723901201,121,-1.96900826446281,-0.4578489833505157,126,1.1726190476190477,0.28516686170167965,119,-0.34663865546218486,-0.1981405474811713
F2diract,6,7,Lret_top3,simple,simple/0,324,-1.6651234567901234,-0.7721837104753642,-0.7197817059604386,2.375643004115225,2.133942502007118,-1.893568574178889,135,0.5351851851851852,0.22115430105554246,99,-4.063131313131313,-0.866466177274961,90,-2.327777777777778,-0.5112017145248361,84,-2.0238095238095237,-0.9693181509262593
F2diract,6,7,Lact,strict,simple/0,32,-10.75,-1.3825014487209648,-1.404622876524079,-2.618489583333332,6.957225611509514,-1.1687863626579114,18,2.2777777777777777,0.2891467515881761,7,,,7,,,6,,
F2diract,6,7,Lact,loose,simple/0,56,-7.959821428571429,-1.3068491202087567,-1.136142629821265,-2.5039682539682553,5.568337428654481,-0.979799310747142,25,-1.47,-0.2329598687609768,16,-14.5,-1.206230110432092,15,-11.8,-0.7376808060979632,14,0.4642857142857143,0.07061936912108707
F2diract,6,7,Lact,simple,simple/0,149,4.266778523489933,1.155315360539367,1.031960901613677,1.5305741983594336,3.710785894903373,0.7373651842561368,62,7.604838709677419,1.768126126591993,43,0.26744186046511625,0.03968477682626116,44,3.471590909090909,0.39333284719705075,42,-2.3452380952380953,-0.5028223686192248
F2diract,6,11,Lret_top3,strict,simple/0,367,3.2350136239782015,1.0602321091171398,1.003727059368355,1.1498259158340909,2.7760702977647895,0.7511292887010257,144,0.3107638888888889,0.10517855636219763,106,7.46933962264151,0.9198103682861742,117,2.997863247863248,0.6045897856796287,93,-3.532258064516129,-1.5021645920569844
F2diract,6,11,Lret_top3,loose,simple/0,586,4.337883959044369,1.6582031315701105,1.2500387134009483,2.9847127417519927,2.2156154138742323,0.6107428251395925,226,-0.08517699115044247,-0.03659584365455604,174,10.221264367816092,1.4152187322382959,186,4.208333333333333,1.1153102819978562,157,-2.444267515923567,-1.3655549282978066
F2diract,6,11,Lret_top3,simple,simple/0,473,2.86046511627907,1.1156925215524034,1.0506656305179691,2.030449847310312,2.3383677190742684,0.3549549808604743,189,0.31613756613756616,0.11576224761479757,142,6.045774647887324,0.9541662784283794,142,3.061619718309859,0.6883931382021802,109,-2.194954128440367,-1.0452361367175225
F2diract,6,11,Lact,strict,simple/0,59,3.889830508474576,0.6455441030203644,0.6510837618386286,-0.12264595103578037,4.780636081292559,0.8393185323626408,25,1.34,0.23404486081654552,12,-6.25,-0.4449242159060196,22,12.318181818181818,0.9631252405847751,18,-1.8333333333333333,-0.2544105253976031
F2diract,6,11,Lact,loose,simple/0,94,2.273936170212766,0.4844364095582707,0.4812413029062317,2.1725768321513,4.9328886635781215,0.020547663848537758,41,4.420731707317073,0.9219032393179611,22,-7.295454545454546,-0.8616208203471231,31,6.225806451612903,0.5501578084668273,34,-1.3897058823529411,-0.2520063469064397
F2diract,6,11,Lact,simple,simple/0,122,3.8586065573770494,0.9388825319807982,0.917736604044347,1.4603825136612025,4.200219591508179,0.570975871967378,50,4.13,0.96088248621885,32,1.0078125,0.13154731884609444,40,5.8,0.600697707375907,34,-1.7941176470588236,-0.3632490795473689
F2diract,6,11,Ldrift,loose,simple/0,44,-4.517045454545454,-0.4294793554067821,-0.3642779254177159,1.57449494949495,11.5554090797878,-0.5271592171232995,16,-25.3125,-2.1628497898885484,15,31.2,1.6356945797069034,13,-20.134615384615383,-0.9452224241021826,9,,
F2diract,6,23,Lret_mid,strict,simple/0,84,7.517857142857143,1.2009957573183427,1.2010675577222099,-4.8817791005291,6.290488576440235,1.971172205896152,33,13.704545454545455,1.6105293241966228,22,-2.6704545454545454,-0.24300225005661624,29,8.206896551724139,0.6309739160223099,21,-2.1666666666666665,-0.22861842940404933
F2diract,6,23,Lret_mid,loose,simple/0,115,0.7065217391304348,0.11863824847780181,0.12279274176618123,-4.145048309178741,6.394785233486224,0.7586759947627297,46,9.494565217391305,1.4699403050461688,29,3.913793103448276,0.36276768098196216,40,-11.725,-0.8846432965304181,29,-7.396551724137931,-0.9294752648069563
F2diract,6,23,Lret_mid,simple,simple/0,84,7.517857142857143,1.2009957573183427,1.2010675577222099,-4.8817791005291,6.290488576440235,1.971172205896152,33,13.704545454545455,1.6105293241966228,22,-2.6704545454545454,-0.24300225005661624,29,8.206896551724139,0.6309739160223099,21,-2.1666666666666665,-0.22861842940404933
F2diract,6,23,Lret_top3,strict,simple/0,270,0.5740740740740741,0.19671399246574098,0.1838282117409846,1.1793209876543216,3.2092251386748547,-0.18859596551401955,95,2.4894736842105263,0.6627296213373055,87,-2.7729885057471266,-0.4850201814845322,88,1.8153409090909092,0.3199080773437617,68,-5.382352941176471,-2.095462789932318
F2diract,6,23,Lret_top3,loose,simple/0,449,2.7138084632516706,0.9598737564979521,0.8413032574089506,3.268714427122,2.513768602547683,-0.22074663646762754,156,-0.7083333333333334,-0.2488873454873466,146,5.926369863013699,0.8461076442988202,147,3.1547619047619047,0.7597280797850248,118,-3.913135593220339,-1.9828812209052156
F2diract,6,23,Lret_top3,simple,simple/0,409,1.0592909535452322,0.46268846179238865,0.43868563423350826,2.126188535723988,2.429511992667061,-0.43914069385084226,156,1.0673076923076923,0.35745443292903345,134,0.6119402985074627,0.1379468909501501,119,1.5525210084033614,0.3313258785737492,100,-4.065,-2.021561537308865
F2diract,6,23,Lact,strict,simple/0,96,1.6640625,0.3447165941433972,0.3805574870677433,1.2021122685185186,4.577880127292337,0.1009092022151112,40,0.125,0.031315859533517225,32,3.6796875,0.3932773898619713,24,1.5416666666666667,0.11419783829966439,24,-2.3333333333333335,-0.46573388307963365
F2diract,6,23,Lact,loose,simple/0,152,3.7713815789473686,1.0055884428814588,1.0609470707757547,1.977704678362573,3.673007331253653,0.4883401362481317,64,-0.48046875,-0.12440534648195993,53,6.349056603773585,0.9585993948260148,35,7.642857142857143,0.7052387508427704,37,0.4391891891891892,0.10887764557179579
F2diract,6,23,Lact,simple,simple/0,195,-0.4256410256410256,-0.119391253980545,-0.12044582160886487,1.9338319088319094,3.122743500844137,-0.7555769258138314,84,-4.458333333333333,-1.3671017317384475,68,2.3529411764705883,0.3138894105147846,43,3.058139534883721,0.33753872802425594,53,-0.04716981132075472,-0.015132142734124675
F2diract,6,23,Ldrift,strict,simple/0,49,-2.229591836734694,-0.17780428931964978,-0.17050844943147225,2.978458049886622,10.51554807315067,-0.49527136868110755,20,-13.4625,-1.4136309088650092,13,40.13461538461539,2.5919350282601252,16,-22.609375,-0.6798167726272937,10,-8.925,-1.4883888772228726
F2diract,6,23,Ldrift,loose,simple/0,164,-1.2347560975609757,-0.2367783328047163,-0.19693521204200667,2.4411415989159893,4.605257412956498,-0.7981959241051632,65,-9.46923076923077,-1.8005070037046087,46,17.934782608695652,2.133209179775388,53,-7.773584905660377,-0.6138309160056673,39,-5.25,-1.236345304176146
F2diract,6,23,Ldrift,simple,simple/0,49,-2.229591836734694,-0.17780428931964978,-0.17050844943147225,2.978458049886622,10.51554807315067,-0.49527136868110755,20,-13.4625,-1.4136309088650092,13,40.13461538461539,2.5919350282601252,16,-22.609375,-0.6798167726272937,10,-8.925,-1.4883888772228726
F3desk,3,1,Lret_mid,strict,simple/0,25,20.98,1.4821713352857584,1.4525380653546167,4.123888888888888,16.817160013362322,1.0023161519375352,6,,,9,,,10,9.9,0.4574551441169988,2,,
F3desk,3,1,Lret_mid,loose,simple/0,48,20.614583333333332,2.1516954603539262,1.6124517143451265,6.614872685185187,12.091230634086408,1.1578400141240826,15,11.016666666666667,0.5674008768278657,16,41.4375,2.652935413075508,17,9.485294117647058,0.6444119604551135,4,,
F3desk,3,1,Lret_mid,simple,simple/0,25,20.98,1.4821713352857584,1.4525380653546167,4.123888888888888,16.817160013362322,1.0023161519375352,6,,,9,,,10,9.9,0.4574551441169988,2,,
F3desk,3,1,Lret_top3,strict,simple/0,25,20.98,1.4821713352857584,1.4525380653546167,4.123888888888888,16.817160013362322,1.0023161519375352,6,,,9,,,10,9.9,0.4574551441169988,2,,
F3desk,3,1,Lret_top3,loose,simple/0,48,20.614583333333332,2.1516954603539262,1.6124517143451265,6.614872685185187,12.091230634086408,1.1578400141240826,15,11.016666666666667,0.5674008768278657,16,41.4375,2.652935413075508,17,9.485294117647058,0.6444119604551135,4,,
F3desk,3,1,Lret_top3,simple,simple/0,25,20.98,1.4821713352857584,1.4525380653546167,4.123888888888888,16.817160013362322,1.0023161519375352,6,,,9,,,10,9.9,0.4574551441169988,2,,
F3desk,3,1,Lact,strict,simple/0,334,1.9805389221556886,0.6771474330931398,0.6512576741145029,1.256570192947438,2.7651638304242803,0.2618176620287871,129,-1.1007751937984496,-0.37075646189316563,116,-4.560344827586207,-0.7964090192621336,89,14.97191011235955,2.2483363441146187,85,-1.3558823529411765,-0.43814747196443204
F3desk,3,1,Lact,loose,simple/0,582,1.7173539518900343,0.7764505841750816,0.6168861125944756,0.9625095456281023,2.0720675060104226,0.3642952770951542,222,-0.7364864864864865,-0.29475789301727323,196,-2.9285714285714284,-0.7280627172124076,164,10.591463414634147,2.053644070134812,148,-3.3496621621621623,-1.4231536659637745
F3desk,3,1,Lact,simple,simple/0,334,1.9805389221556886,0.6771474330931398,0.6512576741145029,1.256570192947438,2.7651638304242803,0.2618176620287871,129,-1.1007751937984496,-0.37075646189316563,116,-4.560344827586207,-0.7964090192621336,89,14.97191011235955,2.2483363441146187,85,-1.3558823529411765,-0.43814747196443204
F3desk,3,1,Ldrift,strict,simple/0,25,20.98,1.4821713352857584,1.4525380653546167,4.123888888888888,16.817160013362322,1.0023161519375352,6,,,9,,,10,9.9,0.4574551441169988,2,,
F3desk,3,1,Ldrift,loose,simple/0,48,20.614583333333332,2.1516954603539262,1.6124517143451265,6.614872685185187,12.091230634086408,1.1578400141240826,15,11.016666666666667,0.5674008768278657,16,41.4375,2.652935413075508,17,9.485294117647058,0.6444119604551135,4,,
F3desk,3,1,Ldrift,simple,simple/0,25,20.98,1.4821713352857584,1.4525380653546167,4.123888888888888,16.817160013362322,1.0023161519375352,6,,,9,,,10,9.9,0.4574551441169988,2,,
F3desk,3,3,Lret_mid,strict,simple/0,418,0.06638755980861244,0.029012126981059275,0.026211901541364713,-1.2670122275385454,2.009014743753581,0.6637083134869756,157,3.0684713375796178,0.927326956943235,128,-2.884765625,-0.6463937625106884,133,-0.6372180451127819,-0.1496841758185966,114,0.29605263157894735,0.13169757106613308
F3desk,3,3,Lret_mid,loose,simple/0,721,1.5585991678224689,0.8915147040539436,0.7164950842144521,-0.6803629218677767,1.5628816887401906,1.4325857842093155,275,1.8181818181818181,0.7359235476640986,215,-1.1244186046511628,-0.3418547675631389,231,3.7467532467532467,1.0912951495883592,191,2.2329842931937174,1.3375619477413339
F3desk,3,3,Lret_mid,simple,simple/0,419,0.008353221957040573,0.003658015762389556,0.0033051331952450905,-1.2645186953062868,2.005338376423593,0.6347417135323676,158,2.8955696202531644,0.8794505129282517,128,-2.884765625,-0.6463937625106884,133,-0.6372180451127819,-0.1496841758185966,115,0.4108695652173913,0.18413941919575713
F3desk,3,3,Lret_top3,strict,simple/0,418,0.06638755980861244,0.029012126981059275,0.026211901541364713,-1.2670122275385454,2.009014743753581,0.6637083134869756,157,3.0684713375796178,0.927326956943235,128,-2.884765625,-0.6463937625106884,133,-0.6372180451127819,-0.1496841758185966,114,0.29605263157894735,0.13169757106613308
F3desk,3,3,Lret_top3,loose,simple/0,721,1.5585991678224689,0.8915147040539436,0.7164950842144521,-0.6803629218677767,1.5628816887401906,1.4325857842093155,275,1.8181818181818181,0.7359235476640986,215,-1.1244186046511628,-0.3418547675631389,231,3.7467532467532467,1.0912951495883592,191,2.2329842931937174,1.3375619477413339
F3desk,3,3,Lret_top3,simple,simple/0,419,0.008353221957040573,0.003658015762389556,0.0033051331952450905,-1.2645186953062868,2.005338376423593,0.6347417135323676,158,2.8955696202531644,0.8794505129282517,128,-2.884765625,-0.6463937625106884,133,-0.6372180451127819,-0.1496841758185966,115,0.4108695652173913,0.18413941919575713
F3desk,3,3,Lact,strict,simple/0,418,0.06638755980861244,0.029012126981059275,0.026211901541364713,-1.2670122275385454,2.009014743753581,0.6637083134869756,157,3.0684713375796178,0.927326956943235,128,-2.884765625,-0.6463937625106884,133,-0.6372180451127819,-0.1496841758185966,114,0.29605263157894735,0.13169757106613308
F3desk,3,3,Lact,loose,simple/0,721,1.5585991678224689,0.8915147040539436,0.7164950842144521,-0.6803629218677767,1.5628816887401906,1.4325857842093155,275,1.8181818181818181,0.7359235476640986,215,-1.1244186046511628,-0.3418547675631389,231,3.7467532467532467,1.0912951495883592,191,2.2329842931937174,1.3375619477413339
F3desk,3,3,Lact,simple,simple/0,419,0.008353221957040573,0.003658015762389556,0.0033051331952450905,-1.2645186953062868,2.005338376423593,0.6347417135323676,158,2.8955696202531644,0.8794505129282517,128,-2.884765625,-0.6463937625106884,133,-0.6372180451127819,-0.1496841758185966,115,0.4108695652173913,0.18413941919575713
F3desk,3,3,Ldrift,strict,simple/0,37,-15.283783783783784,-1.3035989140513873,-1.3215804381548715,4.415165165165166,10.762979996254153,-1.8302504469770258,17,-7.779411764705882,-0.8105257230749195,11,-44.79545454545455,-1.3399302156024027,9,,,12,8.416666666666666,2.5123982380067957
F3desk,3,3,Ldrift,loose,simple/0,106,-7.650943396226415,-1.4568676999365728,-1.352056146317819,1.334381551362683,5.674524656366705,-1.5834498027086272,48,-6.572916666666667,-1.1605538101575144,28,-18.258928571428573,-1.220928273518344,30,0.525,0.06305782117722201,30,1.375,0.40561553665846695
F3desk,3,3,Ldrift,simple,simple/0,37,-15.283783783783784,-1.3035989140513873,-1.3215804381548715,4.415165165165166,10.762979996254153,-1.8302504469770258,17,-7.779411764705882,-0.8105257230749195,11,-44.79545454545455,-1.3399302156024027,9,,,12,8.416666666666666,2.5123982380067957
F3desk,3,7,Lret_mid,strict,simple/0,55,0.8863636363636364,0.1483092807469205,0.18410635168483655,10.307070707070704,5.351299068236783,-1.7604523594326276,31,3.8951612903225805,0.6742448367578657,13,-17.673076923076923,-1.0371436610296534,11,14.340909090909092,0.9918270087661949,15,-3.15,-0.46087828999374564
F3desk,3,7,Lret_mid,loose,simple/0,93,0.6209677419354839,0.12969664167224634,0.13348419085031182,9.966547192353643,4.2327602352372855,-2.20791609517997,49,0.8724489795918368,0.16540688904891113,23,-9.91304347826087,-0.8197330059651015,21,11.571428571428571,1.043695065251475,25,-2.56,-0.5356137911131571
F3desk,3,7,Lret_mid,simple,simple/0,55,0.8863636363636364,0.1483092807469205,0.18410635168483655,10.307070707070704,5.351299068236783,-1.7604523594326276,31,3.8951612903225805,0.6742448367578657,13,-17.673076923076923,-1.0371436610296534,11,14.340909090909092,0.9918270087661949,15,-3.15,-0.46087828999374564
F3desk,3,7,Lret_top3,strict,simple/0,55,0.8863636363636364,0.1483092807469205,0.18410635168483655,10.307070707070704,5.351299068236783,-1.7604523594326276,31,3.8951612903225805,0.6742448367578657,13,-17.673076923076923,-1.0371436610296534,11,14.340909090909092,0.9918270087661949,15,-3.15,-0.46087828999374564
F3desk,3,7,Lret_top3,loose,simple/0,93,0.6209677419354839,0.12969664167224634,0.13348419085031182,9.966547192353643,4.2327602352372855,-2.20791609517997,49,0.8724489795918368,0.16540688904891113,23,-9.91304347826087,-0.8197330059651015,21,11.571428571428571,1.043695065251475,25,-2.56,-0.5356137911131571
F3desk,3,7,Lret_top3,simple,simple/0,55,0.8863636363636364,0.1483092807469205,0.18410635168483655,10.307070707070704,5.351299068236783,-1.7604523594326276,31,3.8951612903225805,0.6742448367578657,13,-17.673076923076923,-1.0371436610296534,11,14.340909090909092,0.9918270087661949,15,-3.15,-0.46087828999374564
F3desk,3,7,Lact,strict,simple/0,68,-5.242647058823529,-0.7674561586928762,-0.776281300491877,5.153186274509806,6.421056206828366,-1.619022322570243,28,1.3839285714285714,0.2391764039373284,21,-24.738095238095237,-1.399895725675961,19,6.5394736842105265,0.5746452005320142,19,-8.789473684210526,-1.34765703720052
F3desk,3,7,Lact,loose,simple/0,128,-2.56640625,-0.5915684802544634,-0.49710955957596403,4.096571180555556,4.193025811165995,-1.5890618685942974,49,0.25,0.051092055015511666,43,-18.459302325581394,-1.9711968514133957,36,12.583333333333334,1.667497161029524,33,-2.3106060606060606,-0.454144779366117
F3desk,3,7,Lact,simple,simple/0,68,-5.242647058823529,-0.7674561586928762,-0.776281300491877,5.153186274509806,6.421056206828366,-1.619022322570243,28,1.3839285714285714,0.2391764039373284,21,-24.738095238095237,-1.399895725675961,19,6.5394736842105265,0.5746452005320142,19,-8.789473684210526,-1.34765703720052
F3desk,3,7,Ldrift,strict,simple/0,55,0.8863636363636364,0.1483092807469205,0.18410635168483655,10.307070707070704,5.351299068236783,-1.7604523594326276,31,3.8951612903225805,0.6742448367578657,13,-17.673076923076923,-1.0371436610296534,11,14.340909090909092,0.9918270087661949,15,-3.15,-0.46087828999374564
F3desk,3,7,Ldrift,loose,simple/0,93,0.6209677419354839,0.12969664167224634,0.13348419085031182,9.966547192353643,4.2327602352372855,-2.20791609517997,49,0.8724489795918368,0.16540688904891113,23,-9.91304347826087,-0.8197330059651015,21,11.571428571428571,1.043695065251475,25,-2.56,-0.5356137911131571
F3desk,3,7,Ldrift,simple,simple/0,55,0.8863636363636364,0.1483092807469205,0.18410635168483655,10.307070707070704,5.351299068236783,-1.7604523594326276,31,3.8951612903225805,0.6742448367578657,13,-17.673076923076923,-1.0371436610296534,11,14.340909090909092,0.9918270087661949,15,-3.15,-0.46087828999374564
F3desk,3,11,Lret_mid,strict,simple/0,186,-0.5900537634408602,-0.1937153765731868,-0.18224647243390937,-1.611932497013142,3.233252658381747,0.3160528549858937,74,2.4628378378378377,0.759963951533575,57,-8.399122807017545,-1.2773245873065793,55,3.3954545454545455,0.5353655471778969,40,0.68125,0.25052746169861173
F3desk,3,11,Lret_mid,loose,simple/0,384,-1.603515625,-0.7525834064443112,-0.5664998630992235,-1.413773148148148,2.283202966659463,-0.08310363976508969,148,0.24155405405405406,0.10335828172974405,116,-9.704741379310345,-2.060696004950202,120,3.9520833333333334,0.9616888924810045,90,0.375,0.18326535054581333
F3desk,3,11,Lret_mid,simple,simple/0,187,-0.7165775401069518,-0.2363155257217969,-0.22289030783363958,-1.604500891265597,3.2194609262312848,0.27579876616115734,75,2.1066666666666665,0.6548532636300085,57,-8.399122807017545,-1.2773245873065793,55,3.3954545454545455,0.5353655471778969,41,0.9939024390243902,0.3721818168609332
F3desk,3,11,Lret_top3,strict,simple/0,186,-0.5900537634408602,-0.1937153765731868,-0.18224647243390937,-1.611932497013142,3.233252658381747,0.3160528549858937,74,2.4628378378378377,0.759963951533575,57,-8.399122807017545,-1.2773245873065793,55,3.3954545454545455,0.5353655471778969,40,0.68125,0.25052746169861173
F3desk,3,11,Lret_top3,loose,simple/0,384,-1.603515625,-0.7525834064443112,-0.5664998630992235,-1.413773148148148,2.283202966659463,-0.08310363976508969,148,0.24155405405405406,0.10335828172974405,116,-9.704741379310345,-2.060696004950202,120,3.9520833333333334,0.9616888924810045,90,0.375,0.18326535054581333
F3desk,3,11,Lret_top3,simple,simple/0,187,-0.7165775401069518,-0.2363155257217969,-0.22289030783363958,-1.604500891265597,3.2194609262312848,0.27579876616115734,75,2.1066666666666665,0.6548532636300085,57,-8.399122807017545,-1.2773245873065793,55,3.3954545454545455,0.5353655471778969,41,0.9939024390243902,0.3721818168609332
F3desk,3,11,Lact,strict,simple/0,186,-0.5900537634408602,-0.1937153765731868,-0.18224647243390937,-1.611932497013142,3.233252658381747,0.3160528549858937,74,2.4628378378378377,0.759963951533575,57,-8.399122807017545,-1.2773245873065793,55,3.3954545454545455,0.5353655471778969,40,0.68125,0.25052746169861173
F3desk,3,11,Lact,loose,simple/0,384,-1.603515625,-0.7525834064443112,-0.5664998630992235,-1.413773148148148,2.283202966659463,-0.08310363976508969,148,0.24155405405405406,0.10335828172974405,116,-9.704741379310345,-2.060696004950202,120,3.9520833333333334,0.9616888924810045,90,0.375,0.18326535054581333
F3desk,3,11,Lact,simple,simple/0,187,-0.7165775401069518,-0.2363155257217969,-0.22289030783363958,-1.604500891265597,3.2194609262312848,0.27579876616115734,75,2.1066666666666665,0.6548532636300085,57,-8.399122807017545,-1.2773245873065793,55,3.3954545454545455,0.5353655471778969,41,0.9939024390243902,0.3721818168609332
F3desk,3,11,Ldrift,strict,simple/0,250,0.506,0.1400000706068412,0.1344157450431376,-0.9293333333333321,3.459032318683846,0.4149522759820507,101,1.1212871287128714,0.3064064666021691,81,-5.200617283950617,-0.6760235221708399,68,6.389705882352941,0.8017330823130946,65,-1.0769230769230769,-0.2832777187923022
F3desk,3,11,Ldrift,loose,simple/0,461,-0.4831887201735358,-0.1818172875430323,-0.14784124785063144,-1.034556519643285,2.5126539771755176,0.21943642239571065,181,0.16574585635359115,0.055104206678267896,150,-2.34,-0.47036735519540135,130,0.7557692307692307,0.12148813693872193,120,-4.13125,-1.4188478857213516
F3desk,3,11,Ldrift,simple,simple/0,250,0.506,0.1400000706068412,0.1344157450431376,-0.9293333333333321,3.459032318683846,0.4149522759820507,101,1.1212871287128714,0.3064064666021691,81,-5.200617283950617,-0.6760235221708399,68,6.389705882352941,0.8017330823130946,65,-1.0769230769230769,-0.2832777187923022
F3desk,3,23,Lret_mid,strict,simple/0,40,2.45,0.3591387292852879,0.3744025615522656,-1.9295138888888885,6.046520732178551,0.7243031294975744,18,9.125,1.1948339456384984,11,-13.045454545454545,-1.122330886463273,11,7.0227272727272725,0.38703083622576906,11,-14.204545454545455,-1.138174492166006
F3desk,3,23,Lret_mid,loose,simple/0,98,-5.112244897959184,-0.9331071088513458,-0.8178442185847186,-1.4372165532879804,5.502816969923171,-0.6678449173864697,37,3.331081081081081,0.5825324773764523,29,-13.698275862068966,-1.873511209936738,32,-7.09375,-0.5079511968543909,30,-12.45,-1.7818938938443796
F3desk,3,23,Lret_mid,simple,simple/0,40,2.45,0.3591387292852879,0.3744025615522656,-1.9295138888888885,6.046520732178551,0.7243031294975744,18,9.125,1.1948339456384984,11,-13.045454545454545,-1.122330886463273,11,7.0227272727272725,0.38703083622576906,11,-14.204545454545455,-1.138174492166006
F3desk,3,23,Lret_top3,strict,simple/0,40,2.45,0.3591387292852879,0.3744025615522656,-1.9295138888888885,6.046520732178551,0.7243031294975744,18,9.125,1.1948339456384984,11,-13.045454545454545,-1.122330886463273,11,7.0227272727272725,0.38703083622576906,11,-14.204545454545455,-1.138174492166006
F3desk,3,23,Lret_top3,loose,simple/0,98,-5.112244897959184,-0.9331071088513458,-0.8178442185847186,-1.4372165532879804,5.502816969923171,-0.6678449173864697,37,3.331081081081081,0.5825324773764523,29,-13.698275862068966,-1.873511209936738,32,-7.09375,-0.5079511968543909,30,-12.45,-1.7818938938443796
F3desk,3,23,Lret_top3,simple,simple/0,40,2.45,0.3591387292852879,0.3744025615522656,-1.9295138888888885,6.046520732178551,0.7243031294975744,18,9.125,1.1948339456384984,11,-13.045454545454545,-1.122330886463273,11,7.0227272727272725,0.38703083622576906,11,-14.204545454545455,-1.138174492166006
F3desk,3,23,Lact,strict,simple/0,372,1.4509408602150538,0.43813145652073676,0.40772116857540985,-0.391502389486261,2.4776403604399646,0.7436282033176699,131,3.41412213740458,0.974484543701114,112,0.3794642857142857,0.04568978573916192,129,0.3875968992248062,0.07455742497249361,110,4.840909090909091,2.110576610744222
F3desk,3,23,Lact,loose,simple/0,578,1.6903114186851211,0.690290871094655,0.5556736874346879,-0.3160563244905803,1.9115100628221406,1.0496244734456242,212,2.3867924528301887,0.9102472889517859,174,2.4022988505747125,0.4116539681787356,192,0.2760416666666667,0.06475232162336145,170,4.329411764705882,2.518124478225013
F3desk,3,23,Lact,simple,simple/0,372,1.4509408602150538,0.43813145652073676,0.40772116857540985,-0.391502389486261,2.4776403604399646,0.7436282033176699,131,3.41412213740458,0.974484543701114,112,0.3794642857142857,0.04568978573916192,129,0.3875968992248062,0.07455742497249361,110,4.840909090909091,2.110576610744222
F3desk,3,23,Ldrift,strict,simple/0,40,2.45,0.3591387292852879,0.3744025615522656,-1.9295138888888885,6.046520732178551,0.7243031294975744,18,9.125,1.1948339456384984,11,-13.045454545454545,-1.122330886463273,11,7.0227272727272725,0.38703083622576906,11,-14.204545454545455,-1.138174492166006
F3desk,3,23,Ldrift,loose,simple/0,98,-5.112244897959184,-0.9331071088513458,-0.8178442185847186,-1.4372165532879804,5.502816969923171,-0.6678449173864697,37,3.331081081081081,0.5825324773764523,29,-13.698275862068966,-1.873511209936738,32,-7.09375,-0.5079511968543909,30,-12.45,-1.7818938938443796
F3desk,3,23,Ldrift,simple,simple/0,40,2.45,0.3591387292852879,0.3744025615522656,-1.9295138888888885,6.046520732178551,0.7243031294975744,18,9.125,1.1948339456384984,11,-13.045454545454545,-1.122330886463273,11,7.0227272727272725,0.38703083622576906,11,-14.204545454545455,-1.138174492166006
F3desk,4,1,Lret_top3,strict,simple/0,63,-0.5198412698412699,-0.08769800937300518,-0.09492865262345043,9.040343915343911,5.259270389482047,-1.8177778431594775,27,1.8425925925925926,0.28460483379313445,20,-6.625,-0.5273315156960169,16,3.125,0.2239450609642396,18,-6.222222222222222,-0.9402688118804305
F3desk,4,1,Lret_top3,loose,simple/0,108,-0.1550925925925926,-0.033900131508903336,-0.030591237884980606,7.030606995884771,4.172099543808845,-1.7223221816796117,44,-1.5681818181818181,-0.2607850898358351,37,-4.918918918918919,-0.5761482287990737,27,8.675925925925926,0.8488465384742145,32,-7.953125,-1.6649242398686546
F3desk,4,1,Lret_top3,simple,simple/0,63,-0.5198412698412699,-0.08769800937300518,-0.09492865262345043,9.040343915343911,5.259270389482047,-1.8177778431594775,27,1.8425925925925926,0.28460483379313445,20,-6.625,-0.5273315156960169,16,3.125,0.2239450609642396,18,-6.222222222222222,-0.9402688118804305
F3desk,4,1,Lact,strict,simple/0,84,-0.7648809523809523,-0.13181963377873007,-0.13614404688266543,6.491898148148147,4.922556242051317,-1.4741891699555414,33,-5.295454545454546,-0.6874088534530861,29,-1.1982758620689655,-0.11799651938303181,22,6.6022727272727275,0.4826354116238332,21,-8.821428571428571,-1.334895934894015
F3desk,4,1,Lact,loose,simple/0,136,0.2536764705882353,0.058403172552281175,0.047912919511975294,5.6688112745098005,3.884854631323838,-1.3939092495917293,51,-6.2745098039215685,-0.9955413501421823,50,-1.375,-0.19442498010789525,35,12.092857142857143,1.2283038699872095,37,-9.371621621621621,-2.0496190356172104
F3desk,4,1,Lact,simple,simple/0,133,-2.691729323308271,-0.5481931130580107,-0.5485433409035804,6.009607351712614,4.23960906546275,-2.05239127963586,53,-1.6650943396226414,-0.2986120845138419,42,-13.517857142857142,-1.2597726418987887,38,7.842105263157895,0.815202141668727,36,-9.743055555555555,-1.9393273083472606
F3desk,4,3,Lret_mid,strict,simple/0,82,2.472560975609756,0.5190211679879214,0.4420842404174919,5.184789972899732,6.212506459662281,-0.43657564219859424,35,-4.4714285714285715,-0.9004169942218684,26,12.951923076923077,1.2133760230803676,21,1.0714285714285714,0.106203329496833,14,-9.5,-2.156268540845317
F3desk,4,3,Lret_mid,loose,simple/0,132,-1.941287878787879,-0.518958860756184,-0.39672985539280486,4.55892255892256,5.626718595513428,-1.1552400084293368,62,-6.57258064516129,-1.5372607908194207,42,0.7559523809523809,0.09464464277120375,28,4.267857142857143,0.47802623904925706,24,-8.729166666666666,-2.6357460011040064
F3desk,4,3,Lret_mid,simple,simple/0,82,2.472560975609756,0.5190211679879214,0.4420842404174919,5.184789972899732,6.212506459662281,-0.43657564219859424,35,-4.4714285714285715,-0.9004169942218684,26,12.951923076923077,1.2133760230803676,21,1.0714285714285714,0.106203329496833,14,-9.5,-2.156268540845317
F3desk,4,3,Lret_top3,strict,simple/0,33,-17.689393939393938,-1.373437812695214,-1.2494526034279982,-0.01809764309764232,15.25215428699164,-1.158609856928074,14,1.6607142857142858,0.1389427850948555,11,-57.79545454545455,-1.9231334364283053,8,,,11,-3.2045454545454546,-0.4539148161936034
F3desk,4,3,Lret_top3,loose,simple/0,87,-12.100574712643677,-1.9499035249442753,-1.6244994886839998,-1.4289591315453385,7.479378667881204,-1.426805093707262,39,1.1666666666666667,0.17985372381874817,26,-30.442307692307693,-2.090686421347819,22,-13.943181818181818,-1.114733886446761,27,-3.7777777777777777,-0.8397264880502494
F3desk,4,3,Lret_top3,simple,simple/0,116,-3.1336206896551726,-0.624474135685579,-0.5645201183574432,3.586206896551726,6.187388718364427,-1.0860522737584226,50,-2.315,-0.48368242261119787,37,-8.08108108108108,-0.6404021351175687,29,1.7672413793103448,0.19594723864486027,27,-5.574074074074074,-1.4384957637799913
F3desk,4,3,Lact,strict,simple/0,118,1.0,0.2516494445135885,0.2516713883232046,-1.8677024482109235,4.243408929461223,0.6758015774301134,41,7.060975609756097,0.9802386294810697,37,-1.75,-0.25168867000260825,40,-2.66875,-0.4096946660642791,29,2.8189655172413794,0.7635558588955081
F3desk,4,3,Lact,loose,simple/0,254,-0.4940944881889764,-0.18860948502704736,-0.16148560026940526,-0.8734142607174086,2.8824625965572115,0.13159573101884772,96,3.3697916666666665,0.90139118269678,77,-5.314935064935065,-1.0862616904429936,81,-0.49074074074074076,-0.09574675143743225,57,1.5964912280701755,0.623337020213054
F3desk,4,3,Lact,simple,simple/0,511,2.1237769080234834,1.0399887033014108,0.960642071185644,-0.588823657316807,1.8900275185255622,1.4352174974978298,193,4.852331606217617,1.7864271822829974,149,-0.7281879194630873,-0.17320404843314513,169,1.522189349112426,0.3953356679594052,129,2.75,1.3875099635628287
F3desk,4,3,Ldrift,strict,simple/0,29,-22.060344827586206,-1.5260310186049426,-1.388798112582692,-0.4157088122605359,17.200787352850007,-1.258351467948318,13,2.6346153846153846,0.2047535240721089,8,,,8,,,9,,
F3desk,4,3,Ldrift,loose,simple/0,82,-13.734756097560975,-2.1026485871388276,-1.758402524000881,-1.5514905149051492,7.871384732216981,-1.5477919066502548,37,1.054054054054054,0.15456616679269167,23,-37.32608695652174,-2.3442191508232213,22,-13.943181818181818,-1.114733886446761,23,-4.869565217391305,-0.9645004371265155
F3desk,4,3,Ldrift,simple,simple/0,29,-22.060344827586206,-1.5260310186049426,-1.388798112582692,-0.4157088122605359,17.200787352850007,-1.258351467948318,13,2.6346153846153846,0.2047535240721089,8,,,8,,,9,,
F3desk,4,7,Lret_mid,strict,simple/0,48,2.2083333333333335,0.332236618865401,0.3357524481913708,0.677951388888889,5.830054400276168,0.26249874175650073,19,9.026315789473685,1.153110198411027,12,-9.395833333333334,-0.5775970312578701,17,2.7794117647058822,0.22560967172161522,11,-22.045454545454547,-1.7805786044334726
F3desk,4,7,Lret_mid,loose,simple/0,110,-0.8090909090909091,-0.18229670191450684,-0.15168651769700583,0.6073232323232322,4.108075995546916,-0.34478771642723016,39,5.346153846153846,0.9076837566580946,32,-7.96875,-1.0238982340605012,39,-1.0897435897435896,-0.1203204229733656,26,-16.826923076923077,-2.1693455966546495
F3desk,4,7,Lret_mid,simple,simple/0,48,2.2083333333333335,0.332236618865401,0.3357524481913708,0.677951388888889,5.830054400276168,0.26249874175650073,19,9.026315789473685,1.153110198411027,12,-9.395833333333334,-0.5775970312578701,17,2.7794117647058822,0.22560967172161522,11,-22.045454545454547,-1.7805786044334726
F3desk,4,7,Lret_top3,strict,simple/0,55,-4.072727272727272,-0.4857357167370992,-0.49021263825895905,4.097474747474749,7.784539276503186,-1.0495421411595824,20,8.025,1.0709558318758947,17,-28.705882352941178,-1.3206986657977726,18,5.75,0.47961245606196257,16,-16.625,-1.870612799474373
F3desk,4,7,Lret_top3,loose,simple/0,129,-4.3934108527131785,-0.9211072378423927,-0.8056530012445264,1.5465116279069775,4.37989658839912,-1.3561787043906521,47,5.382978723404255,1.0162430343958155,40,-17.95625,-1.7501856203796107,42,-2.4166666666666665,-0.26920714016254826,33,-14.06060606060606,-2.247756459909207
F3desk,4,7,Lret_top3,simple,simple/0,120,0.022916666666666665,0.0047583795274694215,0.004925631908803549,1.2594907407407412,5.232056655135453,-0.23634569645960013,54,1.5185185185185186,0.33084576432456175,38,-4.2631578947368425,-0.36013752621340694,28,2.955357142857143,0.301071904522505,28,-12.482142857142858,-2.2694747601372325
F3desk,4,7,Lact,strict,simple/0,100,12.0775,1.4497103663109234,1.4788558648151815,0.5190277777777769,5.217117202793104,2.215490235878567,32,5.7109375,0.642096000207127,34,18.96323529411765,0.8762524833581904,34,11.183823529411764,1.3226779037409313,27,0.6018518518518519,0.17321578782608174
F3desk,4,7,Lact,loose,simple/0,142,10.411971830985916,1.6922637005137093,1.6381457302782907,0.3411580594679185,4.037763705493135,2.494156296916845,52,4.0,0.6336655681091687,51,13.27450980392157,0.8973416013067842,39,15.217948717948717,1.9444257076980873,36,-0.11805555555555555,-0.04013123722354461
F3desk,4,7,Lact,simple,simple/0,236,6.570974576271187,1.6502917252360991,1.600109898641096,2.343867702448208,2.9743565295187167,1.421183651613874,87,3.6982758620689653,0.9531205309029479,81,8.317901234567902,0.8558786659966482,68,8.165441176470589,1.4070334073008803,63,0.7023809523809523,0.280333790501668
F3desk,4,7,Ldrift,strict,simple/0,107,0.7827102803738317,0.1321139282174664,0.129988984478644,0.9379543094496371,6.070734904962618,-0.025572526474331583,46,4.467391304347826,0.6666128871050436,32,-3.640625,-0.3354773515315967,29,-0.1810344827586207,-0.011928385507574229,25,-8.94,-1.3272716858511449
F3desk,4,7,Ldrift,loose,simple/0,197,-0.2893401015228426,-0.06655691388501891,-0.0530629639806221,0.08439086294416306,4.49380859837965,-0.08316575045091225,82,1.8323170731707317,0.37646814913543963,61,1.2131147540983607,0.14808863968481706,54,-5.208333333333333,-0.488791523220394,46,-4.168478260869565,-0.9124495647842267
F3desk,4,7,Ldrift,simple,simple/0,107,0.7827102803738317,0.1321139282174664,0.129988984478644,0.9379543094496371,6.070734904962618,-0.025572526474331583,46,4.467391304347826,0.6666128871050436,32,-3.640625,-0.3354773515315967,29,-0.1810344827586207,-0.011928385507574229,25,-8.94,-1.3272716858511449
F3desk,4,11,Lret_mid,strict,simple/0,33,1.8409090909090908,0.21164530539252446,0.2295357860305655,13.16456228956229,8.056292387563655,-1.4055663143673023,13,5.346153846153846,0.8158089721574187,10,-22.85,-1.0103355301858263,10,21.975,1.6060323674381496,9,,
F3desk,4,11,Lret_mid,loose,simple/0,67,2.425373134328358,0.4003734759030603,0.34384166129364063,11.572553897180763,5.7481211152813625,-1.5913340340958808,26,3.4711538461538463,0.4140502379352135,21,-10.880952380952381,-0.8116105772177075,20,15.0375,1.585743046513662,16,-4.8125,-0.7168598231884837
F3desk,4,11,Lret_mid,simple,simple/0,33,1.8409090909090908,0.21164530539252446,0.2295357860305655,13.16456228956229,8.056292387563655,-1.4055663143673023,13,5.346153846153846,0.8158089721574187,10,-22.85,-1.0103355301858263,10,21.975,1.6060323674381496,9,,
F3desk,4,11,Lret_top3,strict,simple/0,139,1.014388489208633,0.26245660850521296,0.2669414137530666,-0.7999600319744206,4.932469917499329,0.36783772664200953,57,-1.4385964912280702,-0.2985750673323823,52,3.394230769230769,0.4742994149535036,30,1.55,0.16586363645080482,37,2.560810810810811,0.7526481307576357
F3desk,4,11,Lret_top3,loose,simple/0,265,-0.8679245283018868,-0.3078343569781714,-0.2524337064262403,-0.4682914046121594,3.477609329434332,-0.11491604888083612,109,-3.8371559633027523,-1.0439875657376754,97,-0.7036082474226805,-0.13418133245506123,59,4.3474576271186445,0.6833901225826768,74,2.570945945945946,1.1065365215381182
F3desk,4,11,Lret_top3,simple,simple/0,151,0.5115894039735099,0.14266031162314055,0.14529792146252163,-0.8319536423841062,4.5875088103508235,0.2928698563643457,63,-1.0912698412698412,-0.24529979392831916,56,2.080357142857143,0.3113696636463509,32,0.921875,0.10520061518277837,42,3.5535714285714284,1.1036497965778505
F3desk,4,11,Lact,strict,simple/0,32,-10.7578125,-1.8240834503595404,-1.8392898785190448,10.36588541666667,6.563254596579548,-3.2184791258402994,16,-7.859375,-1.3366775262765818,8,,,8,,,7,,
F3desk,4,11,Lact,loose,simple/0,49,-7.857142857142857,-1.574405150025592,-1.3021543614693003,5.776360544217687,5.20313781172932,-2.6202464540967636,23,-9.358695652173912,-1.7497348693156634,14,-5.892857142857143,-1.09263782431418,12,-7.270833333333333,-0.4246434888382997,11,-3.9545454545454546,-0.8426589817646102
F3desk,4,11,Lact,simple,simple/0,88,-7.096590909090909,-1.267415281785184,-1.3005544569297136,7.105113636363632,5.27981986304306,-2.689808537761228,38,-0.019736842105263157,-0.004244931618010885,24,-22.197916666666668,-1.4271611830442192,26,-3.5,-0.34124112518020483,22,-9.511363636363637,-1.632586007954653
F3desk,4,11,Ldrift,strict,simple/0,33,1.8409090909090908,0.21164530539252446,0.2295357860305655,13.16456228956229,8.056292387563655,-1.4055663143673023,13,5.346153846153846,0.8158089721574187,10,-22.85,-1.0103355301858263,10,21.975,1.6060323674381496,9,,
F3desk,4,11,Ldrift,loose,simple/0,67,2.425373134328358,0.4003734759030603,0.34384166129364063,11.572553897180763,5.7481211152813625,-1.5913340340958808,26,3.4711538461538463,0.4140502379352135,21,-10.880952380952381,-0.8116105772177075,20,15.0375,1.585743046513662,16,-4.8125,-0.7168598231884837
F3desk,4,11,Ldrift,simple,simple/0,33,1.8409090909090908,0.21164530539252446,0.2295357860305655,13.16456228956229,8.056292387563655,-1.4055663143673023,13,5.346153846153846,0.8158089721574187,10,-22.85,-1.0103355301858263,10,21.975,1.6060323674381496,9,,
F3desk,4,23,Lret_mid,strict,simple/0,82,2.472560975609756,0.5190211679879214,0.4420842404174919,5.184789972899732,6.212506459662281,-0.43657564219859424,35,-4.4714285714285715,-0.9004169942218684,26,12.951923076923077,1.2133760230803676,21,1.0714285714285714,0.106203329496833,14,-9.5,-2.156268540845317
F3desk,4,23,Lret_mid,loose,simple/0,131,-1.7709923664122138,-0.47032156346203313,-0.3593809674558631,4.375106022052587,5.646606092377312,-1.0884588526126842,62,-6.57258064516129,-1.5372607908194207,41,1.3658536585365855,0.16737128426016362,28,4.267857142857143,0.47802623904925706,24,-8.729166666666666,-2.6357460011040064
F3desk,4,23,Lret_mid,simple,simple/0,82,2.472560975609756,0.5190211679879214,0.4420842404174919,5.184789972899732,6.212506459662281,-0.43657564219859424,35,-4.4714285714285715,-0.9004169942218684,26,12.951923076923077,1.2133760230803676,21,1.0714285714285714,0.106203329496833,14,-9.5,-2.156268540845317
F3desk,4,23,Lret_top3,strict,simple/0,33,-17.689393939393938,-1.373437812695214,-1.2494526034279982,-0.01809764309764232,15.25215428699164,-1.158609856928074,14,1.6607142857142858,0.1389427850948555,11,-57.79545454545455,-1.9231334364283053,8,,,10,-1.15,-0.15400941656787928
F3desk,4,23,Lret_top3,loose,simple/0,88,-12.238636363636363,-1.9944461740155328,-1.6618619302268722,-1.0872790404040407,7.433393375164471,-1.500170482096353,39,1.1666666666666667,0.17985372381874817,27,-30.212962962962962,-2.1560476290588597,22,-13.943181818181818,-1.114733886446761,25,-1.53,-0.33695223291941867
F3desk,4,23,Lret_top3,simple,simple/0,116,-3.1336206896551726,-0.624474135685579,-0.5645201183574432,3.586206896551726,6.187388718364427,-1.0860522737584226,50,-2.315,-0.48368242261119787,37,-8.08108108108108,-0.6404021351175687,29,1.7672413793103448,0.19594723864486027,26,-4.875,-1.2307894811322593
F3desk,4,23,Lact,strict,simple/0,119,0.9747899159663865,0.24738802010159036,0.24740029534236296,-1.8898225957049493,4.2133464131365255,0.6798900994088551,41,7.060975609756097,0.9802386294810697,38,-1.756578947368421,-0.25955753035531165,40,-2.66875,-0.4096946660642791,29,2.8189655172413794,0.7635558588955081
F3desk,4,23,Lact,loose,simple/0,253,-0.44960474308300397,-0.1709761382502873,-0.14643141662764847,-0.7389108476064984,2.8899461868409984,0.10010778257422678,95,3.4210526315789473,0.9056057064808282,77,-5.181818181818182,-1.0592008185090933,81,-0.49074074074074076,-0.09574675143743225,57,1.5964912280701755,0.623337020213054
F3desk,4,23,Lact,simple,simple/0,511,1.9818982387475539,0.9726036341177007,0.8917396283581557,-0.5826538377908227,1.882120605856751,1.3625864721729557,193,4.852331606217617,1.7864271822829974,149,-1.2147651006711409,-0.29085120543763493,169,1.522189349112426,0.3953356679594052,129,2.75,1.3875099635628287
F3desk,4,23,Ldrift,strict,simple/0,29,-22.060344827586206,-1.5260310186049426,-1.388798112582692,-0.4157088122605359,17.200787352850007,-1.258351467948318,13,2.6346153846153846,0.2047535240721089,8,,,8,,,8,,
F3desk,4,23,Ldrift,loose,simple/0,83,-13.86144578313253,-2.1476679116135373,-1.7962331949796222,-1.1877510040160644,7.818241036812366,-1.621041704833873,37,1.054054054054054,0.15456616679269167,24,-36.78125,-2.4111782957499304,22,-13.943181818181818,-1.114733886446761,21,-2.2976190476190474,-0.4455574804012434
F3desk,4,23,Ldrift,simple,simple/0,29,-22.060344827586206,-1.5260310186049426,-1.388798112582692,-0.4157088122605359,17.200787352850007,-1.258351467948318,13,2.6346153846153846,0.2047535240721089,8,,,8,,,8,,
F3desk,5,1,Lret_top3,strict,simple/0,207,-0.23792270531400966,-0.07836887887519739,-0.0793606186441329,-1.2034353193773484,3.7272242067509316,0.2590433417755108,82,1.1829268292682926,0.385905208247339,69,-1.9891304347826086,-0.3128420586217895,56,-0.16071428571428573,-0.023790772241686558,51,1.1813725490196079,0.5836020373599426
F3desk,5,1,Lret_top3,loose,simple/0,371,-2.5161725067385445,-1.0363827532859469,-0.8203453767767016,-1.594976040730757,2.729173991437997,-0.3375367304898032,144,1.7482638888888888,0.698596023803149,116,-6.142241379310345,-1.1778542793054085,111,-4.259009009009009,-0.8413012956703237,98,-1.6224489795918366,-0.9329641590235701
F3desk,5,1,Lret_top3,simple,simple/0,217,-0.5276497695852534,-0.18060198356611568,-0.18254771996391483,-1.071940604198668,3.5735226876751365,0.15231212508896078,88,1.6363636363636365,0.5592074395268999,71,-2.51056338028169,-0.4054107676445221,58,-1.3836206896551724,-0.21022502482110642,55,0.7045454545454546,0.3575386061809015
F3desk,5,1,Lact,strict,simple/0,61,3.2745901639344264,0.4213177828078893,0.4495499440858945,7.864071038251368,6.121829805139253,-0.7496910270952143,23,-1.9782608695652173,-0.22152306204986802,21,-1.5476190476190477,-0.11205403957420842,17,16.33823529411765,0.8669679014606209,16,-2.453125,-0.32505027361127525
F3desk,5,1,Lact,loose,simple/0,111,1.0382882882882882,0.19852808873575414,0.16437352780126707,6.340090090090088,4.442493254021304,-1.1934293421836168,41,-3.4390243902439024,-0.4890314454849252,40,-1.175,-0.13462887405204624,30,10.108333333333333,0.8251800690973333,31,-4.0,-0.7848378980028239
F3desk,5,1,Lact,simple,simple/0,137,0.4251824817518248,0.08589780604374929,0.08931368763456213,5.544302514193022,4.100840487703434,-1.2483099617727447,57,-0.9517543859649122,-0.1925408099240627,41,-10.640243902439025,-0.9177887017727079,39,14.070512820512821,1.419094579218679,37,-7.662162162162162,-1.6194639396615385
F3desk,5,3,Lret_mid,strict,simple/0,86,5.0523255813953485,1.0087058597174616,1.0705218585617018,3.114987080103359,5.444350220456691,0.3558438423032747,35,10.05,2.5358584998198417,20,-6.575,-0.44631298799747215,31,6.911290322580645,0.7520553223142944,20,-6.4625,-0.9623732172819767
F3desk,5,3,Lret_mid,loose,simple/0,160,5.45,1.2737810379295693,1.0884618736713279,2.295312500000001,4.586095351346296,0.6878809222913143,63,6.607142857142857,1.5359332920211146,46,6.532608695652174,0.6727662989950999,51,3.0441176470588234,0.34560804341744084,34,-5.404411764705882,-1.0904140785757088
F3desk,5,3,Lret_mid,simple,simple/0,86,5.0523255813953485,1.0087058597174616,1.0705218585617018,3.114987080103359,5.444350220456691,0.3558438423032747,35,10.05,2.5358584998198417,20,-6.575,-0.44631298799747215,31,6.911290322580645,0.7520553223142944,20,-6.4625,-0.9623732172819767
F3desk,5,3,Lret_top3,strict,simple/0,99,3.7222222222222223,0.8057473196845714,0.8656714909908565,3.7244668911335594,5.884322956791031,-0.0003814659609643918,43,8.732558139534884,2.4339768279824856,24,-6.104166666666667,-0.46435478774667655,32,4.359375,0.47093958184984996,22,-7.181818181818182,-1.1753532861464282
F3desk,5,3,Lret_top3,loose,simple/0,183,3.6325136612021858,0.929914352471869,0.8080409954162837,2.68556466302368,4.502947187640498,0.21029538182851717,74,5.4425675675675675,1.4327546423120125,55,4.095454545454546,0.47940214060275016,54,0.6805555555555556,0.07892590109283225,38,-5.690789473684211,-1.2785767949337452
F3desk,5,3,Lret_top3,simple,simple/0,156,3.5544871794871793,1.0341700331469679,1.0711195913344616,2.5888532763532774,4.2491456899949185,0.22725365840187434,71,2.890845070422535,0.868264363130803,41,2.0304878048780486,0.22965769838928987,44,6.045454545454546,0.8235485038803242,41,-4.365853658536586,-1.1007815273912216
F3desk,5,3,Lact,strict,simple/0,154,2.469155844155844,0.7193282515560315,0.6909259814481856,0.9349747474747472,4.548551014808573,0.3372900714285302,64,0.19921875,0.048249053323799924,49,2.0408163265306123,0.28694264619915794,41,6.524390243902439,0.8861782949717395,45,3.3333333333333335,1.3250277501171355
F3desk,5,3,Lact,loose,simple/0,295,-1.7313559322033898,-0.6891175177821889,-0.5626055384424494,0.6999058380414314,3.1735355275525166,-0.7661051055318894,120,-0.4125,-0.14678957119868474,99,-8.191919191919192,-1.5089332434074305,76,4.6019736842105265,0.9241148244178538,85,3.0764705882352943,1.5437108837644515
F3desk,5,3,Lact,simple,simple/0,571,0.19439579684763572,0.10456131886656615,0.09930156513516697,0.3576814555360965,1.9719449648406522,-0.08280436908727595,224,-0.5546875,-0.2254552250365655,170,-1.5941176470588236,-0.4049560810003621,177,2.860169491525424,0.8238390200441682,146,0.4965753424657534,0.2693647421585005
F3desk,5,3,Ldrift,strict,simple/0,86,5.0523255813953485,1.0087058597174616,1.0705218585617018,3.114987080103359,5.444350220456691,0.3558438423032747,35,10.05,2.5358584998198417,20,-6.575,-0.44631298799747215,31,6.911290322580645,0.7520553223142944,20,-6.4625,-0.9623732172819767
F3desk,5,3,Ldrift,loose,simple/0,160,5.45,1.2737810379295693,1.0884618736713279,2.295312500000001,4.586095351346296,0.6878809222913143,63,6.607142857142857,1.5359332920211146,46,6.532608695652174,0.6727662989950999,51,3.0441176470588234,0.34560804341744084,34,-5.404411764705882,-1.0904140785757088
F3desk,5,3,Ldrift,simple,simple/0,86,5.0523255813953485,1.0087058597174616,1.0705218585617018,3.114987080103359,5.444350220456691,0.3558438423032747,35,10.05,2.5358584998198417,20,-6.575,-0.44631298799747215,31,6.911290322580645,0.7520553223142944,20,-6.4625,-0.9623732172819767
F3desk,5,7,Lret_top3,strict,simple/0,74,7.226351351351352,1.229611363145851,1.2640050153353892,9.906906906906908,5.1872926449465515,-0.5167542568023316,25,2.06,0.28264891126439984,29,2.6293103448275863,0.2623320978049039,20,20.35,1.516689411138062,15,-10.366666666666667,-1.3325671565140784
F3desk,5,7,Lret_top3,loose,simple/0,135,7.194444444444445,1.5538157144698053,1.3273167940923547,8.077880658436218,3.8553467059992768,-0.22914572446028386,45,-0.49444444444444446,-0.07433508870486721,52,1.4855769230769231,0.21009077694872022,38,24.111842105263158,2.3160393798016092,32,-8.9609375,-1.7076295753185324
F3desk,5,7,Lret_top3,simple,simple/0,111,6.975225225225225,1.5539046121690632,1.9092338638084367,8.424674674674671,4.0895706532763,-0.35442582420925794,44,0.6136363636363636,0.12191382523987032,38,7.434210526315789,0.8336944945393294,29,16.025862068965516,1.5934865047753222,24,-10.40625,-2.028540347397972
F3desk,5,7,Lact,strict,simple/0,39,5.948717948717949,0.9169342725889638,0.7712253179032369,4.767450142450143,6.29322540109613,0.1877046714490882,21,-1.5238095238095237,-0.2284073924952224,9,,,9,,,11,-6.954545454545454,-1.277490874140323
F3desk,5,7,Lact,loose,simple/0,66,3.25,0.6883476488455178,0.48549309710318966,4.066708754208755,4.824384176614119,-0.16928766953670407,36,-6.444444444444445,-1.2004789769557467,16,14.046875,1.180281570416436,14,15.839285714285714,1.5988691387091047,20,-3.8625,-1.105778730794043
F3desk,5,7,Lact,simple,simple/0,164,2.2713414634146343,0.5440920768156069,0.6015563014607671,6.865260840108402,3.6975085223622437,-1.242436453874305,68,0.8566176470588235,0.22379179780568906,52,-5.485576923076923,-0.5712660282754896,44,13.625,1.5529950374278703,44,-8.994318181818182,-2.2337396620066468
F3desk,5,11,Lret_top3,strict,simple/0,82,-0.7987804878048781,-0.15540954811397678,-0.15453432997426958,-3.0250677506775068,5.075636076038577,0.43862231836964116,34,6.147058823529412,1.299308292875239,29,-7.258620689655173,-0.6255758157291362,19,-3.3684210526315788,-0.3193137416874548,18,-3.3055555555555554,-0.749302532987074
F3desk,5,11,Lret_top3,loose,simple/0,151,0.8923841059602649,0.24165560820470822,0.19258523549509535,-2.313097866077998,3.811688157808139,0.8409612327472069,58,3.9482758620689653,0.9818716341854987,56,-2.2857142857142856,-0.29385867225580364,37,0.9121621621621622,0.12770003130112859,34,-7.235294117647059,-1.9997216443993742
F3desk,5,11,Lret_top3,simple,simple/0,102,-2.5686274509803924,-0.5659223196407769,-0.563386688934618,-2.235702614379085,5.5295335302279875,-0.06020848499811534,42,4.208333333333333,0.8290501815685987,37,-10.608108108108109,-1.103427251430644,23,-2.010869565217391,-0.22497755658662796,24,-2.15625,-0.6154300498782097
F3desk,5,11,Lact,strict,simple/0,39,5.948717948717949,0.9169342725889638,0.7712253179032369,4.767450142450143,6.29322540109613,0.1877046714490882,21,-1.5238095238095237,-0.2284073924952224,9,,,9,,,11,-6.954545454545454,-1.277490874140323
F3desk,5,11,Lact,loose,simple/0,66,3.25,0.6883476488455178,0.48549309710318966,4.066708754208755,4.824384176614119,-0.16928766953670407,36,-6.444444444444445,-1.2004789769557467,16,14.046875,1.180281570416436,14,15.839285714285714,1.5988691387091047,20,-3.8625,-1.105778730794043
F3desk,5,11,Lact,simple,simple/0,162,1.7654320987654322,0.42100893966964087,0.4662299048948145,6.702846364883399,3.711880988858291,-1.3301650244009111,67,0.8768656716417911,0.2256907730610003,51,-7.299019607843137,-0.7590142697204345,44,13.625,1.5529950374278703,44,-8.994318181818182,-2.2337396620066468
F3desk,5,23,Lret_mid,strict,simple/0,113,-0.5619469026548672,-0.10986023358672531,-0.1066989229421481,-0.8072763028515235,4.862645219379842,0.05045184033145326,45,4.427777777777778,0.8448984025900084,39,5.589743589743589,0.5732944488302459,29,-16.57758620689655,-1.3316838997151499,22,-11.829545454545455,-1.5309153825004655
F3desk,5,23,Lret_mid,loose,simple/0,204,1.3455882352941178,0.32310043219030304,0.27043994591234777,-0.5521514161220028,3.9877601587339573,0.4758911207986538,81,1.7777777777777777,0.3993381696415291,67,7.123134328358209,0.9158684175485833,56,-6.191964285714286,-0.6104301857660331,49,-7.1938775510204085,-1.5828262410745804
F3desk,5,23,Lret_mid,simple,simple/0,113,-0.5619469026548672,-0.10986023358672531,-0.1066989229421481,-0.8072763028515235,4.862645219379842,0.05045184033145326,45,4.427777777777778,0.8448984025900084,39,5.589743589743589,0.5732944488302459,29,-16.57758620689655,-1.3316838997151499,22,-11.829545454545455,-1.5309153825004655
F3desk,5,23,Lret_top3,strict,simple/0,133,1.3590225563909775,0.2867652937367877,0.280990959593131,0.8151629072681708,5.040138202407099,0.10790570164585309,56,4.754464285714286,1.0331482038721889,44,3.528409090909091,0.39184044727154205,33,-7.295454545454546,-0.5710807210347287,29,-10.086206896551724,-1.6566834164680195
F3desk,5,23,Lret_top3,loose,simple/0,238,2.4737394957983194,0.6397249799011594,0.5368513659911466,0.5880018674136319,3.9353107573387853,0.47918391828855184,95,3.0736842105263156,0.7656283599251009,79,5.8544303797468356,0.837858540151966,64,-2.58984375,-0.2613039914288611,58,-6.693965517241379,-1.7040369601111134
F3desk,5,23,Lret_top3,simple,simple/0,220,0.9261363636363636,0.2653191920203088,0.26673115920563917,1.1311868686868698,3.964063092414497,-0.05172735657080842,90,3.327777777777778,0.9339262790257132,74,4.023648648648648,0.6225567257640339,56,-7.026785714285714,-0.7723555360127968,51,-9.480392156862745,-2.267941332765138
F3desk,5,23,Lact,strict,simple/0,256,-0.75,-0.19539232947740118,-0.19992457529607013,0.8676215277777783,3.1618317708424484,-0.5116089801788456,95,-2.268421052631579,-0.6430498982237934,88,4.994318181818182,0.5430621954558288,73,-5.698630136986301,-0.9278829603325586,63,1.0793650793650793,0.394918806143373
F3desk,5,23,Lact,loose,simple/0,446,-1.076793721973094,-0.38410444191950727,-0.31226719420180005,0.653680866965621,2.3630880535662238,-0.7322937401029944,167,-0.019461077844311378,-0.007461713184593204,139,4.974820143884892,0.6824896614370556,140,-8.346428571428572,-1.9987623656165487,105,-0.7238095238095238,-0.3384254514074845
F3desk,5,23,Lact,simple,simple/0,513,-1.75682261208577,-0.704314560901813,-0.6894067985636017,-0.7085769980506805,2.0854768187915935,-0.5026407412394466,202,0.9789603960396039,0.4239395114120911,152,-1.8848684210526316,-0.2953512480003888,159,-5.110062893081761,-1.1694892735714593,129,0.07170542635658915,0.036718354294678485
F3desk,5,23,Ldrift,strict,simple/0,113,-0.5619469026548672,-0.10986023358672531,-0.1066989229421481,-0.8072763028515235,4.862645219379842,0.05045184033145326,45,4.427777777777778,0.8448984025900084,39,5.589743589743589,0.5732944488302459,29,-16.57758620689655,-1.3316838997151499,22,-11.829545454545455,-1.5309153825004655
F3desk,5,23,Ldrift,loose,simple/0,204,1.3455882352941178,0.32310043219030304,0.27043994591234777,-0.5521514161220028,3.9877601587339573,0.4758911207986538,81,1.7777777777777777,0.3993381696415291,67,7.123134328358209,0.9158684175485833,56,-6.191964285714286,-0.6104301857660331,49,-7.1938775510204085,-1.5828262410745804
F3desk,5,23,Ldrift,simple,simple/0,113,-0.5619469026548672,-0.10986023358672531,-0.1066989229421481,-0.8072763028515235,4.862645219379842,0.05045184033145326,45,4.427777777777778,0.8448984025900084,39,5.589743589743589,0.5732944488302459,29,-16.57758620689655,-1.3316838997151499,22,-11.829545454545455,-1.5309153825004655
F3desk,6,1,Lret_top3,strict,simple/0,114,2.2171052631578947,0.518288562023791,0.5265991782028523,-7.086744639376222,5.171374043106971,1.7991059677718355,42,4.345238095238095,0.8378955014671444,44,-3.625,-0.46738181062094364,28,8.205357142857142,0.8355424904824295,27,2.5,0.7340173873003041
F3desk,6,1,Lret_top3,loose,simple/0,207,-1.8731884057971016,-0.5628627208682203,-0.45057434972663346,-7.599436392914657,3.604779380348477,1.588515518684529,77,-2.4642857142857144,-0.5257110049145974,78,-7.894230769230769,-1.332059387439031,52,8.033653846153847,1.1711319883150972,56,0.7767857142857143,0.3704672818803502
F3desk,6,1,Lret_top3,simple,simple/0,234,2.8835470085470085,1.1044152890591177,1.163466151892124,1.0091405508072178,3.3661293138088157,0.5568432710087651,93,3.1263440860215055,0.9857938843486478,74,0.7128378378378378,0.1375814700531542,67,4.9440298507462686,0.8787839600170592,57,0.35964912280701755,0.16183997880579978
F3desk,6,1,Lact,strict,simple/0,27,18.925925925925927,1.569110734545165,1.6120223963528135,8.120884773662551,8.384896069592568,1.2886314943660842,11,-1.8863636363636365,-0.28103447246293906,7,,,9,,,10,-17.6,-1.6644560959485566
F3desk,6,1,Lact,loose,simple/0,52,11.745192307692308,1.5683716141221322,1.2824604161844453,7.821581196581197,6.5364255422373905,0.6002686155846696,20,-2.825,-0.6457109566008574,16,-3.234375,-0.33402118360728605,16,44.9375,2.276853026088974,19,-21.67105263157895,-3.291693696410799
F3desk,6,1,Lact,simple,simple/0,142,2.36443661971831,0.4971275161446392,0.5407653272640991,6.047437402190921,4.057650957730562,-0.9076682102130607,57,2.3903508771929824,0.5924443285281981,44,-9.471590909090908,-0.8737999809491007,41,15.03048780487805,1.4943274068377421,40,-10.45,-2.391882051799597
F3desk,6,3,Lret_top3,strict,simple/0,166,2.7710843373493974,0.8518304673938752,0.8918171209703737,1.0946285140562246,4.266568847491094,0.39292834200460475,68,-0.14338235294117646,-0.03486750376894214,56,0.5714285714285714,0.0894382536509326,42,10.422619047619047,1.4942449812551521,41,-0.9817073170731707,-0.41294501238264647
F3desk,6,3,Lret_top3,loose,simple/0,285,-0.34210526315789475,-0.13280340898915324,-0.11173371392064478,0.853313840155945,3.2098763356490023,-0.3724190524218868,115,1.2956521739130435,0.4256806959098002,99,-7.595959595959596,-1.426268291835159,71,7.119718309859155,1.3867631057903118,77,-0.1461038961038961,-0.08354904798484837
F3desk,6,3,Lret_top3,simple,simple/0,304,0.3248355263157895,0.13645694293264632,0.1347298223392739,0.07890168128654962,2.920758196736274,0.08420205592645509,120,1.9895833333333333,0.6823770438760385,99,-5.146464646464646,-1.0272722929035207,85,4.347058823529411,0.9409017712706501,73,-3.787671232876712,-1.738413435303391
F3desk,6,3,Lact,strict,simple/0,59,4.343220338983051,0.6141756762866495,0.6876588671925652,8.608757062146895,6.336284937570141,-0.6731920620980795,21,0.27380952380952384,0.027820532538784585,20,1.8125,0.12536319647520472,18,11.902777777777779,0.9357888165386856,17,-3.2941176470588234,-0.41505881899643804
F3desk,6,3,Lact,loose,simple/0,106,4.4245283018867925,0.891475532379503,0.762499084999368,8.260875262054507,4.674231777892443,-0.8207438446489443,36,1.4722222222222223,0.1821379433940697,40,1.54375,0.17698914800259913,30,11.808333333333334,1.308252206005835,26,-5.6826923076923075,-0.9438474300379974
F3desk,6,3,Lact,simple,simple/0,137,-1.6916058394160585,-0.36818441721059536,-0.37987286112673674,5.724351175993508,4.113087399825971,-1.803014692983024,54,-0.5694444444444444,-0.1094593561943492,42,-13.5,-1.2582066004142374,41,8.926829268292684,1.1048812738045566,40,-6.40625,-1.3694814050290407
F3desk,6,7,Lret_top3,loose,simple/0,43,-3.2906976744186047,-0.5278494051503326,-0.4634301840198939,1.4321705426356586,7.134507204979008,-0.6619753938657855,17,-10.779411764705882,-1.5293605665888328,14,-0.6785714285714286,-0.06593080957369206,12,4.270833333333333,0.2598306044645812,10,12.8,1.2255118042379356
F3desk,6,7,Lret_top3,simple,simple/0,146,-4.39554794520548,-1.280895978358452,-1.485393879382464,9.97850076103501,3.7031860488676767,-3.8815356605255205,51,0.8970588235294118,0.2660297626162721,57,-10.925438596491228,-1.7302174824739138,38,-1.7039473684210527,-0.21429394905718843,32,2.6328125,0.6944161957259829
F3desk,6,7,Lact,loose,simple/0,33,21.15909090909091,1.8279592454403626,1.3583095033998787,2.475589225589226,6.869243969010441,2.7198774374282655,12,1.0416666666666667,0.11017823626826627,11,-1.7272727272727273,-0.17929894828692158,10,70.475,2.299406539510805,13,-18.134615384615383,-2.2394933257458454
F3desk,6,7,Lact,simple,simple/0,153,4.001633986928105,0.9037552158207184,0.9540277840206275,5.636891793754536,3.813743458876036,-0.42878023245652847,61,4.0,0.9090274080901616,53,-6.622641509433962,-0.7170652366911184,39,18.442307692307693,1.9260727677728975,38,-6.927631578947368,-1.527499938551756
F3desk,6,11,Lret_top3,strict,simple/0,166,2.7710843373493974,0.8518304673938752,0.8918171209703737,1.0946285140562246,4.266568847491094,0.39292834200460475,68,-0.14338235294117646,-0.03486750376894214,56,0.5714285714285714,0.0894382536509326,42,10.422619047619047,1.4942449812551521,41,-0.9817073170731707,-0.41294501238264647
F3desk,6,11,Lret_top3,loose,simple/0,285,-0.34210526315789475,-0.13280340898915324,-0.11173371392064478,0.853313840155945,3.2098763356490023,-0.3724190524218868,115,1.2956521739130435,0.4256806959098002,99,-7.595959595959596,-1.426268291835159,71,7.119718309859155,1.3867631057903118,77,-0.1461038961038961,-0.08354904798484837
F3desk,6,11,Lret_top3,simple,simple/0,304,0.3248355263157895,0.13645694293264632,0.1347298223392739,0.07890168128654962,2.920758196736274,0.08420205592645509,120,1.9895833333333333,0.6823770438760385,99,-5.146464646464646,-1.0272722929035207,85,4.347058823529411,0.9409017712706501,73,-3.787671232876712,-1.738413435303391
F3desk,6,11,Lact,strict,simple/0,59,4.343220338983051,0.6141756762866495,0.6876588671925652,8.608757062146895,6.336284937570141,-0.6731920620980795,21,0.27380952380952384,0.027820532538784585,20,1.8125,0.12536319647520472,18,11.902777777777779,0.9357888165386856,17,-3.2941176470588234,-0.41505881899643804
F3desk,6,11,Lact,loose,simple/0,106,4.4245283018867925,0.891475532379503,0.762499084999368,8.260875262054507,4.674231777892443,-0.8207438446489443,36,1.4722222222222223,0.1821379433940697,40,1.54375,0.17698914800259913,30,11.808333333333334,1.308252206005835,26,-5.6826923076923075,-0.9438474300379974
F3desk,6,11,Lact,simple,simple/0,137,-1.6916058394160585,-0.36818441721059536,-0.37987286112673674,5.724351175993508,4.113087399825971,-1.803014692983024,54,-0.5694444444444444,-0.1094593561943492,42,-13.5,-1.2582066004142374,41,8.926829268292684,1.1048812738045566,40,-6.40625,-1.3694814050290407
F3desk,6,23,Lret_top3,strict,simple/0,166,2.7710843373493974,0.8518304673938752,0.8918171209703737,1.0946285140562246,4.266568847491094,0.39292834200460475,68,-0.14338235294117646,-0.03486750376894214,56,0.5714285714285714,0.0894382536509326,42,10.422619047619047,1.4942449812551521,41,-0.9817073170731707,-0.41294501238264647
F3desk,6,23,Lret_top3,loose,simple/0,285,-0.34210526315789475,-0.13280340898915324,-0.11173371392064478,0.853313840155945,3.2098763356490023,-0.3724190524218868,115,1.2956521739130435,0.4256806959098002,99,-7.595959595959596,-1.426268291835159,71,7.119718309859155,1.3867631057903118,77,-0.1461038961038961,-0.08354904798484837
F3desk,6,23,Lret_top3,simple,simple/0,304,0.3248355263157895,0.13645694293264632,0.1347298223392739,0.07890168128654962,2.920758196736274,0.08420205592645509,120,1.9895833333333333,0.6823770438760385,99,-5.146464646464646,-1.0272722929035207,85,4.347058823529411,0.9409017712706501,73,-3.787671232876712,-1.738413435303391
F3desk,6,23,Lact,strict,simple/0,59,4.343220338983051,0.6141756762866495,0.6876588671925652,8.608757062146895,6.336284937570141,-0.6731920620980795,21,0.27380952380952384,0.027820532538784585,20,1.8125,0.12536319647520472,18,11.902777777777779,0.9357888165386856,17,-3.2941176470588234,-0.41505881899643804
F3desk,6,23,Lact,loose,simple/0,106,4.4245283018867925,0.891475532379503,0.762499084999368,8.260875262054507,4.674231777892443,-0.8207438446489443,36,1.4722222222222223,0.1821379433940697,40,1.54375,0.17698914800259913,30,11.808333333333334,1.308252206005835,26,-5.6826923076923075,-0.9438474300379974
F3desk,6,23,Lact,simple,simple/0,137,-1.6916058394160585,-0.36818441721059536,-0.37987286112673674,5.724351175993508,4.113087399825971,-1.803014692983024,54,-0.5694444444444444,-0.1094593561943492,42,-13.5,-1.2582066004142374,41,8.926829268292684,1.1048812738045566,40,-6.40625,-1.3694814050290407
F4ret,3,1,Lret_mid,loose,simple/0,34,-1.1911764705882353,-0.09336266481162243,-0.09386539089058603,-0.01797385620915042,8.376269528415127,-0.14006266278791368,8,,,13,-5.288461538461538,-0.3523227499477947,13,-7.0576923076923075,-0.24685746519605453,10,2.975,0.21217290416301693
F4ret,3,1,Lret_top3,loose,simple/0,34,-1.1911764705882353,-0.09336266481162243,-0.09386539089058603,-0.01797385620915042,8.376269528415127,-0.14006266278791368,8,,,13,-5.288461538461538,-0.3523227499477947,13,-7.0576923076923075,-0.24685746519605453,10,2.975,0.21217290416301693
F4ret,3,1,Lact,strict,simple/0,130,1.9576923076923076,0.395762641444959,0.4045896421804674,1.401068376068377,5.0077252339749085,0.11115304966165393,61,8.040983606557377,1.8859309557664488,37,-4.844594594594595,-0.3894810347285422,32,-1.7734375,-0.15298004657500638,35,-7.285714285714286,-1.1996315965476372
F4ret,3,1,Lact,loose,simple/0,240,-2.279166666666667,-0.6500811376626908,-0.5589794903250638,0.7320601851851849,3.9470776233012517,-0.7629003377271628,109,3.208715596330275,0.9465537281680131,68,-4.209558823529412,-0.5632620701662174,63,-9.69047619047619,-1.0907170134729571,63,-7.932539682539683,-1.801476289281843
F4ret,3,1,Lact,simple,simple/0,130,1.9576923076923076,0.395762641444959,0.4045896421804674,1.401068376068377,5.0077252339749085,0.11115304966165393,61,8.040983606557377,1.8859309557664488,37,-4.844594594594595,-0.3894810347285422,32,-1.7734375,-0.15298004657500638,35,-7.285714285714286,-1.1996315965476372
F4ret,3,1,Ldrift,loose,simple/0,34,-1.1911764705882353,-0.09336266481162243,-0.09386539089058603,-0.01797385620915042,8.376269528415127,-0.14006266278791368,8,,,13,-5.288461538461538,-0.3523227499477947,13,-7.0576923076923075,-0.24685746519605453,10,2.975,0.21217290416301693
F4ret,3,3,Lret_mid,loose,simple/0,34,-1.1911764705882353,-0.09336266481162243,-0.09386539089058603,-0.01797385620915042,8.376269528415127,-0.14006266278791368,8,,,13,-5.288461538461538,-0.3523227499477947,13,-7.0576923076923075,-0.24685746519605453,10,2.975,0.21217290416301693
F4ret,3,3,Lret_top3,loose,simple/0,34,-1.1911764705882353,-0.09336266481162243,-0.09386539089058603,-0.01797385620915042,8.376269528415127,-0.14006266278791368,8,,,13,-5.288461538461538,-0.3523227499477947,13,-7.0576923076923075,-0.24685746519605453,10,2.975,0.21217290416301693
F4ret,3,3,Lact,strict,simple/0,130,1.9576923076923076,0.395762641444959,0.4045896421804674,1.401068376068377,5.0077252339749085,0.11115304966165393,61,8.040983606557377,1.8859309557664488,37,-4.844594594594595,-0.3894810347285422,32,-1.7734375,-0.15298004657500638,35,-7.285714285714286,-1.1996315965476372
F4ret,3,3,Lact,loose,simple/0,240,-2.279166666666667,-0.6500811376626908,-0.5589794903250638,0.7320601851851849,3.9470776233012517,-0.7629003377271628,109,3.208715596330275,0.9465537281680131,68,-4.209558823529412,-0.5632620701662174,63,-9.69047619047619,-1.0907170134729571,63,-7.932539682539683,-1.801476289281843
F4ret,3,3,Lact,simple,simple/0,130,1.9576923076923076,0.395762641444959,0.4045896421804674,1.401068376068377,5.0077252339749085,0.11115304966165393,61,8.040983606557377,1.8859309557664488,37,-4.844594594594595,-0.3894810347285422,32,-1.7734375,-0.15298004657500638,35,-7.285714285714286,-1.1996315965476372
F4ret,3,3,Ldrift,loose,simple/0,34,-1.1911764705882353,-0.09336266481162243,-0.09386539089058603,-0.01797385620915042,8.376269528415127,-0.14006266278791368,8,,,13,-5.288461538461538,-0.3523227499477947,13,-7.0576923076923075,-0.24685746519605453,10,2.975,0.21217290416301693
F4ret,3,7,Lret_mid,loose,simple/0,34,-1.1911764705882353,-0.09336266481162243,-0.09386539089058603,-0.01797385620915042,8.376269528415127,-0.14006266278791368,8,,,13,-5.288461538461538,-0.3523227499477947,13,-7.0576923076923075,-0.24685746519605453,10,2.975,0.21217290416301693
F4ret,3,7,Lret_top3,loose,simple/0,34,-1.1911764705882353,-0.09336266481162243,-0.09386539089058603,-0.01797385620915042,8.376269528415127,-0.14006266278791368,8,,,13,-5.288461538461538,-0.3523227499477947,13,-7.0576923076923075,-0.24685746519605453,10,2.975,0.21217290416301693
F4ret,3,7,Lact,strict,simple/0,130,1.9576923076923076,0.395762641444959,0.4045896421804674,1.401068376068377,5.0077252339749085,0.11115304966165393,61,8.040983606557377,1.8859309557664488,37,-4.844594594594595,-0.3894810347285422,32,-1.7734375,-0.15298004657500638,35,-7.285714285714286,-1.1996315965476372
F4ret,3,7,Lact,loose,simple/0,240,-2.279166666666667,-0.6500811376626908,-0.5589794903250638,0.7320601851851849,3.9470776233012517,-0.7629003377271628,109,3.208715596330275,0.9465537281680131,68,-4.209558823529412,-0.5632620701662174,63,-9.69047619047619,-1.0907170134729571,63,-7.932539682539683,-1.801476289281843
F4ret,3,7,Lact,simple,simple/0,130,1.9576923076923076,0.395762641444959,0.4045896421804674,1.401068376068377,5.0077252339749085,0.11115304966165393,61,8.040983606557377,1.8859309557664488,37,-4.844594594594595,-0.3894810347285422,32,-1.7734375,-0.15298004657500638,35,-7.285714285714286,-1.1996315965476372
F4ret,3,7,Ldrift,loose,simple/0,34,-1.1911764705882353,-0.09336266481162243,-0.09386539089058603,-0.01797385620915042,8.376269528415127,-0.14006266278791368,8,,,13,-5.288461538461538,-0.3523227499477947,13,-7.0576923076923075,-0.24685746519605453,10,2.975,0.21217290416301693
F4ret,3,11,Lact,strict,simple/0,123,8.286585365853659,1.6203444980392923,1.710948273406056,5.282746160794938,4.531125389609817,0.6629344692042141,46,7.951086956521739,1.751221396250368,42,-1.1547619047619047,-0.10290718836445654,35,20.057142857142857,1.9619995305755256,30,0.008333333333333333,0.0014891125329706389
F4ret,3,11,Lact,loose,simple/0,222,5.266891891891892,1.4694547504078,1.210153093572078,4.420983483483484,3.342001194921743,0.2531143345172311,84,1.4494047619047619,0.33999523380246716,73,-2.828767123287671,-0.39370313811445656,65,19.29230769230769,2.6932637037904557,56,1.2008928571428572,0.2956028801287597
F4ret,3,11,Lact,simple,simple/0,123,8.286585365853659,1.6203444980392923,1.710948273406056,5.282746160794938,4.531125389609817,0.6629344692042141,46,7.951086956521739,1.751221396250368,42,-1.1547619047619047,-0.10290718836445654,35,20.057142857142857,1.9619995305755256,30,0.008333333333333333,0.0014891125329706389
F4ret,3,23,Lret_mid,loose,simple/0,34,-1.1911764705882353,-0.09336266481162243,-0.09386539089058603,-0.01797385620915042,8.376269528415127,-0.14006266278791368,8,,,13,-5.288461538461538,-0.3523227499477947,13,-7.0576923076923075,-0.24685746519605453,10,2.975,0.21217290416301693
F4ret,3,23,Lret_top3,loose,simple/0,34,-1.1911764705882353,-0.09336266481162243,-0.09386539089058603,-0.01797385620915042,8.376269528415127,-0.14006266278791368,8,,,13,-5.288461538461538,-0.3523227499477947,13,-7.0576923076923075,-0.24685746519605453,10,2.975,0.21217290416301693
F4ret,3,23,Lact,strict,simple/0,130,1.9576923076923076,0.395762641444959,0.4045896421804674,1.401068376068377,5.0077252339749085,0.11115304966165393,61,8.040983606557377,1.8859309557664488,37,-4.844594594594595,-0.3894810347285422,32,-1.7734375,-0.15298004657500638,35,-7.285714285714286,-1.1996315965476372
F4ret,3,23,Lact,loose,simple/0,240,-2.279166666666667,-0.6500811376626908,-0.5589794903250638,0.7320601851851849,3.9470776233012517,-0.7629003377271628,109,3.208715596330275,0.9465537281680131,68,-4.209558823529412,-0.5632620701662174,63,-9.69047619047619,-1.0907170134729571,63,-7.932539682539683,-1.801476289281843
F4ret,3,23,Lact,simple,simple/0,130,1.9576923076923076,0.395762641444959,0.4045896421804674,1.401068376068377,5.0077252339749085,0.11115304966165393,61,8.040983606557377,1.8859309557664488,37,-4.844594594594595,-0.3894810347285422,32,-1.7734375,-0.15298004657500638,35,-7.285714285714286,-1.1996315965476372
F4ret,3,23,Ldrift,loose,simple/0,34,-1.1911764705882353,-0.09336266481162243,-0.09386539089058603,-0.01797385620915042,8.376269528415127,-0.14006266278791368,8,,,13,-5.288461538461538,-0.3523227499477947,13,-7.0576923076923075,-0.24685746519605453,10,2.975,0.21217290416301693
F4ret,4,1,Lret_top3,loose,simple/0,38,7.019736842105263,1.0013305369473913,0.8924722268781865,2.190423976608186,6.274397831208236,0.7696854734770803,12,7.375,0.9499705291499247,10,-6.975,-0.6877242761496717,16,15.5,1.08727319167574,15,5.633333333333334,0.4810552977500851
F4ret,4,1,Lact,strict,simple/0,26,12.153846153846153,1.4153997487016055,1.4434301876327622,1.1869658119658117,7.331199456966119,1.4959189701842843,10,7.025,0.7588717938703035,7,,,9,,,10,1.6,0.11227947302640907
F4ret,4,1,Lact,loose,simple/0,77,-3.24025974025974,-0.48744268222774617,-0.438989637586847,3.713924963924964,5.980570193183309,-1.1627962685081645,30,-0.5916666666666667,-0.1162783677204812,21,-26.023809523809526,-1.4890442285538132,26,12.10576923076923,1.025673857701009,26,2.3076923076923075,0.2947378254734866
F4ret,4,1,Lact,simple,simple/0,140,7.026785714285714,1.4968107556262311,1.5207079911436012,6.006845238095233,4.288792804069285,0.23781528341092711,53,3.6650943396226414,0.7867052028277568,47,-0.526595744680851,-0.0514086275418158,40,20.35625,2.2145311815207376,33,-5.5606060606060606,-0.9525025749952786
F4ret,4,3,Lret_top3,loose,simple/0,38,-0.2236842105263158,-0.0340198623644341,-0.03200601263894845,-2.7861842105263155,9.268514315449467,0.27647365184823947,14,3.5,0.5287105446117947,13,1.0769230769230769,0.11161048940753836,11,-6.5,-0.35140911143069026,13,-1.0192307692307692,-0.20584684590267774
F4ret,4,3,Lret_top3,simple,simple/0,178,-6.633426966292135,-1.5338505040301236,-1.5120618987486556,-2.091292134831458,4.174822176500758,-1.0879828264368838,72,-5.503472222222222,-1.1249735387897133,53,-0.44339622641509435,-0.061588755132608225,53,-14.358490566037736,-1.3350610150656033,48,-5.614583333333333,-1.5483285132073876
F4ret,4,3,Lact,loose,simple/0,40,-0.06875,-0.014210148456981986,-0.013490146334618772,3.110069444444445,8.110026856663843,-0.3919616421285306,17,-0.029411764705882353,-0.005067110570626868,15,-8.616666666666667,-1.1023056834991636,8,,,10,-3.75,-0.6440147812788561
F4ret,4,3,Lact,simple,simple/0,98,-0.5969387755102041,-0.12887494308691233,-0.13083564978759976,10.074971655328799,4.734114225793278,-2.2542570630624676,32,-5.8671875,-1.2239968873128657,39,4.762820512820513,0.6318761533462489,27,-2.0925925925925926,-0.17999226588883757,17,-3.6911764705882355,-0.9778712601192259
F4ret,4,7,Lret_top3,loose,simple/0,38,-0.2236842105263158,-0.0340198623644341,-0.03200601263894845,-2.7861842105263155,9.268514315449467,0.27647365184823947,14,3.5,0.5287105446117947,13,1.0769230769230769,0.11161048940753836,11,-6.5,-0.35140911143069026,13,-1.0192307692307692,-0.20584684590267774
F4ret,4,7,Lret_top3,simple,simple/0,178,-6.633426966292135,-1.5338505040301236,-1.5120618987486556,-2.091292134831458,4.174822176500758,-1.0879828264368838,72,-5.503472222222222,-1.1249735387897133,53,-0.44339622641509435,-0.061588755132608225,53,-14.358490566037736,-1.3350610150656033,48,-5.614583333333333,-1.5483285132073876
F4ret,4,7,Lact,loose,simple/0,40,-0.06875,-0.014210148456981986,-0.013490146334618772,3.110069444444445,8.110026856663843,-0.3919616421285306,17,-0.029411764705882353,-0.005067110570626868,15,-8.616666666666667,-1.1023056834991636,8,,,10,-3.75,-0.6440147812788561
F4ret,4,7,Lact,simple,simple/0,98,-0.5969387755102041,-0.12887494308691233,-0.13083564978759976,10.074971655328799,4.734114225793278,-2.2542570630624676,32,-5.8671875,-1.2239968873128657,39,4.762820512820513,0.6318761533462489,27,-2.0925925925925926,-0.17999226588883757,17,-3.6911764705882355,-0.9778712601192259
F4ret,4,11,Lret_top3,loose,simple/0,38,-0.2236842105263158,-0.0340198623644341,-0.03200601263894845,-2.7861842105263155,9.268514315449467,0.27647365184823947,14,3.5,0.5287105446117947,13,1.0769230769230769,0.11161048940753836,11,-6.5,-0.35140911143069026,13,-1.0192307692307692,-0.20584684590267774
F4ret,4,11,Lret_top3,simple,simple/0,178,-6.633426966292135,-1.5338505040301236,-1.5120618987486556,-2.091292134831458,4.174822176500758,-1.0879828264368838,72,-5.503472222222222,-1.1249735387897133,53,-0.44339622641509435,-0.061588755132608225,53,-14.358490566037736,-1.3350610150656033,48,-5.614583333333333,-1.5483285132073876
F4ret,4,11,Lact,loose,simple/0,40,-0.06875,-0.014210148456981986,-0.013490146334618772,3.110069444444445,8.110026856663843,-0.3919616421285306,17,-0.029411764705882353,-0.005067110570626868,15,-8.616666666666667,-1.1023056834991636,8,,,10,-3.75,-0.6440147812788561
F4ret,4,11,Lact,simple,simple/0,98,-0.5969387755102041,-0.12887494308691233,-0.13083564978759976,10.074971655328799,4.734114225793278,-2.2542570630624676,32,-5.8671875,-1.2239968873128657,39,4.762820512820513,0.6318761533462489,27,-2.0925925925925926,-0.17999226588883757,17,-3.6911764705882355,-0.9778712601192259
F4ret,4,23,Lret_top3,loose,simple/0,38,7.019736842105263,1.0013305369473913,0.8924722268781865,2.190423976608186,6.274397831208236,0.7696854734770803,12,7.375,0.9499705291499247,10,-6.975,-0.6877242761496717,16,15.5,1.08727319167574,15,5.633333333333334,0.4810552977500851
F4ret,4,23,Lact,strict,simple/0,26,12.153846153846153,1.4153997487016055,1.4434301876327622,1.1869658119658117,7.331199456966119,1.4959189701842843,10,7.025,0.7588717938703035,7,,,9,,,10,1.6,0.11227947302640907
F4ret,4,23,Lact,loose,simple/0,77,-3.24025974025974,-0.48744268222774617,-0.438989637586847,3.713924963924964,5.980570193183309,-1.1627962685081645,30,-0.5916666666666667,-0.1162783677204812,21,-26.023809523809526,-1.4890442285538132,26,12.10576923076923,1.025673857701009,26,2.3076923076923075,0.2947378254734866
F4ret,4,23,Lact,simple,simple/0,140,7.026785714285714,1.4968107556262311,1.5207079911436012,6.006845238095233,4.288792804069285,0.23781528341092711,53,3.6650943396226414,0.7867052028277568,47,-0.526595744680851,-0.0514086275418158,40,20.35625,2.2145311815207376,33,-5.5606060606060606,-0.9525025749952786
F4ret,5,1,Lret_top3,loose,simple/0,40,7.0125,1.036335958521988,0.9263916767749353,2.2187499999999996,6.017136539790366,0.7966829351967827,14,7.303571428571429,0.9715512538669407,10,-6.975,-0.6877242761496717,16,15.5,1.08727319167574,15,5.633333333333334,0.4810552977500851
F4ret,5,1,Lact,strict,simple/0,29,12.887931034482758,1.5695738556290406,1.5973560807064031,1.2365900383141764,7.119312188423217,1.636582395573963,12,9.916666666666666,0.9384092430457708,7,,,10,28.525,1.6661661605758356,10,1.6,0.11227947302640907
F4ret,5,1,Lact,loose,simple/0,82,-2.1707317073170733,-0.3409496451731411,-0.30476499354201103,3.6156842818428183,5.712721239126663,-1.0129001130894486,34,1.3161764705882353,0.24411714025417997,21,-26.023809523809526,-1.4890442285538132,27,11.99074074074074,1.055729147593189,26,2.3076923076923075,0.2947378254734866
F4ret,5,1,Lact,simple,simple/0,141,6.882978723404255,1.4768088525181156,1.4995877988811162,5.960598896769104,4.289041939177232,0.21505497957711533,53,3.2452830188679247,0.6979369642133154,47,-0.526595744680851,-0.0514086275418158,41,20.079268292682926,2.2386405010672035,33,-5.5606060606060606,-0.9525025749952786
F4ret,5,3,Lret_mid,strict,simple/0,29,-6.387931034482759,-0.8066095157318796,-0.8208868987522691,-14.906130268199233,10.168773462113336,0.8376820730104227,11,4.386363636363637,0.4100989704346982,9,,,9,,,12,-1.1041666666666667,-0.17467620061897252
F4ret,5,3,Lret_mid,loose,simple/0,50,-10.4,-1.5625537930726312,-1.4740002016759175,-10.150555555555556,7.96596655796485,-0.03131376997748438,22,4.1022727272727275,0.6257764865136,15,-30.05,-2.1302064992315564,13,-12.26923076923077,-0.8029278638077761,18,0.9583333333333334,0.19977442867346212
F4ret,5,3,Lret_mid,simple,simple/0,29,-6.387931034482759,-0.8066095157318796,-0.8208868987522691,-14.906130268199233,10.168773462113336,0.8376820730104227,11,4.386363636363637,0.4100989704346982,9,,,9,,,12,-1.1041666666666667,-0.17467620061897252
F4ret,5,3,Lret_top3,strict,simple/0,36,-2.9930555555555554,-0.42442437028408286,-0.43044487482727684,-12.744212962962962,9.337295402041637,1.0443235420478694,14,9.232142857142858,0.9708833601667992,11,-24.272727272727273,-1.8467837353719565,11,2.727272727272727,0.2034366479481611,15,-2.1333333333333333,-0.3525951003147553
F4ret,5,3,Lret_top3,loose,simple/0,68,-12.150735294117647,-2.123230108696195,-1.9305795091431481,-10.00265522875817,6.615989439139547,-0.3246800928447141,33,-0.18181818181818182,-0.030940546490006753,19,-30.157894736842106,-2.4970224206589386,16,-15.453125,-1.0519185109659372,25,1.11,0.23790295268946235
F4ret,5,3,Lret_top3,simple,simple/0,122,-5.497950819672131,-0.9883592489100334,-0.9181682235109293,0.37397540983606514,5.11203437120989,-1.1486476426249965,54,1.2453703703703705,0.2577665912997421,33,-7.21969696969697,-0.9239144955915878,35,-14.278571428571428,-0.870387893652456,33,-0.14393939393939395,-0.03551180877137829
F4ret,5,3,Lact,strict,simple/0,325,1.2923076923076924,0.5117628479901037,0.4678951496324467,6.971709401709405,2.6229803557312805,-2.165247519674355,126,4.196428571428571,1.7570794687172027,99,5.944444444444445,1.0907428384522992,100,-6.9725,-1.303123330736012,80,-2.4,-1.0345522242622416
F4ret,5,3,Lact,loose,simple/0,522,0.7045019157088123,0.35826397007231436,0.2749094307889248,7.877926777352078,2.0473095716591843,-3.5038300806798683,197,1.083756345177665,0.5362411006012278,164,4.565548780487805,1.1298572138859573,161,-3.6925465838509317,-0.8816574706441425,129,-3.4089147286821704,-1.8399554694598819
F4ret,5,3,Lact,simple,simple/0,407,1.2414004914004915,0.49251730418839507,0.47215677319595145,7.434241059241055,2.4615261940194757,-2.515854018895549,159,4.2075471698113205,1.8660798052551844,123,7.073170731707317,1.515247117077561,125,-8.27,-1.3540483259917713,95,-2.0052631578947366,-0.9459406553801804
F4ret,5,7,Lret_mid,strict,simple/0,29,-6.387931034482759,-0.8066095157318796,-0.8208868987522691,-14.906130268199233,10.168773462113336,0.8376820730104227,11,4.386363636363637,0.4100989704346982,9,,,9,,,12,-1.1041666666666667,-0.17467620061897252
F4ret,5,7,Lret_mid,loose,simple/0,50,-10.4,-1.5625537930726312,-1.4740002016759175,-10.150555555555556,7.96596655796485,-0.03131376997748438,22,4.1022727272727275,0.6257764865136,15,-30.05,-2.1302064992315564,13,-12.26923076923077,-0.8029278638077761,18,0.9583333333333334,0.19977442867346212
F4ret,5,7,Lret_mid,simple,simple/0,29,-6.387931034482759,-0.8066095157318796,-0.8208868987522691,-14.906130268199233,10.168773462113336,0.8376820730104227,11,4.386363636363637,0.4100989704346982,9,,,9,,,12,-1.1041666666666667,-0.17467620061897252
F4ret,5,7,Lret_top3,strict,simple/0,36,-2.9930555555555554,-0.42442437028408286,-0.43044487482727684,-12.744212962962962,9.337295402041637,1.0443235420478694,14,9.232142857142858,0.9708833601667992,11,-24.272727272727273,-1.8467837353719565,11,2.727272727272727,0.2034366479481611,15,-2.1333333333333333,-0.3525951003147553
F4ret,5,7,Lret_top3,loose,simple/0,68,-12.150735294117647,-2.123230108696195,-1.9305795091431481,-10.00265522875817,6.615989439139547,-0.3246800928447141,33,-0.18181818181818182,-0.030940546490006753,19,-30.157894736842106,-2.4970224206589386,16,-15.453125,-1.0519185109659372,25,1.11,0.23790295268946235
F4ret,5,7,Lret_top3,simple,simple/0,122,-5.497950819672131,-0.9883592489100334,-0.9181682235109293,0.37397540983606514,5.11203437120989,-1.1486476426249965,54,1.2453703703703705,0.2577665912997421,33,-7.21969696969697,-0.9239144955915878,35,-14.278571428571428,-0.870387893652456,33,-0.14393939393939395,-0.03551180877137829
F4ret,5,7,Lact,strict,simple/0,325,1.2923076923076924,0.5117628479901037,0.4678951496324467,6.971709401709405,2.6229803557312805,-2.165247519674355,126,4.196428571428571,1.7570794687172027,99,5.944444444444445,1.0907428384522992,100,-6.9725,-1.303123330736012,80,-2.4,-1.0345522242622416
F4ret,5,7,Lact,loose,simple/0,522,0.7045019157088123,0.35826397007231436,0.2749094307889248,7.877926777352078,2.0473095716591843,-3.5038300806798683,197,1.083756345177665,0.5362411006012278,164,4.565548780487805,1.1298572138859573,161,-3.6925465838509317,-0.8816574706441425,129,-3.4089147286821704,-1.8399554694598819
F4ret,5,7,Lact,simple,simple/0,407,1.2414004914004915,0.49251730418839507,0.47215677319595145,7.434241059241055,2.4615261940194757,-2.515854018895549,159,4.2075471698113205,1.8660798052551844,123,7.073170731707317,1.515247117077561,125,-8.27,-1.3540483259917713,95,-2.0052631578947366,-0.9459406553801804
F4ret,5,11,Lret_top3,strict,simple/0,64,-3.515625,-0.6430947172214911,-0.6181488557441158,-9.320529513888888,7.104235829680247,0.8171047038777933,26,6.269230769230769,1.0305616637843473,18,-24.291666666666668,-2.002251762854883,20,2.4625,0.23873862924203187,24,0.2604166666666667,0.05078707603896767
F4ret,5,11,Lret_top3,loose,simple/0,109,-5.165137614678899,-1.172687354040282,-1.0753644182632196,-6.514271151885833,5.236953759240008,0.25761799687968234,47,4.99468085106383,1.2355325005357198,31,-24.14516129032258,-2.5884455147646537,31,-1.5887096774193548,-0.15660822791450357,37,0.14864864864864866,0.04067784827931789
F4ret,5,11,Lret_top3,simple,simple/0,147,-3.947278911564626,-0.7915184730390888,-0.7942767006862083,-0.6652494331065771,4.7521994925744995,-0.690633775704566,64,0.58984375,0.11957655509404089,43,-7.598837209302325,-1.1083797277830243,40,-7.28125,-0.4872047003565721,37,1.945945945945946,0.5124250068069337
F4ret,5,11,Lact,loose,simple/0,42,3.0952380952380953,0.44833730283111345,0.39003764044854256,1.9503968253968262,5.41490738677232,0.21142397977810623,14,2.142857142857143,0.24952542659618682,11,-4.090909090909091,-0.43498365579619447,17,8.529411764705882,0.5849073779442231,14,4.392857142857143,0.4125078795340269
F4ret,5,11,Lact,simple,simple/0,122,4.334016393442623,0.8732788840129864,0.8868543563128437,4.2966757741347905,4.3872051936865235,0.008511254354268102,49,5.26530612244898,1.0703559878835327,40,-9.98125,-0.9613880825695004,33,20.303030303030305,1.8898702920258998,29,-2.8793103448275863,-0.45798704923059447
F4ret,5,23,Lret_mid,strict,simple/0,29,-6.387931034482759,-0.8066095157318796,-0.8208868987522691,-14.906130268199233,10.168773462113336,0.8376820730104227,11,4.386363636363637,0.4100989704346982,9,,,9,,,12,-1.1041666666666667,-0.17467620061897252
F4ret,5,23,Lret_mid,loose,simple/0,50,-10.4,-1.5625537930726312,-1.4740002016759175,-10.150555555555556,7.96596655796485,-0.03131376997748438,22,4.1022727272727275,0.6257764865136,15,-30.05,-2.1302064992315564,13,-12.26923076923077,-0.8029278638077761,18,0.9583333333333334,0.19977442867346212
F4ret,5,23,Lret_mid,simple,simple/0,29,-6.387931034482759,-0.8066095157318796,-0.8208868987522691,-14.906130268199233,10.168773462113336,0.8376820730104227,11,4.386363636363637,0.4100989704346982,9,,,9,,,12,-1.1041666666666667,-0.17467620061897252
F4ret,5,23,Lret_top3,strict,simple/0,36,-2.9930555555555554,-0.42442437028408286,-0.43044487482727684,-12.744212962962962,9.337295402041637,1.0443235420478694,14,9.232142857142858,0.9708833601667992,11,-24.272727272727273,-1.8467837353719565,11,2.727272727272727,0.2034366479481611,15,-2.1333333333333333,-0.3525951003147553
F4ret,5,23,Lret_top3,loose,simple/0,68,-12.150735294117647,-2.123230108696195,-1.9305795091431481,-10.00265522875817,6.615989439139547,-0.3246800928447141,33,-0.18181818181818182,-0.030940546490006753,19,-30.157894736842106,-2.4970224206589386,16,-15.453125,-1.0519185109659372,25,1.11,0.23790295268946235
F4ret,5,23,Lret_top3,simple,simple/0,122,-5.497950819672131,-0.9883592489100334,-0.9181682235109293,0.37397540983606514,5.11203437120989,-1.1486476426249965,54,1.2453703703703705,0.2577665912997421,33,-7.21969696969697,-0.9239144955915878,35,-14.278571428571428,-0.870387893652456,33,-0.14393939393939395,-0.03551180877137829
F4ret,5,23,Lact,strict,simple/0,325,1.2923076923076924,0.5117628479901037,0.4678951496324467,6.971709401709405,2.6229803557312805,-2.165247519674355,126,4.196428571428571,1.7570794687172027,99,5.944444444444445,1.0907428384522992,100,-6.9725,-1.303123330736012,80,-2.4,-1.0345522242622416
F4ret,5,23,Lact,loose,simple/0,522,0.7045019157088123,0.35826397007231436,0.2749094307889248,7.877926777352078,2.0473095716591843,-3.5038300806798683,197,1.083756345177665,0.5362411006012278,164,4.565548780487805,1.1298572138859573,161,-3.6925465838509317,-0.8816574706441425,129,-3.4089147286821704,-1.8399554694598819
F4ret,5,23,Lact,simple,simple/0,407,1.2414004914004915,0.49251730418839507,0.47215677319595145,7.434241059241055,2.4615261940194757,-2.515854018895549,159,4.2075471698113205,1.8660798052551844,123,7.073170731707317,1.515247117077561,125,-8.27,-1.3540483259917713,95,-2.0052631578947366,-0.9459406553801804
F4ret,6,1,Lret_top3,strict,simple/0,36,-2.9930555555555554,-0.42442437028408286,-0.43044487482727684,-12.744212962962962,9.337295402041637,1.0443235420478694,14,9.232142857142858,0.9708833601667992,11,-24.272727272727273,-1.8467837353719565,11,2.727272727272727,0.2034366479481611,15,-2.1333333333333333,-0.3525951003147553
F4ret,6,1,Lret_top3,loose,simple/0,70,-11.289285714285715,-2.018672627636904,-1.8339258693300051,-9.773214285714285,6.4547983232288075,-0.23487510417104135,34,0.5441176470588235,0.09467934206799708,20,-28.075,-2.41079256650127,16,-15.453125,-1.0519185109659372,25,1.11,0.23790295268946235
F4ret,6,1,Lret_top3,simple,simple/0,122,-6.057377049180328,-1.0983192865230897,-1.028813749731726,0.028916211293259855,5.095547911921185,-1.1944335262228671,54,0.046296296296296294,0.010151611189760667,34,-6.272058823529412,-0.8209572859158717,34,-15.536764705882353,-0.9215309275863517,33,-0.14393939393939395,-0.03551180877137829
F4ret,6,1,Lact,loose,simple/0,38,2.3157894736842106,0.3596163664178986,0.31450285469051403,2.056652046783626,6.051177443347766,0.042824298134813726,12,-8.291666666666666,-1.543082502776408,9,,,17,16.073529411764707,1.316507051596298,14,4.392857142857143,0.4125078795340269
F4ret,6,1,Lact,simple,simple/0,118,4.883474576271187,0.9720941149465511,0.9937075328422864,4.409133709981167,4.5659292001815635,0.10388703930651352,44,6.994318181818182,1.4968717885667087,40,-10.2625,-0.9889078582355773,34,19.970588235294116,1.9151625591631425,31,-4.629032258064516,-0.7586707748194341
F4ret,6,3,Lret_top3,strict,simple/0,36,-2.9930555555555554,-0.42442437028408286,-0.43044487482727684,-12.744212962962962,9.337295402041637,1.0443235420478694,14,9.232142857142858,0.9708833601667992,11,-24.272727272727273,-1.8467837353719565,11,2.727272727272727,0.2034366479481611,15,-2.1333333333333333,-0.3525951003147553
F4ret,6,3,Lret_top3,loose,simple/0,70,-11.289285714285715,-2.018672627636904,-1.8339258693300051,-9.773214285714285,6.4547983232288075,-0.23487510417104135,34,0.5441176470588235,0.09467934206799708,20,-28.075,-2.41079256650127,16,-15.453125,-1.0519185109659372,25,1.11,0.23790295268946235
F4ret,6,3,Lret_top3,simple,simple/0,122,-6.057377049180328,-1.0983192865230897,-1.028813749731726,0.028916211293259855,5.095547911921185,-1.1944335262228671,54,0.046296296296296294,0.010151611189760667,34,-6.272058823529412,-0.8209572859158717,34,-15.536764705882353,-0.9215309275863517,33,-0.14393939393939395,-0.03551180877137829
F4ret,6,3,Lact,loose,simple/0,38,2.3157894736842106,0.3596163664178986,0.31450285469051403,2.056652046783626,6.051177443347766,0.042824298134813726,12,-8.291666666666666,-1.543082502776408,9,,,17,16.073529411764707,1.316507051596298,14,4.392857142857143,0.4125078795340269
F4ret,6,3,Lact,simple,simple/0,118,4.883474576271187,0.9720941149465511,0.9937075328422864,4.409133709981167,4.5659292001815635,0.10388703930651352,44,6.994318181818182,1.4968717885667087,40,-10.2625,-0.9889078582355773,34,19.970588235294116,1.9151625591631425,31,-4.629032258064516,-0.7586707748194341
F4ret,6,7,Lret_top3,strict,simple/0,36,-2.9930555555555554,-0.42442437028408286,-0.43044487482727684,-12.744212962962962,9.337295402041637,1.0443235420478694,14,9.232142857142858,0.9708833601667992,11,-24.272727272727273,-1.8467837353719565,11,2.727272727272727,0.2034366479481611,15,-2.1333333333333333,-0.3525951003147553
F4ret,6,7,Lret_top3,loose,simple/0,70,-11.289285714285715,-2.018672627636904,-1.8339258693300051,-9.773214285714285,6.4547983232288075,-0.23487510417104135,34,0.5441176470588235,0.09467934206799708,20,-28.075,-2.41079256650127,16,-15.453125,-1.0519185109659372,25,1.11,0.23790295268946235
F4ret,6,7,Lret_top3,simple,simple/0,122,-6.057377049180328,-1.0983192865230897,-1.028813749731726,0.028916211293259855,5.095547911921185,-1.1944335262228671,54,0.046296296296296294,0.010151611189760667,34,-6.272058823529412,-0.8209572859158717,34,-15.536764705882353,-0.9215309275863517,33,-0.14393939393939395,-0.03551180877137829
F4ret,6,7,Lact,loose,simple/0,38,2.3157894736842106,0.3596163664178986,0.31450285469051403,2.056652046783626,6.051177443347766,0.042824298134813726,12,-8.291666666666666,-1.543082502776408,9,,,17,16.073529411764707,1.316507051596298,14,4.392857142857143,0.4125078795340269
F4ret,6,7,Lact,simple,simple/0,118,4.883474576271187,0.9720941149465511,0.9937075328422864,4.409133709981167,4.5659292001815635,0.10388703930651352,44,6.994318181818182,1.4968717885667087,40,-10.2625,-0.9889078582355773,34,19.970588235294116,1.9151625591631425,31,-4.629032258064516,-0.7586707748194341
F4ret,6,11,Lret_top3,strict,simple/0,36,-2.9930555555555554,-0.42442437028408286,-0.43044487482727684,-12.744212962962962,9.337295402041637,1.0443235420478694,14,9.232142857142858,0.9708833601667992,11,-24.272727272727273,-1.8467837353719565,11,2.727272727272727,0.2034366479481611,15,-2.1333333333333333,-0.3525951003147553
F4ret,6,11,Lret_top3,loose,simple/0,70,-11.289285714285715,-2.018672627636904,-1.8339258693300051,-9.773214285714285,6.4547983232288075,-0.23487510417104135,34,0.5441176470588235,0.09467934206799708,20,-28.075,-2.41079256650127,16,-15.453125,-1.0519185109659372,25,1.11,0.23790295268946235
F4ret,6,11,Lret_top3,simple,simple/0,122,-6.057377049180328,-1.0983192865230897,-1.028813749731726,0.028916211293259855,5.095547911921185,-1.1944335262228671,54,0.046296296296296294,0.010151611189760667,34,-6.272058823529412,-0.8209572859158717,34,-15.536764705882353,-0.9215309275863517,33,-0.14393939393939395,-0.03551180877137829
F4ret,6,11,Lact,loose,simple/0,38,2.3157894736842106,0.3596163664178986,0.31450285469051403,2.056652046783626,6.051177443347766,0.042824298134813726,12,-8.291666666666666,-1.543082502776408,9,,,17,16.073529411764707,1.316507051596298,14,4.392857142857143,0.4125078795340269
F4ret,6,11,Lact,simple,simple/0,118,4.883474576271187,0.9720941149465511,0.9937075328422864,4.409133709981167,4.5659292001815635,0.10388703930651352,44,6.994318181818182,1.4968717885667087,40,-10.2625,-0.9889078582355773,34,19.970588235294116,1.9151625591631425,31,-4.629032258064516,-0.7586707748194341
F4ret,6,23,Lret_mid,strict,simple/0,29,-9.775862068965518,-1.1469273284755273,-1.0561117864835061,-15.420498084291188,10.209540040799663,0.5528785814804986,10,4.825,0.40838688297410214,10,-33.4,-2.1434368762381792,9,,,12,-3.8333333333333335,-0.5632706379283617
F4ret,6,23,Lret_mid,loose,simple/0,49,-14.209183673469388,-1.9784632916684832,-1.7189233620354576,-12.753968253968255,7.516429773752984,-0.1936046052851683,19,7.355263157894737,1.0228882868155067,17,-37.9264705882353,-2.8056819557377133,13,-14.711538461538462,-0.9748268627376284,18,1.5555555555555556,0.31253517625660726
F4ret,6,23,Lret_mid,simple,simple/0,29,-9.775862068965518,-1.1469273284755273,-1.0561117864835061,-15.420498084291188,10.209540040799663,0.5528785814804986,10,4.825,0.40838688297410214,10,-33.4,-2.1434368762381792,9,,,12,-3.8333333333333335,-0.5632706379283617
F4ret,6,23,Lret_top3,strict,simple/0,35,-5.464285714285714,-0.7055634042665364,-0.6578848450734737,-13.24206349206349,9.617296742084898,0.8087280642742921,12,12.0,1.1001651485849127,12,-30.4375,-2.256435180078134,11,2.727272727272727,0.2034366479481611,18,-0.9305555555555556,-0.16652945738638575
F4ret,6,23,Lret_top3,loose,simple/0,66,-13.651515151515152,-2.2748503682529133,-2.0031422607358413,-11.901515151515154,6.401183635783919,-0.27338693897440186,30,1.5583333333333333,0.2463531305306353,20,-33.4375,-2.8056556294171506,16,-17.4375,-1.1996174335733318,26,3.6538461538461537,0.788636511269887
F4ret,6,23,Lret_top3,simple,simple/0,130,-6.132692307692308,-1.1229788480905116,-1.085698761449523,0.7770299145299149,5.021642849842864,-1.3759883824550445,57,-3.491228070175439,-0.7211582448906942,37,0.9054054054054054,0.10808534493474314,36,-17.54861111111111,-1.0927603933526289,37,-0.12837837837837837,-0.03354816450960483
F4ret,6,23,Lact,strict,simple/0,328,0.9778963414634146,0.3909802412416411,0.35807179235502257,6.654175135501357,2.5838508547224475,-2.196829117928201,130,4.101923076923077,1.757489448856379,98,5.441326530612245,0.9907226537089698,100,-7.4575,-1.3959977491464335,83,-2.5813253012048194,-1.1655628548383183
F4ret,6,23,Lact,loose,simple/0,524,0.01097328244274809,0.0056228738260428925,0.004355700923387226,7.564461407972865,2.022849205654357,-3.7340836402517175,200,1.29625,0.6497816475774945,161,3.546583850931677,0.8720204718153214,163,-5.058282208588957,-1.221642089489961,133,-3.8834586466165413,-2.170649055068985
F4ret,6,23,Lact,simple,simple/0,419,0.32159904534606204,0.12881943848540484,0.12415378654120433,7.287722089631394,2.425913721757882,-2.8715460825364776,168,2.4672619047619047,1.1053313624182233,125,7.956,1.6844042117580393,126,-10.113095238095237,-1.6604980424140374,101,-2.116336633663366,-1.0541146317524084
F5vol,3,1,Lret_mid,strict,simple/0,159,-1.979559748427673,-0.3850018684971592,-0.3516859148266636,-6.9806079664570175,4.638435825799366,1.078175575958839,74,2.983108108108108,0.5641092450943146,39,1.5769230769230769,0.1710397819576046,46,-12.978260869565217,-0.9588481630627973,40,2.44375,0.5410654523336388
F5vol,3,1,Lret_mid,loose,simple/0,271,-2.738007380073801,-0.697316955160123,-0.5444936215758328,-6.540692906929069,3.631578275885487,1.0471164981093681,119,0.865546218487395,0.2037539157813295,70,3.975,0.5704482135781724,82,-13.698170731707316,-1.4114266560996693,68,-0.3897058823529412,-0.12741014827459987
F5vol,3,1,Lret_mid,simple,simple/0,159,-1.979559748427673,-0.3850018684971592,-0.3516859148266636,-6.9806079664570175,4.638435825799366,1.078175575958839,74,2.983108108108108,0.5641092450943146,39,1.5769230769230769,0.1710397819576046,46,-12.978260869565217,-0.9588481630627973,40,2.44375,0.5410654523336388
F5vol,3,1,Lret_top3,strict,simple/0,159,-1.979559748427673,-0.3850018684971592,-0.3516859148266636,-6.9806079664570175,4.638435825799366,1.078175575958839,74,2.983108108108108,0.5641092450943146,39,1.5769230769230769,0.1710397819576046,46,-12.978260869565217,-0.9588481630627973,40,2.44375,0.5410654523336388
F5vol,3,1,Lret_top3,loose,simple/0,271,-2.738007380073801,-0.697316955160123,-0.5444936215758328,-6.540692906929069,3.631578275885487,1.0471164981093681,119,0.865546218487395,0.2037539157813295,70,3.975,0.5704482135781724,82,-13.698170731707316,-1.4114266560996693,68,-0.3897058823529412,-0.12741014827459987
F5vol,3,1,Lret_top3,simple,simple/0,159,-1.979559748427673,-0.3850018684971592,-0.3516859148266636,-6.9806079664570175,4.638435825799366,1.078175575958839,74,2.983108108108108,0.5641092450943146,39,1.5769230769230769,0.1710397819576046,46,-12.978260869565217,-0.9588481630627973,40,2.44375,0.5410654523336388
F5vol,3,1,Lact,strict,simple/0,631,-0.7507923930269413,-0.3068361870712009,-0.24784930557827617,1.170012326113752,2.055611735785758,-0.9344200004805214,243,-3.6574074074074074,-1.5714285714285718,192,4.51953125,0.7538684609062808,196,-2.309948979591837,-0.5265171927536548,162,-2.720679012345679,-1.5467445368829116
F5vol,3,1,Lact,loose,simple/0,892,-0.6636771300448431,-0.3414421947839311,-0.25741649760904367,0.249953288490283,1.6771350080407545,-0.5447566320867859,335,-1.8298507462686566,-0.9328183612928806,275,1.530909090909091,0.3379045122935449,282,-1.4184397163120568,-0.3946572310175088,237,-1.9377637130801688,-1.3060427610651004
F5vol,3,1,Lact,simple,simple/0,631,-0.7507923930269413,-0.3068361870712009,-0.24784930557827617,1.170012326113752,2.055611735785758,-0.9344200004805214,243,-3.6574074074074074,-1.5714285714285718,192,4.51953125,0.7538684609062808,196,-2.309948979591837,-0.5265171927536548,162,-2.720679012345679,-1.5467445368829116
F5vol,3,1,Ldrift,strict,simple/0,49,0.9489795918367347,0.15277171320004557,0.1709179189160421,4.971371882086169,8.134978768884121,-0.4944563968175159,19,3.6973684210526314,0.4927622528662486,20,-10.775,-1.059121520553494,10,19.175,1.1291463672501196,3,,
F5vol,3,1,Ldrift,loose,simple/0,121,1.7685950413223142,0.46676859156293316,0.41731597982310026,4.456955922865015,4.912809556668766,-0.5472145521890739,47,-5.1436170212765955,-0.9147949057774134,45,-3.55,-0.5548721727172041,29,21.224137931034484,2.864901470868522,17,-0.25,-0.03658934724399837
F5vol,3,1,Ldrift,simple,simple/0,50,1.52,0.24865144111359044,0.27786266110933144,4.8675000000000015,7.992005191259838,-0.4188560842854396,20,4.9875,0.6894266337436629,20,-10.775,-1.059121520553494,10,19.175,1.1291463672501196,4,,
F5vol,3,3,Lret_mid,strict,simple/0,159,-1.979559748427673,-0.3850018684971592,-0.3516859148266636,-6.9806079664570175,4.638435825799366,1.078175575958839,74,2.983108108108108,0.5641092450943146,39,1.5769230769230769,0.1710397819576046,46,-12.978260869565217,-0.9588481630627973,40,2.44375,0.5410654523336388
F5vol,3,3,Lret_mid,loose,simple/0,271,-2.738007380073801,-0.697316955160123,-0.5444936215758328,-6.540692906929069,3.631578275885487,1.0471164981093681,119,0.865546218487395,0.2037539157813295,70,3.975,0.5704482135781724,82,-13.698170731707316,-1.4114266560996693,68,-0.3897058823529412,-0.12741014827459987
F5vol,3,3,Lret_mid,simple,simple/0,159,-1.979559748427673,-0.3850018684971592,-0.3516859148266636,-6.9806079664570175,4.638435825799366,1.078175575958839,74,2.983108108108108,0.5641092450943146,39,1.5769230769230769,0.1710397819576046,46,-12.978260869565217,-0.9588481630627973,40,2.44375,0.5410654523336388
F5vol,3,3,Lret_top3,strict,simple/0,159,-1.979559748427673,-0.3850018684971592,-0.3516859148266636,-6.9806079664570175,4.638435825799366,1.078175575958839,74,2.983108108108108,0.5641092450943146,39,1.5769230769230769,0.1710397819576046,46,-12.978260869565217,-0.9588481630627973,40,2.44375,0.5410654523336388
F5vol,3,3,Lret_top3,loose,simple/0,271,-2.738007380073801,-0.697316955160123,-0.5444936215758328,-6.540692906929069,3.631578275885487,1.0471164981093681,119,0.865546218487395,0.2037539157813295,70,3.975,0.5704482135781724,82,-13.698170731707316,-1.4114266560996693,68,-0.3897058823529412,-0.12741014827459987
F5vol,3,3,Lret_top3,simple,simple/0,159,-1.979559748427673,-0.3850018684971592,-0.3516859148266636,-6.9806079664570175,4.638435825799366,1.078175575958839,74,2.983108108108108,0.5641092450943146,39,1.5769230769230769,0.1710397819576046,46,-12.978260869565217,-0.9588481630627973,40,2.44375,0.5410654523336388
F5vol,3,3,Lact,strict,simple/0,630,-0.7321428571428571,-0.2987485465571721,-0.24130311473570007,1.1631834215167545,2.0587249414677364,-0.9206311345838982,242,-3.6208677685950414,-1.5495046441321843,192,4.51953125,0.7538684609062808,196,-2.309948979591837,-0.5265171927536548,162,-2.720679012345679,-1.5467445368829116
F5vol,3,3,Lact,loose,simple/0,891,-0.6503928170594837,-0.3342402845516838,-0.25197609988321606,0.24409215612919216,1.6789255590724732,-0.5327722651877648,334,-1.7979041916167664,-0.9139138874521835,275,1.530909090909091,0.3379045122935449,282,-1.4184397163120568,-0.3946572310175088,237,-1.9377637130801688,-1.3060427610651004
F5vol,3,3,Lact,simple,simple/0,630,-0.7321428571428571,-0.2987485465571721,-0.24130311473570007,1.1631834215167545,2.0587249414677364,-0.9206311345838982,242,-3.6208677685950414,-1.5495046441321843,192,4.51953125,0.7538684609062808,196,-2.309948979591837,-0.5265171927536548,162,-2.720679012345679,-1.5467445368829116
F5vol,3,3,Ldrift,strict,simple/0,49,0.9489795918367347,0.15277171320004557,0.1709179189160421,4.971371882086169,8.134978768884121,-0.4944563968175159,19,3.6973684210526314,0.4927622528662486,20,-10.775,-1.059121520553494,10,19.175,1.1291463672501196,3,,
F5vol,3,3,Ldrift,loose,simple/0,121,1.7685950413223142,0.46676859156293316,0.41731597982310026,4.456955922865015,4.912809556668766,-0.5472145521890739,47,-5.1436170212765955,-0.9147949057774134,45,-3.55,-0.5548721727172041,29,21.224137931034484,2.864901470868522,17,-0.25,-0.03658934724399837
F5vol,3,3,Ldrift,simple,simple/0,50,1.52,0.24865144111359044,0.27786266110933144,4.8675000000000015,7.992005191259838,-0.4188560842854396,20,4.9875,0.6894266337436629,20,-10.775,-1.059121520553494,10,19.175,1.1291463672501196,4,,
F5vol,3,7,Lret_mid,strict,simple/0,159,-1.979559748427673,-0.3850018684971592,-0.3516859148266636,-6.9806079664570175,4.638435825799366,1.078175575958839,74,2.983108108108108,0.5641092450943146,39,1.5769230769230769,0.1710397819576046,46,-12.978260869565217,-0.9588481630627973,40,2.44375,0.5410654523336388
F5vol,3,7,Lret_mid,loose,simple/0,271,-2.738007380073801,-0.697316955160123,-0.5444936215758328,-6.540692906929069,3.631578275885487,1.0471164981093681,119,0.865546218487395,0.2037539157813295,70,3.975,0.5704482135781724,82,-13.698170731707316,-1.4114266560996693,68,-0.3897058823529412,-0.12741014827459987
F5vol,3,7,Lret_mid,simple,simple/0,159,-1.979559748427673,-0.3850018684971592,-0.3516859148266636,-6.9806079664570175,4.638435825799366,1.078175575958839,74,2.983108108108108,0.5641092450943146,39,1.5769230769230769,0.1710397819576046,46,-12.978260869565217,-0.9588481630627973,40,2.44375,0.5410654523336388
F5vol,3,7,Lret_top3,strict,simple/0,159,-1.979559748427673,-0.3850018684971592,-0.3516859148266636,-6.9806079664570175,4.638435825799366,1.078175575958839,74,2.983108108108108,0.5641092450943146,39,1.5769230769230769,0.1710397819576046,46,-12.978260869565217,-0.9588481630627973,40,2.44375,0.5410654523336388
F5vol,3,7,Lret_top3,loose,simple/0,271,-2.738007380073801,-0.697316955160123,-0.5444936215758328,-6.540692906929069,3.631578275885487,1.0471164981093681,119,0.865546218487395,0.2037539157813295,70,3.975,0.5704482135781724,82,-13.698170731707316,-1.4114266560996693,68,-0.3897058823529412,-0.12741014827459987
F5vol,3,7,Lret_top3,simple,simple/0,159,-1.979559748427673,-0.3850018684971592,-0.3516859148266636,-6.9806079664570175,4.638435825799366,1.078175575958839,74,2.983108108108108,0.5641092450943146,39,1.5769230769230769,0.1710397819576046,46,-12.978260869565217,-0.9588481630627973,40,2.44375,0.5410654523336388
F5vol,3,7,Lact,strict,simple/0,630,-0.7321428571428571,-0.2987485465571721,-0.24130311473570007,1.1631834215167545,2.0587249414677364,-0.9206311345838982,242,-3.6208677685950414,-1.5495046441321843,192,4.51953125,0.7538684609062808,196,-2.309948979591837,-0.5265171927536548,162,-2.720679012345679,-1.5467445368829116
F5vol,3,7,Lact,loose,simple/0,891,-0.6503928170594837,-0.3342402845516838,-0.25197609988321606,0.24409215612919216,1.6789255590724732,-0.5327722651877648,334,-1.7979041916167664,-0.9139138874521835,275,1.530909090909091,0.3379045122935449,282,-1.4184397163120568,-0.3946572310175088,237,-1.9377637130801688,-1.3060427610651004
F5vol,3,7,Lact,simple,simple/0,630,-0.7321428571428571,-0.2987485465571721,-0.24130311473570007,1.1631834215167545,2.0587249414677364,-0.9206311345838982,242,-3.6208677685950414,-1.5495046441321843,192,4.51953125,0.7538684609062808,196,-2.309948979591837,-0.5265171927536548,162,-2.720679012345679,-1.5467445368829116
F5vol,3,7,Ldrift,strict,simple/0,49,0.9489795918367347,0.15277171320004557,0.1709179189160421,4.971371882086169,8.134978768884121,-0.4944563968175159,19,3.6973684210526314,0.4927622528662486,20,-10.775,-1.059121520553494,10,19.175,1.1291463672501196,3,,
F5vol,3,7,Ldrift,loose,simple/0,121,1.7685950413223142,0.46676859156293316,0.41731597982310026,4.456955922865015,4.912809556668766,-0.5472145521890739,47,-5.1436170212765955,-0.9147949057774134,45,-3.55,-0.5548721727172041,29,21.224137931034484,2.864901470868522,17,-0.25,-0.03658934724399837
F5vol,3,7,Ldrift,simple,simple/0,50,1.52,0.24865144111359044,0.27786266110933144,4.8675000000000015,7.992005191259838,-0.4188560842854396,20,4.9875,0.6894266337436629,20,-10.775,-1.059121520553494,10,19.175,1.1291463672501196,4,,
F5vol,3,11,Lret_mid,strict,simple/0,159,-1.979559748427673,-0.3850018684971592,-0.3516859148266636,-6.9806079664570175,4.638435825799366,1.078175575958839,74,2.983108108108108,0.5641092450943146,39,1.5769230769230769,0.1710397819576046,46,-12.978260869565217,-0.9588481630627973,40,2.44375,0.5410654523336388
F5vol,3,11,Lret_mid,loose,simple/0,271,-2.738007380073801,-0.697316955160123,-0.5444936215758328,-6.540692906929069,3.631578275885487,1.0471164981093681,119,0.865546218487395,0.2037539157813295,70,3.975,0.5704482135781724,82,-13.698170731707316,-1.4114266560996693,68,-0.3897058823529412,-0.12741014827459987
F5vol,3,11,Lret_mid,simple,simple/0,159,-1.979559748427673,-0.3850018684971592,-0.3516859148266636,-6.9806079664570175,4.638435825799366,1.078175575958839,74,2.983108108108108,0.5641092450943146,39,1.5769230769230769,0.1710397819576046,46,-12.978260869565217,-0.9588481630627973,40,2.44375,0.5410654523336388
F5vol,3,11,Lret_top3,strict,simple/0,159,-1.979559748427673,-0.3850018684971592,-0.3516859148266636,-6.9806079664570175,4.638435825799366,1.078175575958839,74,2.983108108108108,0.5641092450943146,39,1.5769230769230769,0.1710397819576046,46,-12.978260869565217,-0.9588481630627973,40,2.44375,0.5410654523336388
F5vol,3,11,Lret_top3,loose,simple/0,271,-2.738007380073801,-0.697316955160123,-0.5444936215758328,-6.540692906929069,3.631578275885487,1.0471164981093681,119,0.865546218487395,0.2037539157813295,70,3.975,0.5704482135781724,82,-13.698170731707316,-1.4114266560996693,68,-0.3897058823529412,-0.12741014827459987
F5vol,3,11,Lret_top3,simple,simple/0,159,-1.979559748427673,-0.3850018684971592,-0.3516859148266636,-6.9806079664570175,4.638435825799366,1.078175575958839,74,2.983108108108108,0.5641092450943146,39,1.5769230769230769,0.1710397819576046,46,-12.978260869565217,-0.9588481630627973,40,2.44375,0.5410654523336388
F5vol,3,11,Lact,strict,simple/0,630,-0.7321428571428571,-0.2987485465571721,-0.24130311473570007,1.1631834215167545,2.0587249414677364,-0.9206311345838982,242,-3.6208677685950414,-1.5495046441321843,192,4.51953125,0.7538684609062808,196,-2.309948979591837,-0.5265171927536548,162,-2.720679012345679,-1.5467445368829116
F5vol,3,11,Lact,loose,simple/0,891,-0.6503928170594837,-0.3342402845516838,-0.25197609988321606,0.24409215612919216,1.6789255590724732,-0.5327722651877648,334,-1.7979041916167664,-0.9139138874521835,275,1.530909090909091,0.3379045122935449,282,-1.4184397163120568,-0.3946572310175088,237,-1.9377637130801688,-1.3060427610651004
F5vol,3,11,Lact,simple,simple/0,630,-0.7321428571428571,-0.2987485465571721,-0.24130311473570007,1.1631834215167545,2.0587249414677364,-0.9206311345838982,242,-3.6208677685950414,-1.5495046441321843,192,4.51953125,0.7538684609062808,196,-2.309948979591837,-0.5265171927536548,162,-2.720679012345679,-1.5467445368829116
F5vol,3,11,Ldrift,strict,simple/0,49,0.9489795918367347,0.15277171320004557,0.1709179189160421,4.971371882086169,8.134978768884121,-0.4944563968175159,19,3.6973684210526314,0.4927622528662486,20,-10.775,-1.059121520553494,10,19.175,1.1291463672501196,3,,
F5vol,3,11,Ldrift,loose,simple/0,121,1.7685950413223142,0.46676859156293316,0.41731597982310026,4.456955922865015,4.912809556668766,-0.5472145521890739,47,-5.1436170212765955,-0.9147949057774134,45,-3.55,-0.5548721727172041,29,21.224137931034484,2.864901470868522,17,-0.25,-0.03658934724399837
F5vol,3,11,Ldrift,simple,simple/0,50,1.52,0.24865144111359044,0.27786266110933144,4.8675000000000015,7.992005191259838,-0.4188560842854396,20,4.9875,0.6894266337436629,20,-10.775,-1.059121520553494,10,19.175,1.1291463672501196,4,,
F5vol,3,23,Lret_mid,strict,simple/0,159,-1.979559748427673,-0.3850018684971592,-0.3516859148266636,-6.9806079664570175,4.638435825799366,1.078175575958839,74,2.983108108108108,0.5641092450943146,39,1.5769230769230769,0.1710397819576046,46,-12.978260869565217,-0.9588481630627973,40,2.44375,0.5410654523336388
F5vol,3,23,Lret_mid,loose,simple/0,271,-2.738007380073801,-0.697316955160123,-0.5444936215758328,-6.540692906929069,3.631578275885487,1.0471164981093681,119,0.865546218487395,0.2037539157813295,70,3.975,0.5704482135781724,82,-13.698170731707316,-1.4114266560996693,68,-0.3897058823529412,-0.12741014827459987
F5vol,3,23,Lret_mid,simple,simple/0,159,-1.979559748427673,-0.3850018684971592,-0.3516859148266636,-6.9806079664570175,4.638435825799366,1.078175575958839,74,2.983108108108108,0.5641092450943146,39,1.5769230769230769,0.1710397819576046,46,-12.978260869565217,-0.9588481630627973,40,2.44375,0.5410654523336388
F5vol,3,23,Lret_top3,strict,simple/0,159,-1.979559748427673,-0.3850018684971592,-0.3516859148266636,-6.9806079664570175,4.638435825799366,1.078175575958839,74,2.983108108108108,0.5641092450943146,39,1.5769230769230769,0.1710397819576046,46,-12.978260869565217,-0.9588481630627973,40,2.44375,0.5410654523336388
F5vol,3,23,Lret_top3,loose,simple/0,271,-2.738007380073801,-0.697316955160123,-0.5444936215758328,-6.540692906929069,3.631578275885487,1.0471164981093681,119,0.865546218487395,0.2037539157813295,70,3.975,0.5704482135781724,82,-13.698170731707316,-1.4114266560996693,68,-0.3897058823529412,-0.12741014827459987
F5vol,3,23,Lret_top3,simple,simple/0,159,-1.979559748427673,-0.3850018684971592,-0.3516859148266636,-6.9806079664570175,4.638435825799366,1.078175575958839,74,2.983108108108108,0.5641092450943146,39,1.5769230769230769,0.1710397819576046,46,-12.978260869565217,-0.9588481630627973,40,2.44375,0.5410654523336388
F5vol,3,23,Lact,strict,simple/0,630,-0.7321428571428571,-0.2987485465571721,-0.24130311473570007,1.1631834215167545,2.0587249414677364,-0.9206311345838982,242,-3.6208677685950414,-1.5495046441321843,192,4.51953125,0.7538684609062808,196,-2.309948979591837,-0.5265171927536548,162,-2.720679012345679,-1.5467445368829116
F5vol,3,23,Lact,loose,simple/0,891,-0.6503928170594837,-0.3342402845516838,-0.25197609988321606,0.24409215612919216,1.6789255590724732,-0.5327722651877648,334,-1.7979041916167664,-0.9139138874521835,275,1.530909090909091,0.3379045122935449,282,-1.4184397163120568,-0.3946572310175088,237,-1.9377637130801688,-1.3060427610651004
F5vol,3,23,Lact,simple,simple/0,630,-0.7321428571428571,-0.2987485465571721,-0.24130311473570007,1.1631834215167545,2.0587249414677364,-0.9206311345838982,242,-3.6208677685950414,-1.5495046441321843,192,4.51953125,0.7538684609062808,196,-2.309948979591837,-0.5265171927536548,162,-2.720679012345679,-1.5467445368829116
F5vol,3,23,Ldrift,strict,simple/0,49,0.9489795918367347,0.15277171320004557,0.1709179189160421,4.971371882086169,8.134978768884121,-0.4944563968175159,19,3.6973684210526314,0.4927622528662486,20,-10.775,-1.059121520553494,10,19.175,1.1291463672501196,3,,
F5vol,3,23,Ldrift,loose,simple/0,121,1.7685950413223142,0.46676859156293316,0.41731597982310026,4.456955922865015,4.912809556668766,-0.5472145521890739,47,-5.1436170212765955,-0.9147949057774134,45,-3.55,-0.5548721727172041,29,21.224137931034484,2.864901470868522,17,-0.25,-0.03658934724399837
F5vol,3,23,Ldrift,simple,simple/0,50,1.52,0.24865144111359044,0.27786266110933144,4.8675000000000015,7.992005191259838,-0.4188560842854396,20,4.9875,0.6894266337436629,20,-10.775,-1.059121520553494,10,19.175,1.1291463672501196,4,,
F5vol,4,1,Lret_mid,strict,simple/0,83,-11.620481927710843,-2.442082178707729,-2.300662869392109,0.5245983935742968,4.048990867166861,-2.999532653869193,28,-6.696428571428571,-0.8347177388167747,31,-19.451612903225808,-2.56314425058392,24,-7.25,-0.7706702489198192,16,5.328125,1.1510084869575234
F5vol,4,1,Lret_mid,loose,simple/0,147,-8.816326530612244,-2.690283777426754,-2.205632624738855,0.34079743008314417,2.9765470180941835,-3.07642510097438,56,-6.5,-1.3408962512014884,53,-12.089622641509434,-2.0872543730546376,38,-7.6644736842105265,-1.1295495990047932,32,1.1875,0.3374647299035081
F5vol,4,1,Lret_mid,simple,simple/0,84,-11.130952380952381,-2.35483028006859,-2.2171397473875167,0.5157076719576715,4.0147086003789285,-2.900997609592582,29,-5.448275862068965,-0.6948628053357869,31,-19.451612903225808,-2.56314425058392,24,-7.25,-0.7706702489198192,17,4.014705882352941,0.8838469734402639
F5vol,4,1,Lret_top3,strict,simple/0,51,4.446078431372549,0.7401481995730523,0.8111123712712115,5.247004357298477,7.810277802856214,-0.10254768730928229,21,5.630952380952381,0.7760119429305835,19,-2.4473684210526314,-0.2529068338261064,11,14.090909090909092,0.7797871130165867,6,,
F5vol,4,1,Lret_top3,loose,simple/0,128,3.59375,0.889341497821429,0.7936640099389968,4.579427083333334,4.730656573916119,-0.20835946721817802,53,-1.2641509433962264,-0.2304638777648683,47,1.5691489361702127,0.20988985004166877,28,16.1875,1.8841901756367054,21,-4.476190476190476,-0.9741727071936693
F5vol,4,1,Lret_top3,simple,simple/0,138,-5.413043478260869,-1.4648083820762157,-1.528988234195468,2.2885466988727865,3.808087520660572,-2.022429929813613,52,-1.4038461538461537,-0.26147740411228376,50,-12.99,-2.155331006951949,36,-0.6805555555555556,-0.08132848495964609,24,1.2395833333333333,0.2977373540624884
F5vol,4,1,Lact,strict,simple/0,93,-11.043010752688172,-2.253639226245182,-2.239192430766233,0.5955794504181596,4.024045053662542,-2.8922614056006415,33,-6.257575757575758,-0.8457700993411464,34,-18.485294117647058,-2.461561000375474,26,-7.384615384615385,-0.6600142690955425,20,2.5125,0.6341079273689519
F5vol,4,1,Lact,loose,simple/0,167,-8.491017964071856,-2.620692912336718,-2.1848144064473254,1.0914005322687956,2.8705184225814677,-3.3382187764268547,64,-6.17578125,-1.3657517220604372,57,-12.280701754385966,-2.1687493280004912,46,-7.016304347826087,-0.9853490703160785,38,0.2631578947368421,0.08598169056824688
F5vol,4,1,Lact,simple,simple/0,705,-0.6205673758865248,-0.2974332829140712,-0.2836012896392462,0.5405240346729707,1.8637291991942972,-0.6229936253944206,264,0.043560606060606064,0.019488949277230185,213,-0.2805164319248826,-0.05863215601843656,228,-1.707236842105263,-0.4398758590279732,166,-1.5436746987951808,-0.9654046008675905
F5vol,4,3,Lret_mid,strict,simple/0,83,-11.620481927710843,-2.442082178707729,-2.300662869392109,0.5245983935742968,4.048990867166861,-2.999532653869193,28,-6.696428571428571,-0.8347177388167747,31,-19.451612903225808,-2.56314425058392,24,-7.25,-0.7706702489198192,16,5.328125,1.1510084869575234
F5vol,4,3,Lret_mid,loose,simple/0,147,-8.816326530612244,-2.690283777426754,-2.205632624738855,0.34079743008314417,2.9765470180941835,-3.07642510097438,56,-6.5,-1.3408962512014884,53,-12.089622641509434,-2.0872543730546376,38,-7.6644736842105265,-1.1295495990047932,32,1.1875,0.3374647299035081
F5vol,4,3,Lret_mid,simple,simple/0,84,-11.130952380952381,-2.35483028006859,-2.2171397473875167,0.5157076719576715,4.0147086003789285,-2.900997609592582,29,-5.448275862068965,-0.6948628053357869,31,-19.451612903225808,-2.56314425058392,24,-7.25,-0.7706702489198192,17,4.014705882352941,0.8838469734402639
F5vol,4,3,Lret_top3,strict,simple/0,51,4.446078431372549,0.7401481995730523,0.8111123712712115,5.247004357298477,7.810277802856214,-0.10254768730928229,21,5.630952380952381,0.7760119429305835,19,-2.4473684210526314,-0.2529068338261064,11,14.090909090909092,0.7797871130165867,6,,
F5vol,4,3,Lret_top3,loose,simple/0,128,3.59375,0.889341497821429,0.7936640099389968,4.579427083333334,4.730656573916119,-0.20835946721817802,53,-1.2641509433962264,-0.2304638777648683,47,1.5691489361702127,0.20988985004166877,28,16.1875,1.8841901756367054,21,-4.476190476190476,-0.9741727071936693
F5vol,4,3,Lret_top3,simple,simple/0,138,-5.413043478260869,-1.4648083820762157,-1.528988234195468,2.2885466988727865,3.808087520660572,-2.022429929813613,52,-1.4038461538461537,-0.26147740411228376,50,-12.99,-2.155331006951949,36,-0.6805555555555556,-0.08132848495964609,24,1.2395833333333333,0.2977373540624884
F5vol,4,3,Lact,strict,simple/0,93,-11.043010752688172,-2.253639226245182,-2.239192430766233,0.5955794504181596,4.024045053662542,-2.8922614056006415,33,-6.257575757575758,-0.8457700993411464,34,-18.485294117647058,-2.461561000375474,26,-7.384615384615385,-0.6600142690955425,20,2.5125,0.6341079273689519
F5vol,4,3,Lact,loose,simple/0,167,-8.491017964071856,-2.620692912336718,-2.1848144064473254,1.0914005322687956,2.8705184225814677,-3.3382187764268547,64,-6.17578125,-1.3657517220604372,57,-12.280701754385966,-2.1687493280004912,46,-7.016304347826087,-0.9853490703160785,38,0.2631578947368421,0.08598169056824688
F5vol,4,3,Lact,simple,simple/0,705,-0.6205673758865248,-0.2974332829140712,-0.2836012896392462,0.5405240346729707,1.8637291991942972,-0.6229936253944206,264,0.043560606060606064,0.019488949277230185,213,-0.2805164319248826,-0.05863215601843656,228,-1.707236842105263,-0.4398758590279732,166,-1.5436746987951808,-0.9654046008675905
F5vol,4,7,Lret_mid,strict,simple/0,83,-11.620481927710843,-2.442082178707729,-2.300662869392109,0.5245983935742968,4.048990867166861,-2.999532653869193,28,-6.696428571428571,-0.8347177388167747,31,-19.451612903225808,-2.56314425058392,24,-7.25,-0.7706702489198192,16,5.328125,1.1510084869575234
F5vol,4,7,Lret_mid,loose,simple/0,147,-8.816326530612244,-2.690283777426754,-2.205632624738855,0.34079743008314417,2.9765470180941835,-3.07642510097438,56,-6.5,-1.3408962512014884,53,-12.089622641509434,-2.0872543730546376,38,-7.6644736842105265,-1.1295495990047932,32,1.1875,0.3374647299035081
F5vol,4,7,Lret_mid,simple,simple/0,84,-11.130952380952381,-2.35483028006859,-2.2171397473875167,0.5157076719576715,4.0147086003789285,-2.900997609592582,29,-5.448275862068965,-0.6948628053357869,31,-19.451612903225808,-2.56314425058392,24,-7.25,-0.7706702489198192,17,4.014705882352941,0.8838469734402639
F5vol,4,7,Lret_top3,strict,simple/0,51,4.446078431372549,0.7401481995730523,0.8111123712712115,5.247004357298477,7.810277802856214,-0.10254768730928229,21,5.630952380952381,0.7760119429305835,19,-2.4473684210526314,-0.2529068338261064,11,14.090909090909092,0.7797871130165867,6,,
F5vol,4,7,Lret_top3,loose,simple/0,128,3.59375,0.889341497821429,0.7936640099389968,4.579427083333334,4.730656573916119,-0.20835946721817802,53,-1.2641509433962264,-0.2304638777648683,47,1.5691489361702127,0.20988985004166877,28,16.1875,1.8841901756367054,21,-4.476190476190476,-0.9741727071936693
F5vol,4,7,Lret_top3,simple,simple/0,138,-5.413043478260869,-1.4648083820762157,-1.528988234195468,2.2885466988727865,3.808087520660572,-2.022429929813613,52,-1.4038461538461537,-0.26147740411228376,50,-12.99,-2.155331006951949,36,-0.6805555555555556,-0.08132848495964609,24,1.2395833333333333,0.2977373540624884
F5vol,4,7,Lact,strict,simple/0,93,-11.043010752688172,-2.253639226245182,-2.239192430766233,0.5955794504181596,4.024045053662542,-2.8922614056006415,33,-6.257575757575758,-0.8457700993411464,34,-18.485294117647058,-2.461561000375474,26,-7.384615384615385,-0.6600142690955425,20,2.5125,0.6341079273689519
F5vol,4,7,Lact,loose,simple/0,167,-8.491017964071856,-2.620692912336718,-2.1848144064473254,1.0914005322687956,2.8705184225814677,-3.3382187764268547,64,-6.17578125,-1.3657517220604372,57,-12.280701754385966,-2.1687493280004912,46,-7.016304347826087,-0.9853490703160785,38,0.2631578947368421,0.08598169056824688
F5vol,4,7,Lact,simple,simple/0,705,-0.6205673758865248,-0.2974332829140712,-0.2836012896392462,0.5405240346729707,1.8637291991942972,-0.6229936253944206,264,0.043560606060606064,0.019488949277230185,213,-0.2805164319248826,-0.05863215601843656,228,-1.707236842105263,-0.4398758590279732,166,-1.5436746987951808,-0.9654046008675905
F5vol,4,11,Lret_mid,strict,simple/0,83,-11.620481927710843,-2.442082178707729,-2.300662869392109,0.5245983935742968,4.048990867166861,-2.999532653869193,28,-6.696428571428571,-0.8347177388167747,31,-19.451612903225808,-2.56314425058392,24,-7.25,-0.7706702489198192,16,5.328125,1.1510084869575234
F5vol,4,11,Lret_mid,loose,simple/0,147,-8.816326530612244,-2.690283777426754,-2.205632624738855,0.34079743008314417,2.9765470180941835,-3.07642510097438,56,-6.5,-1.3408962512014884,53,-12.089622641509434,-2.0872543730546376,38,-7.6644736842105265,-1.1295495990047932,32,1.1875,0.3374647299035081
F5vol,4,11,Lret_mid,simple,simple/0,84,-11.130952380952381,-2.35483028006859,-2.2171397473875167,0.5157076719576715,4.0147086003789285,-2.900997609592582,29,-5.448275862068965,-0.6948628053357869,31,-19.451612903225808,-2.56314425058392,24,-7.25,-0.7706702489198192,17,4.014705882352941,0.8838469734402639
F5vol,4,11,Lret_top3,strict,simple/0,51,4.446078431372549,0.7401481995730523,0.8111123712712115,5.247004357298477,7.810277802856214,-0.10254768730928229,21,5.630952380952381,0.7760119429305835,19,-2.4473684210526314,-0.2529068338261064,11,14.090909090909092,0.7797871130165867,6,,
F5vol,4,11,Lret_top3,loose,simple/0,128,3.59375,0.889341497821429,0.7936640099389968,4.579427083333334,4.730656573916119,-0.20835946721817802,53,-1.2641509433962264,-0.2304638777648683,47,1.5691489361702127,0.20988985004166877,28,16.1875,1.8841901756367054,21,-4.476190476190476,-0.9741727071936693
F5vol,4,11,Lret_top3,simple,simple/0,138,-5.413043478260869,-1.4648083820762157,-1.528988234195468,2.2885466988727865,3.808087520660572,-2.022429929813613,52,-1.4038461538461537,-0.26147740411228376,50,-12.99,-2.155331006951949,36,-0.6805555555555556,-0.08132848495964609,24,1.2395833333333333,0.2977373540624884
F5vol,4,11,Lact,strict,simple/0,93,-11.043010752688172,-2.253639226245182,-2.239192430766233,0.5955794504181596,4.024045053662542,-2.8922614056006415,33,-6.257575757575758,-0.8457700993411464,34,-18.485294117647058,-2.461561000375474,26,-7.384615384615385,-0.6600142690955425,20,2.5125,0.6341079273689519
F5vol,4,11,Lact,loose,simple/0,167,-8.491017964071856,-2.620692912336718,-2.1848144064473254,1.0914005322687956,2.8705184225814677,-3.3382187764268547,64,-6.17578125,-1.3657517220604372,57,-12.280701754385966,-2.1687493280004912,46,-7.016304347826087,-0.9853490703160785,38,0.2631578947368421,0.08598169056824688
F5vol,4,11,Lact,simple,simple/0,705,-0.6205673758865248,-0.2974332829140712,-0.2836012896392462,0.5405240346729707,1.8637291991942972,-0.6229936253944206,264,0.043560606060606064,0.019488949277230185,213,-0.2805164319248826,-0.05863215601843656,228,-1.707236842105263,-0.4398758590279732,166,-1.5436746987951808,-0.9654046008675905
F5vol,4,23,Lret_mid,strict,simple/0,42,5.244047619047619,0.6477982308084856,0.6556506172743441,0.7073412698412695,7.740148380030519,0.5861265348492533,13,18.03846153846154,1.9392483216290306,15,2.316666666666667,0.16147293962060028,14,-3.5,-0.20549714798788501,16,-5.65625,-0.49286609851473784
F5vol,4,23,Lret_mid,loose,simple/0,44,4.034090909090909,0.5133349228722084,0.5192696278107674,1.1006944444444444,7.4182605985040615,0.39542914753331826,14,17.821428571428573,2.068768832184482,16,-1.4375,-0.10315256639740038,14,-3.5,-0.20549714798788501,19,-3.5657894736842106,-0.3630133566470001
F5vol,4,23,Lret_mid,simple,simple/0,42,5.244047619047619,0.6477982308084856,0.6556506172743441,0.7073412698412695,7.740148380030519,0.5861265348492533,13,18.03846153846154,1.9392483216290306,15,2.316666666666667,0.16147293962060028,14,-3.5,-0.20549714798788501,16,-5.65625,-0.49286609851473784
F5vol,4,23,Lret_top3,strict,simple/0,329,-1.0113981762917934,-0.3175205136800884,-0.2896361718745807,-3.7591607565011795,3.2406386429540133,0.8479077376256476,131,-3.08587786259542,-0.8973828898912973,97,9.015463917525773,1.4404526226594108,101,-7.9504950495049505,-1.114961021889937,84,-2.5654761904761907,-1.0957672013549693
F5vol,4,23,Lret_top3,loose,simple/0,550,0.4681818181818182,0.19417460403747738,0.15301176510342143,-2.980934343434345,2.529620497381675,1.3634915455445697,213,1.4612676056338028,0.5133235104087744,167,6.726047904191617,1.3942310964349316,170,-6.923529411764706,-1.3751396186063367,125,-1.778,-0.8790879662328702
F5vol,4,23,Lret_top3,simple,simple/0,403,0.8101736972704715,0.28394617960947055,0.25186979121763503,-2.8720705817480012,2.7951242634075677,1.3173812439127148,161,-0.13509316770186336,-0.0435802985651022,120,8.185416666666667,1.5218355950603946,122,-5.19672131147541,-0.7848511398024349,97,-1.4896907216494846,-0.6198744075318774
F5vol,4,23,Lact,loose,simple/0,27,3.5277777777777777,0.2672449007941731,0.28039331761092307,-5.599794238683129,9.580764656330091,0.95269765450613,12,12.4375,1.3441548788086994,9,,,6,,,5,,
F5vol,4,23,Lact,simple,simple/0,79,-4.534810126582278,-0.789389529144022,-0.7919599218592546,-4.084212376933893,5.17741503789995,-0.08703141362048418,32,4.4921875,0.7622196003650599,27,-1.0925925925925926,-0.11084727212003441,20,-23.625,-1.5310369411818736,18,-13.375,-1.629130521804134
F5vol,4,23,Ldrift,strict,simple/0,48,-2.109375,-0.3412613137528852,-0.3306371259304565,1.3995949074074074,6.83518136639288,-0.5133689538452132,14,4.964285714285714,0.6872668187985289,16,-9.65625,-0.8050867135527521,18,-0.9027777777777778,-0.07843942970502381,20,8.725,2.024531242540396
F5vol,4,23,Ldrift,loose,simple/0,87,4.681034482758621,1.0402476121101016,0.8478141762351404,6.604086845466155,4.702635560329293,-0.4089307661708058,27,2.1018518518518516,0.41774354339440967,29,4.068965517241379,0.4471839034754272,31,7.5,0.8898243412427932,34,9.301470588235293,2.4392419114216652
F5vol,4,23,Ldrift,simple,simple/0,49,-1.4642857142857142,-0.2405228218248852,-0.23307768907919263,1.3664965986394557,6.72012888009679,-0.4212392892209529,15,6.6,0.9536822606957067,16,-9.65625,-0.8050867135527521,18,-0.9027777777777778,-0.07843942970502381,20,8.725,2.024531242540396
F5vol,5,1,Lret_mid,strict,simple/0,66,14.257575757575758,2.0503565717670664,1.9986636674184068,-3.7866161616161604,7.2143412977324095,2.501155847015931,26,21.278846153846153,2.325003412798839,17,-8.029411764705882,-0.6813298361328507,23,22.793478260869566,1.5913130959132176,23,-2.847826086956522,-0.34147222154522233
F5vol,5,1,Lret_mid,loose,simple/0,77,12.762987012987013,2.0085828639788588,2.0137079556907502,-1.0548340548340556,7.990932420784789,1.7291875766437805,28,20.5625,2.418399306489023,23,-2.5652173913043477,-0.22945130607621653,26,17.923076923076923,1.3741113565010088,27,-5.416666666666667,-0.6661168774612753
F5vol,5,1,Lret_mid,simple,simple/0,66,14.257575757575758,2.0503565717670664,1.9986636674184068,-3.7866161616161604,7.2143412977324095,2.501155847015931,26,21.278846153846153,2.325003412798839,17,-8.029411764705882,-0.6813298361328507,23,22.793478260869566,1.5913130959132176,23,-2.847826086956522,-0.34147222154522233
F5vol,5,1,Lret_top3,strict,simple/0,379,-1.4089709762532983,-0.48798114672627996,-0.45482259636224504,-2.3218264438581047,2.8506418606190063,0.32022804415233813,145,-0.4672413793103448,-0.14002201408578543,112,5.845982142857143,1.0822478345763318,122,-9.188524590163935,-1.458760828022794,100,-1.51,-0.7492898326345678
F5vol,5,1,Lret_top3,loose,simple/0,635,-0.6669291338582677,-0.3108189568937127,-0.24530725441874415,-1.6637357830271227,2.2185596717138827,0.4493035106866436,243,2.8569958847736627,1.084764541584251,187,3.6697860962566846,0.9037510946832998,205,-8.8,-1.9495886749219598,154,-0.48863636363636365,-0.28205689664196504
F5vol,5,1,Lret_top3,simple,simple/0,461,0.7619305856832972,0.28818771233767754,0.25957387501190915,-1.3430043383947956,2.509244818936029,0.838871882166774,181,0.7582872928176796,0.24008330826946345,135,7.055555555555555,1.458463003868365,145,-5.093103448275862,-0.8651510528419901,120,-1.5520833333333333,-0.7848612265676643
F5vol,5,1,Lact,strict,simple/0,402,-0.6361940298507462,-0.23483942441430455,-0.2332455303129324,-2.0266376451077925,2.559180960007772,0.5433158643274775,150,-0.17,-0.05597110084608174,121,2.62396694214876,0.5017591141523775,131,-4.181297709923665,-0.7184508790975113,103,-1.9296116504854368,-0.9590585482429747
F5vol,5,1,Lact,loose,simple/0,653,0.4670750382848392,0.1932786972554384,0.16503719217878504,-1.522779479326185,2.1364314518565055,0.9313916980027094,240,1.05,0.44658023575997036,197,6.16243654822335,1.0604984753155158,216,-5.375,-1.2551486924432154,161,-1.7515527950310559,-1.109693039678091
F5vol,5,1,Lact,simple,simple/0,825,0.24151515151515152,0.12252808556581149,0.11560390253942583,0.5232154882154875,1.6223114405792278,-0.17364134262639364,316,-1.1590189873417722,-0.6111419923637306,251,3.731075697211155,0.7801284001797834,258,-1.437984496124031,-0.40318248103478693,215,-2.3511627906976744,-1.6894712446344613
F5vol,5,1,Ldrift,strict,simple/0,53,2.207547169811321,0.31675156341878996,0.299736347548141,0.1360062893081765,6.371396774438371,0.3251313571953377,13,13.51923076923077,1.8476269479942278,18,7.666666666666667,0.6469678842628898,22,-8.943181818181818,-0.690028170382077,19,3.0921052631578947,0.7720550631924669
F5vol,5,1,Ldrift,loose,simple/0,85,2.8088235294117645,0.5065145489309594,0.42923420648934774,1.0612745098039214,4.985218145040169,0.3505461483860025,24,3.9166666666666665,0.40718194978437794,29,7.120689655172414,0.7962953607942175,32,-1.9296875,-0.19004707866792023,31,3.75,1.14824895906649
F5vol,5,1,Ldrift,simple,simple/0,53,2.207547169811321,0.31675156341878996,0.299736347548141,0.1360062893081765,6.371396774438371,0.3251313571953377,13,13.51923076923077,1.8476269479942278,18,7.666666666666667,0.6469678842628898,22,-8.943181818181818,-0.690028170382077,19,3.0921052631578947,0.7720550631924669
F5vol,5,3,Lret_mid,strict,simple/0,63,10.424603174603174,1.5888388749234998,1.5366109631421554,-4.368165784832452,7.358440571943889,2.010313029616247,25,18.85,2.052411883306233,17,-6.4411764705882355,-0.5307737097020171,21,14.047619047619047,1.083538598436584,22,-1.7613636363636365,-0.203541774684859
F5vol,5,3,Lret_mid,loose,simple/0,73,8.904109589041095,1.4625056607933637,1.4638715552144663,-1.4419710806697117,8.285580261738765,1.2486851062788011,27,18.287037037037038,2.1510008018928026,22,-3.659090909090909,-0.31424917271953645,24,9.864583333333334,0.8430642063581113,26,-4.596153846153846,-0.5466674312395933
F5vol,5,3,Lret_mid,simple,simple/0,63,10.424603174603174,1.5888388749234998,1.5366109631421554,-4.368165784832452,7.358440571943889,2.010313029616247,25,18.85,2.052411883306233,17,-6.4411764705882355,-0.5307737097020171,21,14.047619047619047,1.083538598436584,22,-1.7613636363636365,-0.203541774684859
F5vol,5,3,Lret_top3,strict,simple/0,369,-2.388888888888889,-0.8045542705239731,-0.7147326117183298,-2.560034628124056,2.921327731473911,0.0585849158214159,138,-2.693840579710145,-0.7627230927107695,111,5.382882882882883,0.9844369368721811,120,-9.227083333333333,-1.442927400529131,95,-2.0078947368421054,-0.9928267079174924
F5vol,5,3,Lret_top3,loose,simple/0,628,-0.8606687898089171,-0.3960071952640816,-0.3067227213456763,-1.8302370842179772,2.2606255494178553,0.4288938053711453,237,2.357594936708861,0.8642174288613285,186,3.5940860215053765,0.8781080636545663,205,-8.623170731707317,-1.9141615314453224,150,-0.6766666666666666,-0.39420173589671714
F5vol,5,3,Lret_top3,simple,simple/0,453,-0.1793598233995585,-0.06653009244044392,-0.0575719789628451,-1.5157897964189355,2.551379029778996,0.5238069128188846,174,-1.1724137931034482,-0.35497421468267304,134,6.6809701492537314,1.3668202090435764,145,-5.327586206896552,-0.90495465186705,114,-1.8399122807017543,-0.916155678484106
F5vol,5,3,Lact,strict,simple/0,398,-1.3165829145728642,-0.4770545327471044,-0.45827246989100334,-2.026207426018985,2.589318414024632,0.27405841923594726,146,-1.7756849315068493,-0.5614867768734456,122,2.252049180327869,0.43310213726871327,130,-4.15,-0.6996761331391634,98,-2.020408163265306,-0.9889623887057374
F5vol,5,3,Lact,loose,simple/0,649,0.4622496147919877,0.18935175476979535,0.1608630832528817,-1.5343049135422002,2.167926885930707,0.9209510437327559,236,0.8241525423728814,0.3396689181031493,197,5.945431472081219,1.0224050217981748,216,-4.934027777777778,-1.1453243221403577,155,-1.6290322580645162,-1.027708982222712
F5vol,5,3,Lact,simple,simple/0,824,0.08646844660194175,0.04367720731380296,0.04085347370681415,0.5368122977346278,1.6227357474882624,-0.2775213720593429,311,-2.3512861736334405,-1.2106855060905917,254,3.465551181102362,0.731862508067656,259,-0.3001930501930502,-0.0842422655233436,213,-2.282863849765258,-1.6381582332633038
F5vol,5,3,Ldrift,strict,simple/0,52,4.706730769230769,0.6428245454820241,0.6100823027189758,0.6653311965811975,6.846259891852082,0.5903076477507595,12,16.583333333333332,1.9018083506480574,17,8.970588235294118,0.718068644152143,23,-4.641304347826087,-0.3566813357118783,21,4.773809523809524,1.0943824259957617
F5vol,5,3,Ldrift,loose,simple/0,88,3.71875,0.676042081553038,0.5644850318382493,1.3222853535353536,5.073454031472541,0.4723536729806707,26,4.769230769230769,0.5195297140953995,28,7.892857142857143,0.8548589226594667,34,-0.5220588235294118,-0.052414667283714564,37,6.587837837837838,1.8191105834213526
F5vol,5,3,Ldrift,simple,simple/0,53,5.1745283018867925,0.7189149646237417,0.6824566988881081,0.6485849056603782,6.737915355103699,0.6717127119737701,13,17.576923076923077,2.1747351809242494,17,8.970588235294118,0.718068644152143,23,-4.641304347826087,-0.3566813357118783,21,4.773809523809524,1.0943824259957617
F5vol,5,7,Lret_top3,strict,simple/0,61,-6.60655737704918,-1.0584417058913584,-0.9167284296443268,1.0015938069216765,5.068872208733234,-1.5009554138813486,22,0.13636363636363635,0.022536704855842134,18,2.513888888888889,0.20248486743935956,21,-21.488095238095237,-1.6484751761700505,17,2.426470588235294,0.8585587859435223
F5vol,5,7,Lret_top3,loose,simple/0,106,1.0849056603773586,0.23318714617947134,0.17325746791709443,1.3042452830188687,3.933641493990525,-0.05575994227653894,39,6.987179487179487,1.525138196848997,31,9.024193548387096,1.0051016233179528,36,-12.145833333333334,-1.2183120370879397,34,7.176470588235294,2.272737271599269
F5vol,5,7,Lret_top3,simple,simple/0,227,-0.018722466960352423,-0.0047723765171448634,-0.003981240300807047,-3.9496451297112087,3.656681377641973,1.0749973149932273,96,2.2005208333333335,0.44960733017466414,59,7.186440677966102,1.1786810337183906,72,-8.881944444444445,-0.963174769041076,60,3.558333333333333,1.157975208609019
F5vol,5,7,Lact,simple,simple/0,124,-0.46975806451612906,-0.08655270290809465,-0.08835761009290301,1.417002688172043,5.5787371868592635,-0.3382057066843808,52,7.9375,1.6167087395374242,37,-7.533783783783784,-0.6363124240623212,35,-5.492857142857143,-0.43218056027969554,26,-7.163461538461538,-1.1021062660869851
F5vol,5,11,Lret_top3,strict,simple/0,418,-0.14952153110047847,-0.056635843792577426,-0.054005015637834705,-1.1857057416267949,2.6173621818310755,0.3958887377983792,163,1.4248466257668713,0.4329220747729587,121,7.146694214876033,1.4661344360854185,134,-8.652985074626866,-1.5336743197789335,111,-0.07207207207207207,-0.03956202150994986
F5vol,5,11,Lret_top3,loose,simple/0,696,0.6131465517241379,0.3175024675864686,0.257176651078751,-0.618913633461047,2.016791057175001,0.6109012536534053,271,2.488007380073801,1.0222650621368892,203,4.25,1.1551621794956317,222,-5.001126126126126,-1.2347599536527964,172,0.8837209302325582,0.5602580662115372
F5vol,5,11,Lret_top3,simple,simple/0,509,1.4022593320235757,0.5790092243190812,0.5383655499620634,-0.8420377646802016,2.3036844445880695,0.9742207106429842,203,1.5246305418719213,0.4904938301907578,147,7.057823129251701,1.5967025197558924,159,-3.9827044025157234,-0.7589870363749894,132,-0.20643939393939395,-0.11123156508349316
F5vol,5,23,Lret_top3,strict,simple/0,114,0.9649122807017544,0.15785164527256465,0.15000131384547893,-6.529605263157899,5.954591556318837,1.2586115223816976,53,6.070754716981132,0.9217735006461061,29,8.39655172413793,0.8079743920468857,32,-14.2265625,-0.8724914659384145,27,-1.1574074074074074,-0.2268983724990982
F5vol,5,23,Lret_top3,loose,simple/0,213,-1.0833333333333333,-0.2366025664676742,-0.19904473878729095,-6.611502347417842,4.3398274588015235,1.2738223043574997,92,1.184782608695652,0.24258411725578857,58,6.413793103448276,0.8255438716115023,63,-11.297619047619047,-0.963426984166753,48,-2.640625,-0.7683792752772336
F5vol,5,23,Lret_top3,simple,simple/0,146,1.875,0.3534831109705388,0.33093162908445894,-5.846461187214612,4.87120156104145,1.5851245509873306,69,5.771739130434782,1.0773248808783276,36,7.805555555555555,0.8796285132456979,41,-9.890243902439025,-0.6733964147791817,37,3.331081081081081,0.6889677379721293
F5vol,5,23,Lact,strict,simple/0,42,2.5773809523809526,0.3289087368465569,0.3328956549807623,1.6984126984126984,6.179358181641099,0.14224264529278668,15,11.816666666666666,1.3289559480696882,14,0.9464285714285714,0.08198764985904892,13,-6.326923076923077,-0.31600091121838564,6,,
F5vol,5,23,Lact,loose,simple/0,61,1.430327868852459,0.2240384903416632,0.22589776280539178,-1.3642987249544625,5.10479822597371,0.5474509412708204,26,4.471153846153846,0.6691083017435759,19,8.210526315789474,0.7990360062964538,16,-11.5625,-0.6323994854759228,10,-6.5,-0.6198054662168725
F5vol,5,23,Lact,simple,simple/0,97,6.52319587628866,1.372596122009206,1.379726539455249,1.8648339060710195,5.092312268843417,0.9147832505714862,41,4.554878048780488,0.9108888125817456,27,5.287037037037037,0.6542423424554471,29,10.456896551724139,0.8502561864746573,26,0.625,0.10469984296085552
F5vol,6,1,Lret_top3,strict,simple/0,419,0.030429594272076373,0.011542393109121798,0.010977944103081408,-0.9343012463537529,2.6033245962183056,0.3705764705742942,168,1.8258928571428572,0.5644638620422436,119,7.630252100840337,1.5429835662219356,132,-9.106060606060606,-1.5974428091770028,114,-0.7192982456140351,-0.38989581396587414
F5vol,6,1,Lret_top3,loose,simple/0,692,0.5888728323699421,0.3038279981330572,0.24662578888413125,-0.35302263969171527,2.0169019340188306,0.46700112493067975,275,2.6827272727272726,1.1153294535155633,200,4.36625,1.1725565941296618,217,-5.546082949308755,-1.3456199786394598,176,0.13352272727272727,0.08270420314947598
F5vol,6,1,Lret_top3,simple,simple/0,513,1.6861598440545809,0.7013921269679616,0.6505920989690116,-0.732212475633528,2.289181382910043,1.0564354304742056,208,1.6129807692307692,0.5302054801374374,146,7.885273972602739,1.7757932549946007,159,-3.910377358490566,-0.7453405935080485,137,-0.7992700729927007,-0.433057886398793
F5vol,6,1,Lact,strict,simple/0,56,13.303571428571429,2.1722046972081115,2.191863058961017,-0.45188492063492064,4.88354226322687,2.816696489510308,23,11.695652173913043,1.5564498181571165,13,13.192307692307692,1.385076836078417,20,15.225,1.100953413364893,13,-2.25,-0.24286031609200956
F5vol,6,1,Lact,loose,simple/0,89,8.99438202247191,1.7901701656997904,1.800312854037723,1.219725343320849,5.183264368801555,1.4999537214322474,37,10.358108108108109,1.799886959611691,21,4.892857142857143,0.6561699529550804,31,10.14516129032258,0.8588114924337736,21,-5.166666666666667,-0.7389904927073377
F5vol,6,1,Lact,simple,simple/0,118,6.220338983050848,1.4289422510812313,1.4350358490925819,1.4457391713747645,4.3457128976523585,1.0986919578270846,49,7.48469387755102,1.5640177696567326,31,7.088709677419355,0.9948087794713151,38,3.8815789473684212,0.3636134044424883,29,0.29310344827586204,0.0536875068747185
F5vol,6,3,Lret_top3,strict,simple/0,61,-6.60655737704918,-1.0584417058913584,-0.9167284296443268,1.0015938069216765,5.068872208733234,-1.5009554138813486,22,0.13636363636363635,0.022536704855842134,18,2.513888888888889,0.20248486743935956,21,-21.488095238095237,-1.6484751761700505,17,2.426470588235294,0.8585587859435223
F5vol,6,3,Lret_top3,loose,simple/0,106,1.0849056603773586,0.23318714617947134,0.17325746791709443,1.3042452830188687,3.933641493990525,-0.05575994227653894,39,6.987179487179487,1.525138196848997,31,9.024193548387096,1.0051016233179528,36,-12.145833333333334,-1.2183120370879397,34,7.176470588235294,2.272737271599269
F5vol,6,3,Lret_top3,simple,simple/0,224,0.3638392857142857,0.09244184172825247,0.07820770801661481,-3.8307911706349205,3.656965018137122,1.1470250427733033,96,2.3229166666666665,0.47502113649411204,58,7.508620689655173,1.212163566697137,70,-8.242857142857142,-0.8835764571216521,59,3.3728813559322033,1.0724747924480162
F5vol,6,3,Lact,simple,simple/0,126,-0.4027777777777778,-0.07530913511711518,-0.07687102726588496,1.4107142857142865,5.495398114712711,-0.33000194447001774,54,7.782407407407407,1.6308892899310632,37,-7.533783783783784,-0.6363124240623212,35,-5.492857142857143,-0.43218056027969554,32,-3.3125,-0.5832110006386302
F5vol,6,7,Lret_top3,strict,simple/0,419,0.030429594272076373,0.011542393109121798,0.010977944103081408,-0.9343012463537529,2.6033245962183056,0.3705764705742942,168,1.8258928571428572,0.5644638620422436,119,7.630252100840337,1.5429835662219356,132,-9.106060606060606,-1.5974428091770028,114,-0.7192982456140351,-0.38989581396587414
F5vol,6,7,Lret_top3,loose,simple/0,692,0.5888728323699421,0.3038279981330572,0.24662578888413125,-0.35302263969171527,2.0169019340188306,0.46700112493067975,275,2.6827272727272726,1.1153294535155633,200,4.36625,1.1725565941296618,217,-5.546082949308755,-1.3456199786394598,176,0.13352272727272727,0.08270420314947598
F5vol,6,7,Lret_top3,simple,simple/0,513,1.6861598440545809,0.7013921269679616,0.6505920989690116,-0.732212475633528,2.289181382910043,1.0564354304742056,208,1.6129807692307692,0.5302054801374374,146,7.885273972602739,1.7757932549946007,159,-3.910377358490566,-0.7453405935080485,137,-0.7992700729927007,-0.433057886398793
F5vol,6,7,Lact,strict,simple/0,56,13.303571428571429,2.1722046972081115,2.191863058961017,-0.45188492063492064,4.88354226322687,2.816696489510308,23,11.695652173913043,1.5564498181571165,13,13.192307692307692,1.385076836078417,20,15.225,1.100953413364893,13,-2.25,-0.24286031609200956
F5vol,6,7,Lact,loose,simple/0,89,8.99438202247191,1.7901701656997904,1.800312854037723,1.219725343320849,5.183264368801555,1.4999537214322474,37,10.358108108108109,1.799886959611691,21,4.892857142857143,0.6561699529550804,31,10.14516129032258,0.8588114924337736,21,-5.166666666666667,-0.7389904927073377
F5vol,6,7,Lact,simple,simple/0,118,6.220338983050848,1.4289422510812313,1.4350358490925819,1.4457391713747645,4.3457128976523585,1.0986919578270846,49,7.48469387755102,1.5640177696567326,31,7.088709677419355,0.9948087794713151,38,3.8815789473684212,0.3636134044424883,29,0.29310344827586204,0.0536875068747185
F5vol,6,11,Lret_top3,strict,simple/0,58,-8.245689655172415,-1.2416313459411392,-1.075733610017812,1.9286398467432948,5.31746925856511,-1.9133781517452904,19,-0.8289473684210527,-0.10773103455147882,19,-0.13157894736842105,-0.010930407380372088,20,-23.0,-1.7025778129428253,17,2.426470588235294,0.8585587859435223
F5vol,6,11,Lret_top3,loose,simple/0,100,-0.1925,-0.039420276791433916,-0.029228973387896002,2.1369444444444436,4.0884391747488324,-0.5697637521016928,36,7.048611111111111,1.3457184091351584,31,4.637096774193548,0.5295246897362047,33,-12.628787878787879,-1.1726384077400598,34,7.176470588235294,2.272737271599269
F5vol,6,11,Lret_top3,simple,simple/0,228,-0.07456140350877193,-0.018935230298558734,-0.015801177349996573,-3.8938840155945402,3.6559132900647207,1.044697264146042,94,1.827127659574468,0.3622551661100241,60,6.270833333333333,1.0340977082265823,74,-7.635135135135135,-0.8431719749470418,59,3.711864406779661,1.1891204584270092
F5vol,6,11,Lact,simple,simple/0,124,-0.22580645161290322,-0.04156494809408793,-0.04243033681597625,1.5183691756272408,5.579369198645442,-0.3126116170379251,52,8.51923076923077,1.7305776155923682,37,-7.533783783783784,-0.6363124240623212,35,-5.492857142857143,-0.43218056027969554,31,-4.137096774193548,-0.7128153181827149
F5vol,6,23,Lret_top3,strict,simple/0,55,-10.972727272727273,-1.6873786138444786,-1.4329329231867445,1.2702020202020206,5.423669718518841,-2.257314683290253,19,-0.8289473684210527,-0.10773103455147882,18,-7.472222222222222,-0.7408252861692496,18,-25.180555555555557,-1.6841800686495525,16,2.5,0.8311955614497178
F5vol,6,23,Lret_top3,loose,simple/0,97,-0.8402061855670103,-0.17375661293339678,-0.13577348910360365,2.3631156930126007,4.049377057782505,-0.7910653497735266,36,6.347222222222222,1.2321627828965291,30,0.39166666666666666,0.049459833239186374,31,-10.379032258064516,-0.8951786223588828,30,8.891666666666667,2.594335633235203
F5vol,6,23,Lret_top3,simple,simple/0,225,0.5955555555555555,0.1521241354972944,0.12912622705304486,-3.48864197530864,3.675122391775433,1.1113092559867483,94,3.6117021276595747,0.7320091544175983,59,5.978813559322034,1.0581880522006473,72,-7.753472222222222,-0.8330577958985151,61,3.4918032786885247,1.1511280564079749
F5vol,6,23,Lact,simple,simple/0,123,-0.03861788617886179,-0.0070551528540622604,-0.007202423989209363,1.9605916892502253,5.619904125914006,-0.3557373098609473,51,9.142156862745098,1.8358105845987105,37,-7.533783783783784,-0.6363124240623212,35,-5.492857142857143,-0.43218056027969554,31,-4.137096774193548,-0.7128153181827149
F6full,3,1,Lret_mid,strict,simple/0,98,-2.6505102040816326,-0.367013821644654,-0.3537223929828688,0.34311224489795933,6.0453468934052275,-0.4951944862329219,43,-1.3604651162790697,-0.16987422280286454,29,14.96551724137931,1.7178290782429735,26,-24.432692307692307,-1.143175450398985,27,1.2314814814814814,0.23970543660547655
F6full,3,1,Lret_mid,loose,simple/0,235,-0.9659574468085106,-0.24258925727161676,-0.1951824727303198,1.7263593380614666,3.488524711287557,-0.7717637132277292,95,-4.405263157894737,-0.8906671840032044,72,11.96875,2.020998035157833,68,-9.856617647058824,-0.985674161949111,62,-0.012096774193548387,-0.003490137853707773
F6full,3,1,Lret_mid,simple,simple/0,98,-2.6505102040816326,-0.367013821644654,-0.3537223929828688,0.34311224489795933,6.0453468934052275,-0.4951944862329219,43,-1.3604651162790697,-0.16987422280286454,29,14.96551724137931,1.7178290782429735,26,-24.432692307692307,-1.143175450398985,27,1.2314814814814814,0.23970543660547655
F6full,3,1,Lret_top3,strict,simple/0,98,-2.6505102040816326,-0.367013821644654,-0.3537223929828688,0.34311224489795933,6.0453468934052275,-0.4951944862329219,43,-1.3604651162790697,-0.16987422280286454,29,14.96551724137931,1.7178290782429735,26,-24.432692307692307,-1.143175450398985,27,1.2314814814814814,0.23970543660547655
F6full,3,1,Lret_top3,loose,simple/0,235,-0.9659574468085106,-0.24258925727161676,-0.1951824727303198,1.7263593380614666,3.488524711287557,-0.7717637132277292,95,-4.405263157894737,-0.8906671840032044,72,11.96875,2.020998035157833,68,-9.856617647058824,-0.985674161949111,62,-0.012096774193548387,-0.003490137853707773
F6full,3,1,Lret_top3,simple,simple/0,98,-2.6505102040816326,-0.367013821644654,-0.3537223929828688,0.34311224489795933,6.0453468934052275,-0.4951944862329219,43,-1.3604651162790697,-0.16987422280286454,29,14.96551724137931,1.7178290782429735,26,-24.432692307692307,-1.143175450398985,27,1.2314814814814814,0.23970543660547655
F6full,3,1,Lact,strict,simple/0,81,-7.0,-1.6895219456132935,-1.720193156534007,3.2632030178326477,4.626564516293555,-2.2183205230767498,33,-4.25,-0.8263111943195744,27,-6.814814814814815,-0.9809110121059199,21,-11.55952380952381,-1.0731675951197244,10,11.175,2.136171072106013
F6full,3,1,Lact,loose,simple/0,108,-5.638888888888889,-1.6651786087859992,-1.6323255173272189,3.140560699588477,3.7634827266679434,-2.3327992251077463,45,-0.5,-0.11739641621663222,37,-8.141891891891891,-1.4814507560457137,26,-10.971153846153847,-1.201365413337913,12,8.479166666666666,1.80371392460007
F6full,3,1,Lact,simple,simple/0,81,-7.0,-1.6895219456132935,-1.720193156534007,3.2632030178326477,4.626564516293555,-2.2183205230767498,33,-4.25,-0.8263111943195744,27,-6.814814814814815,-0.9809110121059199,21,-11.55952380952381,-1.0731675951197244,10,11.175,2.136171072106013
F6full,3,1,Ldrift,strict,simple/0,98,-2.6505102040816326,-0.367013821644654,-0.3537223929828688,0.34311224489795933,6.0453468934052275,-0.4951944862329219,43,-1.3604651162790697,-0.16987422280286454,29,14.96551724137931,1.7178290782429735,26,-24.432692307692307,-1.143175450398985,27,1.2314814814814814,0.23970543660547655
F6full,3,1,Ldrift,loose,simple/0,235,-0.9659574468085106,-0.24258925727161676,-0.1951824727303198,1.7263593380614666,3.488524711287557,-0.7717637132277292,95,-4.405263157894737,-0.8906671840032044,72,11.96875,2.020998035157833,68,-9.856617647058824,-0.985674161949111,62,-0.012096774193548387,-0.003490137853707773
F6full,3,1,Ldrift,simple,simple/0,98,-2.6505102040816326,-0.367013821644654,-0.3537223929828688,0.34311224489795933,6.0453468934052275,-0.4951944862329219,43,-1.3604651162790697,-0.16987422280286454,29,14.96551724137931,1.7178290782429735,26,-24.432692307692307,-1.143175450398985,27,1.2314814814814814,0.23970543660547655
F6full,3,3,Lret_mid,strict,simple/0,126,7.801587301587301,1.5572764933872247,1.463048325020462,-1.5938051146384482,5.282007391721904,1.7787541211984004,50,12.47,2.1339768757147337,32,-1.8671875,-0.19670444906680362,44,9.528409090909092,0.8876059241770862,40,-1.53125,-0.27818142358414255
F6full,3,3,Lret_mid,loose,simple/0,224,3.9252232142857144,1.026455197342267,0.8480662920416348,-1.9791666666666656,4.009642497809672,1.4725477107192828,84,4.351190476190476,0.941119192570068,62,1.407258064516129,0.20128260550021568,78,5.467948717948718,0.6734154115867962,69,-2.5144927536231885,-0.5805195501290712
F6full,3,3,Lret_mid,simple,simple/0,126,7.801587301587301,1.5572764933872247,1.463048325020462,-1.5938051146384482,5.282007391721904,1.7787541211984004,50,12.47,2.1339768757147337,32,-1.8671875,-0.19670444906680362,44,9.528409090909092,0.8876059241770862,40,-1.53125,-0.27818142358414255
F6full,3,3,Lret_top3,strict,simple/0,126,7.801587301587301,1.5572764933872247,1.463048325020462,-1.5938051146384482,5.282007391721904,1.7787541211984004,50,12.47,2.1339768757147337,32,-1.8671875,-0.19670444906680362,44,9.528409090909092,0.8876059241770862,40,-1.53125,-0.27818142358414255
F6full,3,3,Lret_top3,loose,simple/0,224,3.9252232142857144,1.026455197342267,0.8480662920416348,-1.9791666666666656,4.009642497809672,1.4725477107192828,84,4.351190476190476,0.941119192570068,62,1.407258064516129,0.20128260550021568,78,5.467948717948718,0.6734154115867962,69,-2.5144927536231885,-0.5805195501290712
F6full,3,3,Lret_top3,simple,simple/0,126,7.801587301587301,1.5572764933872247,1.463048325020462,-1.5938051146384482,5.282007391721904,1.7787541211984004,50,12.47,2.1339768757147337,32,-1.8671875,-0.19670444906680362,44,9.528409090909092,0.8876059241770862,40,-1.53125,-0.27818142358414255
F6full,3,3,Lact,strict,simple/0,40,5.79375,0.7777010193308952,0.7876084380974933,-1.119444444444444,6.691261502458341,1.0331675786254306,19,2.8947368421052633,0.3276252556207728,12,23.0,1.4245431890066407,9,,,7,,
F6full,3,3,Lact,loose,simple/0,94,0.9707446808510638,0.1869469736979881,0.16319279927516836,1.7832446808510647,5.417339910430046,-0.14998135864350848,42,-1.4226190476190477,-0.22846174688003962,30,6.091666666666667,0.6361972536977203,22,-1.4431818181818181,-0.10455465127007885,14,-17.678571428571427,-1.8573688883118247
F6full,3,3,Lact,simple,simple/0,40,5.79375,0.7777010193308952,0.7876084380974933,-1.119444444444444,6.691261502458341,1.0331675786254306,19,2.8947368421052633,0.3276252556207728,12,23.0,1.4245431890066407,9,,,7,,
F6full,3,3,Ldrift,strict,simple/0,126,7.801587301587301,1.5572764933872247,1.463048325020462,-1.5938051146384482,5.282007391721904,1.7787541211984004,50,12.47,2.1339768757147337,32,-1.8671875,-0.19670444906680362,44,9.528409090909092,0.8876059241770862,40,-1.53125,-0.27818142358414255
F6full,3,3,Ldrift,loose,simple/0,224,3.9252232142857144,1.026455197342267,0.8480662920416348,-1.9791666666666656,4.009642497809672,1.4725477107192828,84,4.351190476190476,0.941119192570068,62,1.407258064516129,0.20128260550021568,78,5.467948717948718,0.6734154115867962,69,-2.5144927536231885,-0.5805195501290712
F6full,3,3,Ldrift,simple,simple/0,126,7.801587301587301,1.5572764933872247,1.463048325020462,-1.5938051146384482,5.282007391721904,1.7787541211984004,50,12.47,2.1339768757147337,32,-1.8671875,-0.19670444906680362,44,9.528409090909092,0.8876059241770862,40,-1.53125,-0.27818142358414255
F6full,3,7,Lret_mid,strict,simple/0,98,-2.6505102040816326,-0.367013821644654,-0.3537223929828688,0.34311224489795933,6.0453468934052275,-0.4951944862329219,43,-1.3604651162790697,-0.16987422280286454,29,14.96551724137931,1.7178290782429735,26,-24.432692307692307,-1.143175450398985,27,1.2314814814814814,0.23970543660547655
F6full,3,7,Lret_mid,loose,simple/0,235,-0.9659574468085106,-0.24258925727161676,-0.1951824727303198,1.7263593380614666,3.488524711287557,-0.7717637132277292,95,-4.405263157894737,-0.8906671840032044,72,11.96875,2.020998035157833,68,-9.856617647058824,-0.985674161949111,62,-0.012096774193548387,-0.003490137853707773
F6full,3,7,Lret_mid,simple,simple/0,98,-2.6505102040816326,-0.367013821644654,-0.3537223929828688,0.34311224489795933,6.0453468934052275,-0.4951944862329219,43,-1.3604651162790697,-0.16987422280286454,29,14.96551724137931,1.7178290782429735,26,-24.432692307692307,-1.143175450398985,27,1.2314814814814814,0.23970543660547655
F6full,3,7,Lret_top3,strict,simple/0,98,-2.6505102040816326,-0.367013821644654,-0.3537223929828688,0.34311224489795933,6.0453468934052275,-0.4951944862329219,43,-1.3604651162790697,-0.16987422280286454,29,14.96551724137931,1.7178290782429735,26,-24.432692307692307,-1.143175450398985,27,1.2314814814814814,0.23970543660547655
F6full,3,7,Lret_top3,loose,simple/0,235,-0.9659574468085106,-0.24258925727161676,-0.1951824727303198,1.7263593380614666,3.488524711287557,-0.7717637132277292,95,-4.405263157894737,-0.8906671840032044,72,11.96875,2.020998035157833,68,-9.856617647058824,-0.985674161949111,62,-0.012096774193548387,-0.003490137853707773
F6full,3,7,Lret_top3,simple,simple/0,98,-2.6505102040816326,-0.367013821644654,-0.3537223929828688,0.34311224489795933,6.0453468934052275,-0.4951944862329219,43,-1.3604651162790697,-0.16987422280286454,29,14.96551724137931,1.7178290782429735,26,-24.432692307692307,-1.143175450398985,27,1.2314814814814814,0.23970543660547655
F6full,3,7,Lact,strict,simple/0,81,-7.0,-1.6895219456132935,-1.720193156534007,3.2632030178326477,4.626564516293555,-2.2183205230767498,33,-4.25,-0.8263111943195744,27,-6.814814814814815,-0.9809110121059199,21,-11.55952380952381,-1.0731675951197244,10,11.175,2.136171072106013
F6full,3,7,Lact,loose,simple/0,108,-5.638888888888889,-1.6651786087859992,-1.6323255173272189,3.140560699588477,3.7634827266679434,-2.3327992251077463,45,-0.5,-0.11739641621663222,37,-8.141891891891891,-1.4814507560457137,26,-10.971153846153847,-1.201365413337913,12,8.479166666666666,1.80371392460007
F6full,3,7,Lact,simple,simple/0,81,-7.0,-1.6895219456132935,-1.720193156534007,3.2632030178326477,4.626564516293555,-2.2183205230767498,33,-4.25,-0.8263111943195744,27,-6.814814814814815,-0.9809110121059199,21,-11.55952380952381,-1.0731675951197244,10,11.175,2.136171072106013
F6full,3,7,Ldrift,strict,simple/0,98,-2.6505102040816326,-0.367013821644654,-0.3537223929828688,0.34311224489795933,6.0453468934052275,-0.4951944862329219,43,-1.3604651162790697,-0.16987422280286454,29,14.96551724137931,1.7178290782429735,26,-24.432692307692307,-1.143175450398985,27,1.2314814814814814,0.23970543660547655
F6full,3,7,Ldrift,loose,simple/0,235,-0.9659574468085106,-0.24258925727161676,-0.1951824727303198,1.7263593380614666,3.488524711287557,-0.7717637132277292,95,-4.405263157894737,-0.8906671840032044,72,11.96875,2.020998035157833,68,-9.856617647058824,-0.985674161949111,62,-0.012096774193548387,-0.003490137853707773
F6full,3,7,Ldrift,simple,simple/0,98,-2.6505102040816326,-0.367013821644654,-0.3537223929828688,0.34311224489795933,6.0453468934052275,-0.4951944862329219,43,-1.3604651162790697,-0.16987422280286454,29,14.96551724137931,1.7178290782429735,26,-24.432692307692307,-1.143175450398985,27,1.2314814814814814,0.23970543660547655
F6full,3,11,Lret_mid,strict,simple/0,158,1.9398734177215189,0.36540359392757404,0.3499851015420874,-1.9553445850914166,4.973460885645535,0.7832006911033246,60,10.125,1.6532619729948501,52,13.086538461538462,1.6438741411982345,46,-21.33695652173913,-1.6115115387730867,39,5.42948717948718,1.2435194995127536
F6full,3,11,Lret_mid,loose,simple/0,344,1.337936046511628,0.40874378453308197,0.31873477686332274,-0.19609980620155065,3.0220193323922326,0.5076194702893693,135,3.8425925925925926,0.9830842463544021,109,8.947247706422019,1.7156522552978983,100,-10.3375,-1.2788517235243606,89,3.053370786516854,1.0811793513393426
F6full,3,11,Lret_mid,simple,simple/0,158,1.9398734177215189,0.36540359392757404,0.3499851015420874,-1.9553445850914166,4.973460885645535,0.7832006911033246,60,10.125,1.6532619729948501,52,13.086538461538462,1.6438741411982345,46,-21.33695652173913,-1.6115115387730867,40,4.86875,1.1342579968894329
F6full,3,11,Lret_top3,strict,simple/0,158,1.9398734177215189,0.36540359392757404,0.3499851015420874,-1.9553445850914166,4.973460885645535,0.7832006911033246,60,10.125,1.6532619729948501,52,13.086538461538462,1.6438741411982345,46,-21.33695652173913,-1.6115115387730867,39,5.42948717948718,1.2435194995127536
F6full,3,11,Lret_top3,loose,simple/0,344,1.337936046511628,0.40874378453308197,0.31873477686332274,-0.19609980620155065,3.0220193323922326,0.5076194702893693,135,3.8425925925925926,0.9830842463544021,109,8.947247706422019,1.7156522552978983,100,-10.3375,-1.2788517235243606,89,3.053370786516854,1.0811793513393426
F6full,3,11,Lret_top3,simple,simple/0,158,1.9398734177215189,0.36540359392757404,0.3499851015420874,-1.9553445850914166,4.973460885645535,0.7832006911033246,60,10.125,1.6532619729948501,52,13.086538461538462,1.6438741411982345,46,-21.33695652173913,-1.6115115387730867,40,4.86875,1.1342579968894329
F6full,3,11,Lact,strict,simple/0,412,1.6237864077669903,0.7425003233104353,0.6956244018239232,1.8486043689320397,2.387839386557834,-0.09415120733439843,167,-0.016467065868263474,-0.00605783245575541,119,0.3025210084033613,0.06296125971544576,126,5.045634920634921,1.1994935121687478,97,1.1494845360824741,0.4964065407704536
F6full,3,11,Lact,loose,simple/0,611,0.6456628477905073,0.34525690773841033,0.2714381520864029,1.6393889798145114,1.9996410325538747,-0.4969522608539645,249,-0.4929718875502008,-0.20576515481862503,180,-2.3305555555555557,-0.5799779813457446,182,5.146978021978022,1.4360897913594224,151,0.7135761589403974,0.39496817200899426
F6full,3,11,Lact,simple,simple/0,412,1.6237864077669903,0.7425003233104353,0.6956244018239232,1.8486043689320397,2.387839386557834,-0.09415120733439843,167,-0.016467065868263474,-0.00605783245575541,119,0.3025210084033613,0.06296125971544576,126,5.045634920634921,1.1994935121687478,98,0.9642857142857143,0.4193766026087998
F6full,3,11,Ldrift,strict,simple/0,158,1.9398734177215189,0.36540359392757404,0.3499851015420874,-1.9553445850914166,4.973460885645535,0.7832006911033246,60,10.125,1.6532619729948501,52,13.086538461538462,1.6438741411982345,46,-21.33695652173913,-1.6115115387730867,39,5.42948717948718,1.2435194995127536
F6full,3,11,Ldrift,loose,simple/0,344,1.337936046511628,0.40874378453308197,0.31873477686332274,-0.19609980620155065,3.0220193323922326,0.5076194702893693,135,3.8425925925925926,0.9830842463544021,109,8.947247706422019,1.7156522552978983,100,-10.3375,-1.2788517235243606,89,3.053370786516854,1.0811793513393426
F6full,3,11,Ldrift,simple,simple/0,158,1.9398734177215189,0.36540359392757404,0.3499851015420874,-1.9553445850914166,4.973460885645535,0.7832006911033246,60,10.125,1.6532619729948501,52,13.086538461538462,1.6438741411982345,46,-21.33695652173913,-1.6115115387730867,40,4.86875,1.1342579968894329
F6full,3,23,Lret_mid,strict,simple/0,126,7.801587301587301,1.5572764933872247,1.463048325020462,-1.5938051146384482,5.282007391721904,1.7787541211984004,50,12.47,2.1339768757147337,32,-1.8671875,-0.19670444906680362,44,9.528409090909092,0.8876059241770862,40,-1.53125,-0.27818142358414255
F6full,3,23,Lret_mid,loose,simple/0,224,3.9252232142857144,1.026455197342267,0.8480662920416348,-1.9791666666666656,4.009642497809672,1.4725477107192828,84,4.351190476190476,0.941119192570068,62,1.407258064516129,0.20128260550021568,78,5.467948717948718,0.6734154115867962,69,-2.5144927536231885,-0.5805195501290712
F6full,3,23,Lret_mid,simple,simple/0,126,7.801587301587301,1.5572764933872247,1.463048325020462,-1.5938051146384482,5.282007391721904,1.7787541211984004,50,12.47,2.1339768757147337,32,-1.8671875,-0.19670444906680362,44,9.528409090909092,0.8876059241770862,40,-1.53125,-0.27818142358414255
F6full,3,23,Lret_top3,strict,simple/0,126,7.801587301587301,1.5572764933872247,1.463048325020462,-1.5938051146384482,5.282007391721904,1.7787541211984004,50,12.47,2.1339768757147337,32,-1.8671875,-0.19670444906680362,44,9.528409090909092,0.8876059241770862,40,-1.53125,-0.27818142358414255
F6full,3,23,Lret_top3,loose,simple/0,224,3.9252232142857144,1.026455197342267,0.8480662920416348,-1.9791666666666656,4.009642497809672,1.4725477107192828,84,4.351190476190476,0.941119192570068,62,1.407258064516129,0.20128260550021568,78,5.467948717948718,0.6734154115867962,69,-2.5144927536231885,-0.5805195501290712
F6full,3,23,Lret_top3,simple,simple/0,126,7.801587301587301,1.5572764933872247,1.463048325020462,-1.5938051146384482,5.282007391721904,1.7787541211984004,50,12.47,2.1339768757147337,32,-1.8671875,-0.19670444906680362,44,9.528409090909092,0.8876059241770862,40,-1.53125,-0.27818142358414255
F6full,3,23,Lact,strict,simple/0,40,5.79375,0.7777010193308952,0.7876084380974933,-1.119444444444444,6.691261502458341,1.0331675786254306,19,2.8947368421052633,0.3276252556207728,12,23.0,1.4245431890066407,9,,,7,,
F6full,3,23,Lact,loose,simple/0,94,0.9707446808510638,0.1869469736979881,0.16319279927516836,1.7832446808510647,5.417339910430046,-0.14998135864350848,42,-1.4226190476190477,-0.22846174688003962,30,6.091666666666667,0.6361972536977203,22,-1.4431818181818181,-0.10455465127007885,14,-17.678571428571427,-1.8573688883118247
F6full,3,23,Lact,simple,simple/0,40,5.79375,0.7777010193308952,0.7876084380974933,-1.119444444444444,6.691261502458341,1.0331675786254306,19,2.8947368421052633,0.3276252556207728,12,23.0,1.4245431890066407,9,,,7,,
F6full,3,23,Ldrift,strict,simple/0,126,7.801587301587301,1.5572764933872247,1.463048325020462,-1.5938051146384482,5.282007391721904,1.7787541211984004,50,12.47,2.1339768757147337,32,-1.8671875,-0.19670444906680362,44,9.528409090909092,0.8876059241770862,40,-1.53125,-0.27818142358414255
F6full,3,23,Ldrift,loose,simple/0,224,3.9252232142857144,1.026455197342267,0.8480662920416348,-1.9791666666666656,4.009642497809672,1.4725477107192828,84,4.351190476190476,0.941119192570068,62,1.407258064516129,0.20128260550021568,78,5.467948717948718,0.6734154115867962,69,-2.5144927536231885,-0.5805195501290712
F6full,3,23,Ldrift,simple,simple/0,126,7.801587301587301,1.5572764933872247,1.463048325020462,-1.5938051146384482,5.282007391721904,1.7787541211984004,50,12.47,2.1339768757147337,32,-1.8671875,-0.19670444906680362,44,9.528409090909092,0.8876059241770862,40,-1.53125,-0.27818142358414255
F6full,4,1,Lret_mid,strict,simple/0,95,6.060526315789474,1.019267421464395,1.012991248036184,-2.9524853801169577,5.922470829279075,1.5218330247147134,37,13.945945945945946,1.8127924441164245,27,-0.5185185185185185,-0.052443262396673476,31,2.379032258064516,0.1789505452024409,30,-1.0083333333333333,-0.14929952825275217
F6full,4,1,Lret_mid,loose,simple/0,138,-0.7065217391304348,-0.12996834217608016,-0.13243087860794944,-4.147443639291466,5.698174673355163,0.6038638857897576,54,8.564814814814815,1.4853856172308626,37,2.4121621621621623,0.27346626504624877,47,-13.813829787234043,-1.0906456181419955,40,-4.3125,-0.71786635294393
F6full,4,1,Lret_mid,simple,simple/0,95,6.060526315789474,1.019267421464395,1.012991248036184,-2.9524853801169577,5.922470829279075,1.5218330247147134,37,13.945945945945946,1.8127924441164245,27,-0.5185185185185185,-0.052443262396673476,31,2.379032258064516,0.1789505452024409,30,-1.0083333333333333,-0.14929952825275217
F6full,4,1,Lret_top3,strict,simple/0,49,-4.188775510204081,-0.4039149754584902,-0.41254833974560207,1.7627551020408172,6.768722432423803,-0.8792694148212726,23,0.15217391304347827,0.015538329069188655,14,-2.7142857142857144,-0.1753401993647913,12,-14.229166666666666,-0.4098174936193653,12,1.3541666666666667,0.21159661766782495
F6full,4,1,Lret_top3,loose,simple/0,131,1.984732824427481,0.37682098737136055,0.33992795891490707,0.9455046649703135,3.7857742701323667,0.27450874914970347,52,-1.9903846153846154,-0.2677891137719126,41,0.5060975609756098,0.0641523101182761,38,9.019736842105264,0.719311953398924,41,1.1646341463414633,0.2574374161242023
F6full,4,1,Lret_top3,simple,simple/0,144,6.425347222222222,1.2200992308262661,1.2029993247546675,2.0607638888888915,4.256649624006036,1.0253564936889767,59,4.516949152542373,0.7422690733570176,41,11.670731707317072,1.3851097761098172,44,4.096590909090909,0.31191780933629276,43,1.6395348837209303,0.4018132766263142
F6full,4,1,Lact,strict,simple/0,45,-3.011111111111111,-0.43899375697635623,-0.44399315518483956,1.449074074074074,6.64660014839462,-0.6710476161654574,19,5.5394736842105265,0.8456022338307815,14,-10.517857142857142,-0.7430266832442908,12,-7.791666666666667,-0.4500987737015477,11,-1.6136363636363635,-0.3426387140462612
F6full,4,1,Lact,loose,simple/0,78,-2.0608974358974357,-0.39565197167233396,-0.38732598475839464,1.6616809116809117,4.754310046407716,-0.7829902364889035,31,-2.3225806451612905,-0.3234107638977072,26,-6.663461538461538,-0.7106365386754031,21,4.023809523809524,0.3468907561253586,21,-1.7380952380952381,-0.36421448523724315
F6full,4,1,Lact,simple,simple/0,82,-2.722560975609756,-0.5575454912317859,-0.5706641310597756,1.736957994579946,4.569628094731568,-0.9759041387484435,32,4.515625,1.0457916288375633,31,-7.088709677419355,-0.7386598437688654,19,-7.7894736842105265,-0.6349140556251403,15,-0.35,-0.0893701407596198
F6full,4,1,Ldrift,strict,simple/0,36,14.055555555555555,1.2745418653593779,1.1662172683465049,4.56172839506173,11.316402781786799,0.8389439067840251,15,10.516666666666667,1.45439696796059,8,,,13,-0.5384615384615384,-0.019482174294763392,10,0.875,0.14094721594659873
F6full,4,1,Ldrift,loose,simple/0,139,5.399280575539568,1.1853543860311007,1.0609287498208155,2.8024580335731426,4.5957002552554975,0.5650548116136994,53,0.75,0.1472724492237927,41,16.95731707317073,2.0382063831512567,45,0.34444444444444444,0.0338329641047369,36,-2.3194444444444446,-0.5109281252616129
F6full,4,1,Ldrift,simple,simple/0,36,14.055555555555555,1.2745418653593779,1.1662172683465049,4.56172839506173,11.316402781786799,0.8389439067840251,15,10.516666666666667,1.45439696796059,8,,,13,-0.5384615384615384,-0.019482174294763392,10,0.875,0.14094721594659873
F6full,4,3,Lret_mid,strict,simple/0,100,8.76,1.5248292785382749,1.5160778056371726,-0.11499999999999988,5.780598904335991,1.5353080445250955,39,13.564102564102564,1.9502238754365284,27,-4.518518518518518,-0.40221437497230034,34,13.794117647058824,1.1553807726452037,32,-2.328125,-0.3947909493096279
F6full,4,3,Lret_mid,loose,simple/0,190,5.328947368421052,1.2450668974782981,1.06048107133268,-1.0276315789473676,4.321352422008727,1.470969809126015,69,5.300724637681159,0.9667991254136589,55,2.018181818181818,0.2512582803607653,66,8.117424242424242,0.9339866989984875,60,-3.3583333333333334,-0.7242854968502744
F6full,4,3,Lret_mid,simple,simple/0,100,8.76,1.5248292785382749,1.5160778056371726,-0.11499999999999988,5.780598904335991,1.5353080445250955,39,13.564102564102564,1.9502238754365284,27,-4.518518518518518,-0.40221437497230034,34,13.794117647058824,1.1553807726452037,32,-2.328125,-0.3947909493096279
F6full,4,3,Lret_top3,strict,simple/0,101,9.938118811881187,1.7109692606035671,1.727158515597327,-0.32343234323432296,5.776883931630424,1.7763125028235365,39,13.564102564102564,1.9502238754365284,28,0.20535714285714285,0.017386581574157397,34,13.794117647058824,1.1553807726452037,32,-2.328125,-0.3947909493096279
F6full,4,3,Lret_top3,loose,simple/0,191,5.969895287958115,1.3865561304003775,1.1975453870238497,-1.1330715532286209,4.318699057600171,1.644700579144715,69,5.300724637681159,0.9667991254136589,56,4.263392857142857,0.5198695090607902,66,8.117424242424242,0.9339866989984875,60,-3.3583333333333334,-0.7242854968502744
F6full,4,3,Lret_top3,simple,simple/0,101,9.938118811881187,1.7109692606035671,1.727158515597327,-0.32343234323432296,5.776883931630424,1.7763125028235365,39,13.564102564102564,1.9502238754365284,28,0.20535714285714285,0.017386581574157397,34,13.794117647058824,1.1553807726452037,32,-2.328125,-0.3947909493096279
F6full,4,3,Lact,simple,simple/0,57,2.0964912280701755,0.34698042620616815,0.3445556447253036,1.5365497076023393,5.6003425395298585,0.09998344146192932,27,7.564814814814815,1.0166130526307924,20,-0.75,-0.06345339734576638,10,-6.975,-0.43842490845844184,9,,
F6full,4,3,Ldrift,strict,simple/0,100,8.76,1.5248292785382749,1.5160778056371726,-0.11499999999999988,5.780598904335991,1.5353080445250955,39,13.564102564102564,1.9502238754365284,27,-4.518518518518518,-0.40221437497230034,34,13.794117647058824,1.1553807726452037,32,-2.328125,-0.3947909493096279
F6full,4,3,Ldrift,loose,simple/0,190,5.328947368421052,1.2450668974782981,1.06048107133268,-1.0276315789473676,4.321352422008727,1.470969809126015,69,5.300724637681159,0.9667991254136589,55,2.018181818181818,0.2512582803607653,66,8.117424242424242,0.9339866989984875,60,-3.3583333333333334,-0.7242854968502744
F6full,4,3,Ldrift,simple,simple/0,100,8.76,1.5248292785382749,1.5160778056371726,-0.11499999999999988,5.780598904335991,1.5353080445250955,39,13.564102564102564,1.9502238754365284,27,-4.518518518518518,-0.40221437497230034,34,13.794117647058824,1.1553807726452037,32,-2.328125,-0.3947909493096279
F6full,4,7,Lret_mid,strict,simple/0,76,6.213815789473684,0.9775857876056734,1.0217700729246628,-2.5864400584795333,6.271493871267404,1.4032152511973635,29,14.517241379310345,1.6230442433306655,23,-3.1630434782608696,-0.2703910072420539,24,5.166666666666667,0.40012166793987225,22,-4.829545454545454,-0.5552341567404271
F6full,4,7,Lret_mid,loose,simple/0,114,0.1162280701754386,0.020959635537609034,0.020605863615341134,-2.263157894736843,6.021504635967504,0.39514807490137793,42,10.797619047619047,1.6358002533824012,35,-0.9428571428571428,-0.09842700038926312,37,-11.006756756756756,-0.892696285930856,30,-7.891666666666667,-1.0517942259181041
F6full,4,7,Lret_mid,simple,simple/0,76,6.213815789473684,0.9775857876056734,1.0217700729246628,-2.5864400584795333,6.271493871267404,1.4032152511973635,29,14.517241379310345,1.6230442433306655,23,-3.1630434782608696,-0.2703910072420539,24,5.166666666666667,0.40012166793987225,22,-4.829545454545454,-0.5552341567404271
F6full,4,7,Lret_top3,strict,simple/0,151,-2.251655629139073,-0.5213311681384641,-0.5030752370797053,0.38428991905813137,4.441537638951494,-0.5934759001208121,64,-0.98046875,-0.23751845254236395,50,11.205,1.5361985927049677,37,-22.635135135135137,-1.852159707821745,48,-0.08333333333333333,-0.02684698839744674
F6full,4,7,Lret_top3,loose,simple/0,312,0.9342948717948718,0.33065838557883453,0.2851433182479143,1.3767361111111107,2.949392729700193,-0.15001096153146523,126,-1.0892857142857142,-0.31765572825700455,105,6.947619047619048,1.433139808977264,81,-3.712962962962963,-0.5228536298826946,97,0.24742268041237114,0.09907419266216946
F6full,4,7,Lret_top3,simple,simple/0,270,4.032407407407407,1.2443138114938963,1.1992006868588565,2.0229938271604926,3.1834393292227086,0.6312083795036696,107,1.4953271028037383,0.3883887634162897,91,13.678571428571429,2.670455944624898,72,-4.388888888888889,-0.5190538492585853,86,-1.1366279069767442,-0.40246099597115037
F6full,4,7,Lact,strict,simple/0,33,-9.825757575757576,-1.113050188262642,-1.1303078094666237,-5.668350168350168,8.259686815069465,-0.5033371725211647,16,0.25,0.02940900880044795,10,-18.375,-0.7984119398217298,7,,,6,,
F6full,4,7,Lact,loose,simple/0,62,-8.21774193548387,-1.3291600260061347,-1.2006266706018083,-3.8718637992831533,5.615586619572989,-0.7738956640884616,30,1.4916666666666667,0.23082172664192027,20,-11.3875,-0.8203927854485931,12,-27.208333333333332,-1.8794874509061172,11,-20.931818181818183,-1.8946622964082678
F6full,4,7,Lact,simple,simple/0,82,1.048780487804878,0.1809569188551643,0.17825519336525572,-1.4828929539295388,5.223555100257908,0.4846648294395167,34,0.19117647058823528,0.03362030692698948,26,2.2596153846153846,0.18964152679628696,22,0.9431818181818182,0.06595306664189501,18,-12.430555555555555,-1.6370337830855104
F6full,4,7,Ldrift,strict,simple/0,61,14.598360655737705,2.111911706973807,1.9861610823901525,7.5088797814207675,7.3561152083456,0.9637533770914622,21,4.988095238095238,0.6884021047098478,22,26.238636363636363,2.665284390023747,18,11.583333333333334,0.6314545171640444,16,-11.078125,-1.8072348934822267
F6full,4,7,Ldrift,loose,simple/0,170,6.895588235294118,1.7876686811538993,1.4965668930411624,4.940277777777779,3.927274337363065,0.4978797734892172,64,0.625,0.12760322462446166,57,14.578947368421053,2.1854956897731936,49,6.1479591836734695,0.697387998800257,43,-4.877906976744186,-1.1209355062546467
F6full,4,7,Ldrift,simple,simple/0,61,14.598360655737705,2.111911706973807,1.9861610823901525,7.5088797814207675,7.3561152083456,0.9637533770914622,21,4.988095238095238,0.6884021047098478,22,26.238636363636363,2.665284390023747,18,11.583333333333334,0.6314545171640444,17,-11.426470588235293,-1.9808244242291058
F6full,4,11,Lret_mid,strict,simple/0,95,6.060526315789474,1.019267421464395,1.012991248036184,-2.9524853801169577,5.922470829279075,1.5218330247147134,37,13.945945945945946,1.8127924441164245,27,-0.5185185185185185,-0.052443262396673476,31,2.379032258064516,0.1789505452024409,30,-1.0083333333333333,-0.14929952825275217
F6full,4,11,Lret_mid,loose,simple/0,138,-0.7065217391304348,-0.12996834217608016,-0.13243087860794944,-4.147443639291466,5.698174673355163,0.6038638857897576,54,8.564814814814815,1.4853856172308626,37,2.4121621621621623,0.27346626504624877,47,-13.813829787234043,-1.0906456181419955,40,-4.3125,-0.71786635294393
F6full,4,11,Lret_mid,simple,simple/0,95,6.060526315789474,1.019267421464395,1.012991248036184,-2.9524853801169577,5.922470829279075,1.5218330247147134,37,13.945945945945946,1.8127924441164245,27,-0.5185185185185185,-0.052443262396673476,31,2.379032258064516,0.1789505452024409,30,-1.0083333333333333,-0.14929952825275217
F6full,4,11,Lret_top3,strict,simple/0,49,-4.188775510204081,-0.4039149754584902,-0.41254833974560207,1.7627551020408172,6.768722432423803,-0.8792694148212726,23,0.15217391304347827,0.015538329069188655,14,-2.7142857142857144,-0.1753401993647913,12,-14.229166666666666,-0.4098174936193653,12,1.3541666666666667,0.21159661766782495
F6full,4,11,Lret_top3,loose,simple/0,131,1.984732824427481,0.37682098737136055,0.33992795891490707,0.9455046649703135,3.7857742701323667,0.27450874914970347,52,-1.9903846153846154,-0.2677891137719126,41,0.5060975609756098,0.0641523101182761,38,9.019736842105264,0.719311953398924,41,1.1646341463414633,0.2574374161242023
F6full,4,11,Lret_top3,simple,simple/0,144,6.425347222222222,1.2200992308262661,1.2029993247546675,2.0607638888888915,4.256649624006036,1.0253564936889767,59,4.516949152542373,0.7422690733570176,41,11.670731707317072,1.3851097761098172,44,4.096590909090909,0.31191780933629276,43,1.6395348837209303,0.4018132766263142
F6full,4,11,Lact,strict,simple/0,45,-3.011111111111111,-0.43899375697635623,-0.44399315518483956,1.449074074074074,6.64660014839462,-0.6710476161654574,19,5.5394736842105265,0.8456022338307815,14,-10.517857142857142,-0.7430266832442908,12,-7.791666666666667,-0.4500987737015477,11,-1.6136363636363635,-0.3426387140462612
F6full,4,11,Lact,loose,simple/0,78,-2.0608974358974357,-0.39565197167233396,-0.38732598475839464,1.6616809116809117,4.754310046407716,-0.7829902364889035,31,-2.3225806451612905,-0.3234107638977072,26,-6.663461538461538,-0.7106365386754031,21,4.023809523809524,0.3468907561253586,21,-1.7380952380952381,-0.36421448523724315
F6full,4,11,Lact,simple,simple/0,82,-2.722560975609756,-0.5575454912317859,-0.5706641310597756,1.736957994579946,4.569628094731568,-0.9759041387484435,32,4.515625,1.0457916288375633,31,-7.088709677419355,-0.7386598437688654,19,-7.7894736842105265,-0.6349140556251403,15,-0.35,-0.0893701407596198
F6full,4,11,Ldrift,strict,simple/0,36,14.055555555555555,1.2745418653593779,1.1662172683465049,4.56172839506173,11.316402781786799,0.8389439067840251,15,10.516666666666667,1.45439696796059,8,,,13,-0.5384615384615384,-0.019482174294763392,10,0.875,0.14094721594659873
F6full,4,11,Ldrift,loose,simple/0,139,5.399280575539568,1.1853543860311007,1.0609287498208155,2.8024580335731426,4.5957002552554975,0.5650548116136994,53,0.75,0.1472724492237927,41,16.95731707317073,2.0382063831512567,45,0.34444444444444444,0.0338329641047369,36,-2.3194444444444446,-0.5109281252616129
F6full,4,11,Ldrift,simple,simple/0,36,14.055555555555555,1.2745418653593779,1.1662172683465049,4.56172839506173,11.316402781786799,0.8389439067840251,15,10.516666666666667,1.45439696796059,8,,,13,-0.5384615384615384,-0.019482174294763392,10,0.875,0.14094721594659873
F6full,4,23,Lret_mid,strict,simple/0,71,7.390845070422535,1.0710718625866686,1.1024144925018147,-4.47085289514867,7.67580871555055,1.5453352741243265,23,12.108695652173912,1.2782526485609604,18,-4.486111111111111,-0.300049548158026,30,10.9,0.9303484450669179,24,-6.427083333333333,-0.842618116024952
F6full,4,23,Lret_mid,loose,simple/0,135,2.187037037037037,0.422902398845731,0.36536616931128346,-5.320781893004117,5.176374300752851,1.450401090382745,44,4.323863636363637,0.6153831217729647,38,1.0986842105263157,0.11170018016347835,53,1.1933962264150944,0.12429210741823996,47,-4.138297872340425,-0.7432485893288124
F6full,4,23,Lret_mid,simple,simple/0,71,7.390845070422535,1.0710718625866686,1.1024144925018147,-4.47085289514867,7.67580871555055,1.5453352741243265,23,12.108695652173912,1.2782526485609604,18,-4.486111111111111,-0.300049548158026,30,10.9,0.9303484450669179,24,-6.427083333333333,-0.842618116024952
F6full,4,23,Lret_top3,strict,simple/0,72,9.0625,1.293487714750908,1.3581205006560293,-4.702739197530864,7.648785627569085,1.7996633541298102,23,12.108695652173912,1.2782526485609604,19,2.473684210526316,0.15693751466903622,30,10.9,0.9303484450669179,24,-6.427083333333333,-0.842618116024952
F6full,4,23,Lret_top3,loose,simple/0,137,3.3886861313868613,0.6535605694008858,0.5755644161361998,-5.2990673154906744,5.1363694587939275,1.6914191077130014,44,4.323863636363637,0.6153831217729647,39,4.346153846153846,0.4296351700364908,54,1.9351851851851851,0.20475515843838218,47,-4.138297872340425,-0.7432485893288124
F6full,4,23,Lret_top3,simple,simple/0,73,9.503424657534246,1.3726007240351497,1.4410813799812323,-4.453386605783866,7.550901926694186,1.8483634668830162,23,12.108695652173912,1.2782526485609604,19,2.473684210526316,0.15693751466903622,31,11.879032258064516,1.044400784747871,24,-6.427083333333333,-0.842618116024952
F6full,4,23,Lact,simple,simple/0,73,-3.143835616438356,-0.5627021279891381,-0.5674400616114004,0.2890030441400308,4.835586449761767,-0.7099115476981105,31,1.9112903225806452,0.26654457606010934,24,-9.385416666666666,-0.8849199172712829,18,-3.5277777777777777,-0.2695211005714906,14,-14.178571428571429,-1.3653045957034216
F6full,4,23,Ldrift,strict,simple/0,71,7.390845070422535,1.0710718625866686,1.1024144925018147,-4.47085289514867,7.67580871555055,1.5453352741243265,23,12.108695652173912,1.2782526485609604,18,-4.486111111111111,-0.300049548158026,30,10.9,0.9303484450669179,24,-6.427083333333333,-0.842618116024952
F6full,4,23,Ldrift,loose,simple/0,135,2.187037037037037,0.422902398845731,0.36536616931128346,-5.320781893004117,5.176374300752851,1.450401090382745,44,4.323863636363637,0.6153831217729647,38,1.0986842105263157,0.11170018016347835,53,1.1933962264150944,0.12429210741823996,47,-4.138297872340425,-0.7432485893288124
F6full,4,23,Ldrift,simple,simple/0,71,7.390845070422535,1.0710718625866686,1.1024144925018147,-4.47085289514867,7.67580871555055,1.5453352741243265,23,12.108695652173912,1.2782526485609604,18,-4.486111111111111,-0.300049548158026,30,10.9,0.9303484450669179,24,-6.427083333333333,-0.842618116024952
F6full,5,1,Lret_mid,loose,simple/0,42,-15.708333333333334,-1.574880385225348,-1.3780363264193307,4.440806878306877,13.335750283396143,-1.5109116310259028,16,-32.4375,-2.647460741266708,14,4.285714285714286,0.3129580351335217,12,-16.729166666666668,-0.6369041294693019,9,,
F6full,5,1,Lret_top3,strict,simple/0,245,1.536734693877551,0.48420178199868324,0.4714917072880254,1.794954648526076,3.6004748425904394,-0.07171830548404637,94,3.1569148936170213,0.8324776250763969,75,3.0633333333333335,0.45598280675999203,76,-1.9736842105263157,-0.3144313642596704,77,-2.831168831168831,-1.2999988486788183
F6full,5,1,Lret_top3,loose,simple/0,414,3.8309178743961354,1.2578805368690669,1.075352181210149,3.373121309715515,2.7562690113350556,0.16609284608938713,165,1.621212121212121,0.6045449660865345,125,8.268,1.0196399237245926,124,2.2983870967741935,0.46753432083509544,127,-2.395669291338583,-1.389691842485191
F6full,5,1,Lret_top3,simple,simple/0,303,1.325082508250825,0.4735940692197998,0.45123250256824965,2.3072057205720546,3.052169368783014,-0.32177873953070624,114,2.4451754385964914,0.6817874077070545,97,2.36340206185567,0.4275173620577597,92,-1.1576086956521738,-0.20565797282742004,87,-2.560344827586207,-1.119601601546044
F6full,5,1,Lact,loose,simple/0,51,-14.352941176470589,-1.6675876438014916,-1.3529647479454243,2.4428104575163396,11.372558727960785,-1.476866555341902,18,-25.27777777777778,-2.1214016436383383,17,1.2647058823529411,0.10859590037599351,16,-18.65625,-0.9050631674347931,13,-11.442307692307692,-1.5073696490970676
F6full,5,1,Lact,simple,simple/0,62,0.8346774193548387,0.13282986334107852,0.13353997059195324,3.482526881720431,7.312970311802695,-0.3620757844582142,28,-6.973214285714286,-0.8638761368701127,17,4.470588235294118,0.34009320259951564,17,10.058823529411764,0.7441421218132804,16,-10.65625,-1.4848080650401345
F6full,5,1,Ldrift,loose,simple/0,42,-15.708333333333334,-1.574880385225348,-1.3780363264193307,4.440806878306877,13.335750283396143,-1.5109116310259028,16,-32.4375,-2.647460741266708,14,4.285714285714286,0.3129580351335217,12,-16.729166666666668,-0.6369041294693019,9,,
F6full,5,3,Lret_mid,strict,simple/0,63,9.472222222222221,1.3367323111025544,1.3592620581434938,-3.6906966490299804,7.623396000458106,1.7266476607618462,21,20.142857142857142,1.8930825844126942,19,-1.105263157894737,-0.08174722753935175,23,8.467391304347826,0.6670940108098357,21,-5.154761904761905,-0.5769206621402203
F6full,5,3,Lret_mid,loose,simple/0,87,0.7413793103448276,0.10755472078995387,0.10387747018465264,-1.5704022988505741,7.656814425643433,0.3019247275280716,28,15.410714285714286,1.7955011707388355,26,-2.048076923076923,-0.1666210167024708,33,-9.507575757575758,-0.705273703690106,28,-8.660714285714286,-1.094323930120229
F6full,5,3,Lret_mid,simple,simple/0,63,9.472222222222221,1.3367323111025544,1.3592620581434938,-3.6906966490299804,7.623396000458106,1.7266476607618462,21,20.142857142857142,1.8930825844126942,19,-1.105263157894737,-0.08174722753935175,23,8.467391304347826,0.6670940108098357,21,-5.154761904761905,-0.5769206621402203
F6full,5,3,Lret_top3,strict,simple/0,135,-0.7333333333333333,-0.14657626533428716,-0.14394861185757266,0.7402263374485595,4.842714081890506,-0.3042838470047859,55,-2.040909090909091,-0.4675822903375778,47,10.962765957446809,1.3255189117943793,33,-15.212121212121213,-1.0199569268099737,48,-2.5572916666666665,-0.9237379764212231
F6full,5,3,Lret_top3,loose,simple/0,287,3.03397212543554,0.9870374488693767,0.8696865374127507,0.9490902051877669,3.0966275676470447,0.6732749982691523,116,0.6810344827586207,0.19281424062414335,97,7.038659793814433,1.3228795077635216,74,1.472972972972973,0.1848214312860359,92,-1.0190217391304348,-0.4082610918182096
F6full,5,3,Lret_top3,simple,simple/0,282,4.204787234042553,1.2952942214089536,1.279866045752732,2.69991134751773,3.1041549169485707,0.4847940669160088,114,1.9078947368421053,0.5345293352534133,91,10.271978021978022,1.876680876448303,77,0.43506493506493504,0.051323482125257565,91,-1.3379120879120878,-0.5294459177823837
F6full,5,3,Lact,simple,simple/0,88,3.6448863636363638,0.6595013974263676,0.6508005731695256,-2.991161616161615,4.913105625455609,1.3506829459182645,38,4.2368421052631575,0.7682009993271866,30,5.158333333333333,0.48064744725474995,20,0.25,0.016193816492719434,20,-13.7875,-1.9358607314813006
F6full,5,3,Ldrift,strict,simple/0,57,9.552631578947368,1.2397917851904094,1.1704873222073633,8.054093567251465,7.885294889547549,0.19004210149227374,21,2.3333333333333335,0.3214831055958059,19,23.013157894736842,1.886124726547019,17,3.426470588235294,0.16939858876275438,16,-6.890625,-1.286355897950686
F6full,5,3,Ldrift,loose,simple/0,170,4.3426470588235295,1.0695193788231967,0.9064923773724815,4.320343137254902,4.0077080543799255,0.005565256068054206,63,-1.9285714285714286,-0.3713733621078513,57,13.719298245614034,1.9591443742566597,50,1.555,0.17044594764536478,41,-3.2134146341463414,-0.7368110828854901
F6full,5,3,Ldrift,simple,simple/0,57,9.552631578947368,1.2397917851904094,1.1704873222073633,8.054093567251465,7.885294889547549,0.19004210149227374,21,2.3333333333333335,0.3214831055958059,19,23.013157894736842,1.886124726547019,17,3.426470588235294,0.16939858876275438,17,-7.485294117647059,-1.4773324782768233
F6full,5,7,Lret_mid,strict,simple/0,71,7.017605633802817,0.9958244200314045,1.0470721933056175,-2.6457355242566494,7.685890173091987,1.257283273691636,23,11.76086956521739,1.1445681995082835,19,-4.723684210526316,-0.3375234530606282,29,10.948275862068966,0.8902103761639604,22,-8.659090909090908,-1.1052455995960033
F6full,5,7,Lret_mid,loose,simple/0,128,4.330078125,0.8153311522020573,0.7336447507539807,-2.4972873263888884,5.3834976710769675,1.2682025457295454,43,7.622093023255814,1.2301528045158678,36,0.6875,0.06889218989043097,49,4.11734693877551,0.38956101899335216,41,-8.310975609756097,-1.4127763220061766
F6full,5,7,Lret_mid,simple,simple/0,71,7.017605633802817,0.9958244200314045,1.0470721933056175,-2.6457355242566494,7.685890173091987,1.257283273691636,23,11.76086956521739,1.1445681995082835,19,-4.723684210526316,-0.3375234530606282,29,10.948275862068966,0.8902103761639604,22,-8.659090909090908,-1.1052455995960033
F6full,5,7,Lret_top3,strict,simple/0,228,1.0219298245614035,0.3239198561829581,0.30360706215656663,1.978131091617934,3.6572566332942156,-0.26145314997904523,94,2.8191489361702127,0.7385497323312717,69,-1.460144927536232,-0.22226307990339236,65,1.0576923076923077,0.15880257895416586,71,-1.130281690140845,-0.4702866012560116
F6full,5,7,Lret_top3,loose,simple/0,398,3.5351758793969847,1.1114082868890878,0.9389651874655988,2.7206169737576777,2.847296230867581,0.2860815452950282,159,1.1745283018867925,0.3862063399564921,124,4.925403225806452,0.6012842169155144,115,5.3,1.0386157463262224,121,-0.7768595041322314,-0.4015989319989649
F6full,5,7,Lret_top3,simple,simple/0,290,0.6517241379310345,0.22663917518023877,0.21637765842154802,1.8130747126436777,3.163229502394735,-0.36714078881517714,113,0.8495575221238938,0.22476040745681955,96,0.875,0.1578252878826827,81,0.1111111111111111,0.01857518930255091,85,-0.6088235294117647,-0.2662128809220524
F6full,5,7,Lact,simple,simple/0,71,-6.397887323943662,-0.8579223151186319,-0.8701240096842803,1.026212832550861,6.687474607640374,-1.1101500330203216,31,-0.9032258064516129,-0.12509207996444613,28,-12.821428571428571,-0.8170699792776485,12,-5.604166666666667,-0.32332488723682373,18,-11.944444444444445,-1.3811657699383246
F6full,5,7,Ldrift,strict,simple/0,71,7.017605633802817,0.9958244200314045,1.0470721933056175,-2.6457355242566494,7.685890173091987,1.257283273691636,23,11.76086956521739,1.1445681995082835,19,-4.723684210526316,-0.3375234530606282,29,10.948275862068966,0.8902103761639604,22,-8.659090909090908,-1.1052455995960033
F6full,5,7,Ldrift,loose,simple/0,128,4.330078125,0.8153311522020573,0.7336447507539807,-2.4972873263888884,5.3834976710769675,1.2682025457295454,43,7.622093023255814,1.2301528045158678,36,0.6875,0.06889218989043097,49,4.11734693877551,0.38956101899335216,41,-8.310975609756097,-1.4127763220061766
F6full,5,7,Ldrift,simple,simple/0,71,7.017605633802817,0.9958244200314045,1.0470721933056175,-2.6457355242566494,7.685890173091987,1.257283273691636,23,11.76086956521739,1.1445681995082835,19,-4.723684210526316,-0.3375234530606282,29,10.948275862068966,0.8902103761639604,22,-8.659090909090908,-1.1052455995960033
F6full,5,11,Lret_mid,loose,simple/0,31,-7.959677419354839,-0.6066014655335157,-0.5500976785705839,-7.105286738351252,11.492685234705663,-0.07434212836731093,6,,,11,3.7954545454545454,0.1782464785968512,14,-30.696428571428573,-1.3802686837058535,15,-1.45,-0.15984504686026205
F6full,5,11,Lret_top3,strict,simple/0,188,3.4720744680851063,0.9174707738587059,0.805220610217238,-8.318853427895979,3.7778004434560297,3.121109246626706,72,4.482638888888889,0.8814356121617352,61,6.512295081967213,0.9187179675759153,55,-1.2227272727272727,-0.15470467325394832,48,4.385416666666667,1.5191379553319586
F6full,5,11,Lret_top3,loose,simple/0,309,0.09951456310679611,0.030507321321348382,0.0259194345611223,-7.872482919813017,3.027907332134682,2.6328406415593752,118,3.4110169491525424,0.887640997104631,98,4.066326530612245,0.7232721141250896,93,-8.28225806451613,-1.0845399559631757,77,2.616883116883117,1.1360267611249768
F6full,5,11,Lret_top3,simple,simple/0,309,0.9571197411003236,0.29562294303217374,0.28229533563383663,-3.2522024451636122,3.041921900680547,1.3837706304432784,118,2.3220338983050848,0.6514865842650177,97,2.25,0.4124777537511968,94,-2.0904255319148937,-0.2650214217282376,81,2.8950617283950617,1.3109379956934717
F6full,5,11,Lact,strict,simple/0,29,-1.9655172413793103,-0.22963063138734127,-0.2336952058977921,3.2222222222222228,6.6263156498653855,-0.7828995384044106,14,13.571428571428571,2.0097425805270586,10,1.15,0.06366478634340254,5,,,5,,
F6full,5,11,Lact,loose,simple/0,52,-5.2451923076923075,-0.5620098024323084,-0.5431101509307157,3.1955128205128203,8.150134942420234,-1.0356521932259697,23,9.66304347826087,1.2582144420375003,18,-12.375,-0.5538858144277597,11,-24.75,-1.3282125455212714,12,-22.645833333333332,-2.263892497748143
F6full,5,11,Lact,simple,simple/0,127,-3.466535433070866,-0.6949486427381965,-0.6999364753310512,1.3166010498687672,4.925146176606683,-0.9711664002295887,50,6.28,1.3960099922591205,40,-7.11875,-0.6263987458349846,37,-12.68918918918919,-1.2436292521016046,26,-15.23076923076923,-2.4706574858137493
F6full,5,11,Ldrift,strict,simple/0,30,8.116666666666667,0.9080927293195421,0.9373399827179345,6.004166666666667,12.23225901581522,0.17269908994477026,8,,,8,,,14,-8.946428571428571,-0.5841915452864261,11,-3.090909090909091,-0.4950983092999523
F6full,5,11,Ldrift,loose,simple/0,117,4.064102564102564,0.8912436066143333,0.7900743724544539,3.75462962962963,5.22603640406427,0.05921752367286567,40,-2.56875,-0.4114915564875108,36,16.041666666666668,1.847099358609065,41,0.018292682926829267,0.0021493482438402077,33,-1.7727272727272727,-0.3754218171154306
F6full,5,11,Ldrift,simple,simple/0,30,8.116666666666667,0.9080927293195421,0.9373399827179345,6.004166666666667,12.23225901581522,0.17269908994477026,8,,,8,,,14,-8.946428571428571,-0.5841915452864261,11,-3.090909090909091,-0.4950983092999523
F6full,5,23,Lret_top3,strict,simple/0,164,-2.160060975609756,-0.7880915101607576,-0.8758632804576196,4.91023035230352,3.5543497690612935,-1.9891940262763013,72,1.0,0.34141756836948955,51,-1.9264705882352942,-0.2984485419225283,41,-8.0,-1.4696253086258404,40,2.275,0.6483148244496464
F6full,5,23,Lret_top3,loose,simple/0,258,-1.4757751937984496,-0.6132374308081819,-0.606471016703881,4.046350129198965,2.668661864537422,-2.0692487858346955,113,1.670353982300885,0.6647647514544919,82,-4.216463414634147,-0.7703085515748653,63,-3.5515873015873014,-0.6913331968097591,66,1.0606060606060606,0.4122319822627029
F6full,5,23,Lret_top3,simple,simple/0,274,2.4817518248175183,0.8410705917818682,0.9035836439568977,4.224756690997568,2.950285588424225,-0.5907919128300405,116,2.622844827586207,0.9964287269315145,86,7.2936046511627906,1.3395143772531606,72,-3.4930555555555554,-0.42985904742397124,64,-2.65625,-0.8504814007195671
F6full,5,23,Lact,loose,simple/0,48,3.7604166666666665,0.3604127793325756,0.3367039949796993,3.393229166666666,6.432954344056216,0.05707913974848376,22,7.556818181818182,0.6568714773699909,10,10.175,0.8469286286315268,16,-5.46875,-0.2058655329658407,18,7.583333333333333,1.7903162070731282
F6full,5,23,Lact,simple,simple/0,412,1.4575242718446602,0.6422053376081408,0.6226452710589201,3.708535598705501,2.369572978254031,-0.9499649715449786,169,0.10502958579881656,0.04328442758517235,127,4.358267716535433,1.0289630897436297,116,0.2521551724137931,0.045131609434722164,110,0.375,0.1832948421362978
F6full,5,23,Ldrift,strict,simple/0,67,13.970149253731343,2.3543625438562086,2.4355206307170114,5.62914593698176,6.912643376971452,1.2066300634770948,25,7.13,1.0216315237674147,22,36.93181818181818,3.879015034822379,20,-2.7375,-0.2073421599945779,16,-7.453125,-1.034151921321043
F6full,5,23,Ldrift,loose,simple/0,167,7.026946107784431,1.9049925170502804,1.5649869718738096,4.029773785761808,4.058527350774327,0.7384876490855217,63,1.3253968253968254,0.2958940345367706,57,18.087719298245613,2.632683828609446,47,1.2553191489361701,0.15736930735527985,40,-5.53125,-1.178950495839089
F6full,5,23,Ldrift,simple,simple/0,67,13.970149253731343,2.3543625438562086,2.4355206307170114,5.62914593698176,6.912643376971452,1.2066300634770948,25,7.13,1.0216315237674147,22,36.93181818181818,3.879015034822379,20,-2.7375,-0.2073421599945779,17,-8.014705882352942,-1.1798402520434614
F6full,6,1,Lret_top3,strict,simple/0,171,0.5394736842105263,0.10736928366081652,0.10962202087860573,-8.109080571799863,4.282460434279354,2.019529284329688,64,8.62109375,1.5245284548939122,49,-1.8316326530612246,-0.22260363354823587,58,-6.375,-0.5535516217922928,47,3.026595744680851,1.075109030775167
F6full,6,1,Lret_top3,loose,simple/0,266,0.3233082706766917,0.08847865809917325,0.08084298308333074,-7.91567460317461,3.405668581450772,2.419196899758696,99,4.924242424242424,1.1155594262221349,78,0.8205128205128205,0.12795749442867374,89,-5.230337078651686,-0.6543815725125678,75,1.8533333333333333,0.88582777475611
F6full,6,1,Lret_top3,simple,simple/0,308,-0.07792207792207792,-0.023010912765005484,-0.02270874545379973,-3.328463203463206,2.997431480864364,1.0844421786761829,117,2.5427350427350426,0.6258763894535975,89,-5.070224719101123,-0.8090311901993654,102,1.2720588235294117,0.17418115119042143,79,4.493670886075949,1.990031286006014
F6full,6,1,Lact,loose,simple/0,25,3.76,0.3666985947573208,0.3330039950095963,9.677222222222223,19.356199164051585,-0.30570166033483026,6,,,12,24.854166666666668,2.1534477818392816,7,,,10,-13.075,-1.2781972415074379
F6full,6,1,Lact,simple,simple/0,96,3.359375,0.7284518040947123,0.6912775891628417,3.912181712962965,4.909708772813629,-0.11259460357893399,36,4.291666666666667,0.7249849569110198,34,2.3529411764705883,0.314281805830927,26,3.3846153846153846,0.29280565248522156,22,-10.965909090909092,-1.8198970940614956
F6full,6,3,Lret_mid,strict,simple/0,69,12.315217391304348,1.7436484009417492,1.741833118850658,-2.2962962962962963,7.326817891403632,1.9942509700894788,25,15.48,1.5139501265628197,21,0.27380952380952384,0.021800474853883655,23,19.869565217391305,1.4101065847805998,21,-1.8452380952380953,-0.1951699492983243
F6full,6,3,Lret_mid,loose,simple/0,92,6.570652173913044,1.0157816410432234,0.988959245585588,-0.6049214975845406,7.417488982565504,0.9673858213154706,35,9.914285714285715,1.2718924576696067,27,1.6203703703703705,0.1373344053360895,30,7.125,0.4964337422158077,27,-7.203703703703703,-0.8430711012028981
F6full,6,3,Lret_mid,simple,simple/0,69,12.315217391304348,1.7436484009417492,1.741833118850658,-2.2962962962962963,7.326817891403632,1.9942509700894788,25,15.48,1.5139501265628197,21,0.27380952380952384,0.021800474853883655,23,19.869565217391305,1.4101065847805998,21,-1.8452380952380953,-0.1951699492983243
F6full,6,3,Lret_top3,strict,simple/0,231,3.6926406926406927,1.151366380193175,1.1107564407388129,1.3658609908609924,3.655458362335053,0.636522009320163,87,6.456896551724138,1.9301760852849552,70,4.525,0.6719189786306959,74,-0.34459459459459457,-0.051506550206867396,69,-2.8079710144927534,-1.1911104258297316
F6full,6,3,Lret_top3,loose,simple/0,396,6.014520202020202,1.948883095929666,1.7174999420914359,2.746282267115603,2.826779313197811,1.1561701755937168,161,3.111801242236025,1.2672853839782525,112,13.165178571428571,1.4944059106513607,123,3.3028455284552845,0.672802138388725,120,-1.7791666666666666,-1.0021180473392985
F6full,6,3,Lret_top3,simple,simple/0,371,1.002021563342318,0.40644047213535156,0.3993471962301883,2.286163522012579,2.6492478654781197,-0.48471944637709735,155,1.5661290322580645,0.5407673345873162,107,0.6121495327102804,0.11519899385031496,109,0.5825688073394495,0.11284135280796724,94,-1.351063829787234,-0.6600136837049089
F6full,6,3,Lact,strict,simple/0,57,-5.043859649122807,-0.574893095222999,-0.578549495285483,-2.20443469785575,6.847265595870452,-0.414680124717157,23,0.32608695652173914,0.045898087435041916,18,12.76388888888889,1.0329181156317861,16,-32.796875,-1.2916081801193866,13,-8.865384615384615,-1.3186462532561962
F6full,6,3,Lact,loose,simple/0,96,-3.96875,-0.6633616659171361,-0.6268237603164785,-2.323640046296297,4.932700314969618,-0.3335110281707506,37,-1.0337837837837838,-0.1667349397118304,33,2.0681818181818183,0.23153979532210167,26,-15.807692307692308,-0.9349436855848144,20,-9.0625,-1.566570281294735
F6full,6,3,Lact,simple,simple/0,116,-1.4224137931034482,-0.27324179835315304,-0.2739947917026292,2.667145593869733,4.364517929186995,-0.9370013947302005,48,-3.0260416666666665,-0.5883753864622268,39,9.333333333333334,1.1134514709797556,29,-13.232758620689655,-0.8673103632705687,28,-3.2142857142857144,-0.8019829496570329
F6full,6,3,Ldrift,strict,simple/0,38,3.7828947368421053,0.3314400477224865,0.31785331396501193,6.433479532163746,11.84311091074523,-0.22380815440280735,16,-17.859375,-1.5797568163127256,9,,,13,5.346153846153846,0.20849609725020657,10,-2.625,-0.4224536009720297
F6full,6,3,Ldrift,loose,simple/0,152,-0.37335526315789475,-0.07820334792090897,-0.06538929775751658,3.120705409356725,4.687679715314539,-0.7453710331573221,57,-11.767543859649123,-2.047559294386828,43,15.953488372093023,1.8295131184508067,52,-1.3846153846153846,-0.13944750388546462,40,-3.16875,-0.759327357733185
F6full,6,3,Ldrift,simple,simple/0,38,3.7828947368421053,0.3314400477224865,0.31785331396501193,6.433479532163746,11.84311091074523,-0.22380815440280735,16,-17.859375,-1.5797568163127256,9,,,13,5.346153846153846,0.20849609725020657,10,-2.625,-0.4224536009720297
F6full,6,7,Lret_top3,strict,simple/0,218,-1.246559633027523,-0.46142861935698143,-0.4608060804113862,2.027140672782876,2.5709572898211794,-1.2733390471990682,86,-0.45930232558139533,-0.13267664419080644,65,2.35,0.3916740550857496,67,-5.746268656716418,-1.1756565267636476,56,-3.232142857142857,-1.4785695918297816
F6full,6,7,Lret_top3,loose,simple/0,354,-0.1942090395480226,-0.09195117457366714,-0.07792493295148713,1.5665018832391715,2.025952331468562,-0.869078159164238,142,-1.8732394366197183,-0.6903741396846348,103,2.9029126213592233,0.6462485089960837,109,-0.9334862385321101,-0.22842226835414553,92,-0.6331521739130435,-0.36878923492369586
F6full,6,7,Lret_top3,simple,simple/0,311,-0.6881028938906752,-0.2981298132228286,-0.30037099677022633,2.9687388352983217,2.1616590561461955,-1.691682931585156,132,-1.4034090909090908,-0.4488404427014228,91,1.9203296703296704,0.39756553042337817,88,-2.3125,-0.518079801262563,75,-3.566666666666667,-1.846296687675113
F6full,6,7,Lact,loose,simple/0,28,-6.678571428571429,-0.8154618200312866,-0.8304256703644063,0.6324404761904765,7.753005609577672,-0.942990663611832,10,-3.775,-0.30163497443002274,10,-3.15,-0.28597622897474445,8,,,8,,
F6full,6,7,Lact,simple,simple/0,118,5.529661016949152,1.2515276590500948,1.2341462021633927,2.1570150659133716,4.376590117375146,0.7706104205752127,48,4.723958333333333,1.062023292986547,32,7.0703125,0.7695324161351916,38,5.25,0.5242001889133462,33,-1.606060606060606,-0.31765243765648726
F6full,6,11,Lret_mid,strict,simple/0,67,7.257462686567164,1.032729623977536,1.124361003659432,-3.962686567164175,7.900687785018704,1.4201484173323495,23,16.032608695652176,1.4510786637377107,20,3.925,0.3106684968354082,24,1.625,0.125058076450846,21,0.5595238095238095,0.059409328766378396
F6full,6,11,Lret_mid,loose,simple/0,88,4.267045454545454,0.6611562970892684,0.6699225317057297,-1.2286931818181814,7.912259400510834,0.6945852452725221,33,9.803030303030303,1.1902310594514862,25,6.36,0.520199686982051,30,-3.566666666666667,-0.2675465363866227,26,-5.326923076923077,-0.5982622030435447
F6full,6,11,Lret_mid,simple,simple/0,67,7.257462686567164,1.032729623977536,1.124361003659432,-3.962686567164175,7.900687785018704,1.4201484173323495,23,16.032608695652176,1.4510786637377107,20,3.925,0.3106684968354082,24,1.625,0.125058076450846,21,0.5595238095238095,0.059409328766378396
F6full,6,11,Lret_top3,strict,simple/0,227,3.404185022026432,1.0477756491658483,1.0222186919506566,2.475770925110129,3.703408765363499,0.250691769593297,86,2.4156976744186047,0.6129239592806238,71,5.059859154929577,0.7492313687037776,70,2.9392857142857145,0.4556197722659702,70,-2.817857142857143,-1.321050884646785
F6full,6,11,Lret_top3,loose,simple/0,382,5.292539267015707,1.640313302707356,1.43872411612909,3.683173356602678,2.860387977261444,0.5626390277146415,156,0.10737179487179487,0.03843929454829413,113,11.491150442477876,1.3057919152003572,113,6.252212389380531,1.210255778952797,118,-2.218220338983051,-1.3185598857652632
F6full,6,11,Lret_top3,simple,simple/0,326,1.7269938650306749,0.6716143668517264,0.6307830186628013,2.9617416496250826,2.8090595844820214,-0.4395591291176153,131,1.6431297709923665,0.5353995682731967,99,1.457070707070707,0.26787366792708384,96,2.1197916666666665,0.4024033446430749,92,-2.2010869565217392,-1.1331155875782388
F6full,6,11,Lact,strict,simple/0,49,-1.489795918367347,-0.21713016026014906,-0.22427992927661364,-0.7842970521541961,6.494928941652044,-0.10862303076001027,23,4.641304347826087,0.7774447500520578,12,-3.5208333333333335,-0.25214530093616644,14,-9.821428571428571,-0.5194253146040806,13,-8.846153846153847,-1.3158800587287316
F6full,6,11,Lact,loose,simple/0,82,3.326219512195122,0.6658113446804359,0.5822560870264563,0.014735772357723996,4.954532559261679,0.6683746045118074,33,5.363636363636363,1.121708024868606,25,-0.96,-0.10729554838766478,24,4.989583333333333,0.38455747749838737,21,-7.9523809523809526,-1.420958218411702
F6full,6,11,Lact,simple,simple/0,99,-0.9444444444444444,-0.20937973143184666,-0.2035089631827994,2.559062850729518,4.254177067684409,-0.8235452449281705,45,0.8666666666666667,0.1778746447714348,29,-3.8189655172413794,-0.4017586816497654,25,-0.87,-0.07697952611956597,24,-5.59375,-1.1276364896243343
F6full,6,11,Ldrift,strict,simple/0,33,1.6666666666666667,0.17216795789260722,0.174837387745911,6.702441077441078,13.09399959445024,-0.384586418721807,13,-20.25,-1.5652431493424332,9,,,11,-1.4090909090909092,-0.0928152448677414,9,,
F6full,6,11,Ldrift,loose,simple/0,139,-3.9046762589928057,-0.8288379052315267,-0.6969007833365976,2.6679656274980035,4.950149164295403,-1.3277664305346946,52,-12.54326923076923,-2.018139276787378,40,16.6375,1.8645416871363272,47,-11.829787234042554,-1.3135528245875105,34,-2.0955882352941178,-0.44998711022395055
F6full,6,11,Ldrift,simple,simple/0,33,1.6666666666666667,0.17216795789260722,0.174837387745911,6.702441077441078,13.09399959445024,-0.384586418721807,13,-20.25,-1.5652431493424332,9,,,11,-1.4090909090909092,-0.0928152448677414,9,,
F6full,6,23,Lret_mid,strict,simple/0,69,12.315217391304348,1.7436484009417492,1.741833118850658,-2.2962962962962963,7.326817891403632,1.9942509700894788,25,15.48,1.5139501265628197,21,0.27380952380952384,0.021800474853883655,23,19.869565217391305,1.4101065847805998,22,-0.7727272727272727,-0.08511986019289454
F6full,6,23,Lret_mid,loose,simple/0,92,6.570652173913044,1.0157816410432234,0.988959245585588,-0.6049214975845406,7.417488982565504,0.9673858213154706,35,9.914285714285715,1.2718924576696067,27,1.6203703703703705,0.1373344053360895,30,7.125,0.4964337422158077,28,-6.169642857142857,-0.7434684716668115
F6full,6,23,Lret_mid,simple,simple/0,69,12.315217391304348,1.7436484009417492,1.741833118850658,-2.2962962962962963,7.326817891403632,1.9942509700894788,25,15.48,1.5139501265628197,21,0.27380952380952384,0.021800474853883655,23,19.869565217391305,1.4101065847805998,22,-0.7727272727272727,-0.08511986019289454
F6full,6,23,Lret_top3,strict,simple/0,233,2.740343347639485,0.8430227241990589,0.8292116551661199,1.4326418693371485,3.6357872532821585,0.359674916930804,85,4.932352941176471,1.2999034019902902,70,5.957142857142857,0.942097801367315,78,-2.53525641025641,-0.37675781043162726,71,-4.01056338028169,-1.7150208395795232
F6full,6,23,Lret_top3,loose,simple/0,393,5.054071246819339,1.6009362903988633,1.4081677794598817,3.3826335877862617,2.826283317867627,0.5913906962073932,151,2.0033112582781456,0.7329193882396873,114,14.541666666666666,1.7024368734129416,128,0.203125,0.04036770020809579,119,-2.277310924369748,-1.3010997002716127
F6full,6,23,Lret_top3,simple,simple/0,346,1.078757225433526,0.41428885670575166,0.4169635415429401,2.6921965317919057,2.7339048675648017,-0.5901592719996634,136,1.5625,0.47144471228149315,106,2.92688679245283,0.5697239544757488,104,-1.4375,-0.26598641795330635,93,-2.553763440860215,-1.2694986856293369
F6full,6,23,Lact,strict,simple/0,61,-5.786885245901639,-0.6879562280686533,-0.6920488546590136,0.3686247723132979,6.654046742329423,-0.92507766425158,24,1.0729166666666667,0.15679039514475637,19,13.868421052631579,1.1812228167927912,18,-35.68055555555556,-1.5534912300801724,13,-8.865384615384615,-1.3186462532561962
F6full,6,23,Lact,loose,simple/0,104,-3.737980769230769,-0.653502654081431,-0.6197033871864457,-0.2649572649572648,4.649747423570618,-0.7469273463474521,40,-3.125,-0.4887273671586804,36,4.284722222222222,0.5178460312429859,28,-14.928571428571429,-0.9305084128179395,22,-9.545454545454545,-1.7456083116779142
F6full,6,23,Lact,simple,simple/0,119,-2.9705882352941178,-0.5577642639376601,-0.5530291322043631,3.0290616246498616,4.267615846037835,-1.4058551838760767,46,-2.608695652173913,-0.4855097996696236,44,3.6420454545454546,0.4241050218517532,29,-13.577586206896552,-0.8788258338667508,30,-3.8666666666666667,-0.9816306477147502
F6full,6,23,Ldrift,strict,simple/0,39,4.865384615384615,0.4355922923997426,0.4178061917414198,6.479700854700857,11.623937660116212,-0.13887860435240004,16,-17.859375,-1.5797568163127256,9,,,14,8.25,0.3449521071898321,10,-2.625,-0.4224536009720297
F6full,6,23,Ldrift,loose,simple/0,152,-0.22039473684210525,-0.046093118726940455,-0.03857146423750715,3.0760233918128645,4.699690054591703,-0.7014118144736577,57,-11.767543859649123,-2.047559294386828,42,15.791666666666666,1.7686436121400306,53,-0.49056603773584906,-0.050154513664925016,40,-3.16875,-0.759327357733185
F6full,6,23,Ldrift,simple,simple/0,39,4.865384615384615,0.4355922923997426,0.4178061917414198,6.479700854700857,11.623937660116212,-0.13887860435240004,16,-17.859375,-1.5797568163127256,9,,,14,8.25,0.3449521071898321,10,-2.625,-0.4224536009720297
F7raw,4,1,Lret_top3,strict,simple/0,425,3.2205882352941178,1.0306386750444665,0.9298207966902139,-0.78169934640523,2.996607172602664,1.3356063545103285,102,0.9656862745098039,0.1886155310072555,159,5.287735849056604,0.8883955244721087,164,2.6189024390243905,0.5535702111028876,22,6.818181818181818,1.020878453981001
F7raw,4,1,Lret_top3,loose,simple/0,723,5.385200553250346,2.1963031357688,1.590276806313264,0.30928231135699996,2.184604067363061,2.3234957389877344,187,3.2914438502673797,0.8923072136277981,264,8.599431818181818,1.6686073159181631,272,3.7049632352941178,1.1131358669732907,30,6.116666666666666,1.1500207925237114
F7raw,4,1,Lret_top3,simple,simple/0,426,3.2347417840375585,1.0375959007409532,0.9361544376154374,-0.8246935315597296,2.9902934264491363,1.3575374509041807,103,1.046116504854369,0.20631211354068213,159,5.287735849056604,0.8883955244721087,164,2.6189024390243905,0.5535702111028876,22,6.818181818181818,1.020878453981001
F7raw,4,3,Lret_top3,strict,simple/0,425,3.2205882352941178,1.0306386750444665,0.9298207966902139,-0.78169934640523,2.996607172602664,1.3356063545103285,102,0.9656862745098039,0.1886155310072555,159,5.287735849056604,0.8883955244721087,164,2.6189024390243905,0.5535702111028876,22,6.818181818181818,1.020878453981001
F7raw,4,3,Lret_top3,loose,simple/0,723,5.385200553250346,2.1963031357688,1.590276806313264,0.30928231135699996,2.184604067363061,2.3234957389877344,187,3.2914438502673797,0.8923072136277981,264,8.599431818181818,1.6686073159181631,272,3.7049632352941178,1.1131358669732907,30,6.116666666666666,1.1500207925237114
F7raw,4,3,Lret_top3,simple,simple/0,426,3.2347417840375585,1.0375959007409532,0.9361544376154374,-0.8246935315597296,2.9902934264491363,1.3575374509041807,103,1.046116504854369,0.20631211354068213,159,5.287735849056604,0.8883955244721087,164,2.6189024390243905,0.5535702111028876,22,6.818181818181818,1.020878453981001
F7raw,4,7,Lret_top3,strict,simple/0,425,3.2205882352941178,1.0306386750444665,0.9298207966902139,-0.78169934640523,2.996607172602664,1.3356063545103285,102,0.9656862745098039,0.1886155310072555,159,5.287735849056604,0.8883955244721087,164,2.6189024390243905,0.5535702111028876,22,6.818181818181818,1.020878453981001
F7raw,4,7,Lret_top3,loose,simple/0,723,5.385200553250346,2.1963031357688,1.590276806313264,0.30928231135699996,2.184604067363061,2.3234957389877344,187,3.2914438502673797,0.8923072136277981,264,8.599431818181818,1.6686073159181631,272,3.7049632352941178,1.1131358669732907,30,6.116666666666666,1.1500207925237114
F7raw,4,7,Lret_top3,simple,simple/0,426,3.2347417840375585,1.0375959007409532,0.9361544376154374,-0.8246935315597296,2.9902934264491363,1.3575374509041807,103,1.046116504854369,0.20631211354068213,159,5.287735849056604,0.8883955244721087,164,2.6189024390243905,0.5535702111028876,22,6.818181818181818,1.020878453981001
F7raw,4,11,Lret_top3,strict,simple/0,425,3.2205882352941178,1.0306386750444665,0.9298207966902139,-0.78169934640523,2.996607172602664,1.3356063545103285,102,0.9656862745098039,0.1886155310072555,159,5.287735849056604,0.8883955244721087,164,2.6189024390243905,0.5535702111028876,22,6.818181818181818,1.020878453981001
F7raw,4,11,Lret_top3,loose,simple/0,723,5.385200553250346,2.1963031357688,1.590276806313264,0.30928231135699996,2.184604067363061,2.3234957389877344,187,3.2914438502673797,0.8923072136277981,264,8.599431818181818,1.6686073159181631,272,3.7049632352941178,1.1131358669732907,30,6.116666666666666,1.1500207925237114
F7raw,4,11,Lret_top3,simple,simple/0,426,3.2347417840375585,1.0375959007409532,0.9361544376154374,-0.8246935315597296,2.9902934264491363,1.3575374509041807,103,1.046116504854369,0.20631211354068213,159,5.287735849056604,0.8883955244721087,164,2.6189024390243905,0.5535702111028876,22,6.818181818181818,1.020878453981001
F7raw,4,23,Lret_top3,strict,simple/0,425,3.2205882352941178,1.0306386750444665,0.9298207966902139,-0.78169934640523,2.996607172602664,1.3356063545103285,102,0.9656862745098039,0.1886155310072555,159,5.287735849056604,0.8883955244721087,164,2.6189024390243905,0.5535702111028876,22,6.818181818181818,1.020878453981001
F7raw,4,23,Lret_top3,loose,simple/0,723,5.385200553250346,2.1963031357688,1.590276806313264,0.30928231135699996,2.184604067363061,2.3234957389877344,187,3.2914438502673797,0.8923072136277981,264,8.599431818181818,1.6686073159181631,272,3.7049632352941178,1.1131358669732907,30,6.116666666666666,1.1500207925237114
F7raw,4,23,Lret_top3,simple,simple/0,426,3.2347417840375585,1.0375959007409532,0.9361544376154374,-0.8246935315597296,2.9902934264491363,1.3575374509041807,103,1.046116504854369,0.20631211354068213,159,5.287735849056604,0.8883955244721087,164,2.6189024390243905,0.5535702111028876,22,6.818181818181818,1.020878453981001
F7raw,5,1,Lret_top3,strict,simple/0,404,-1.2283415841584158,-0.5428575938566288,-0.4762981055726734,-1.3380088008800874,2.174508440244954,0.05043310694591642,106,-2.5400943396226414,-0.6837033274987974,134,-0.7332089552238806,-0.1549159555817766,164,-0.7850609756097561,-0.24235869031156934,1,,
F7raw,5,1,Lret_top3,loose,simple/0,629,-0.15937996820349762,-0.08788064056693541,-0.06479085495530588,-0.44581346051934256,1.7067674131507713,0.1678222176664807,177,-2.077683615819209,-0.6535723081635053,213,0.465962441314554,0.13209693032714664,239,0.7039748953974896,0.2585637576303064,2,,
F7raw,5,1,Lret_top3,simple,simple/0,499,1.0681362725450902,0.5294710565389187,0.4818546931081862,-0.3897795591182363,1.896124799326149,0.7688923388278268,151,2.1175496688741724,0.6863292816310832,168,0.4419642857142857,0.10775835829862493,180,0.7722222222222223,0.243694651865213,18,7.319444444444445,1.236268592320458
F7raw,5,1,Ldrift,strict,simple/0,160,17.6625,2.8583430852090137,2.84524666944092,1.0567708333333337,6.304918676059093,2.6337737280770326,25,12.19,0.7355890773421062,59,25.716101694915253,2.2681519126004677,76,13.210526315789474,1.6608113194496203,6,,
F7raw,5,1,Ldrift,loose,simple/0,263,9.86787072243346,2.014758073515905,2.0951376353240048,0.5493768483312215,4.883190000679767,1.9082800122061712,49,10.020408163265307,0.9126915134538277,92,17.402173913043477,1.9344415593689872,122,4.125,0.6065853117535069,11,11.636363636363637,1.1512078530029584
F7raw,5,1,Ldrift,simple,simple/0,160,17.6625,2.8583430852090137,2.84524666944092,1.0567708333333337,6.304918676059093,2.6337737280770326,25,12.19,0.7355890773421062,59,25.716101694915253,2.2681519126004677,76,13.210526315789474,1.6608113194496203,6,,
F7raw,5,3,Lret_top3,strict,simple/0,410,-3.109146341463415,-1.4284010885080929,-1.2981222456812205,-0.6220867208672083,2.0546333281982205,-1.210463972555724,125,-2.3,-0.6796488193407204,135,-4.8,-1.0516838551979806,150,-2.2616666666666667,-0.6907935501053195,3,,
F7raw,5,3,Lret_top3,loose,simple/0,614,-1.6669381107491856,-0.9503498433245329,-0.7079673417178074,-0.02169290626131048,1.635287931836071,-1.0060890027119715,196,-1.8278061224489797,-0.6563893921397493,204,-3.1004901960784315,-0.870998113939611,214,-0.1530373831775701,-0.05637125088336633,4,,
F7raw,5,3,Lret_top3,simple,simple/0,479,-1.8637787056367432,-0.9329866818445773,-0.8382680597067674,-0.07292391556483423,1.8600985338362275,-0.9627741528178555,163,-0.8742331288343558,-0.30170742971014963,156,-3.1618589743589745,-0.761513308953427,160,-1.60625,-0.48881640031139806,24,1.8125,0.38104343592141726
F7raw,5,3,Ldrift,strict,simple/0,198,11.907828282828282,2.2640152472524497,2.277070647182851,-0.11959876543209881,5.296594976370016,2.2707847403698014,34,8.588235294117647,0.7050231389314746,74,18.347972972972972,1.951273618038675,90,7.866666666666666,1.0736726297523107,7,,
F7raw,5,3,Ldrift,loose,simple/0,316,6.035601265822785,1.4287906781135442,1.4712051599058367,-0.5943653305203945,4.234191637638611,1.5658163738759545,58,6.952586206896552,0.7496526393766458,114,11.225877192982455,1.4922589328225182,144,1.5572916666666667,0.25686992028935984,15,4.916666666666667,0.5456177699672909
F7raw,5,3,Ldrift,simple,simple/0,198,11.907828282828282,2.2640152472524497,2.277070647182851,-0.11959876543209881,5.296594976370016,2.2707847403698014,34,8.588235294117647,0.7050231389314746,74,18.347972972972972,1.951273618038675,90,7.866666666666666,1.0736726297523107,7,,
F7raw,5,7,Lret_top3,strict,simple/0,404,-1.2283415841584158,-0.5428575938566288,-0.4762981055726734,-1.3380088008800874,2.174508440244954,0.05043310694591642,106,-2.5400943396226414,-0.6837033274987974,134,-0.7332089552238806,-0.1549159555817766,164,-0.7850609756097561,-0.24235869031156934,1,,
F7raw,5,7,Lret_top3,loose,simple/0,629,-0.15937996820349762,-0.08788064056693541,-0.06479085495530588,-0.44581346051934256,1.7067674131507713,0.1678222176664807,177,-2.077683615819209,-0.6535723081635053,213,0.465962441314554,0.13209693032714664,239,0.7039748953974896,0.2585637576303064,2,,
F7raw,5,7,Lret_top3,simple,simple/0,499,1.0681362725450902,0.5294710565389187,0.4818546931081862,-0.3897795591182363,1.896124799326149,0.7688923388278268,151,2.1175496688741724,0.6863292816310832,168,0.4419642857142857,0.10775835829862493,180,0.7722222222222223,0.243694651865213,18,7.319444444444445,1.236268592320458
F7raw,5,7,Ldrift,strict,simple/0,160,17.6625,2.8583430852090137,2.84524666944092,1.0567708333333337,6.304918676059093,2.6337737280770326,25,12.19,0.7355890773421062,59,25.716101694915253,2.2681519126004677,76,13.210526315789474,1.6608113194496203,6,,
F7raw,5,7,Ldrift,loose,simple/0,263,9.86787072243346,2.014758073515905,2.0951376353240048,0.5493768483312215,4.883190000679767,1.9082800122061712,49,10.020408163265307,0.9126915134538277,92,17.402173913043477,1.9344415593689872,122,4.125,0.6065853117535069,11,11.636363636363637,1.1512078530029584
F7raw,5,7,Ldrift,simple,simple/0,160,17.6625,2.8583430852090137,2.84524666944092,1.0567708333333337,6.304918676059093,2.6337737280770326,25,12.19,0.7355890773421062,59,25.716101694915253,2.2681519126004677,76,13.210526315789474,1.6608113194496203,6,,
F7raw,5,11,Lret_top3,strict,simple/0,405,-0.9981481481481481,-0.43993640583763033,-0.3851404790630835,-1.3014746227709186,2.1718013890796413,0.1396658442839072,106,-2.5400943396226414,-0.6837033274987974,134,-0.7332089552238806,-0.1549159555817766,165,-0.22272727272727272,-0.06814772625602285,1,,
F7raw,5,11,Lret_top3,loose,simple/0,630,-0.013095238095238096,-0.0072085956664110305,-0.00530748716033865,-0.42374338624338603,1.7054589586570341,0.24078453841628258,177,-2.077683615819209,-0.6535723081635053,213,0.465962441314554,0.13209693032714664,240,1.084375,0.39607195470005935,2,,
F7raw,5,11,Lret_top3,simple,simple/0,500,1.25,0.6183456070148599,0.561555290357084,-0.362083333333333,1.8943348167300877,0.8510023249828855,151,2.1175496688741724,0.6863292816310832,168,0.4419642857142857,0.10775835829862493,181,1.276243093922652,0.3999122810490884,18,7.319444444444445,1.236268592320458
F7raw,5,11,Ldrift,strict,simple/0,159,17.19496855345912,2.773184564148441,2.766201762963094,0.9787735849056609,6.33866079019314,2.55829985312392,25,12.19,0.7355890773421062,59,25.716101694915253,2.2681519126004677,75,12.16,1.5218220609721378,6,,
F7raw,5,11,Ldrift,loose,simple/0,262,9.554389312977099,1.9473147647702986,2.027974402534695,0.5001060220525879,4.89901069921397,1.8481860618057522,49,10.020408163265307,0.9126915134538277,92,17.402173913043477,1.9344415593689872,121,3.3987603305785123,0.49852849109400554,11,11.636363636363637,1.1512078530029584
F7raw,5,11,Ldrift,simple,simple/0,159,17.19496855345912,2.773184564148441,2.766201762963094,0.9787735849056609,6.33866079019314,2.55829985312392,25,12.19,0.7355890773421062,59,25.716101694915253,2.2681519126004677,75,12.16,1.5218220609721378,6,,
F7raw,5,23,Lret_top3,strict,simple/0,410,-3.109146341463415,-1.4284010885080929,-1.2981222456812205,-0.6220867208672083,2.0546333281982205,-1.210463972555724,125,-2.3,-0.6796488193407204,135,-4.8,-1.0516838551979806,150,-2.2616666666666667,-0.6907935501053195,3,,
F7raw,5,23,Lret_top3,loose,simple/0,614,-1.6669381107491856,-0.9503498433245329,-0.7079673417178074,-0.02169290626131048,1.635287931836071,-1.0060890027119715,196,-1.8278061224489797,-0.6563893921397493,204,-3.1004901960784315,-0.870998113939611,214,-0.1530373831775701,-0.05637125088336633,4,,
F7raw,5,23,Lret_top3,simple,simple/0,479,-1.8637787056367432,-0.9329866818445773,-0.8382680597067674,-0.07292391556483423,1.8600985338362275,-0.9627741528178555,163,-0.8742331288343558,-0.30170742971014963,156,-3.1618589743589745,-0.761513308953427,160,-1.60625,-0.48881640031139806,24,1.8125,0.38104343592141726
F7raw,5,23,Ldrift,strict,simple/0,198,11.907828282828282,2.2640152472524497,2.277070647182851,-0.11959876543209881,5.296594976370016,2.2707847403698014,34,8.588235294117647,0.7050231389314746,74,18.347972972972972,1.951273618038675,90,7.866666666666666,1.0736726297523107,7,,
F7raw,5,23,Ldrift,loose,simple/0,316,6.035601265822785,1.4287906781135442,1.4712051599058367,-0.5943653305203945,4.234191637638611,1.5658163738759545,58,6.952586206896552,0.7496526393766458,114,11.225877192982455,1.4922589328225182,144,1.5572916666666667,0.25686992028935984,15,4.916666666666667,0.5456177699672909
F7raw,5,23,Ldrift,simple,simple/0,198,11.907828282828282,2.2640152472524497,2.277070647182851,-0.11959876543209881,5.296594976370016,2.2707847403698014,34,8.588235294117647,0.7050231389314746,74,18.347972972972972,1.951273618038675,90,7.866666666666666,1.0736726297523107,7,,
F7raw,6,1,Lret_mid,strict,simple/0,166,15.426204819277109,2.545377650965881,2.6126977145799652,0.9042001338688085,6.1114485016811075,2.3761968511088094,27,12.462962962962964,0.8038864715933156,62,21.0,1.9015136657673788,77,11.977272727272727,1.500356731942391,1,,
F7raw,6,1,Lret_mid,loose,simple/0,244,8.98155737704918,1.7196328690806846,1.8606756775785886,0.3823428961748627,5.241167782879521,1.6407058192191415,42,15.904761904761905,1.3022946295572826,88,14.107954545454545,1.4741033287234382,114,2.473684210526316,0.34818976155928316,1,,
F7raw,6,1,Lret_mid,simple,simple/0,166,15.426204819277109,2.545377650965881,2.6126977145799652,0.9042001338688085,6.1114485016811075,2.3761968511088094,27,12.462962962962964,0.8038864715933156,62,21.0,1.9015136657673788,77,11.977272727272727,1.500356731942391,1,,
F7raw,6,1,Lret_top3,strict,simple/0,380,-2.8210526315789473,-1.2518042044143463,-1.108470820209179,-1.1590643274853802,2.1401841335840697,-0.7765632302442642,109,-3.121559633027523,-0.9086365947397691,123,-2.910569105691057,-0.6107758396478393,148,-2.5253378378378377,-0.7424452135969819,0,,
F7raw,6,1,Lret_top3,loose,simple/0,561,-1.5735294117647058,-0.8517682840256896,-0.6236562385169124,-0.34930184194890074,1.734812165405324,-0.7056830671519847,170,-2.7044117647058825,-0.9226459842309412,181,-1.5773480662983426,-0.41086699063852705,210,-0.6547619047619048,-0.2336243416900675,1,,
F7raw,6,1,Lret_top3,simple,simple/0,449,-1.227728285077951,-0.6030500777475712,-0.5334418940106462,-0.3157015590200447,1.918499537726175,-0.4753854291457633,149,-0.5050335570469798,-0.17410984736549495,142,-1.3503521126760563,-0.3096540783435708,158,-1.7990506329113924,-0.5480595044624604,6,,
F7raw,6,1,Lact,strict,simple/0,26,15.240384615384615,1.7625818049491406,1.6209400117824582,11.461538461538462,10.442380983042291,0.361875913164128,7,,,11,13.272727272727273,0.8153835644687687,8,,,7,,
F7raw,6,1,Lact,loose,simple/0,44,3.7443181818181817,0.5443401880783542,0.5362140589498579,8.343118686868685,6.883291634525526,-0.6681106582762862,18,-8.083333333333334,-0.7698127473772319,17,11.264705882352942,1.0104169297560486,9,,,13,-13.923076923076923,-1.7761421484560502
F7raw,6,1,Lact,simple,simple/0,37,14.29054054054054,2.0166291908044256,1.8917478850387244,9.4740990990991,8.007276498291029,0.6015080711237336,12,12.479166666666666,1.9871640470437966,16,16.265625,1.202964121054399,9,,,83,-2.9909638554216866,-1.1380737734859527
F7raw,6,1,Ldrift,strict,simple/0,51,-14.612745098039216,-1.4372862510321838,-1.4549042499121405,-5.233932461873638,7.254180631615833,-1.2928838021057787,10,-27.7,-1.4905655749564248,16,4.296875,0.34369660586749273,25,-21.48,-1.218747549358171,15,11.083333333333334,1.693610980348515
F7raw,6,1,Ldrift,loose,simple/0,147,-6.789115646258503,-1.4528869656247472,-1.2661609703874273,-1.6574074074074077,3.3859383261285414,-1.5155941262281218,56,-6.915178571428571,-1.0501154335414478,47,-2.4468085106382977,-0.412730699866196,44,-11.267045454545455,-0.966130758377445,54,-0.1712962962962963,-0.049123687838829054
F7raw,6,1,Ldrift,simple,simple/0,51,-14.612745098039216,-1.4372862510321838,-1.4549042499121405,-5.233932461873638,7.254180631615833,-1.2928838021057787,10,-27.7,-1.4905655749564248,16,4.296875,0.34369660586749273,25,-21.48,-1.218747549358171,15,11.083333333333334,1.693610980348515
F7raw,6,3,Lret_mid,strict,simple/0,166,15.426204819277109,2.545377650965881,2.6126977145799652,0.9042001338688085,6.1114485016811075,2.3761968511088094,27,12.462962962962964,0.8038864715933156,62,21.0,1.9015136657673788,77,11.977272727272727,1.500356731942391,1,,
F7raw,6,3,Lret_mid,loose,simple/0,244,8.98155737704918,1.7196328690806846,1.8606756775785886,0.3823428961748627,5.241167782879521,1.6407058192191415,42,15.904761904761905,1.3022946295572826,88,14.107954545454545,1.4741033287234382,114,2.473684210526316,0.34818976155928316,1,,
F7raw,6,3,Lret_mid,simple,simple/0,166,15.426204819277109,2.545377650965881,2.6126977145799652,0.9042001338688085,6.1114485016811075,2.3761968511088094,27,12.462962962962964,0.8038864715933156,62,21.0,1.9015136657673788,77,11.977272727272727,1.500356731942391,1,,
F7raw,6,3,Lret_top3,strict,simple/0,381,-2.8346456692913384,-1.2611273318533278,-1.117380854270973,-1.1678331875182266,2.13564349289729,-0.7804731863331059,109,-3.121559633027523,-0.9086365947397691,124,-2.9516129032258065,-0.6244215595652404,148,-2.5253378378378377,-0.7424452135969819,0,,
F7raw,6,3,Lret_top3,loose,simple/0,562,-1.584964412811388,-0.8594723510960164,-0.6294726502444851,-0.3566874258600236,1.7323352857186454,-0.7090295955276484,170,-2.7044117647058825,-0.9226459842309412,182,-1.6126373626373627,-0.42236830560305827,210,-0.6547619047619048,-0.2336243416900675,1,,
F7raw,6,3,Lret_top3,simple,simple/0,450,-1.2427777777777778,-0.6117865525138109,-0.5413821625598609,-0.3250000000000002,1.9150968458941062,-0.4792330893058791,149,-0.5050335570469798,-0.17410984736549495,143,-1.3968531468531469,-0.3225625540617211,158,-1.7990506329113924,-0.5480595044624604,6,,
F7raw,6,3,Lact,strict,simple/0,26,15.240384615384615,1.7625818049491406,1.6209400117824582,11.461538461538462,10.442380983042291,0.361875913164128,7,,,11,13.272727272727273,0.8153835644687687,8,,,7,,
F7raw,6,3,Lact,loose,simple/0,44,3.7443181818181817,0.5443401880783542,0.5362140589498579,8.343118686868685,6.883291634525526,-0.6681106582762862,18,-8.083333333333334,-0.7698127473772319,17,11.264705882352942,1.0104169297560486,9,,,13,-13.923076923076923,-1.7761421484560502
F7raw,6,3,Lact,simple,simple/0,37,14.29054054054054,2.0166291908044256,1.8917478850387244,9.4740990990991,8.007276498291029,0.6015080711237336,12,12.479166666666666,1.9871640470437966,16,16.265625,1.202964121054399,9,,,83,-2.9909638554216866,-1.1380737734859527
F7raw,6,3,Ldrift,strict,simple/0,51,-14.612745098039216,-1.4372862510321838,-1.4549042499121405,-5.233932461873638,7.254180631615833,-1.2928838021057787,10,-27.7,-1.4905655749564248,16,4.296875,0.34369660586749273,25,-21.48,-1.218747549358171,16,10.546875,1.716333817519147
F7raw,6,3,Ldrift,loose,simple/0,147,-6.789115646258503,-1.4528869656247472,-1.2661609703874273,-1.6574074074074077,3.3859383261285414,-1.5155941262281218,56,-6.915178571428571,-1.0501154335414478,47,-2.4468085106382977,-0.412730699866196,44,-11.267045454545455,-0.966130758377445,55,-0.12272727272727273,-0.03584955516588223
F7raw,6,3,Ldrift,simple,simple/0,51,-14.612745098039216,-1.4372862510321838,-1.4549042499121405,-5.233932461873638,7.254180631615833,-1.2928838021057787,10,-27.7,-1.4905655749564248,16,4.296875,0.34369660586749273,25,-21.48,-1.218747549358171,16,10.546875,1.716333817519147
F7raw,6,7,Lret_mid,strict,simple/0,166,15.426204819277109,2.545377650965881,2.6126977145799652,0.9042001338688085,6.1114485016811075,2.3761968511088094,27,12.462962962962964,0.8038864715933156,62,21.0,1.9015136657673788,77,11.977272727272727,1.500356731942391,1,,
F7raw,6,7,Lret_mid,loose,simple/0,244,8.98155737704918,1.7196328690806846,1.8606756775785886,0.3823428961748627,5.241167782879521,1.6407058192191415,42,15.904761904761905,1.3022946295572826,88,14.107954545454545,1.4741033287234382,114,2.473684210526316,0.34818976155928316,1,,
F7raw,6,7,Lret_mid,simple,simple/0,166,15.426204819277109,2.545377650965881,2.6126977145799652,0.9042001338688085,6.1114485016811075,2.3761968511088094,27,12.462962962962964,0.8038864715933156,62,21.0,1.9015136657673788,77,11.977272727272727,1.500356731942391,1,,
F7raw,6,7,Lret_top3,strict,simple/0,380,-2.8210526315789473,-1.2518042044143463,-1.108470820209179,-1.1590643274853802,2.1401841335840697,-0.7765632302442642,109,-3.121559633027523,-0.9086365947397691,123,-2.910569105691057,-0.6107758396478393,148,-2.5253378378378377,-0.7424452135969819,0,,
F7raw,6,7,Lret_top3,loose,simple/0,561,-1.5735294117647058,-0.8517682840256896,-0.6236562385169124,-0.34930184194890074,1.734812165405324,-0.7056830671519847,170,-2.7044117647058825,-0.9226459842309412,181,-1.5773480662983426,-0.41086699063852705,210,-0.6547619047619048,-0.2336243416900675,1,,
F7raw,6,7,Lret_top3,simple,simple/0,449,-1.227728285077951,-0.6030500777475712,-0.5334418940106462,-0.3157015590200447,1.918499537726175,-0.4753854291457633,149,-0.5050335570469798,-0.17410984736549495,142,-1.3503521126760563,-0.3096540783435708,158,-1.7990506329113924,-0.5480595044624604,6,,
F7raw,6,7,Lact,strict,simple/0,26,15.240384615384615,1.7625818049491406,1.6209400117824582,11.461538461538462,10.442380983042291,0.361875913164128,7,,,11,13.272727272727273,0.8153835644687687,8,,,7,,
F7raw,6,7,Lact,loose,simple/0,44,3.7443181818181817,0.5443401880783542,0.5362140589498579,8.343118686868685,6.883291634525526,-0.6681106582762862,18,-8.083333333333334,-0.7698127473772319,17,11.264705882352942,1.0104169297560486,9,,,13,-13.923076923076923,-1.7761421484560502
F7raw,6,7,Lact,simple,simple/0,37,14.29054054054054,2.0166291908044256,1.8917478850387244,9.4740990990991,8.007276498291029,0.6015080711237336,12,12.479166666666666,1.9871640470437966,16,16.265625,1.202964121054399,9,,,83,-2.9909638554216866,-1.1380737734859527
F7raw,6,7,Ldrift,strict,simple/0,51,-14.612745098039216,-1.4372862510321838,-1.4549042499121405,-5.233932461873638,7.254180631615833,-1.2928838021057787,10,-27.7,-1.4905655749564248,16,4.296875,0.34369660586749273,25,-21.48,-1.218747549358171,15,11.083333333333334,1.693610980348515
F7raw,6,7,Ldrift,loose,simple/0,147,-6.789115646258503,-1.4528869656247472,-1.2661609703874273,-1.6574074074074077,3.3859383261285414,-1.5155941262281218,56,-6.915178571428571,-1.0501154335414478,47,-2.4468085106382977,-0.412730699866196,44,-11.267045454545455,-0.966130758377445,54,-0.1712962962962963,-0.049123687838829054
F7raw,6,7,Ldrift,simple,simple/0,51,-14.612745098039216,-1.4372862510321838,-1.4549042499121405,-5.233932461873638,7.254180631615833,-1.2928838021057787,10,-27.7,-1.4905655749564248,16,4.296875,0.34369660586749273,25,-21.48,-1.218747549358171,15,11.083333333333334,1.693610980348515
F7raw,6,11,Lret_mid,strict,simple/0,166,15.426204819277109,2.545377650965881,2.6126977145799652,0.9042001338688085,6.1114485016811075,2.3761968511088094,27,12.462962962962964,0.8038864715933156,62,21.0,1.9015136657673788,77,11.977272727272727,1.500356731942391,1,,
F7raw,6,11,Lret_mid,loose,simple/0,244,8.98155737704918,1.7196328690806846,1.8606756775785886,0.3823428961748627,5.241167782879521,1.6407058192191415,42,15.904761904761905,1.3022946295572826,88,14.107954545454545,1.4741033287234382,114,2.473684210526316,0.34818976155928316,1,,
F7raw,6,11,Lret_mid,simple,simple/0,166,15.426204819277109,2.545377650965881,2.6126977145799652,0.9042001338688085,6.1114485016811075,2.3761968511088094,27,12.462962962962964,0.8038864715933156,62,21.0,1.9015136657673788,77,11.977272727272727,1.500356731942391,1,,
F7raw,6,11,Lret_top3,strict,simple/0,380,-2.8210526315789473,-1.2518042044143463,-1.108470820209179,-1.1590643274853802,2.1401841335840697,-0.7765632302442642,109,-3.121559633027523,-0.9086365947397691,123,-2.910569105691057,-0.6107758396478393,148,-2.5253378378378377,-0.7424452135969819,0,,
F7raw,6,11,Lret_top3,loose,simple/0,561,-1.5735294117647058,-0.8517682840256896,-0.6236562385169124,-0.34930184194890074,1.734812165405324,-0.7056830671519847,170,-2.7044117647058825,-0.9226459842309412,181,-1.5773480662983426,-0.41086699063852705,210,-0.6547619047619048,-0.2336243416900675,1,,
F7raw,6,11,Lret_top3,simple,simple/0,449,-1.227728285077951,-0.6030500777475712,-0.5334418940106462,-0.3157015590200447,1.918499537726175,-0.4753854291457633,149,-0.5050335570469798,-0.17410984736549495,142,-1.3503521126760563,-0.3096540783435708,158,-1.7990506329113924,-0.5480595044624604,6,,
F7raw,6,11,Lact,strict,simple/0,26,15.240384615384615,1.7625818049491406,1.6209400117824582,11.461538461538462,10.442380983042291,0.361875913164128,7,,,11,13.272727272727273,0.8153835644687687,8,,,7,,
F7raw,6,11,Lact,loose,simple/0,44,3.7443181818181817,0.5443401880783542,0.5362140589498579,8.343118686868685,6.883291634525526,-0.6681106582762862,18,-8.083333333333334,-0.7698127473772319,17,11.264705882352942,1.0104169297560486,9,,,13,-13.923076923076923,-1.7761421484560502
F7raw,6,11,Lact,simple,simple/0,37,14.29054054054054,2.0166291908044256,1.8917478850387244,9.4740990990991,8.007276498291029,0.6015080711237336,12,12.479166666666666,1.9871640470437966,16,16.265625,1.202964121054399,9,,,83,-2.9909638554216866,-1.1380737734859527
F7raw,6,11,Ldrift,strict,simple/0,51,-14.612745098039216,-1.4372862510321838,-1.4549042499121405,-5.233932461873638,7.254180631615833,-1.2928838021057787,10,-27.7,-1.4905655749564248,16,4.296875,0.34369660586749273,25,-21.48,-1.218747549358171,15,11.083333333333334,1.693610980348515
F7raw,6,11,Ldrift,loose,simple/0,147,-6.789115646258503,-1.4528869656247472,-1.2661609703874273,-1.6574074074074077,3.3859383261285414,-1.5155941262281218,56,-6.915178571428571,-1.0501154335414478,47,-2.4468085106382977,-0.412730699866196,44,-11.267045454545455,-0.966130758377445,54,-0.1712962962962963,-0.049123687838829054
F7raw,6,11,Ldrift,simple,simple/0,51,-14.612745098039216,-1.4372862510321838,-1.4549042499121405,-5.233932461873638,7.254180631615833,-1.2928838021057787,10,-27.7,-1.4905655749564248,16,4.296875,0.34369660586749273,25,-21.48,-1.218747549358171,15,11.083333333333334,1.693610980348515
F7raw,6,23,Lret_mid,strict,simple/0,166,15.426204819277109,2.545377650965881,2.6126977145799652,0.9042001338688085,6.1114485016811075,2.3761968511088094,27,12.462962962962964,0.8038864715933156,62,21.0,1.9015136657673788,77,11.977272727272727,1.500356731942391,1,,
F7raw,6,23,Lret_mid,loose,simple/0,244,8.98155737704918,1.7196328690806846,1.8606756775785886,0.3823428961748627,5.241167782879521,1.6407058192191415,42,15.904761904761905,1.3022946295572826,88,14.107954545454545,1.4741033287234382,114,2.473684210526316,0.34818976155928316,1,,
F7raw,6,23,Lret_mid,simple,simple/0,166,15.426204819277109,2.545377650965881,2.6126977145799652,0.9042001338688085,6.1114485016811075,2.3761968511088094,27,12.462962962962964,0.8038864715933156,62,21.0,1.9015136657673788,77,11.977272727272727,1.500356731942391,1,,
F7raw,6,23,Lret_top3,strict,simple/0,380,-2.8210526315789473,-1.2518042044143463,-1.108470820209179,-1.1590643274853802,2.1401841335840697,-0.7765632302442642,109,-3.121559633027523,-0.9086365947397691,123,-2.910569105691057,-0.6107758396478393,148,-2.5253378378378377,-0.7424452135969819,0,,
F7raw,6,23,Lret_top3,loose,simple/0,561,-1.5735294117647058,-0.8517682840256896,-0.6236562385169124,-0.34930184194890074,1.734812165405324,-0.7056830671519847,170,-2.7044117647058825,-0.9226459842309412,181,-1.5773480662983426,-0.41086699063852705,210,-0.6547619047619048,-0.2336243416900675,1,,
F7raw,6,23,Lret_top3,simple,simple/0,449,-1.227728285077951,-0.6030500777475712,-0.5334418940106462,-0.3157015590200447,1.918499537726175,-0.4753854291457633,149,-0.5050335570469798,-0.17410984736549495,142,-1.3503521126760563,-0.3096540783435708,158,-1.7990506329113924,-0.5480595044624604,6,,
F7raw,6,23,Lact,strict,simple/0,26,15.240384615384615,1.7625818049491406,1.6209400117824582,11.461538461538462,10.442380983042291,0.361875913164128,7,,,11,13.272727272727273,0.8153835644687687,8,,,7,,
F7raw,6,23,Lact,loose,simple/0,44,3.7443181818181817,0.5443401880783542,0.5362140589498579,8.343118686868685,6.883291634525526,-0.6681106582762862,18,-8.083333333333334,-0.7698127473772319,17,11.264705882352942,1.0104169297560486,9,,,13,-13.923076923076923,-1.7761421484560502
F7raw,6,23,Lact,simple,simple/0,37,14.29054054054054,2.0166291908044256,1.8917478850387244,9.4740990990991,8.007276498291029,0.6015080711237336,12,12.479166666666666,1.9871640470437966,16,16.265625,1.202964121054399,9,,,83,-2.9909638554216866,-1.1380737734859527
F7raw,6,23,Ldrift,strict,simple/0,51,-14.612745098039216,-1.4372862510321838,-1.4549042499121405,-5.233932461873638,7.254180631615833,-1.2928838021057787,10,-27.7,-1.4905655749564248,16,4.296875,0.34369660586749273,25,-21.48,-1.218747549358171,15,11.083333333333334,1.693610980348515
F7raw,6,23,Ldrift,loose,simple/0,147,-6.789115646258503,-1.4528869656247472,-1.2661609703874273,-1.6574074074074077,3.3859383261285414,-1.5155941262281218,56,-6.915178571428571,-1.0501154335414478,47,-2.4468085106382977,-0.412730699866196,44,-11.267045454545455,-0.966130758377445,54,-0.1712962962962963,-0.049123687838829054
F7raw,6,23,Ldrift,simple,simple/0,51,-14.612745098039216,-1.4372862510321838,-1.4549042499121405,-5.233932461873638,7.254180631615833,-1.2928838021057787,10,-27.7,-1.4905655749564248,16,4.296875,0.34369660586749273,25,-21.48,-1.218747549358171,15,11.083333333333334,1.693610980348515
