ts,day,dir,atr,er,fz,regime,session,ext,stop_pt,targ_pt,entry,exit,pts,net,reason,held_min,mfe
1783293000,2026-07-05,-1,9.366666666666667,0.3361702127659574,-2.5644496982825906,BUILDING,OVERNIGHT,-19.75,14.05,28.1,29931.0,29945.5,-14.5,-30.5,STOP,1.2,30.75
1783296000,2026-07-06,-1,15.25,0.2415349887133182,-2.785634804127876,BUILDING,OVERNIGHT,-26.75,22.875,45.75,29947.25,29901.5,45.75,90.0,TARGET,1.1,102.25
1783296900,2026-07-06,1,21.3,0.3323485967503692,1.5353544456118549,BUILDING,OVERNIGHT,56.25,31.950000000000003,63.900000000000006,30001.5,29969.25,-32.25,-66.0,STOP,6.4,3.0
1783297740,2026-07-06,-1,18.83333333333333,0.6311605723370429,-2.942731658978124,CLEAN-TREND,OVERNIGHT,-99.25,28.249999999999993,56.499999999999986,29882.25,29910.75,-28.5,-58.5,STOP,7.1,109.5
1783301160,2026-07-06,-1,19.116666666666667,0.4975206611570248,-2.787290612763065,CLEAN-TREND,OVERNIGHT,-75.25,28.675,57.35,29797.25,29826.25,-29.0,-59.5,STOP,4.0,51.25
1783310040,2026-07-06,-1,17.583333333333332,0.5414012738853503,0.2832475910742509,CLEAN-TREND,OVERNIGHT,-85.0,26.375,52.75,29701.75,29731.25,-29.5,-60.5,STOP,4.8,6.5
1783311540,2026-07-06,1,9.683333333333334,0.5555555555555556,10.336879791879168,BUILDING,OVERNIGHT,61.25,14.525,29.05,29791.5,29820.55,29.05,56.6,TARGET,22.3,49.0
1783315260,2026-07-06,-1,7.733333333333333,0.2931726907630522,-1.508695183257132,BUILDING,OVERNIGHT,-18.25,11.6,23.2,29789.25,29766.05,23.2,44.9,TARGET,8.1,36.75
1783319700,2026-07-06,1,10.183333333333334,0.647887323943662,5.123459797015366,BUILDING,OVERNIGHT,69.0,15.275,30.55,29829.25,29859.8,30.55,59.6,TARGET,29.4,35.0
1783322700,2026-07-06,-1,8.083333333333334,0.2216216216216216,0.0081612434530918,BUILDING,PRE-OPEN,-20.5,12.125,24.25,29830.75,29843.25,-12.5,-26.5,STOP,7.5,38.5
1783323780,2026-07-06,1,7.15,0.4193548387096774,2.5730995100019136,BUILDING,PRE-OPEN,32.5,10.725000000000001,21.450000000000003,29867.5,29855.75,-11.75,-25.0,STOP,11.6,13.75
1783325460,2026-07-06,-1,9.85,0.1464646464646464,-0.5229751098671724,DEAD-CHOP,PRE-OPEN,-14.5,14.774999999999999,29.549999999999997,29840.25,29810.7,29.55,57.6,TARGET,1.8,48.0
1783325760,2026-07-06,-1,10.766666666666667,0.5701754385964912,-0.6353148700802645,BUILDING,PRE-OPEN,-65.0,16.150000000000002,32.300000000000004,29802.25,29818.75,-16.5,-34.5,STOP,6.4,10.0
1783331460,2026-07-06,1,6.8,0.1342281879194631,0.9470948906176612,DEAD-CHOP,PRE-OPEN,10.0,10.2,20.4,29869.0,29858.25,-10.75,-23.0,STOP,16.5,17.25
1783356900,2026-07-06,-1,13.966666666666669,0.3554987212276215,-4.029933450081909,BUILDING,US,-34.75,20.950000000000003,41.900000000000006,29993.25,30014.5,-21.25,-44.0,STOP,9.9,111.5
1783359720,2026-07-06,-1,16.566666666666666,0.8127853881278538,-2.1384181658920425,CLEAN-TREND,US,-89.0,24.85,49.7,29886.5,29911.75,-25.25,-52.0,STOP,1.5,4.5
1783367400,2026-07-06,-1,14.35,0.2882703777335984,-5.092818989901308,BUILDING,US,-36.25,21.525,43.05,29986.25,29943.2,43.05,84.6,TARGET,4.1,54.75
1783377000,2026-07-06,-1,6.216666666666667,0.3333333333333333,0.4865649354961181,BUILDING,OVERNIGHT,-13.75,9.325,18.65,29949.75,29959.5,-9.75,-21.0,STOP,1.4,77.75
1783377900,2026-07-06,-1,8.066666666666666,0.25,-1.5997206014047356,BUILDING,OVERNIGHT,-16.5,12.1,24.2,29933.25,29909.05,24.2,46.9,TARGET,7.5,73.75
1783378500,2026-07-06,-1,10.216666666666669,0.8125,0.5778637458475684,BUILDING,OVERNIGHT,-71.5,15.325000000000003,30.650000000000006,29894.25,29910.0,-15.75,-33.0,STOP,4.8,54.25
1783379880,2026-07-06,-1,8.466666666666667,0.6485355648535565,0.34358724113958,BUILDING,OVERNIGHT,-38.75,12.7,25.4,29883.75,29896.75,-13.0,-27.5,STOP,5.5,67.25
1783381560,2026-07-06,-1,9.066666666666666,0.5286195286195287,-1.9023522808486468,BUILDING,OVERNIGHT,-39.25,13.6,27.2,29858.25,29872.25,-14.0,-29.5,STOP,18.6,50.25
1783383660,2026-07-07,1,17.533333333333335,0.2516778523489933,-1.1612677571941048,BUILDING,OVERNIGHT,37.5,26.300000000000004,52.60000000000001,29898.75,29872.0,-26.75,-55.0,STOP,6.8,18.0
1783387260,2026-07-07,-1,14.533333333333331,0.618421052631579,-3.56220962885114,CLEAN-TREND,OVERNIGHT,-47.0,21.799999999999997,43.599999999999994,29773.5,29729.9,43.6,85.7,TARGET,7.6,56.5
1783394160,2026-07-07,-1,11.433333333333334,0.1026392961876832,-3.85003525380576,NORMAL-CHOP,OVERNIGHT,-8.75,17.15,34.3,29740.75,29706.45,34.3,67.1,TARGET,10.6,112.25
1783394880,2026-07-07,-1,12.566666666666666,0.6310160427807486,-2.4058267091666714,CLEAN-TREND,OVERNIGHT,-59.0,18.85,37.7,29703.0,29665.3,37.7,73.9,TARGET,15.1,87.25
1783395900,2026-07-07,-1,13.783333333333331,0.4757281553398058,-1.0081058277953046,CLEAN-TREND,OVERNIGHT,-49.0,20.674999999999997,41.349999999999994,29646.75,29667.75,-21.0,-43.5,STOP,13.1,31.0
1783402020,2026-07-07,-1,12.566666666666666,0.3850267379679144,1.3122205792037451,BUILDING,OVERNIGHT,-36.0,18.85,37.7,29560.75,29580.0,-19.25,-40.0,STOP,1.5,3.25
1783402260,2026-07-07,1,14.166666666666666,0.2458333333333333,-0.2279311950402091,BUILDING,OVERNIGHT,29.5,21.25,42.5,29622.0,29664.5,42.5,83.5,TARGET,9.5,82.25
1783407720,2026-07-07,1,9.966666666666669,0.5705128205128205,1.9610180755851856,BUILDING,PRE-OPEN,44.5,14.950000000000003,29.900000000000006,29711.25,29696.0,-15.25,-32.0,STOP,1.8,32.75
1783408380,2026-07-07,1,14.783333333333331,0.293598233995585,-0.23342426501913,BUILDING,PRE-OPEN,33.25,22.174999999999997,44.349999999999994,29722.25,29699.75,-22.5,-46.5,STOP,21.2,21.75
1783414800,2026-07-07,-1,10.233333333333333,0.5333333333333333,-2.203811762723424,BUILDING,PRE-OPEN,-40.0,15.349999999999998,30.699999999999996,29646.75,29662.5,-15.75,-33.0,STOP,2.8,24.5
1783416840,2026-07-07,-1,8.783333333333333,0.7962962962962963,0.9219001576159898,BUILDING,PRE-OPEN,-43.0,13.175,26.35,29636.25,29649.75,-13.5,-28.5,STOP,5.0,14.0
1783417620,2026-07-07,-1,11.016666666666667,0.1830985915492957,-2.473689660193865,NORMAL-CHOP,PRE-OPEN,-16.25,16.525000000000002,33.050000000000004,29628.75,29645.75,-17.0,-35.5,STOP,3.2,2.25
1783418400,2026-07-07,1,9.933333333333334,0.3043478260869565,0.8444216821684435,BUILDING,PRE-OPEN,26.25,14.9,29.8,29673.75,29658.5,-15.25,-32.0,STOP,8.0,15.75
1783419240,2026-07-07,-1,11.483333333333333,0.2204724409448819,-2.616386779145015,BUILDING,PRE-OPEN,-14.0,17.224999999999998,34.449999999999996,29648.25,29665.75,-17.5,-36.5,STOP,2.7,46.25
1783421340,2026-07-07,-1,8.983333333333333,0.3303964757709251,-0.4545886372876792,BUILDING,PRE-OPEN,-18.75,13.474999999999998,26.949999999999996,29634.25,29648.0,-13.75,-29.0,STOP,5.6,43.0
1783422120,2026-07-07,-1,11.916666666666666,0.3004291845493562,0.3778157241393059,BUILDING,PRE-OPEN,-35.0,17.875,35.75,29612.25,29630.5,-18.25,-38.0,STOP,13.2,21.0
1783423920,2026-07-07,-1,10.316666666666666,0.2680115273775216,-3.5838296828193936,BUILDING,PRE-OPEN,-23.25,15.475,30.95,29604.75,29620.5,-15.75,-33.0,STOP,11.8,13.5
1783425900,2026-07-07,1,13.483333333333333,0.3862212943632568,1.7078114115821756,BUILDING,PRE-OPEN,46.25,20.224999999999998,40.449999999999996,29677.25,29656.75,-20.5,-42.5,STOP,42.4,39.0
1783430460,2026-07-07,-1,14.883333333333333,0.1896103896103896,-1.1037128186904588,NORMAL-CHOP,PRE-OPEN,-18.25,22.325,44.65,29601.0,29623.75,-22.75,-47.0,STOP,8.4,294.5
1783431180,2026-07-07,-1,30.73333333333333,0.2682926829268293,-5.531053239121063,BUILDING,US,-55.0,46.099999999999994,92.19999999999999,29562.25,29470.05,92.2,182.9,TARGET,19.2,302.75
1783450140,2026-07-07,-1,18.73333333333333,0.4474226804123711,-7.309614635430606,CLEAN-TREND,US,-54.25,28.099999999999994,56.19999999999999,29451.5,29395.3,56.2,110.9,TARGET,7.3,181.0
1783450800,2026-07-07,-1,23.15,0.6774193548387096,-2.0479102913319687,CLEAN-TREND,US,-94.5,34.724999999999994,69.44999999999999,29372.0,29407.0,-35.0,-71.5,STOP,5.3,101.5
1783452600,2026-07-07,1,24.35,0.2358620689655172,0.0335372134411199,BUILDING,US,42.75,36.525000000000006,73.05000000000001,29356.75,29319.75,-37.0,-75.5,STOP,6.4,80.5
1783465380,2026-07-07,-1,10.133333333333333,0.2888888888888888,-5.231239240946203,BUILDING,OVERNIGHT,-26.0,15.2,30.4,29368.0,29383.5,-15.5,-32.5,STOP,1.8,102.0
1783466280,2026-07-07,1,11.966666666666669,0.3577981651376147,1.814721597970162,BUILDING,OVERNIGHT,29.25,17.950000000000003,35.900000000000006,29397.5,29379.25,-18.25,-38.0,STOP,13.2,44.5
1783467300,2026-07-07,-1,8.65,0.456221198156682,0.1977490817168792,BUILDING,OVERNIGHT,-24.75,12.975000000000001,25.950000000000003,29373.25,29347.3,25.95,50.4,TARGET,2.8,107.25
1783468800,2026-07-08,-1,15.7,0.7030567685589519,-0.5177089198833915,CLEAN-TREND,OVERNIGHT,-80.5,23.549999999999997,47.099999999999994,29270.25,29294.25,-24.0,-49.5,STOP,2.1,3.0
1783469100,2026-07-08,1,19.966666666666665,0.1733333333333333,-3.5284490430791973,VIOLENT-WHIPSAW,OVERNIGHT,29.25,29.949999999999996,59.89999999999999,29360.75,29420.65,59.9,118.3,TARGET,8.4,188.0
1783483980,2026-07-08,-1,10.0,0.470383275261324,1.5407303349659545,BUILDING,OVERNIGHT,-33.75,15.0,30.0,29437.25,29452.5,-15.25,-32.0,STOP,8.0,61.0
1783486800,2026-07-08,1,13.716666666666669,0.2430278884462151,2.7705289017180585,BUILDING,OVERNIGHT,30.5,20.575000000000003,41.150000000000006,29431.75,29410.75,-21.0,-43.5,STOP,0.8,15.5
1783487160,2026-07-08,1,15.266666666666667,0.3197026022304832,1.62578094374886,BUILDING,OVERNIGHT,43.0,22.900000000000002,45.800000000000004,29446.0,29422.75,-23.25,-48.0,STOP,3.1,0.25
1783492200,2026-07-08,-1,15.033333333333331,0.25,-0.9983071541391956,BUILDING,OVERNIGHT,-29.0,22.549999999999997,45.099999999999994,29311.0,29334.0,-23.0,-47.5,STOP,19.7,30.5
1783495440,2026-07-08,1,16.55,0.3986636971046771,-0.3752205667185221,BUILDING,PRE-OPEN,44.75,24.825000000000003,49.650000000000006,29341.5,29391.15,49.65,97.8,TARGET,9.7,73.75
1783498560,2026-07-08,-1,22.05,0.2591687041564792,-0.804170607196695,BUILDING,PRE-OPEN,-53.0,33.075,66.15,29313.25,29247.1,66.15,130.8,TARGET,3.6,403.0
1783498860,2026-07-08,-1,32.3,0.4116541353383459,-2.55047703348688,CLEAN-TREND,PRE-OPEN,-109.5,48.449999999999996,96.89999999999999,29239.5,29142.6,96.9,192.3,TARGET,2.3,329.25
1783499100,2026-07-08,-1,40.6,0.7751633986928105,0.1974971903176162,CLEAN-TREND,PRE-OPEN,-296.5,60.900000000000006,121.80000000000001,29083.75,28961.95,121.8,242.1,TARGET,14.0,173.5
1783508400,2026-07-08,-1,13.566666666666666,0.5717884130982368,-0.8985557606566787,CLEAN-TREND,PRE-OPEN,-56.75,20.35,40.7,28995.25,29016.25,-21.0,-43.5,STOP,0.7,22.25
1783510980,2026-07-08,1,21.03333333333333,0.6041979010494752,9.44516041185218,CLEAN-TREND,PRE-OPEN,100.75,31.549999999999997,63.099999999999994,29091.75,29059.75,-32.0,-65.5,STOP,6.3,101.25
1783512300,2026-07-08,1,21.78333333333333,0.3846153846153846,-0.938157251410175,BUILDING,PRE-OPEN,77.5,32.675,65.35,29137.0,29202.35,65.35,129.2,TARGET,48.3,102.0
1783516320,2026-07-08,1,22.9,0.1952662721893491,3.3066890368136206,VIOLENT-WHIPSAW,PRE-OPEN,33.0,34.349999999999994,68.69999999999999,29210.5,29175.75,-34.75,-71.0,STOP,10.5,188.5
1783517400,2026-07-08,1,24.766666666666666,0.2764786795048143,10.517537145111003,BUILDING,US,50.25,37.15,74.3,29255.5,29329.8,74.3,147.1,TARGET,4.6,143.5
1783518000,2026-07-08,1,49.7,0.6333595594020456,8.651387205196784,CLEAN-TREND,US,201.25,74.55000000000001,149.10000000000002,29374.25,29299.25,-75.0,-151.5,STOP,9.6,24.75
1783528800,2026-07-08,1,29.98333333333333,0.3342175066312997,2.0282188026872485,BUILDING,US,63.0,44.974999999999994,89.94999999999999,29333.0,29422.95,89.95,178.4,TARGET,44.0,125.5
1783540500,2026-07-08,1,19.566666666666663,0.4677103718199608,0.8894726237660304,CLEAN-TREND,US,59.75,29.349999999999994,58.69999999999999,29467.25,29437.5,-29.75,-61.0,STOP,5.1,32.75
1783551960,2026-07-08,1,9.266666666666667,0.5357142857142857,5.742543675650814,BUILDING,OVERNIGHT,37.5,13.900000000000002,27.800000000000004,29449.75,29435.5,-14.25,-30.0,STOP,9.6,91.75
1783552620,2026-07-08,-1,9.4,0.1582491582491582,-4.481741695299074,DEAD-CHOP,OVERNIGHT,-11.75,14.100000000000001,28.200000000000003,29414.0,29428.5,-14.5,-30.5,STOP,15.1,19.0
1783553700,2026-07-08,1,14.433333333333334,0.5658362989323843,12.825365687499673,CLEAN-TREND,OVERNIGHT,79.5,21.65,43.3,29484.0,29462.0,-22.0,-45.5,STOP,0.2,98.5
1783554300,2026-07-08,1,18.85,0.4557823129251701,-0.4748344253168475,CLEAN-TREND,OVERNIGHT,83.75,28.275000000000002,56.550000000000004,29493.0,29549.55,56.55,111.6,TARGET,22.8,89.5
1783555860,2026-07-09,1,18.566666666666663,0.5415730337078651,0.3965611995066263,CLEAN-TREND,OVERNIGHT,60.25,27.849999999999994,55.69999999999999,29552.25,29524.0,-28.25,-58.0,STOP,6.6,30.25
1783557000,2026-07-09,1,15.8,0.0438095238095238,1.835966210893426,VIOLENT-WHIPSAW,OVERNIGHT,5.75,23.700000000000003,47.400000000000006,29570.25,29546.25,-24.0,-49.5,STOP,0.9,5.0
1783562100,2026-07-09,-1,15.6,0.3636363636363636,-2.45182822627823,BUILDING,OVERNIGHT,-42.0,23.4,46.8,29467.0,29490.75,-23.75,-49.0,STOP,12.1,48.5
1783563660,2026-07-09,1,19.08333333333333,0.7235494880546075,5.031563238074688,CLEAN-TREND,OVERNIGHT,106.0,28.624999999999993,57.249999999999986,29565.75,29536.75,-29.0,-59.5,STOP,2.5,1.25
1783571520,2026-07-09,1,12.066666666666666,0.2224938875305623,2.1823095914325368,BUILDING,OVERNIGHT,22.75,18.1,36.2,29527.25,29508.75,-18.5,-38.5,STOP,3.1,70.0
1783573860,2026-07-09,1,15.233333333333333,0.2791666666666667,19.33821135533582,BUILDING,OVERNIGHT,33.5,22.849999999999998,45.699999999999996,29579.0,29555.75,-23.25,-48.0,STOP,5.0,37.75
1783575000,2026-07-09,-1,14.233333333333333,0.6792873051224945,-1.307262380460198,CLEAN-TREND,OVERNIGHT,-76.25,21.349999999999998,42.699999999999996,29490.0,29511.75,-21.75,-45.0,STOP,3.5,15.75
1783583040,2026-07-09,1,11.3,0.3510324483775811,-0.2285499252831048,BUILDING,PRE-OPEN,29.75,16.950000000000003,33.900000000000006,29682.0,29664.75,-17.25,-36.0,STOP,15.7,54.0
1783584240,2026-07-09,1,12.5,0.2217194570135746,0.0393515930392354,BUILDING,PRE-OPEN,24.5,18.75,37.5,29713.25,29694.25,-19.0,-39.5,STOP,14.2,22.75
1783590060,2026-07-09,-1,13.85,0.3916083916083916,-5.731637825720588,BUILDING,PRE-OPEN,-28.0,20.775,41.55,29623.0,29644.25,-21.25,-44.0,STOP,11.5,8.0
1783593960,2026-07-09,-1,11.033333333333331,0.3790849673202614,-3.334053953147592,BUILDING,PRE-OPEN,-29.0,16.549999999999997,33.099999999999994,29608.75,29575.65,33.1,64.7,TARGET,5.9,44.75
1783594380,2026-07-09,-1,12.7,0.8266978922716628,1.9529572435893217,CLEAN-TREND,PRE-OPEN,-88.25,19.049999999999997,38.099999999999994,29570.5,29590.25,-19.75,-41.0,STOP,5.1,6.5
1783596000,2026-07-09,1,12.566666666666666,0.1434977578475336,-0.8272332860035377,NORMAL-CHOP,PRE-OPEN,16.0,18.85,37.7,29632.25,29613.0,-19.25,-40.0,STOP,1.9,100.25
1783600320,2026-07-09,1,13.733333333333333,0.664804469273743,0.9088301743968994,CLEAN-TREND,PRE-OPEN,59.5,20.599999999999998,41.199999999999996,29771.0,29750.0,-21.0,-43.5,STOP,10.6,15.5
1783603800,2026-07-09,-1,18.3,0.4074074074074074,-2.9271408141358983,CLEAN-TREND,US,-55.0,27.450000000000003,54.900000000000006,29692.5,29720.25,-27.75,-57.0,STOP,0.2,78.75
1783604040,2026-07-09,1,27.05,0.1914357682619647,7.394069525358059,VIOLENT-WHIPSAW,US,38.0,40.575,81.15,29777.5,29858.65,81.15,160.8,TARGET,3.4,145.5
1783604520,2026-07-09,1,37.81666666666667,0.3526011560693641,3.413448977349145,BUILDING,US,106.75,56.72500000000001,113.45000000000002,29864.75,29807.75,-57.0,-115.5,STOP,28.8,58.25
1783614960,2026-07-09,-1,12.05,0.3675675675675676,-0.5109542154366974,BUILDING,US,-34.0,18.075000000000003,36.150000000000006,29871.0,29889.5,-18.5,-38.5,STOP,0.6,2.25
1783616760,2026-07-09,1,11.05,0.3901639344262295,8.276665398158482,BUILDING,US,29.75,16.575000000000003,33.150000000000006,29937.0,29970.15,33.15,64.8,TARGET,11.2,56.25
1783619880,2026-07-09,-1,9.083333333333334,0.1924882629107981,-5.954689563554647,DEAD-CHOP,US,-10.25,13.625,27.25,29964.75,29978.75,-14.0,-29.5,STOP,1.0,35.75
1783623300,2026-07-09,-1,9.083333333333334,0.1764705882352941,-2.22348402417582,DEAD-CHOP,US,-9.75,13.625,27.25,29935.75,29908.5,27.25,53.0,TARGET,9.7,41.75
1783626840,2026-07-09,-1,12.7,0.4757834757834758,-2.913645853117743,CLEAN-TREND,US,-41.75,19.049999999999997,38.099999999999994,29898.0,29917.5,-19.5,-40.5,STOP,0.0,1.0
1783635540,2026-07-09,-1,11.416666666666666,0.2700296735905044,-13.152730405333244,BUILDING,OVERNIGHT,-22.75,17.125,34.25,29917.75,29935.25,-17.5,-36.5,STOP,44.5,13.75
1783639440,2026-07-09,1,7.75,0.3179723502304147,1.235177997972204,BUILDING,OVERNIGHT,17.25,11.625,23.25,29955.25,29943.25,-12.0,-25.5,STOP,5.7,9.5
1783641660,2026-07-10,-1,12.883333333333333,0.3411078717201166,-2.642506306063248,BUILDING,OVERNIGHT,-29.25,19.325,38.65,29906.75,29868.1,38.65,75.8,TARGET,6.1,103.25
1783642200,2026-07-10,-1,20.916666666666668,0.5555555555555556,-3.844333793145799,CLEAN-TREND,OVERNIGHT,-90.0,31.375,62.75,29860.75,29892.5,-31.75,-65.0,STOP,3.7,57.25
1783642980,2026-07-10,-1,19.08333333333333,0.2295345104333868,-2.692920789782229,BUILDING,OVERNIGHT,-35.75,28.624999999999993,57.249999999999986,29847.5,29871.5,-24.0,-49.5,TIME,60.0,44.0
1783647540,2026-07-10,1,11.133333333333333,0.3310810810810811,-1.7384426484263116,BUILDING,OVERNIGHT,24.5,16.7,33.4,29898.25,29881.25,-17.0,-35.5,STOP,5.5,24.5
1783648800,2026-07-10,-1,11.216666666666669,0.1371571072319202,-1.3340267029986823,NORMAL-CHOP,OVERNIGHT,-13.75,16.825000000000003,33.650000000000006,29873.0,29890.25,-17.25,-36.0,STOP,4.2,18.75
1783651620,2026-07-10,1,9.133333333333333,0.5338983050847458,4.408434054920789,BUILDING,OVERNIGHT,31.5,13.7,27.4,29925.75,29953.15,27.4,53.3,TARGET,15.3,38.0
1783655880,2026-07-10,1,7.35,0.131578947368421,1.6012052606821872,DEAD-CHOP,OVERNIGHT,7.5,11.024999999999999,22.049999999999997,29930.5,29919.0,-11.5,-24.5,STOP,25.6,18.0
1783659000,2026-07-10,-1,7.716666666666667,0.2037914691943128,-3.165931785318654,BUILDING,OVERNIGHT,-10.75,11.575,23.15,29901.5,29878.35,23.15,44.8,TARGET,6.2,54.0
1783660500,2026-07-10,1,8.716666666666667,0.2807017543859649,1.441287114506063,BUILDING,OVERNIGHT,16.0,13.075,26.15,29895.0,29881.5,-13.5,-28.5,STOP,1.2,0.75
1783661400,2026-07-10,-1,9.483333333333333,0.4545454545454545,-3.835253955967987,BUILDING,OVERNIGHT,-28.75,14.224999999999998,28.449999999999996,29866.0,29880.5,-14.5,-30.5,STOP,4.1,90.5
1783663560,2026-07-10,-1,10.016666666666667,0.4294294294294294,-2.1573778474953897,BUILDING,OVERNIGHT,-35.75,15.025000000000002,30.050000000000004,29834.25,29804.2,30.05,58.6,TARGET,14.8,58.75
1783664520,2026-07-10,-1,10.666666666666666,0.5719298245614035,0.2406194840717186,BUILDING,OVERNIGHT,-40.75,16.0,32.0,29792.25,29808.5,-16.25,-34.0,STOP,7.3,16.75
1783669500,2026-07-10,-1,7.683333333333334,0.5175438596491229,-1.4676795727709813,BUILDING,PRE-OPEN,-29.5,11.525,23.05,29787.0,29763.95,23.05,44.6,TARGET,10.9,43.75
1783670520,2026-07-10,-1,10.166666666666666,0.5130434782608696,-1.0833855651932214,BUILDING,PRE-OPEN,-29.5,15.25,30.5,29760.25,29775.75,-15.5,-32.5,STOP,5.8,44.0
1783671000,2026-07-10,1,12.733333333333333,0.267379679144385,0.609811789144396,BUILDING,PRE-OPEN,25.0,19.099999999999998,38.199999999999996,29792.25,29772.75,-19.5,-40.5,STOP,10.5,12.0
1783674060,2026-07-10,-1,13.016666666666667,0.5081206496519721,-12.257782917179291,CLEAN-TREND,PRE-OPEN,-54.75,19.525000000000002,39.050000000000004,29734.75,29755.0,-20.25,-42.0,STOP,0.1,0.25
1783674900,2026-07-10,1,14.5,0.2687747035573122,0.4533975498761671,BUILDING,PRE-OPEN,34.0,21.75,43.5,29809.25,29833.0,23.75,46.0,TIME,60.0,32.5
1783678920,2026-07-10,-1,7.983333333333333,0.2555555555555555,-8.974838336967977,BUILDING,PRE-OPEN,-11.5,11.975,23.95,29819.5,29831.75,-12.25,-26.0,STOP,4.5,4.5
1783679400,2026-07-10,1,9.016666666666667,0.1860465116279069,0.3173883853224144,DEAD-CHOP,PRE-OPEN,12.0,13.525000000000002,27.050000000000004,29845.25,29872.3,27.05,52.6,TARGET,32.9,42.5
1783682760,2026-07-10,-1,7.6,0.2734082397003745,-0.0528581772211075,BUILDING,PRE-OPEN,-18.25,11.399999999999999,22.799999999999997,29855.0,29832.2,22.8,44.1,TARGET,3.4,84.0
1783684920,2026-07-10,-1,11.15,0.5185185185185185,-1.2516854492683225,BUILDING,PRE-OPEN,-42.0,16.725,33.45,29792.25,29809.25,-17.0,-35.5,STOP,10.7,21.25
1783689900,2026-07-10,1,11.633333333333333,0.504950495049505,0.7043385392451106,BUILDING,PRE-OPEN,38.25,17.45,34.9,29844.0,29826.25,-17.75,-37.0,STOP,1.5,124.5
1783690200,2026-07-10,1,17.4,0.4721189591078067,-2.722719808096861,CLEAN-TREND,US,63.5,26.099999999999998,52.199999999999996,29875.0,29927.2,52.2,102.9,TARGET,5.8,93.5
1783690800,2026-07-10,-1,35.31666666666667,0.1319073083778966,-3.0634324699860715,VIOLENT-WHIPSAW,US,-37.0,52.97500000000001,105.95000000000002,29803.5,29856.75,-53.25,-108.0,STOP,1.4,126.0
1783691340,2026-07-10,1,39.65,0.1208967173738991,2.288873791452936,VIOLENT-WHIPSAW,US,37.75,59.474999999999994,118.94999999999999,29941.25,29881.5,-59.75,-121.0,STOP,31.1,27.25
1783898100,2026-07-12,-1,9.983333333333333,0.2028985507246377,-2.444698666515225,BUILDING,OVERNIGHT,-14.0,14.974999999999998,29.949999999999996,29872.75,29888.0,-15.25,-32.0,STOP,0.6,29.0
1783899960,2026-07-12,-1,9.35,0.4852941176470588,-2.731716331979385,BUILDING,OVERNIGHT,-33.0,14.024999999999999,28.049999999999997,29854.25,29868.75,-14.5,-30.5,STOP,0.6,10.5
1783900860,2026-07-13,1,16.833333333333332,0.374757281553398,-0.2232290380898075,BUILDING,OVERNIGHT,48.25,25.25,50.5,29902.75,29953.25,50.5,99.5,TARGET,0.7,139.75
1783900980,2026-07-13,1,19.633333333333333,0.5666178623718887,0.7884742402677198,CLEAN-TREND,OVERNIGHT,96.75,29.45,58.9,29958.75,30017.65,58.9,116.3,TARGET,6.2,83.75
1783903260,2026-07-13,-1,18.966666666666665,0.902097902097902,-3.0531707649235345,CLEAN-TREND,OVERNIGHT,-129.0,28.449999999999996,56.89999999999999,29870.5,29899.25,-28.75,-59.0,STOP,4.0,82.0
1783903920,2026-07-13,-1,23.366666666666667,0.4318471337579618,-2.6280913935804247,CLEAN-TREND,OVERNIGHT,-84.75,35.05,70.1,29816.5,29760.25,56.25,111.0,TIME,60.0,61.5
1783915200,2026-07-13,-1,11.383333333333333,0.2604166666666667,-5.418454667368605,BUILDING,OVERNIGHT,-25.0,17.075,34.15,29676.5,29642.35,34.15,66.8,TARGET,27.3,70.0
1783919100,2026-07-13,1,10.55,0.4841628959276018,-0.0745621705987491,BUILDING,OVERNIGHT,26.75,15.825000000000001,31.650000000000002,29645.25,29676.9,31.65,61.8,TARGET,4.2,48.25
1783920180,2026-07-13,-1,14.9,0.4333958724202627,-4.556462521480069,CLEAN-TREND,OVERNIGHT,-57.75,22.35,44.7,29602.0,29557.3,44.7,87.9,TARGET,6.4,55.5
1783929600,2026-07-13,1,11.116666666666667,0.1912225705329153,-0.7508149379436184,NORMAL-CHOP,PRE-OPEN,15.25,16.675,33.35,29670.25,29653.25,-17.0,-35.5,STOP,4.6,84.0
1783930440,2026-07-13,1,16.7,0.4784580498866213,-0.6483222951630534,CLEAN-TREND,PRE-OPEN,52.75,25.049999999999997,50.099999999999994,29705.75,29733.25,27.5,53.5,TIME,60.0,48.5
1783939680,2026-07-13,1,7.383333333333334,0.1724137931034483,-0.5613625719994082,DEAD-CHOP,PRE-OPEN,11.25,11.075000000000001,22.150000000000002,29757.25,29779.4,22.15,42.8,TARGET,11.3,42.75
1783940700,2026-07-13,1,11.033333333333331,0.3944444444444444,0.8643586389673777,BUILDING,PRE-OPEN,35.5,16.549999999999997,33.099999999999994,29794.25,29777.0,-17.25,-36.0,STOP,2.3,5.75
1783941600,2026-07-13,-1,11.55,0.5300546448087432,-1.1625004284430291,BUILDING,PRE-OPEN,-48.5,17.325000000000003,34.650000000000006,29745.75,29763.5,-17.75,-37.0,STOP,0.7,53.0
1783944000,2026-07-13,-1,11.333333333333334,0.4136986301369863,-0.4628960823362046,BUILDING,PRE-OPEN,-37.75,17.0,34.0,29727.5,29744.75,-17.25,-36.0,STOP,9.9,72.25
1783945800,2026-07-13,-1,11.983333333333333,0.5543478260869565,-1.1095838969619949,BUILDING,PRE-OPEN,-51.0,17.974999999999998,35.949999999999996,29675.25,29693.5,-18.25,-38.0,STOP,13.6,25.0
1783949220,2026-07-13,-1,11.95,0.3705583756345177,-4.390956598940329,BUILDING,PRE-OPEN,-36.5,17.924999999999997,35.849999999999994,29685.5,29703.75,-18.25,-38.0,STOP,0.6,192.25
1783949640,2026-07-13,-1,27.73333333333333,0.3122302158273381,-7.146468473418692,BUILDING,US,-54.25,41.599999999999994,83.19999999999999,29646.0,29562.8,83.2,164.9,TARGET,7.0,152.75
1783950300,2026-07-13,-1,42.93333333333333,0.489766081871345,-8.322183308019124,CLEAN-TREND,US,-167.5,64.39999999999999,128.79999999999998,29545.0,29609.75,-64.75,-131.0,STOP,12.5,51.75
1783960200,2026-07-13,-1,18.23333333333333,0.5774647887323944,-0.1480678598232495,CLEAN-TREND,US,-71.75,27.349999999999994,54.69999999999999,29529.0,29474.3,54.7,107.9,TARGET,5.1,68.75
1783967400,2026-07-13,-1,16.033333333333335,0.4564315352697095,-2.3311035353919,CLEAN-TREND,US,-55.0,24.050000000000004,48.10000000000001,29456.5,29481.0,-24.5,-50.5,STOP,0.9,51.75
1783970580,2026-07-13,-1,14.5,0.6991150442477876,-10.115168903789694,CLEAN-TREND,US,-59.25,21.75,43.5,29432.0,29454.0,-22.0,-45.5,STOP,20.3,45.5
1783972200,2026-07-13,1,15.683333333333334,0.5212355212355212,2.851606683453716,CLEAN-TREND,US,67.5,23.525,47.05,29484.25,29460.25,-24.0,-49.5,STOP,3.7,20.75
1783983120,2026-07-13,-1,8.95,0.0629370629370629,-0.41848465178973,DEAD-CHOP,OVERNIGHT,-4.5,13.424999999999999,26.849999999999998,29424.25,29397.4,26.85,52.2,TARGET,2.6,95.75
1783983840,2026-07-13,-1,11.316666666666666,0.7506493506493507,-5.359489385085574,BUILDING,OVERNIGHT,-72.25,16.975,33.95,29373.75,29391.0,-17.25,-36.0,STOP,11.6,45.25
1783985340,2026-07-13,-1,8.933333333333334,0.226890756302521,1.621900828422459,BUILDING,OVERNIGHT,-13.5,13.4,26.8,29367.5,29340.7,26.8,52.1,TARGET,12.6,42.5
1783986780,2026-07-13,1,13.933333333333334,0.3103448275862069,1.7363381047833029,BUILDING,OVERNIGHT,24.75,20.9,41.8,29378.75,29420.55,41.8,82.1,TARGET,5.3,123.75
1783987200,2026-07-14,1,18.516666666666666,0.8883928571428571,0.3368032557467814,CLEAN-TREND,OVERNIGHT,99.5,27.775,55.55,29443.5,29415.25,-28.25,-58.0,STOP,1.2,91.25
1783987620,2026-07-14,-1,27.766666666666666,0.0956719817767653,1.380467755238624,VIOLENT-WHIPSAW,OVERNIGHT,-21.0,41.65,83.3,29337.0,29379.0,-42.0,-85.5,STOP,2.1,12.0
1783988040,2026-07-14,1,35.78333333333333,0.1575342465753424,-0.5383979624395822,VIOLENT-WHIPSAW,OVERNIGHT,46.0,53.675,107.35,29462.75,29408.75,-54.0,-109.5,STOP,4.7,78.25
1783999020,2026-07-14,-1,12.616666666666667,0.7117117117117117,-2.359183658441136,CLEAN-TREND,OVERNIGHT,-59.25,18.925,37.85,29307.75,29327.0,-19.25,-40.0,STOP,5.3,4.5
1783999800,2026-07-14,1,17.383333333333333,0.3580645161290323,-2.896805480918794,BUILDING,OVERNIGHT,55.5,26.075,52.15,29385.75,29358.75,-27.0,-55.5,STOP,2.4,70.75
1784006040,2026-07-14,1,11.333333333333334,0.4897959183673469,2.237696592352213,BUILDING,OVERNIGHT,36.0,17.0,34.0,29546.0,29580.0,34.0,66.5,TARGET,7.4,88.25
1784006760,2026-07-14,1,13.066666666666666,0.7425287356321839,1.999040316186588,CLEAN-TREND,OVERNIGHT,80.75,19.6,39.2,29607.75,29587.75,-20.0,-41.5,STOP,11.5,42.0
1784012400,2026-07-14,-1,9.566666666666666,0.3809523809523809,0.2573122037667968,BUILDING,PRE-OPEN,-28.0,14.35,28.7,29556.25,29572.5,-16.25,-34.0,STOP,3.4,7.75
1784025060,2026-07-14,-1,8.733333333333333,0.3698630136986301,0.8443020436117447,BUILDING,PRE-OPEN,-20.25,13.099999999999998,26.199999999999996,29582.5,29596.25,-13.75,-29.0,STOP,3.7,28.5
1784025420,2026-07-14,1,11.316666666666666,0.43026706231454,-3.5715074631749486,BUILDING,PRE-OPEN,36.25,16.975,33.95,29627.25,29610.0,-17.25,-36.0,STOP,2.2,43.25
1784026860,2026-07-14,-1,11.15,0.2763157894736842,-1.4430960734059584,BUILDING,PRE-OPEN,-21.0,16.725,33.45,29586.5,29603.5,-17.0,-35.5,STOP,12.8,32.5
1784028240,2026-07-14,1,19.116666666666667,0.5563025210084034,11.964350422162608,CLEAN-TREND,PRE-OPEN,82.75,28.675,57.35,29656.0,29627.0,-29.0,-59.5,STOP,12.0,14.5
1784032200,2026-07-14,1,31.28333333333333,0.872133425990271,26.13358433221332,CLEAN-TREND,PRE-OPEN,313.75,46.925,93.85,29904.25,29856.75,-47.5,-96.5,STOP,0.3,17.75
1784036040,2026-07-14,-1,28.6,0.3014789533560865,-0.4511371596526127,BUILDING,US,-66.25,42.900000000000006,85.80000000000001,29692.75,29736.0,-43.25,-88.0,STOP,0.8,125.5
1784037900,2026-07-14,-1,38.4,0.2603406326034063,-3.236174113905139,BUILDING,US,-80.25,57.599999999999994,115.19999999999999,29671.5,29729.5,-58.0,-117.5,STOP,20.9,104.25
1784041440,2026-07-14,1,27.65,0.5795868772782503,7.666883694870781,CLEAN-TREND,US,119.25,41.474999999999994,82.94999999999999,29805.25,29888.2,82.95,164.4,TARGET,24.6,90.75
1784054460,2026-07-14,-1,13.383333333333333,0.4385964912280701,-5.386199029041354,CLEAN-TREND,US,-37.5,20.075,40.15,29826.5,29786.35,40.15,78.8,TARGET,25.7,55.5
1784057400,2026-07-14,-1,11.983333333333333,0.4015748031496063,-0.3618614383732146,BUILDING,US,-38.25,17.974999999999998,35.949999999999996,29783.5,29801.75,-18.25,-38.0,STOP,2.6,19.0
1784059140,2026-07-14,-1,15.183333333333334,0.2236286919831223,-2.573291720623976,BUILDING,US,-26.5,22.775,45.55,29787.0,29810.25,-23.25,-48.0,STOP,5.7,22.5
1784070300,2026-07-14,1,8.166666666666666,0.0948275862068965,2.5885233860242987,DEAD-CHOP,OVERNIGHT,5.5,12.25,24.5,29783.75,29808.25,24.5,47.5,TARGET,19.5,116.25
1784071740,2026-07-14,1,12.933333333333334,0.5568400770712909,-0.2781647700924554,CLEAN-TREND,OVERNIGHT,72.25,19.4,38.8,29867.25,29847.5,-19.75,-41.0,STOP,15.0,66.25
1784073900,2026-07-15,-1,16.083333333333332,0.2681912681912682,-1.798754852382659,BUILDING,OVERNIGHT,-32.25,24.125,48.25,29841.5,29866.0,-24.5,-50.5,STOP,2.2,3.75
1784074800,2026-07-15,1,17.55,0.7124735729386892,3.686358334055876,CLEAN-TREND,OVERNIGHT,84.25,26.325000000000003,52.650000000000006,29924.5,29897.75,-26.75,-55.0,STOP,13.8,5.5
1784085360,2026-07-15,1,7.983333333333333,0.174496644295302,2.3439928107973977,DEAD-CHOP,OVERNIGHT,13.0,11.975,23.95,29972.25,29996.2,23.95,46.4,TARGET,16.7,47.25
1784087400,2026-07-15,1,7.716666666666667,0.3471074380165289,-0.7905931945884054,BUILDING,OVERNIGHT,21.0,11.575,23.15,30016.75,30004.75,-12.0,-25.5,STOP,14.6,2.75
1784089800,2026-07-15,-1,6.183333333333334,0.2962962962962963,-0.5696877757352548,BUILDING,OVERNIGHT,-12.0,9.275,18.55,29988.75,29998.5,-9.75,-21.0,STOP,3.1,12.5
1784091540,2026-07-15,1,6.3,0.3801169590643274,4.430383822747777,BUILDING,OVERNIGHT,16.25,9.45,18.9,30022.25,30041.15,18.9,36.3,TARGET,0.1,36.25
1784091960,2026-07-15,-1,15.266666666666667,0.1347826086956521,-0.6623554274640138,VIOLENT-WHIPSAW,OVERNIGHT,-15.5,22.900000000000002,45.800000000000004,29993.0,30016.25,-23.25,-48.0,STOP,2.2,25.75
1784097060,2026-07-15,-1,8.883333333333333,0.2673992673992674,0.3248486726021585,BUILDING,OVERNIGHT,-18.25,13.325,26.65,30015.5,30029.25,-13.75,-29.0,STOP,3.9,87.25
1784099040,2026-07-15,1,12.316666666666666,0.261455525606469,1.4522848722627324,BUILDING,PRE-OPEN,24.25,18.475,36.95,30047.25,30028.5,-18.75,-39.0,STOP,10.2,15.25
1784100060,2026-07-15,-1,10.966666666666669,0.5077720207253886,2.2112580627792995,BUILDING,PRE-OPEN,-49.0,16.450000000000003,32.900000000000006,29998.75,29965.85,32.9,64.3,TARGET,4.1,107.0
1784102580,2026-07-15,-1,11.25,0.4457274826789838,0.8238616649549414,BUILDING,PRE-OPEN,-48.25,16.875,33.75,29948.75,29915.0,33.75,66.0,TARGET,7.8,77.0
1784110980,2026-07-15,-1,9.316666666666666,0.2387543252595155,1.291796160986795,BUILDING,PRE-OPEN,-17.25,13.975,27.95,29908.5,29922.75,-14.25,-30.0,STOP,30.9,22.5
1784113200,2026-07-15,1,9.0,0.5109717868338558,1.6046857831689505,BUILDING,PRE-OPEN,40.75,13.5,27.0,29951.0,29937.25,-13.75,-29.0,STOP,2.6,0.75
1784117100,2026-07-15,-1,9.966666666666669,0.5155709342560554,0.912224430730166,BUILDING,PRE-OPEN,-37.25,14.950000000000003,29.900000000000006,29881.5,29896.75,-15.25,-32.0,STOP,3.8,31.5
1784118060,2026-07-15,-1,10.266666666666667,0.2491909385113268,-4.662681367394812,BUILDING,PRE-OPEN,-19.25,15.400000000000002,30.800000000000004,29858.0,29873.75,-15.75,-33.0,STOP,5.0,8.0
1784118600,2026-07-15,1,15.833333333333334,0.3150684931506849,6.681365136715384,BUILDING,PRE-OPEN,34.5,23.75,47.5,29925.75,29973.25,47.5,93.5,TARGET,12.1,73.5
1784122260,2026-07-15,-1,15.7,0.0953678474114441,-0.3019648235849127,VIOLENT-WHIPSAW,US,-8.75,23.549999999999997,47.099999999999994,29941.0,29965.0,-24.0,-49.5,STOP,3.1,303.0
1784122620,2026-07-15,-1,27.85,0.3589403973509933,-4.759722490228205,BUILDING,US,-67.75,41.775000000000006,83.55000000000001,29879.25,29795.7,83.55,165.6,TARGET,9.2,267.0
1784123400,2026-07-15,-1,35.31666666666667,0.5783475783475783,-1.1146846676460416,CLEAN-TREND,US,-152.25,52.97500000000001,105.95000000000002,29769.0,29822.25,-53.25,-108.0,STOP,8.9,232.25
1784125440,2026-07-15,-1,34.35,0.6932966023875115,-3.130335551424248,CLEAN-TREND,US,-188.75,51.525000000000006,103.05000000000001,29672.5,29724.5,-52.0,-105.5,STOP,4.4,141.25
1784133960,2026-07-15,1,24.95,0.1781609195402299,13.679757145010084,VIOLENT-WHIPSAW,US,31.0,37.425,74.85,29495.25,29570.1,74.85,148.2,TARGET,31.4,166.5
1784141460,2026-07-15,-1,18.433333333333334,0.5986277873070326,-1.0069719511069657,CLEAN-TREND,US,-87.25,27.65,55.3,29616.0,29644.0,-28.0,-57.5,STOP,10.6,27.0
1784143200,2026-07-15,-1,17.566666666666666,0.4063157894736842,-3.642336316089483,CLEAN-TREND,US,-48.25,26.35,52.7,29605.25,29632.0,-26.75,-55.0,STOP,6.8,16.25
1784143800,2026-07-15,1,15.416666666666666,0.1923076923076923,2.3916457600185552,VIOLENT-WHIPSAW,US,22.5,23.125,46.25,29660.75,29637.25,-23.5,-48.5,STOP,1.5,76.75
1784154960,2026-07-15,-1,7.733333333333333,0.6312849162011173,-6.840669354124991,BUILDING,OVERNIGHT,-28.25,11.6,23.2,29694.75,29706.75,-12.0,-25.5,STOP,17.1,17.0
1784157480,2026-07-15,-1,9.45,0.3445945945945945,-3.082109353717569,BUILDING,OVERNIGHT,-25.5,14.174999999999999,28.349999999999998,29701.75,29716.25,-14.5,-30.5,STOP,2.3,19.5
1784160120,2026-07-16,1,13.633333333333333,0.2892156862745098,3.9265475120346633,BUILDING,OVERNIGHT,29.5,20.45,40.9,29737.75,29716.75,-21.0,-43.5,STOP,13.6,27.5
1784161560,2026-07-16,-1,17.05,0.3777777777777777,-2.974051423321342,BUILDING,OVERNIGHT,-51.0,25.575000000000003,51.150000000000006,29676.5,29625.35,51.15,100.8,TARGET,18.0,74.75
1784175240,2026-07-16,1,8.85,0.1729323308270676,-2.1008533240446656,DEAD-CHOP,OVERNIGHT,11.5,13.274999999999999,26.549999999999997,29755.25,29741.5,-13.75,-29.0,STOP,1.2,0.25
1784178660,2026-07-16,1,9.45,0.3076923076923077,0.3771636671407912,BUILDING,OVERNIGHT,22.0,14.174999999999999,28.349999999999998,29730.75,29759.1,28.35,55.2,TARGET,3.4,65.75
1784179800,2026-07-16,1,11.433333333333334,0.2348284960422163,10.8519099864926,BUILDING,OVERNIGHT,22.25,17.15,34.3,29781.5,29764.0,-17.5,-36.5,STOP,0.6,3.0
1784179980,2026-07-16,-1,12.783333333333331,0.0330578512396694,-0.3216380231379274,NORMAL-CHOP,OVERNIGHT,-4.0,19.174999999999997,38.349999999999994,29736.25,29697.9,38.35,75.2,TARGET,1.2,90.25
1784181600,2026-07-16,1,12.283333333333331,0.3333333333333333,3.2730006710520736,BUILDING,OVERNIGHT,29.75,18.424999999999997,36.849999999999994,29725.25,29706.5,-18.75,-39.0,STOP,1.9,23.5
1784181900,2026-07-16,-1,15.05,0.1245136186770428,-0.9883336517877424,NORMAL-CHOP,OVERNIGHT,-16.0,22.575000000000003,45.150000000000006,29673.75,29696.75,-23.0,-47.5,STOP,2.8,36.5
1784187540,2026-07-16,-1,10.916666666666666,0.6690140845070423,-1.1780626190669876,BUILDING,PRE-OPEN,-47.5,16.375,32.75,29584.75,29552.0,32.75,64.0,TARGET,15.3,106.75
1784188860,2026-07-16,-1,12.433333333333334,0.1830238726790451,-1.2994622781667384,NORMAL-CHOP,PRE-OPEN,-17.25,18.65,37.3,29548.25,29510.95,37.3,73.1,TARGET,8.6,70.25
1784189460,2026-07-16,-1,15.7,0.4036511156186612,-2.096111034357409,CLEAN-TREND,PRE-OPEN,-49.75,23.549999999999997,47.099999999999994,29502.75,29527.0,-24.25,-50.0,STOP,8.3,24.75
1784192400,2026-07-16,1,10.233333333333333,0.6838905775075987,1.6708255439254498,BUILDING,PRE-OPEN,56.25,15.349999999999998,30.699999999999996,29617.5,29601.75,-15.75,-33.0,STOP,0.9,27.25
1784195100,2026-07-16,-1,9.966666666666669,0.5884244372990354,0.0522239727264131,BUILDING,PRE-OPEN,-45.75,14.950000000000003,29.900000000000006,29574.5,29544.6,29.9,58.3,TARGET,12.4,64.5
1784196000,2026-07-16,-1,12.633333333333333,0.6346749226006192,0.0946745910623859,CLEAN-TREND,PRE-OPEN,-51.25,18.95,37.9,29522.75,29542.0,-19.25,-40.0,STOP,3.8,30.5
1784199600,2026-07-16,-1,12.6,0.3578947368421052,1.7672734123887914,BUILDING,PRE-OPEN,-34.0,18.9,37.8,29495.25,29457.45,37.8,74.1,TARGET,15.2,141.75
1784201460,2026-07-16,-1,14.383333333333333,0.0927152317880794,-0.0743863718669877,NORMAL-CHOP,PRE-OPEN,-14.0,21.575,43.15,29439.0,29461.0,-22.0,-45.5,STOP,3.1,85.5
1784202540,2026-07-16,-1,19.98333333333333,0.4735294117647058,-44.40553465508359,CLEAN-TREND,PRE-OPEN,-80.5,29.974999999999994,59.94999999999999,29384.25,29414.75,-30.5,-62.5,STOP,0.8,21.0
1784205420,2026-07-16,-1,17.633333333333333,0.2588652482269503,-0.6069162774733337,BUILDING,PRE-OPEN,-36.5,26.45,52.9,29370.0,29396.75,-26.75,-55.0,STOP,9.3,6.75
1784206800,2026-07-16,1,13.35,0.4342105263157895,1.6113575025531053,CLEAN-TREND,PRE-OPEN,49.5,20.025,40.05,29426.0,29405.5,-20.5,-42.5,STOP,2.2,106.0
1784208600,2026-07-16,1,18.48333333333333,0.4500941619585687,3.361712034897824,CLEAN-TREND,US,59.75,27.724999999999994,55.44999999999999,29507.75,29479.75,-28.0,-57.5,STOP,0.2,21.75
1784208840,2026-07-16,-1,28.75,0.1118279569892473,-2.6638973473670817,VIOLENT-WHIPSAW,US,-26.0,43.125,86.25,29431.75,29345.5,86.25,171.0,TARGET,7.0,174.0
1784209440,2026-07-16,-1,48.1,0.4207955338450802,-0.4224410329464933,CLEAN-TREND,US,-150.75,72.15,144.3,29313.0,29385.5,-72.5,-146.5,STOP,15.8,55.25
1784223600,2026-07-16,-1,19.45,0.2145110410094637,-7.03097084931461,BUILDING,US,-34.0,29.174999999999997,58.349999999999994,29252.25,29281.75,-29.5,-60.5,STOP,39.3,54.5
1784227200,2026-07-16,-1,19.216666666666665,0.4990791896869245,-4.42535386220839,CLEAN-TREND,US,-67.75,28.824999999999996,57.64999999999999,29205.5,29234.75,-29.25,-60.0,STOP,2.1,88.25
1784231640,2026-07-16,1,22.116666666666667,0.1210013908205841,-0.0839974165383105,VIOLENT-WHIPSAW,US,21.75,33.175,66.35,29174.5,29175.0,0.5,-0.5,TIME,60.0,60.5
1784244720,2026-07-16,-1,10.066666666666666,0.627906976744186,-2.283597944141704,BUILDING,OVERNIGHT,-47.25,15.1,30.2,29071.5,29087.0,-15.5,-32.5,STOP,1.5,65.5
1784245200,2026-07-16,1,14.633333333333333,0.2885375494071146,2.9667348360457293,BUILDING,OVERNIGHT,36.5,21.95,43.9,29125.25,29090.25,-35.0,-71.5,STOP,4.7,0.75
1784246400,2026-07-17,1,14.833333333333334,0.2219679633867277,2.098308793058368,BUILDING,OVERNIGHT,24.25,22.25,44.5,29121.0,29098.0,-23.0,-47.5,STOP,0.9,3.0
1784246820,2026-07-17,-1,17.95,0.3087719298245614,-2.139846184620083,BUILDING,OVERNIGHT,-44.0,26.924999999999997,53.849999999999994,29060.5,29006.65,53.85,106.2,TARGET,23.1,67.0
1784248500,2026-07-17,-1,16.0,0.4942528735632184,-6.146104493267684,CLEAN-TREND,OVERNIGHT,-53.75,24.0,48.0,29001.5,29025.75,-24.25,-50.0,STOP,8.7,18.75
1784251980,2026-07-17,-1,15.333333333333334,0.2757009345794392,-4.244520998894869,BUILDING,OVERNIGHT,-29.5,23.0,46.0,28998.5,28952.5,46.0,90.5,TARGET,13.5,83.5
1784258520,2026-07-17,1,9.083333333333334,0.9242424242424242,4.598763391605279,BUILDING,OVERNIGHT,61.0,13.625,27.25,29015.25,29001.25,-14.0,-29.5,STOP,1.6,11.25
1784259600,2026-07-17,-1,13.25,0.3953488372093023,-2.342560804551076,BUILDING,OVERNIGHT,-46.75,19.875,39.75,28955.5,28915.75,39.75,78.0,TARGET,15.2,181.75
1784260800,2026-07-17,-1,10.683333333333334,0.6923076923076923,-0.7427805589043012,BUILDING,OVERNIGHT,-58.5,16.025,32.05,28893.25,28861.2,32.05,62.6,TARGET,6.6,119.5
1784266440,2026-07-17,-1,14.166666666666666,0.446064139941691,-4.332138606256367,CLEAN-TREND,OVERNIGHT,-38.25,21.25,42.5,28772.5,28730.0,42.5,83.5,TARGET,8.7,50.5
1784275800,2026-07-17,-1,21.05,0.1929824561403508,-2.0846804088788047,VIOLENT-WHIPSAW,PRE-OPEN,-35.75,31.575000000000003,63.150000000000006,28677.0,28613.85,63.15,124.8,TARGET,5.9,122.25
1784276220,2026-07-17,-1,22.28333333333333,0.6294591484464902,-1.4273099483380314,CLEAN-TREND,PRE-OPEN,-136.75,33.425,66.85,28590.75,28624.5,-33.75,-69.0,STOP,10.1,36.0
1784288580,2026-07-17,-1,12.283333333333331,0.2884615384615384,-0.1825796418039169,BUILDING,PRE-OPEN,-22.5,18.424999999999997,36.849999999999994,28728.5,28747.25,-18.75,-39.0,STOP,4.2,77.25
1784289780,2026-07-17,-1,12.233333333333333,0.3871733966745843,-2.668675345355861,BUILDING,PRE-OPEN,-40.75,18.349999999999998,36.699999999999996,28703.5,28666.8,36.7,71.9,TARGET,23.0,68.5
1784293260,2026-07-17,-1,14.083333333333334,0.3767441860465116,-1.4810771103442113,BUILDING,PRE-OPEN,-40.5,21.125,42.25,28643.5,28601.25,42.25,83.0,TARGET,22.5,235.25
1784294700,2026-07-17,1,13.866666666666667,0.0988505747126436,8.375915428244559,NORMAL-CHOP,PRE-OPEN,10.75,20.8,41.6,28640.5,28619.25,-21.25,-44.0,STOP,1.7,247.0
1784295060,2026-07-17,1,25.6,0.2481203007518796,0.8804208970931064,BUILDING,US,57.75,38.400000000000006,76.80000000000001,28680.25,28641.5,-38.75,-79.0,STOP,0.3,207.25
1784295180,2026-07-17,-1,32.81666666666667,0.1626139817629179,-6.665102953060785,VIOLENT-WHIPSAW,US,-53.5,49.22500000000001,98.45000000000002,28574.0,28475.55,98.45,195.4,TARGET,5.2,165.75
1784295720,2026-07-17,-1,44.8,0.4436090225563909,-1.147008985545564,CLEAN-TREND,US,-162.25,67.19999999999999,134.39999999999998,28435.0,28502.5,-67.5,-136.5,STOP,5.2,26.75
1784296800,2026-07-17,1,44.16666666666666,0.9180457052797478,3.796598199075098,CLEAN-TREND,US,291.25,66.24999999999999,132.49999999999997,28737.0,28869.5,132.5,263.5,TARGET,16.1,159.0
1784316600,2026-07-17,1,22.48333333333333,0.3304473304473304,0.6458255249992153,BUILDING,US,57.25,33.724999999999994,67.44999999999999,28807.75,28773.75,-34.0,-69.5,STOP,8.3,46.0
1784318340,2026-07-17,-1,27.75,0.1536643026004728,-0.2310582476194653,VIOLENT-WHIPSAW,US,-32.5,41.625,83.25,28762.75,28768.5,-5.75,-13.0,TIME,60.0,50.25
1784867220,2026-07-24,1,12.466666666666669,0.6209476309226932,0.0701034637954369,CLEAN-TREND,OVERNIGHT,62.25,18.700000000000003,37.400000000000006,28550.25,28531.25,-19.0,-39.5,STOP,11.6,53.0
1784869020,2026-07-24,1,12.116666666666667,0.5561959654178674,-2.652586213442522,BUILDING,OVERNIGHT,48.25,18.175,36.35,28569.75,28551.25,-18.5,-38.5,STOP,3.6,37.5
1784869620,2026-07-24,1,13.45,0.4489311163895487,-1.5662175554102236,CLEAN-TREND,OVERNIGHT,47.25,20.174999999999997,40.349999999999994,28586.0,28565.25,-20.75,-43.0,STOP,46.4,21.25
1784876400,2026-07-24,1,12.233333333333333,0.4504132231404958,-1.020465794701643,BUILDING,PRE-OPEN,54.5,18.349999999999998,36.699999999999996,28555.0,28591.7,36.7,71.9,TARGET,8.4,108.5
1784880300,2026-07-24,-1,10.433333333333334,0.6235294117647059,2.371647263145137,BUILDING,PRE-OPEN,-39.75,15.65,31.3,28581.5,28597.5,-16.0,-33.5,STOP,3.5,24.5
1784881740,2026-07-24,1,14.35,0.3821782178217822,0.5662153766100814,BUILDING,PRE-OPEN,48.25,21.525,43.05,28622.25,28665.3,43.05,84.6,TARGET,39.3,59.25
1784894280,2026-07-24,1,14.7,0.2873563218390804,5.290057129782604,BUILDING,PRE-OPEN,43.75,22.049999999999997,44.099999999999994,28676.0,28653.25,-22.75,-47.0,STOP,2.2,23.0
1784899620,2026-07-24,-1,14.833333333333334,0.2767676767676768,-1.7980487746654608,BUILDING,PRE-OPEN,-34.25,22.25,44.5,28557.0,28512.5,44.5,87.5,TARGET,2.2,258.0
1784900400,2026-07-24,-1,38.13333333333333,0.3263327948303716,-4.3986048335239945,BUILDING,US,-101.0,57.2,114.4,28491.25,28376.85,114.4,227.3,TARGET,11.3,224.0
1784910600,2026-07-24,-1,17.8,0.2015968063872255,-1.6452088460077383,BUILDING,US,-25.25,26.700000000000003,53.400000000000006,28538.5,28485.1,53.4,105.3,TARGET,16.6,111.5
1784920020,2026-07-24,-1,22.516666666666666,0.4847020933977455,-3.347463586575934,CLEAN-TREND,US,-75.25,33.775,67.55,28240.5,28274.75,-34.25,-70.0,STOP,23.3,28.0
1785123000,2026-07-27,-1,10.033333333333331,0.4545454545454545,-1.2030649489438343,BUILDING,OVERNIGHT,-41.25,15.049999999999997,30.099999999999994,28600.75,28616.25,-15.5,-32.5,STOP,0.9,7.5
1785130740,2026-07-27,1,8.4,0.3739130434782609,7.121568153134812,BUILDING,OVERNIGHT,21.5,12.600000000000001,25.200000000000003,28699.5,28686.5,-13.0,-27.5,STOP,1.8,29.0
1785132060,2026-07-27,1,6.883333333333334,0.4224598930481283,-0.2958659977201721,BUILDING,OVERNIGHT,19.75,10.325000000000001,20.650000000000002,28706.75,28727.4,20.65,39.8,TARGET,8.7,21.75
1785134700,2026-07-27,-1,6.9,0.1414634146341463,-0.7544949929093745,DEAD-CHOP,OVERNIGHT,-7.25,10.350000000000001,20.700000000000003,28689.25,28700.0,-10.75,-23.0,STOP,1.7,17.25
1785135600,2026-07-27,1,8.216666666666667,0.3079365079365079,1.0892471710242495,BUILDING,PRE-OPEN,24.25,12.325,24.65,28714.5,28701.5,-13.0,-27.5,STOP,6.7,17.5
1785137880,2026-07-27,-1,8.716666666666667,0.5693430656934306,0.4608715349289941,BUILDING,PRE-OPEN,-39.0,13.075,26.15,28675.75,28689.25,-13.5,-28.5,STOP,2.4,17.0
1785140940,2026-07-27,1,9.466666666666669,0.3758389261744966,0.0565631064524225,BUILDING,PRE-OPEN,28.0,14.200000000000003,28.400000000000006,28720.25,28705.75,-14.5,-30.5,STOP,5.0,28.75
1785141720,2026-07-27,1,9.35,0.4715447154471545,2.897213321021833,BUILDING,PRE-OPEN,29.0,14.024999999999999,28.049999999999997,28735.75,28721.25,-14.5,-30.5,STOP,17.6,13.25
1785144900,2026-07-27,1,8.3,0.1505791505791505,-0.092852208911054,DEAD-CHOP,PRE-OPEN,9.75,12.450000000000001,24.900000000000002,28741.75,28729.0,-12.75,-27.0,STOP,3.0,22.0
1785147000,2026-07-27,-1,6.016666666666667,0.4130434782608695,-2.791184104660458,BUILDING,PRE-OPEN,-19.0,9.025,18.05,28732.75,28742.25,-9.5,-20.5,STOP,3.7,22.75
1785150000,2026-07-27,-1,6.966666666666667,0.3131313131313131,0.671265581942585,BUILDING,PRE-OPEN,-15.5,10.45,20.9,28728.0,28707.1,20.9,40.3,TARGET,17.4,82.25
1785151140,2026-07-27,-1,8.2,0.3789954337899543,-0.2005052769798505,BUILDING,PRE-OPEN,-20.75,12.299999999999999,24.599999999999998,28700.75,28676.15,24.6,47.7,TARGET,7.7,68.25
1785151740,2026-07-27,-1,10.35,0.6091370558375635,-12.689237789199687,BUILDING,PRE-OPEN,-60.0,15.524999999999999,31.049999999999997,28651.75,28667.75,-16.0,-33.5,STOP,0.3,23.0
1785153600,2026-07-27,1,7.716666666666667,0.2701421800947867,-1.1262212059353274,BUILDING,PRE-OPEN,14.25,11.575,23.15,28683.25,28671.25,-12.0,-25.5,STOP,9.9,19.5
1785154260,2026-07-27,-1,9.733333333333333,0.0990990990990991,-0.7675295096491377,DEAD-CHOP,PRE-OPEN,-8.25,14.599999999999998,29.199999999999996,28658.75,28629.55,29.2,56.9,TARGET,10.3,30.0
1785158700,2026-07-27,-1,11.2,0.43342776203966,0.776200887703878,BUILDING,PRE-OPEN,-38.25,16.799999999999997,33.599999999999994,28626.5,28592.9,33.6,65.7,TARGET,3.7,470.75
1785159000,2026-07-27,-1,15.5,0.7981220657276995,2.545464822326224,CLEAN-TREND,US,-85.0,23.25,46.5,28580.25,28533.75,46.5,91.5,TARGET,1.5,528.75
1785159180,2026-07-27,-1,23.383333333333333,0.9310344827586208,-6.690662884548269,CLEAN-TREND,US,-141.75,35.075,70.15,28506.5,28542.0,-35.5,-72.5,STOP,1.1,455.0
1785159720,2026-07-27,-1,45.05,0.4362880886426593,-3.451143586387229,CLEAN-TREND,US,-157.5,67.57499999999999,135.14999999999998,28458.5,28323.35,135.15,268.8,TARGET,18.3,515.5
1785169500,2026-07-27,1,30.883333333333333,0.1685185185185185,8.790696521360793,VIOLENT-WHIPSAW,US,45.5,46.325,92.65,28192.5,28145.75,-46.75,-95.0,STOP,3.5,12.0
1785178320,2026-07-27,1,23.183333333333334,0.4899328859060403,2.953482432969165,CLEAN-TREND,US,91.25,34.775,69.55,28139.5,28209.05,69.55,137.6,TARGET,14.1,115.5
1785182400,2026-07-27,1,20.7,0.2951167728237792,0.7286059462693472,BUILDING,OVERNIGHT,34.75,31.049999999999997,62.099999999999994,28205.0,28173.5,-31.5,-64.5,STOP,10.7,26.0
1785193260,2026-07-27,-1,7.566666666666666,0.3523809523809524,-2.2409556203414467,BUILDING,OVERNIGHT,-18.5,11.35,22.7,28113.25,28125.0,-11.75,-25.0,STOP,3.7,8.25
1785196260,2026-07-27,1,12.1,0.1781609195402299,0.2197491044566417,NORMAL-CHOP,OVERNIGHT,15.5,18.15,36.3,28166.5,28148.0,-18.5,-38.5,STOP,13.8,28.5
1785197400,2026-07-28,-1,21.966666666666665,0.3480314960629921,-2.2237990823985765,BUILDING,OVERNIGHT,-55.25,32.949999999999996,65.89999999999999,28117.0,28051.1,65.9,130.3,TARGET,49.4,128.75
1785200940,2026-07-28,-1,19.2,0.4981132075471698,-0.1320290487191668,CLEAN-TREND,OVERNIGHT,-66.0,28.799999999999997,57.599999999999994,28006.5,28035.75,-29.25,-60.0,STOP,17.5,37.25
1785216120,2026-07-28,-1,10.133333333333333,0.4036363636363636,-2.4974233649674527,BUILDING,OVERNIGHT,-27.75,15.2,30.4,27931.75,27901.35,30.4,59.3,TARGET,8.2,92.5
1785216900,2026-07-28,-1,11.183333333333334,0.8321678321678322,-2.3295414641024133,BUILDING,OVERNIGHT,-59.5,16.775,33.55,27883.25,27900.5,-17.25,-36.0,STOP,1.3,44.0
1785226740,2026-07-28,1,18.466666666666665,0.23125,-0.7797345229087066,BUILDING,PRE-OPEN,37.0,27.699999999999996,55.39999999999999,27962.0,28017.4,55.4,109.3,TARGET,18.7,90.75
1785232620,2026-07-28,-1,8.35,0.7083333333333334,0.9057094185486042,BUILDING,PRE-OPEN,-42.5,12.524999999999999,25.049999999999997,27946.5,27959.5,-13.0,-27.5,STOP,2.6,42.25
1785234060,2026-07-28,-1,11.2,0.1471471471471471,0.435879030391412,NORMAL-CHOP,PRE-OPEN,-12.25,16.799999999999997,33.599999999999994,27946.25,27963.5,-17.25,-36.0,STOP,7.5,81.5
1785234600,2026-07-28,1,11.383333333333333,0.257985257985258,-7.143779552469451,BUILDING,PRE-OPEN,26.25,17.075,34.15,27975.5,27958.0,-17.5,-36.5,STOP,3.4,5.75
1785235200,2026-07-28,-1,16.25,0.2129277566539923,-3.024027596441117,BUILDING,PRE-OPEN,-28.0,24.375,48.75,27911.25,27936.5,-25.25,-52.0,STOP,5.6,55.25
1785236520,2026-07-28,-1,14.6,0.2824074074074074,2.02794550165602,BUILDING,PRE-OPEN,-30.5,21.9,43.8,27910.5,27866.7,43.8,86.1,TARGET,11.1,61.5
1785237480,2026-07-28,1,19.216666666666665,0.2758037225042301,-3.717332824676215,BUILDING,PRE-OPEN,40.75,28.824999999999996,57.64999999999999,27941.0,27911.75,-29.25,-60.0,STOP,6.1,60.5
1785241620,2026-07-28,1,16.55,0.4632034632034632,2.6830335165310766,CLEAN-TREND,PRE-OPEN,53.5,24.825000000000003,49.650000000000006,28011.5,27986.25,-25.25,-52.0,STOP,6.1,22.5
1785245100,2026-07-28,-1,15.316666666666666,0.3100775193798449,-1.1778814597155274,BUILDING,PRE-OPEN,-40.0,22.975,45.95,27977.25,27931.3,45.95,90.4,TARGET,4.7,374.0
1785245460,2026-07-28,-1,24.416666666666668,0.4936386768447837,3.899248907695516,CLEAN-TREND,US,-97.0,36.625,73.25,27906.0,27832.75,73.25,145.0,TARGET,5.7,302.75
1785245880,2026-07-28,-1,39.06666666666667,0.5823627287853578,1.656111047916604,CLEAN-TREND,US,-175.0,58.60000000000001,117.20000000000002,27812.25,27695.05,117.2,232.9,TARGET,7.1,209.0
1785246420,2026-07-28,-1,44.5,0.6040738383195416,-2.442859293061762,CLEAN-TREND,US,-237.25,66.75,133.5,27660.25,27727.25,-67.0,-135.5,STOP,0.8,57.0
1785261600,2026-07-28,1,19.716666666666665,0.2437223042836041,2.0564555314586555,BUILDING,US,41.25,29.574999999999996,59.14999999999999,27991.0,27961.0,-30.0,-61.5,STOP,1.0,8.25
1785268440,2026-07-28,1,15.4,0.3460620525059666,4.067845156373374,BUILDING,US,36.25,23.1,46.2,27983.25,27959.75,-23.5,-48.5,STOP,0.0,8.5
1785268740,2026-07-28,-1,19.766666666666666,0.2135922330097087,2.398926891142286,BUILDING,US,-33.0,29.65,59.3,27921.75,27951.75,-30.0,-61.5,STOP,0.9,37.75
1785277920,2026-07-28,-1,16.816666666666666,0.4395604395604395,-2.312842852228617,CLEAN-TREND,OVERNIGHT,-60.0,25.225,50.45,27901.0,27850.55,50.45,99.4,TARGET,12.2,169.5
1785278760,2026-07-28,-1,19.1,0.5036284470246735,4.019570507526932,CLEAN-TREND,OVERNIGHT,-86.75,28.650000000000002,57.300000000000004,27835.0,27777.7,57.3,113.1,TARGET,11.8,103.5
1785283260,2026-07-29,1,27.516666666666666,0.5526024363233666,0.8977023164651098,CLEAN-TREND,OVERNIGHT,124.75,41.275,82.55,28143.0,28101.25,-41.75,-85.0,STOP,22.6,34.25
1785287640,2026-07-29,-1,21.05,0.5162659123055162,0.849744483149225,CLEAN-TREND,OVERNIGHT,-91.25,31.575000000000003,63.150000000000006,27920.25,27952.25,-32.0,-65.5,STOP,5.6,150.25
1785295800,2026-07-29,-1,17.016666666666666,0.5477178423236515,0.620627168924266,CLEAN-TREND,OVERNIGHT,-66.0,25.525,51.05,27761.25,27787.25,-26.0,-53.5,STOP,5.0,113.5
1785297060,2026-07-29,-1,17.1,0.4188562596599691,-6.380751840239307,CLEAN-TREND,OVERNIGHT,-67.75,25.650000000000002,51.300000000000004,27722.0,27670.7,51.3,101.1,TARGET,23.8,81.5
1785306600,2026-07-29,1,18.633333333333333,0.3971742543171114,1.1267417748822903,BUILDING,OVERNIGHT,63.25,27.95,55.9,27832.75,27888.65,55.9,110.3,TARGET,6.3,119.75
1785313920,2026-07-29,1,17.3,0.1754966887417218,0.4448799968432316,VIOLENT-WHIPSAW,PRE-OPEN,26.5,25.950000000000003,51.900000000000006,27904.25,27956.15,51.9,102.3,TARGET,36.5,83.5
1785327240,2026-07-29,-1,15.533333333333331,0.4517958412098298,-5.124923507024557,CLEAN-TREND,PRE-OPEN,-59.75,23.299999999999997,46.599999999999994,27940.75,27894.15,46.6,91.7,TARGET,1.5,96.0
1785331500,2026-07-29,1,14.6,0.2222222222222222,-1.3897968901319335,BUILDING,PRE-OPEN,23.0,21.9,43.8,27913.25,27891.0,-22.25,-46.0,STOP,4.0,83.75
1785331860,2026-07-29,-1,25.866666666666667,0.1978465679676985,0.6620419735577635,VIOLENT-WHIPSAW,US,-36.75,38.8,77.6,27846.0,27885.25,-39.25,-80.0,STOP,0.6,307.5
1785331980,2026-07-29,1,33.38333333333333,0.3085566119273984,3.75110650761116,BUILDING,US,89.25,50.075,100.15,27960.25,27909.75,-50.5,-102.5,STOP,3.1,36.75
1785332820,2026-07-29,-1,48.96666666666667,0.1956363636363636,-3.272656064263503,VIOLENT-WHIPSAW,US,-67.25,73.45,146.9,27835.5,27688.6,146.9,292.3,TARGET,8.7,325.5
1785340440,2026-07-29,-1,24.08333333333333,0.2507204610951009,-4.5172606417350485,BUILDING,US,-43.5,36.12499999999999,72.24999999999999,27494.5,27531.0,-36.5,-74.5,STOP,5.1,85.5
1785342180,2026-07-29,1,22.4,0.315112540192926,4.60504308904729,BUILDING,US,49.0,33.599999999999994,67.19999999999999,27512.0,27579.2,67.2,132.9,TARGET,6.6,237.75
1785348000,2026-07-29,1,25.916666666666668,0.7214700193423598,6.174411546120006,CLEAN-TREND,US,186.5,38.875,77.75,27850.75,27811.0,-39.75,-81.0,STOP,0.5,246.25
1785366480,2026-07-29,1,13.866666666666667,0.7679814385150812,1.7692982054795137,CLEAN-TREND,OVERNIGHT,82.75,20.8,41.6,27521.25,27500.0,-21.25,-44.0,STOP,1.1,71.0
1785369720,2026-07-30,-1,24.216666666666665,0.3190271816881259,-1.6575327497873285,BUILDING,OVERNIGHT,-55.75,36.324999999999996,72.64999999999999,27494.25,27531.0,-36.75,-75.0,STOP,2.7,22.0
1785369960,2026-07-30,1,29.83333333333333,0.279395900755124,2.2668689138998026,BUILDING,OVERNIGHT,64.75,44.74999999999999,89.49999999999999,27575.0,27530.0,-45.0,-91.5,STOP,31.4,58.5
1785390360,2026-07-30,1,17.466666666666665,0.4947916666666667,3.867694169199928,CLEAN-TREND,OVERNIGHT,47.5,26.199999999999996,52.39999999999999,27537.25,27510.75,-26.5,-54.5,STOP,1.5,0.5
1785394800,2026-07-30,1,18.316666666666663,0.1480263157894736,-0.1568524901603907,VIOLENT-WHIPSAW,PRE-OPEN,22.5,27.474999999999994,54.94999999999999,27480.75,27452.75,-28.0,-57.5,STOP,7.8,40.75
1785402840,2026-07-30,1,15.2,0.5661971830985916,-2.311007261501414,CLEAN-TREND,PRE-OPEN,50.25,22.799999999999997,45.599999999999994,27535.25,27580.85,45.6,89.7,TARGET,20.4,50.75
1785405540,2026-07-30,-1,10.333333333333334,0.3557046979865771,-2.25361255507472,BUILDING,PRE-OPEN,-26.5,15.5,31.0,27516.25,27532.0,-15.75,-33.0,STOP,5.9,28.25
1785412860,2026-07-30,-1,13.816666666666666,0.1691542288557214,0.855140726083077,NORMAL-CHOP,PRE-OPEN,-17.0,20.725,41.45,27698.25,27719.25,-21.0,-43.5,STOP,0.7,-0.5
1785414600,2026-07-30,1,18.85,0.1598513011152416,2.50735295090857,VIOLENT-WHIPSAW,PRE-OPEN,21.5,28.275000000000002,56.550000000000004,27772.75,27743.75,-29.0,-59.5,STOP,0.4,120.0
1785416400,2026-07-30,1,17.416666666666668,0.5706806282722513,1.978474310853359,CLEAN-TREND,PRE-OPEN,54.5,26.125,52.25,27827.75,27880.0,52.25,103.0,TARGET,29.0,334.0
1785418920,2026-07-30,1,45.766666666666666,0.392812887236679,6.202486255877977,BUILDING,US,79.25,68.65,137.3,27937.75,28075.05,137.3,273.1,TARGET,7.8,308.0
1785430800,2026-07-30,1,19.6,0.3868613138686131,4.603129919133326,BUILDING,US,66.25,29.400000000000002,58.800000000000004,28159.25,28192.0,32.75,64.0,TIME,60.0,49.25
1785438120,2026-07-30,1,12.3,0.3,2.6150675428056207,BUILDING,US,19.5,18.450000000000003,36.900000000000006,28202.75,28239.65,36.9,72.3,TARGET,5.5,162.75
1785438540,2026-07-30,1,13.583333333333334,0.802247191011236,3.1120065152759517,CLEAN-TREND,US,89.25,20.375,40.75,28254.75,28295.5,40.75,80.0,TARGET,3.0,110.75
1785441660,2026-07-30,1,32.45,0.439572192513369,5.232699763664641,CLEAN-TREND,OVERNIGHT,102.75,48.675000000000004,97.35000000000001,28333.0,28284.0,-49.0,-99.5,STOP,9.7,77.0
1785453000,2026-07-30,-1,11.716666666666669,0.2580645161290322,-3.046101397386002,BUILDING,OVERNIGHT,-24.0,17.575000000000003,35.150000000000006,28384.0,28402.0,-18.0,-37.5,STOP,30.4,26.25
1785455520,2026-07-30,1,15.683333333333334,0.4060150375939849,3.3642737760288037,CLEAN-TREND,OVERNIGHT,54.0,23.525,47.05,28436.25,28412.25,-24.0,-49.5,STOP,7.8,73.75
1785456840,2026-07-31,1,18.133333333333333,0.3604887983706721,2.00586575872234,BUILDING,OVERNIGHT,44.25,27.2,54.4,28468.25,28522.65,54.4,107.3,TARGET,44.6,101.75
1785461520,2026-07-31,-1,11.266666666666667,0.4213836477987421,2.053392622269318,BUILDING,OVERNIGHT,-33.5,16.900000000000002,33.800000000000004,28532.5,28498.7,33.8,66.1,TARGET,7.6,132.0
1785475680,2026-07-31,1,7.2,0.5129533678756477,6.845016716881816,BUILDING,OVERNIGHT,24.75,10.8,21.6,28578.25,28567.0,-11.25,-24.0,STOP,2.3,34.0
1785476040,2026-07-31,-1,8.7,0.1169811320754717,-1.29383968621753,DEAD-CHOP,OVERNIGHT,-7.75,13.049999999999999,26.099999999999998,28546.75,28560.25,-13.5,-28.5,STOP,4.7,26.75
1785477600,2026-07-31,1,11.166666666666666,0.3453453453453453,2.9099566636242917,BUILDING,OVERNIGHT,28.75,16.75,33.5,28593.0,28576.0,-17.0,-35.5,STOP,29.5,19.25
1785479580,2026-07-31,-1,10.5,0.7831978319783198,-1.4569631611648448,BUILDING,OVERNIGHT,-72.25,15.75,31.5,28535.5,28504.0,31.5,61.5,TARGET,1.7,85.25
1785488400,2026-07-31,1,12.4,0.472,6.233646974555197,CLEAN-TREND,PRE-OPEN,44.25,18.6,37.2,28616.25,28597.25,-19.0,-39.5,STOP,27.5,25.75
1785490560,2026-07-31,-1,10.833333333333334,0.7948717948717948,2.295259882919984,BUILDING,PRE-OPEN,-62.0,16.25,32.5,28552.0,28568.5,-16.5,-34.5,STOP,13.5,32.75
1785492000,2026-07-31,-1,11.116666666666667,0.4358974358974359,-2.089919815275572,BUILDING,PRE-OPEN,-38.25,16.675,33.35,28523.0,28540.0,-17.0,-35.5,STOP,0.7,3.75
1785495660,2026-07-31,1,13.216666666666669,0.2347417840375587,-0.8905316328996946,BUILDING,PRE-OPEN,25.0,19.825000000000003,39.650000000000006,28601.25,28581.0,-20.25,-42.0,STOP,13.9,24.75
1785496560,2026-07-31,-1,13.916666666666666,0.3421750663129973,-2.8118673738153976,BUILDING,PRE-OPEN,-32.25,20.875,41.75,28566.5,28524.75,41.75,82.0,TARGET,16.7,109.5
1785499380,2026-07-31,-1,11.083333333333334,0.4556962025316455,-3.2793477251340053,BUILDING,PRE-OPEN,-36.0,16.625,33.25,28510.5,28477.25,33.25,65.0,TARGET,10.6,78.5
1785504300,2026-07-31,1,11.633333333333333,0.4612794612794613,3.451653312721099,BUILDING,PRE-OPEN,34.25,17.45,34.9,28561.25,28543.5,-17.75,-37.0,STOP,4.0,164.5
1785504660,2026-07-31,1,21.33333333333333,0.7063829787234043,2.9356572912897847,CLEAN-TREND,US,83.0,31.999999999999993,63.999999999999986,28627.0,28691.0,64.0,126.5,TARGET,1.1,98.75
1785505200,2026-07-31,-1,42.28333333333333,0.0756302521008403,0.6418626387082695,VIOLENT-WHIPSAW,US,-24.75,63.425,126.85,28536.25,28409.4,126.85,252.2,TARGET,4.8,456.5
1785505560,2026-07-31,-1,54.583333333333336,0.5362997658079626,-1.2595909288904796,CLEAN-TREND,US,-229.0,81.875,163.75,28396.0,28232.25,163.75,326.0,TARGET,18.0,316.25
1785525480,2026-07-31,1,15.533333333333331,0.3403805496828753,1.148294937069325,BUILDING,US,40.25,23.299999999999997,46.599999999999994,28471.25,28447.5,-23.75,-49.0,STOP,11.4,53.25
1785527940,2026-07-31,-1,27.33333333333333,0.3083743842364532,-6.919239298179798,BUILDING,US,-78.25,40.99999999999999,81.99999999999999,28402.25,28320.25,82.0,162.5,TARGET,53.6,136.25
1785722280,2026-08-03,1,10.55,0.335423197492163,5.0912129836728495,BUILDING,OVERNIGHT,26.75,15.825000000000001,31.650000000000002,28647.25,28631.0,-16.25,-34.0,STOP,1.6,33.5
1785729000,2026-08-03,1,7.9,0.6814159292035398,8.522105087630996,BUILDING,OVERNIGHT,38.5,11.850000000000001,23.700000000000003,28693.25,28681.0,-12.25,-26.0,STOP,4.9,5.0
1785732660,2026-08-03,-1,7.05,0.3047619047619048,-1.3963832451437246,BUILDING,OVERNIGHT,-16.0,10.575,21.15,28660.25,28639.1,21.15,40.8,TARGET,13.8,37.75
1785734100,2026-08-03,-1,9.7,0.437125748502994,1.0445267500425697,BUILDING,OVERNIGHT,-36.5,14.549999999999999,29.099999999999998,28628.0,28643.0,-15.0,-31.5,STOP,9.9,10.5
1785736980,2026-08-03,1,9.05,0.1659919028340081,0.9625725957675948,DEAD-CHOP,OVERNIGHT,10.25,13.575000000000001,27.150000000000002,28653.5,28639.5,-14.0,-29.5,STOP,2.6,7.75
1785738300,2026-08-03,-1,8.9,0.6612021857923497,-3.204796977977978,BUILDING,OVERNIGHT,-30.25,13.350000000000001,26.700000000000003,28625.75,28639.5,-13.75,-29.0,STOP,5.7,63.0
1785739740,2026-08-03,-1,9.616666666666667,0.6305220883534136,-0.6745481189687041,BUILDING,OVERNIGHT,-39.25,14.425,28.85,28598.0,28569.15,28.85,56.2,TARGET,12.3,38.0
1785744180,2026-08-03,-1,12.4,0.3854748603351955,-3.549360784445037,BUILDING,PRE-OPEN,-34.5,18.6,37.2,28539.25,28558.25,-19.0,-39.5,STOP,8.3,67.25
1785746160,2026-08-03,1,15.966666666666669,0.0928961748633879,-0.4791538814687747,VIOLENT-WHIPSAW,PRE-OPEN,12.75,23.950000000000003,47.900000000000006,28524.75,28572.65,47.9,94.3,TARGET,18.6,76.75
1785752400,2026-08-03,-1,12.8,0.3802083333333333,2.0698423909234718,BUILDING,PRE-OPEN,-36.5,19.200000000000003,38.400000000000006,28508.75,28528.25,-19.5,-40.5,STOP,17.1,42.25
1785754800,2026-08-03,-1,12.383333333333333,0.1518987341772152,-6.539891665468391,NORMAL-CHOP,PRE-OPEN,-12.0,18.575,37.15,28512.25,28475.1,37.15,72.8,TARGET,5.8,111.25
1785757080,2026-08-03,-1,16.183333333333334,0.1875,-2.1174223194290698,VIOLENT-WHIPSAW,PRE-OPEN,-28.5,24.275,48.55,28464.5,28415.95,48.55,95.6,TARGET,14.5,81.75
1785763500,2026-08-03,-1,16.6,0.2115732368896926,-0.4161687585841848,BUILDING,PRE-OPEN,-29.25,24.900000000000002,49.800000000000004,28435.25,28385.45,49.8,98.1,TARGET,4.8,122.25
1785763860,2026-08-03,-1,25.933333333333334,0.592814371257485,-6.290221935521773,CLEAN-TREND,US,-123.75,38.9,77.8,28349.75,28389.0,-39.25,-80.0,STOP,2.1,36.75
1785764160,2026-08-03,1,40.11666666666667,0.1058823529411764,1.3534742083118954,VIOLENT-WHIPSAW,US,33.75,60.175,120.35,28500.75,28440.0,-60.75,-123.0,STOP,3.6,211.25
1785765300,2026-08-03,1,45.05,0.2389758179231863,0.2736851363464023,BUILDING,US,84.0,67.57499999999999,135.14999999999998,28557.5,28692.65,135.15,268.8,TARGET,39.7,244.5
1785777000,2026-08-03,1,10.45,0.392156862745098,3.756857441100879,BUILDING,US,30.0,15.674999999999999,31.349999999999998,28852.75,28884.1,31.35,61.2,TARGET,16.2,112.25
1785779700,2026-08-03,1,7.2,0.7055214723926381,2.222183447874187,BUILDING,US,28.75,10.8,21.6,28910.0,28931.6,21.6,41.7,TARGET,5.6,55.0
1785780240,2026-08-03,1,8.183333333333334,0.9728506787330315,2.4606211500965927,BUILDING,US,53.75,12.275,24.55,28946.0,28933.25,-12.75,-27.0,STOP,13.7,19.0
1785786900,2026-08-03,-1,13.983333333333333,0.2777777777777778,-1.448282877294617,BUILDING,US,-27.5,20.974999999999998,41.949999999999996,28881.25,28902.5,-21.25,-44.0,STOP,3.0,15.5
1785796440,2026-08-03,1,6.616666666666666,0.1812865497076023,-4.541245517616135,DEAD-CHOP,OVERNIGHT,7.75,9.924999999999999,19.849999999999998,28951.25,28940.75,-10.5,-22.5,STOP,0.1,11.0
1785796800,2026-08-03,1,8.066666666666666,0.316017316017316,2.3042845651835964,BUILDING,OVERNIGHT,18.25,12.1,24.2,28961.25,28948.75,-12.5,-26.5,STOP,4.4,0.75
1785798360,2026-08-03,-1,6.65,0.2356020942408377,-2.788076902877848,BUILDING,OVERNIGHT,-11.25,9.975000000000001,19.950000000000003,28932.0,28942.25,-10.25,-22.0,STOP,8.9,1.5
1785799140,2026-08-03,1,6.383333333333334,0.3116883116883117,-0.3364304838371568,BUILDING,OVERNIGHT,12.0,9.575000000000001,19.150000000000002,28951.25,28941.25,-10.0,-21.5,STOP,6.1,27.75
1785800280,2026-08-03,-1,6.8,0.282258064516129,-1.67066289542177,BUILDING,OVERNIGHT,-17.5,10.2,20.4,28935.0,28945.75,-10.75,-23.0,STOP,2.3,63.25
1785800820,2026-08-03,1,7.783333333333333,0.0875912408759124,4.84367414630177,DEAD-CHOP,OVERNIGHT,6.0,11.675,23.35,28959.5,28947.5,-12.0,-25.5,STOP,12.4,19.5
1785802320,2026-08-04,-1,15.166666666666666,0.2535885167464115,-6.825135935116659,BUILDING,OVERNIGHT,-26.5,22.75,45.5,28931.5,28886.0,45.5,89.5,TARGET,21.8,100.0
1785805200,2026-08-04,-1,15.1,0.2085308056872037,-2.430086453334482,BUILDING,OVERNIGHT,-22.0,22.65,45.3,28855.75,28878.75,-23.0,-47.5,STOP,14.3,24.25
1785807000,2026-08-04,1,13.3,0.455,1.6293150045995226,CLEAN-TREND,OVERNIGHT,45.5,19.950000000000003,39.900000000000006,28917.5,28957.4,39.9,78.3,TARGET,14.4,131.75
1785808260,2026-08-04,1,13.65,0.7303822937625755,6.242982737251691,CLEAN-TREND,OVERNIGHT,90.75,20.475,40.95,29011.75,28991.0,-20.75,-43.0,STOP,14.2,37.5
1785809400,2026-08-04,-1,15.183333333333334,0.5258620689655172,1.890119192230842,CLEAN-TREND,OVERNIGHT,-61.0,22.775,45.55,28975.75,28955.0,20.75,40.0,TIME,60.0,33.0
1785814320,2026-08-04,1,11.7,0.7298850574712644,1.786971994805762,BUILDING,OVERNIGHT,63.5,17.549999999999997,35.099999999999994,29000.5,28982.5,-18.0,-37.5,STOP,7.4,16.25
1785820800,2026-08-04,1,10.25,0.1629392971246006,-1.5199819555538885,NORMAL-CHOP,OVERNIGHT,12.75,15.375,30.75,29012.25,29043.0,30.75,60.0,TARGET,13.5,81.75
1785821700,2026-08-04,1,9.6,0.5957446808510638,11.03918562581883,BUILDING,OVERNIGHT,42.0,14.399999999999999,28.799999999999997,29053.75,29082.55,28.8,56.1,TARGET,30.9,45.25
1785826800,2026-08-04,1,7.683333333333334,0.3784860557768924,0.0978160649230592,BUILDING,PRE-OPEN,23.75,11.525,23.05,29077.5,29100.55,23.05,44.6,TARGET,1.8,40.75
1785828360,2026-08-04,1,13.383333333333333,0.4717832957110609,1.1368308254491892,CLEAN-TREND,PRE-OPEN,52.25,20.075,40.15,29105.0,29084.5,-20.5,-42.5,STOP,10.5,27.25
1785833160,2026-08-04,-1,11.883333333333333,0.5989717223650386,-1.3879127281745112,BUILDING,PRE-OPEN,-58.25,17.825,35.65,29041.75,29060.0,-18.25,-38.0,STOP,1.2,34.25
1785836700,2026-08-04,1,8.6,0.6306306306306306,-5.585105618720665,BUILDING,PRE-OPEN,35.0,12.899999999999999,25.799999999999997,29083.0,29069.75,-13.25,-28.0,STOP,0.8,57.25
1785839760,2026-08-04,-1,9.483333333333333,0.395017793594306,-6.120737568457025,BUILDING,PRE-OPEN,-27.75,14.224999999999998,28.449999999999996,29080.0,29094.5,-14.5,-30.5,STOP,6.3,6.5
1785840240,2026-08-04,1,13.633333333333333,0.2179487179487179,8.864979306726724,BUILDING,PRE-OPEN,25.5,20.45,40.9,29121.75,29162.65,40.9,80.3,TARGET,36.8,90.75
1785843780,2026-08-04,1,11.883333333333333,0.2623376623376623,10.7960184960225,BUILDING,PRE-OPEN,25.25,17.825,35.65,29194.75,29176.5,-18.25,-38.0,STOP,0.4,51.25
1785844320,2026-08-04,1,17.016666666666666,0.5762376237623762,-0.9230546080931088,CLEAN-TREND,PRE-OPEN,72.75,25.525,51.05,29237.5,29211.5,-26.0,-53.5,STOP,12.9,6.5
1785848520,2026-08-04,1,11.683333333333334,0.2597864768683274,3.49429423323744,BUILDING,PRE-OPEN,18.25,17.525,35.05,29220.5,29255.55,35.05,68.6,TARGET,17.7,284.0
1785850200,2026-08-04,1,24.166666666666668,0.3524057217165149,0.5630625835935613,BUILDING,US,67.75,36.25,72.5,29302.75,29375.25,72.5,143.5,TARGET,3.9,261.5
1785850500,2026-08-04,1,28.416666666666668,0.5514018691588785,1.5039246986192571,CLEAN-TREND,US,132.75,42.625,85.25,29403.75,29360.75,-43.0,-87.5,STOP,1.5,164.0
1785850860,2026-08-04,1,35.28333333333333,0.6106623586429726,0.9246305841116732,CLEAN-TREND,US,189.0,52.925,105.85,29428.25,29534.1,105.85,210.2,TARGET,29.8,151.0
1785857880,2026-08-04,1,13.733333333333333,0.1471321695760598,5.9472438781736825,NORMAL-CHOP,US,14.75,20.599999999999998,41.199999999999996,29672.5,29713.7,41.2,80.9,TARGET,42.0,59.0
1785862800,2026-08-04,1,9.4,0.4307116104868914,2.7492480958973324,BUILDING,US,28.75,14.100000000000001,28.200000000000003,29761.5,29789.7,28.2,54.9,TARGET,4.4,136.75
1785864360,2026-08-04,1,11.8,0.2923076923076923,2.86976626109459,BUILDING,US,23.75,17.700000000000003,35.400000000000006,29817.5,29852.9,35.4,69.3,TARGET,13.4,80.75
1785866400,2026-08-04,-1,17.033333333333335,0.4684512428298279,-4.495849561544723,CLEAN-TREND,US,-61.25,25.550000000000004,51.10000000000001,29819.25,29845.25,-26.0,-53.5,STOP,1.0,9.25
1785870000,2026-08-04,1,11.35,0.403076923076923,2.528805153696215,BUILDING,US,32.75,17.025,34.05,29902.25,29936.3,34.05,66.6,TARGET,10.9,54.25
1785873240,2026-08-04,-1,15.983333333333333,0.447191011235955,-3.538560647437425,CLEAN-TREND,US,-49.75,23.974999999999998,47.949999999999996,29871.5,29895.75,-24.25,-50.0,STOP,5.1,113.75
1785883380,2026-08-04,-1,9.15,0.528957528957529,-4.11860859492878,BUILDING,OVERNIGHT,-34.25,13.725000000000001,27.450000000000003,29796.25,29810.25,-14.0,-29.5,STOP,2.8,3.25
1785884280,2026-08-04,1,7.716666666666667,0.4172661870503597,1.8723449884157275,BUILDING,OVERNIGHT,29.0,11.575,23.15,29824.75,29812.75,-12.0,-25.5,STOP,1.6,32.5
1785884640,2026-08-04,1,9.85,0.4750830564784053,7.838193682167063,BUILDING,OVERNIGHT,35.75,14.774999999999999,29.549999999999997,29839.0,29823.75,-15.25,-32.0,STOP,19.6,18.25
1785886440,2026-08-04,-1,9.233333333333333,0.5238095238095238,-1.903553892953305,BUILDING,OVERNIGHT,-38.5,13.849999999999998,27.699999999999996,29804.75,29819.0,-14.25,-30.0,STOP,4.8,2.0
1785886800,2026-08-04,1,11.033333333333331,0.1561643835616438,1.7130823946105138,NORMAL-CHOP,OVERNIGHT,14.25,16.549999999999997,33.099999999999994,29838.5,29820.0,-18.5,-38.5,STOP,19.5,39.0
1785888360,2026-08-05,1,17.033333333333335,0.1132075471698113,3.954566675035714,VIOLENT-WHIPSAW,OVERNIGHT,15.0,25.550000000000004,51.10000000000001,29861.0,29835.0,-26.0,-53.5,STOP,1.7,16.5
1785889800,2026-08-05,1,11.116666666666667,0.1720430107526881,1.3063226769909435,NORMAL-CHOP,OVERNIGHT,16.0,16.675,33.35,29869.5,29852.5,-17.0,-35.5,STOP,8.1,7.0
1785890880,2026-08-05,-1,11.383333333333333,0.6796875,-4.588915875193351,BUILDING,OVERNIGHT,-43.5,17.075,34.15,29824.25,29841.75,-17.5,-36.5,STOP,2.8,27.5
1785903660,2026-08-05,-1,6.7,0.5025906735751295,-1.2435271740697391,BUILDING,OVERNIGHT,-24.25,10.05,20.1,29861.75,29872.25,-10.5,-22.5,STOP,5.9,2.5
1785904320,2026-08-05,1,6.666666666666667,0.1603053435114503,1.6435999395468734,DEAD-CHOP,OVERNIGHT,10.5,10.0,20.0,29888.5,29908.5,20.0,38.5,TARGET,10.2,60.5
1785906060,2026-08-05,1,8.716666666666667,0.2323943661971831,0.8912701885811215,BUILDING,OVERNIGHT,16.5,13.075,26.15,29922.25,29948.4,26.15,50.8,TARGET,25.0,64.5
1785907800,2026-08-05,-1,6.95,0.2727272727272727,-6.596032222156377,BUILDING,OVERNIGHT,-15.0,10.425,20.85,29925.5,29936.25,-10.75,-23.0,STOP,10.5,5.25
1785909060,2026-08-05,1,6.75,0.7345971563981043,7.146498375331697,BUILDING,OVERNIGHT,38.75,10.125,20.25,29965.25,29985.5,20.25,39.0,TARGET,7.7,25.5
1785910860,2026-08-05,-1,8.95,0.3226666666666666,-1.0809193787524447,BUILDING,OVERNIGHT,-30.25,13.424999999999999,26.849999999999998,29939.25,29953.0,-13.75,-29.0,STOP,10.4,14.0
1785913200,2026-08-05,1,8.8,0.6945812807881774,-0.7996935590696505,BUILDING,PRE-OPEN,35.25,13.200000000000001,26.400000000000002,29973.25,29959.75,-13.5,-28.5,STOP,4.9,14.0
1785914880,2026-08-05,-1,9.866666666666667,0.6085106382978723,-3.5640457139479267,BUILDING,PRE-OPEN,-35.75,14.8,29.6,29908.0,29923.25,-15.25,-32.0,STOP,34.4,88.0
1785917400,2026-08-05,-1,11.983333333333333,0.1625,-4.6383165308359855,NORMAL-CHOP,PRE-OPEN,-13.0,17.974999999999998,35.949999999999996,29881.75,29845.8,35.95,70.4,TARGET,10.8,85.0
1785918600,2026-08-05,-1,13.733333333333333,0.4784688995215311,-0.1443932602274993,CLEAN-TREND,PRE-OPEN,-50.0,20.599999999999998,41.199999999999996,29813.5,29834.5,-21.0,-43.5,STOP,4.6,16.75
1785926700,2026-08-05,-1,9.8,0.1530944625407166,2.8402005781846147,DEAD-CHOP,PRE-OPEN,-11.75,14.700000000000001,29.400000000000002,29838.75,29853.75,-15.0,-31.5,STOP,6.9,5.0
1785927600,2026-08-05,1,10.966666666666669,0.485254691689008,8.860896827896724,BUILDING,PRE-OPEN,45.25,16.450000000000003,32.900000000000006,29884.0,29916.9,32.9,64.3,TARGET,8.4,59.75
1785931440,2026-08-05,-1,11.366666666666667,0.3576642335766423,-2.5167957808261527,BUILDING,PRE-OPEN,-36.75,17.05,34.1,29902.75,29920.25,-17.5,-36.5,STOP,8.6,14.25
1785932820,2026-08-05,1,15.433333333333334,0.2322834645669291,3.7200107508399607,BUILDING,PRE-OPEN,29.5,23.15,46.3,29935.5,29912.0,-23.5,-48.5,STOP,3.9,19.0
1785936420,2026-08-05,1,12.05,0.1016949152542373,0.9356429375190692,NORMAL-CHOP,PRE-OPEN,9.0,18.075000000000003,36.150000000000006,29945.0,29981.15,36.15,70.8,TARGET,2.0,128.25
1785936780,2026-08-05,1,22.866666666666667,0.4141935483870967,1.212557809219632,CLEAN-TREND,US,80.25,34.3,68.6,29996.75,29962.0,-34.75,-71.0,STOP,2.4,76.5
1785938520,2026-08-05,-1,43.36666666666667,0.3406940063091482,-1.6782596977775754,BUILDING,US,-108.0,65.05,130.1,29936.0,30001.5,-65.5,-132.5,STOP,2.4,148.25
1785954600,2026-08-05,-1,11.733333333333333,0.3432835820895522,-0.0732098496112617,BUILDING,US,-34.5,17.599999999999998,35.199999999999996,29747.5,29765.5,-18.0,-37.5,STOP,17.4,29.5
1785956700,2026-08-05,1,13.25,0.1457286432160804,5.7863680462755145,NORMAL-CHOP,US,14.5,19.875,39.75,29772.5,29752.25,-20.25,-42.0,STOP,24.0,7.5
1785958380,2026-08-05,-1,12.25,0.4145077720207253,-0.9991803332491932,BUILDING,US,-40.0,18.375,36.75,29734.5,29697.75,36.75,72.0,TARGET,12.3,203.75
1785959760,2026-08-05,-1,15.85,0.3690987124463519,-1.2942892985060217,BUILDING,US,-43.0,23.775,47.55,29680.75,29633.2,47.55,93.6,TARGET,2.7,150.0
1785968580,2026-08-05,1,10.433333333333334,0.5897435897435898,1.0431000487012343,BUILDING,OVERNIGHT,46.0,15.65,31.3,29630.25,29661.55,31.3,61.1,TARGET,9.5,48.5
1785972720,2026-08-05,-1,10.583333333333334,0.3161290322580645,-3.185480226604986,BUILDING,OVERNIGHT,-24.5,15.875,31.75,29601.75,29570.0,31.75,62.0,TARGET,15.7,55.5
1785974400,2026-08-06,-1,12.033333333333331,0.2161383285302593,-3.377278585961304,BUILDING,OVERNIGHT,-18.75,18.049999999999997,36.099999999999994,29561.5,29580.0,-18.5,-38.5,STOP,1.3,36.5
1785974880,2026-08-06,1,16.133333333333333,0.0926365795724465,2.0521660994565845,VIOLENT-WHIPSAW,OVERNIGHT,9.75,24.2,48.4,29592.5,29568.0,-24.5,-50.5,STOP,1.7,16.25
1785978000,2026-08-06,-1,12.25,0.4405940594059406,0.3029683609775989,BUILDING,OVERNIGHT,-44.5,18.375,36.75,29525.0,29488.25,36.75,72.0,TARGET,19.6,70.75
1785995280,2026-08-06,-1,12.75,0.1573033707865168,-0.5633757448184881,NORMAL-CHOP,OVERNIGHT,-14.0,19.125,38.25,29547.75,29567.25,-19.5,-40.5,STOP,4.9,63.75
1785996780,2026-08-06,-1,12.633333333333333,0.6533333333333333,0.0583011105965111,CLEAN-TREND,OVERNIGHT,-61.25,18.95,37.9,29507.25,29526.5,-19.25,-40.0,STOP,10.6,23.25
1785999960,2026-08-06,1,11.4,0.5313531353135313,-2.220897144357189,BUILDING,PRE-OPEN,40.25,17.1,34.2,29545.5,29527.75,-17.75,-37.0,STOP,20.1,18.5
1786003320,2026-08-06,-1,11.283333333333331,0.2931937172774869,-1.8673195703627408,BUILDING,PRE-OPEN,-28.0,16.924999999999997,33.849999999999994,29495.0,29461.15,33.85,66.2,TARGET,6.9,50.75
1786003800,2026-08-06,-1,17.166666666666668,0.4085470085470085,-6.418192915313028,CLEAN-TREND,PRE-OPEN,-59.75,25.75,51.5,29449.75,29475.75,-26.0,-53.5,STOP,5.8,12.0
1786013100,2026-08-06,-1,8.566666666666666,0.8351648351648352,-1.709671899319113,BUILDING,PRE-OPEN,-38.0,12.85,25.7,29474.0,29487.25,-13.25,-28.0,STOP,1.3,109.25
1786014000,2026-08-06,-1,13.333333333333334,0.3893129770992366,-0.5011286728202518,BUILDING,PRE-OPEN,-51.0,20.0,40.0,29422.75,29382.75,40.0,78.5,TARGET,3.2,58.0
1786014360,2026-08-06,-1,17.8,0.5949720670391061,-1.4987415182739825,CLEAN-TREND,PRE-OPEN,-106.5,26.700000000000003,53.400000000000006,29370.5,29397.5,-27.0,-55.5,STOP,1.1,5.75
1786015800,2026-08-06,1,11.95,0.6076294277929155,0.6473427452814238,BUILDING,PRE-OPEN,55.75,17.924999999999997,35.849999999999994,29489.75,29471.5,-18.25,-38.0,STOP,17.0,26.25
1786021200,2026-08-06,-1,12.4,0.4597156398104265,-2.6891277106766585,CLEAN-TREND,PRE-OPEN,-48.5,18.6,37.2,29376.75,29395.75,-19.0,-39.5,STOP,1.0,135.75
1786021620,2026-08-06,-1,13.616666666666667,0.4761061946902655,-4.712079213378384,CLEAN-TREND,PRE-OPEN,-67.25,20.425,40.85,29358.0,29317.15,40.85,80.2,TARGET,23.0,117.0
1786023120,2026-08-06,-1,23.133333333333333,0.6084656084656085,4.66091524023833,CLEAN-TREND,US,-86.25,34.7,69.4,29262.75,29297.75,-35.0,-71.5,STOP,1.2,21.75
1786023360,2026-08-06,1,34.75,0.2017857142857143,5.742350897177585,BUILDING,US,56.5,52.125,104.25,29414.0,29518.25,104.25,207.0,TARGET,11.0,252.5
1786040160,2026-08-06,1,17.366666666666667,0.3987473903966597,-5.42091992237715,BUILDING,US,47.75,26.05,52.1,29567.75,29541.25,-26.5,-54.5,STOP,16.0,8.25
1786045800,2026-08-06,-1,13.266666666666667,0.4569536423841059,-5.3562022165781125,CLEAN-TREND,US,-51.75,19.900000000000002,39.800000000000004,29480.25,29500.5,-20.25,-42.0,STOP,2.5,5.25
1786046040,2026-08-06,1,17.166666666666668,0.1404399323181049,-1.0229486342597538,VIOLENT-WHIPSAW,US,20.75,25.75,51.5,29531.5,29505.5,-26.0,-53.5,STOP,4.1,20.0
1786055520,2026-08-06,-1,9.45,0.6015325670498084,-2.046841347156391,BUILDING,OVERNIGHT,-39.25,14.174999999999999,28.349999999999998,29532.5,29547.0,-14.5,-30.5,STOP,8.1,3.25
1786058340,2026-08-06,1,6.883333333333334,0.1216931216931216,3.8759759129354414,DEAD-CHOP,OVERNIGHT,5.75,10.325000000000001,20.650000000000002,29572.75,29593.4,20.65,39.8,TARGET,5.2,46.5
1786060200,2026-08-06,1,9.716666666666669,0.2183098591549295,-3.041344048943866,BUILDING,OVERNIGHT,15.5,14.575000000000003,29.150000000000006,29601.25,29586.25,-15.0,-31.5,STOP,6.1,18.0
1786060920,2026-08-07,1,10.416666666666666,0.2684563758389262,-1.108474015391703,BUILDING,OVERNIGHT,20.0,15.625,31.25,29607.5,29591.5,-16.0,-33.5,STOP,3.7,11.75
1786061700,2026-08-07,-1,16.516666666666666,0.3445378151260504,-4.793316744252856,BUILDING,OVERNIGHT,-41.0,24.775,49.55,29545.5,29570.75,-25.25,-52.0,STOP,18.8,49.25
1786065600,2026-08-07,-1,16.283333333333335,0.6259541984732825,-6.304074408910403,CLEAN-TREND,OVERNIGHT,-82.0,24.425000000000004,48.85000000000001,29486.75,29511.5,-24.75,-51.0,STOP,6.0,3.75
1786070340,2026-08-07,-1,12.083333333333334,0.4906542056074766,-2.9565125760409763,BUILDING,OVERNIGHT,-52.5,18.125,36.25,29485.75,29504.25,-18.5,-38.5,STOP,4.0,9.75
1786075980,2026-08-07,-1,8.5,0.2254901960784313,-6.989189287503516,BUILDING,OVERNIGHT,-11.5,12.75,25.5,29476.5,29489.5,-13.0,-27.5,STOP,6.4,21.5
1786076460,2026-08-07,1,11.6,0.175531914893617,3.172562643169801,NORMAL-CHOP,OVERNIGHT,16.5,17.4,34.8,29509.5,29491.75,-17.75,-37.0,STOP,4.7,47.5
1786077000,2026-08-07,1,12.816666666666666,0.4857142857142857,0.8651606289653611,CLEAN-TREND,OVERNIGHT,51.0,19.225,38.45,29523.75,29504.25,-19.5,-40.5,STOP,6.6,33.25
1786079280,2026-08-07,1,9.716666666666669,0.8217821782178217,6.944108392087021,BUILDING,OVERNIGHT,62.25,14.575000000000003,29.150000000000006,29554.25,29539.25,-15.0,-31.5,STOP,1.1,5.75
1786082640,2026-08-07,1,7.233333333333333,0.1403508771929824,-0.9198113764172866,DEAD-CHOP,OVERNIGHT,8.0,10.85,21.7,29540.75,29562.45,21.7,41.9,TARGET,7.8,44.0
1786083840,2026-08-07,1,8.0,0.2313167259786477,0.2813807067635988,BUILDING,OVERNIGHT,16.25,12.0,24.0,29569.25,29557.0,-12.25,-26.0,STOP,15.5,23.75
1786084860,2026-08-07,-1,9.516666666666667,0.1854304635761589,-0.5805895487526282,DEAD-CHOP,OVERNIGHT,-14.0,14.275000000000002,28.550000000000004,29546.0,29560.75,-14.75,-31.0,STOP,24.4,14.25
1786089600,2026-08-07,1,8.683333333333334,0.2671755725190839,1.6575237661615632,BUILDING,PRE-OPEN,17.5,13.025,26.05,29593.5,29619.55,26.05,50.6,TARGET,12.3,54.0
1786098120,2026-08-07,-1,7.066666666666666,0.5148514851485149,-0.5125708130061052,BUILDING,PRE-OPEN,-26.0,10.6,21.2,29594.5,29605.5,-11.0,-23.5,STOP,1.9,0.5
1786100400,2026-08-07,1,8.0,0.2355555555555555,-5.130538072259654,BUILDING,PRE-OPEN,13.25,12.0,24.0,29634.25,29658.25,24.0,46.5,TARGET,27.8,35.5
1786103520,2026-08-07,-1,6.533333333333333,0.2584269662921348,1.455904197582067,BUILDING,PRE-OPEN,-11.5,9.8,19.6,29642.25,29622.65,19.6,37.7,TARGET,5.4,46.25
1786105800,2026-08-07,1,23.2,0.443207126948775,0.9272633479353596,CLEAN-TREND,PRE-OPEN,49.75,34.8,69.6,29716.0,29785.6,69.6,137.7,TARGET,8.4,151.25
1786106520,2026-08-07,1,34.61666666666667,0.7875166002656042,-0.3434942641048055,CLEAN-TREND,PRE-OPEN,148.25,51.925,103.85,29810.0,29757.75,-52.25,-106.0,STOP,28.3,57.25
1786109520,2026-08-07,1,24.48333333333333,0.2546230440967283,-0.8565370558020577,BUILDING,US,44.75,36.724999999999994,73.44999999999999,29774.25,29737.25,-37.0,-75.5,STOP,3.4,47.5
1786110960,2026-08-07,-1,38.53333333333333,0.075268817204301,-3.391161027321081,VIOLENT-WHIPSAW,US,-21.0,57.8,115.6,29693.75,29578.15,115.6,229.7,TARGET,15.1,129.5
1786119900,2026-08-07,-1,18.866666666666667,0.7413479052823315,-5.639404945140306,CLEAN-TREND,US,-101.75,28.3,56.6,29720.75,29749.5,-28.75,-59.0,STOP,13.1,51.75
1786128240,2026-08-07,-1,10.966666666666669,0.2960893854748603,-2.3823589227691677,BUILDING,US,-26.5,16.450000000000003,32.900000000000006,29680.5,29697.25,-16.75,-35.0,STOP,4.0,3.75
1786129140,2026-08-07,1,11.0,0.4521963824289405,4.752952190940617,BUILDING,US,43.75,16.5,33.0,29724.0,29757.0,33.0,64.5,TARGET,1.4,136.5
1786129800,2026-08-07,1,15.45,0.7635135135135135,0.0675046303406207,CLEAN-TREND,US,113.0,23.174999999999997,46.349999999999994,29808.25,29784.75,-23.5,-48.5,STOP,22.8,52.25
1786132200,2026-08-07,1,12.633333333333333,0.299719887955182,1.3975801754383936,BUILDING,US,26.75,18.95,37.9,29809.75,29847.65,37.9,74.3,TARGET,4.1,50.75
1786329540,2026-08-10,1,7.95,0.3870967741935484,1.9168943696467144,BUILDING,OVERNIGHT,24.0,11.925,23.85,29882.25,29870.0,-12.25,-26.0,STOP,33.7,17.0
1786334100,2026-08-10,-1,6.283333333333333,0.4044943820224719,2.3987704126940934,BUILDING,OVERNIGHT,-18.0,9.425,18.85,29872.75,29882.5,-9.75,-21.0,STOP,2.6,9.0
1786336800,2026-08-10,-1,7.1,0.4921875,-1.3707000526944753,BUILDING,OVERNIGHT,-31.5,10.649999999999999,21.299999999999997,29869.5,29880.5,-11.0,-23.5,STOP,2.2,1.75
1786338300,2026-08-10,1,8.066666666666666,0.1637931034482758,1.8329581037051876,DEAD-CHOP,OVERNIGHT,9.5,12.1,24.2,29906.0,29930.2,24.2,46.9,TARGET,52.0,36.5
1786341600,2026-08-10,1,5.933333333333334,0.6043956043956044,2.09302709491508,BUILDING,OVERNIGHT,27.5,8.9,17.8,29934.75,29952.55,17.8,34.1,TARGET,10.2,29.0
1786345800,2026-08-10,-1,9.033333333333331,0.2044609665427509,-2.9138513398528967,BUILDING,PRE-OPEN,-13.75,13.549999999999997,27.099999999999994,29898.75,29912.75,-14.0,-29.5,STOP,3.2,12.0
1786346400,2026-08-10,1,9.85,0.2793733681462141,-1.5643691870154095,BUILDING,PRE-OPEN,26.75,14.774999999999999,29.549999999999997,29941.75,29971.3,29.55,57.6,TARGET,24.2,43.25
1786348920,2026-08-10,1,9.433333333333334,0.2977099236641221,0.2317313681582094,BUILDING,PRE-OPEN,19.5,14.15,28.3,29975.25,29960.75,-14.5,-30.5,STOP,3.7,6.0
1786354560,2026-08-10,-1,7.316666666666666,0.2838427947598253,0.982286752972023,BUILDING,PRE-OPEN,-16.25,10.975,21.95,29952.75,29930.8,21.95,42.4,TARGET,34.4,37.5
1786358400,2026-08-10,-1,7.316666666666666,0.6090909090909091,-4.554958523361793,BUILDING,PRE-OPEN,-33.5,10.975,21.95,29914.25,29925.5,-11.25,-24.0,STOP,9.5,62.5
1786359600,2026-08-10,-1,9.616666666666667,0.3417721518987341,-1.2957271250712927,BUILDING,PRE-OPEN,-27.0,14.425,28.85,29894.0,29865.15,28.85,56.2,TARGET,11.4,48.75
1786362480,2026-08-10,-1,11.65,0.60625,-5.388180930212001,BUILDING,PRE-OPEN,-48.5,17.475,34.95,29858.5,29876.25,-17.75,-37.0,STOP,8.6,78.25
1786365300,2026-08-10,-1,9.666666666666666,0.6305220883534136,-2.259584589398989,BUILDING,PRE-OPEN,-39.25,14.5,29.0,29793.25,29808.0,-14.75,-31.0,STOP,0.9,66.5
1786368600,2026-08-10,1,15.916666666666666,0.245360824742268,-0.3194062707561617,BUILDING,US,29.75,23.875,47.75,29823.0,29798.75,-24.25,-50.0,STOP,0.8,77.0
1786368840,2026-08-10,-1,24.616666666666667,0.3703703703703703,-22.03639974451549,BUILDING,US,-75.0,36.925,73.85,29740.5,29777.75,-37.25,-76.0,STOP,0.8,21.5
1786379520,2026-08-10,-1,15.166666666666666,0.3596837944664031,-0.0747433808342624,BUILDING,US,-45.5,22.75,45.5,29781.0,29735.5,45.5,89.5,TARGET,10.6,50.75
1786386660,2026-08-10,1,7.45,0.2222222222222222,1.4276305012267496,BUILDING,US,13.0,11.175,22.35,29762.25,29750.75,-11.5,-24.5,STOP,5.1,34.25
1786391400,2026-08-10,-1,10.633333333333333,0.2578313253012048,-10.648571629532167,BUILDING,US,-26.75,15.95,31.9,29748.5,29764.75,-16.25,-34.0,STOP,57.3,25.75
1786400460,2026-08-10,-1,7.5,0.6164383561643836,0.0479663151013646,BUILDING,OVERNIGHT,-33.75,11.25,22.5,29734.75,29746.25,-11.5,-24.5,STOP,4.3,26.25
1786404000,2026-08-10,-1,4.266666666666667,0.5555555555555556,-10.10559644600012,BUILDING,OVERNIGHT,-15.0,6.4,12.8,29713.75,29720.5,-6.75,-15.0,STOP,0.3,47.75
1786406100,2026-08-10,-1,7.9,0.4923857868020304,-4.004634946405577,BUILDING,OVERNIGHT,-24.25,11.850000000000001,23.700000000000003,29685.0,29697.25,-12.25,-26.0,STOP,3.5,19.0
1786406520,2026-08-11,-1,11.7,0.4576271186440678,-3.4196683545748585,BUILDING,OVERNIGHT,-47.25,17.549999999999997,35.099999999999994,29671.0,29689.0,-18.0,-37.5,STOP,2.0,3.5
1786407000,2026-08-11,1,15.016666666666667,0.2768595041322314,0.0526359698456427,BUILDING,OVERNIGHT,33.5,22.525000000000002,45.050000000000004,29718.75,29763.8,45.05,88.6,TARGET,16.6,84.25
1786410120,2026-08-11,-1,8.616666666666667,0.1721311475409836,-2.66415735018983,DEAD-CHOP,OVERNIGHT,-10.5,12.925,25.85,29775.25,29788.5,-13.25,-28.0,STOP,6.9,11.0
1786410780,2026-08-11,1,11.533333333333331,0.3301204819277108,-0.4505160475434678,BUILDING,OVERNIGHT,34.25,17.299999999999997,34.599999999999994,29821.75,29820.0,-1.75,-5.0,TIME,60.0,21.0
1786415400,2026-08-11,1,5.55,0.3557046979865771,-1.4796613223718384,BUILDING,OVERNIGHT,13.25,8.325,16.65,29830.75,29822.0,-8.75,-19.0,STOP,23.4,16.75
1786418580,2026-08-11,1,5.8,0.4110429447852761,0.1493815131868204,BUILDING,OVERNIGHT,16.75,8.7,17.4,29839.0,29830.0,-9.0,-19.5,STOP,9.5,11.75
1786421400,2026-08-11,1,5.016666666666667,0.1724137931034483,0.8908278074322317,DEAD-CHOP,OVERNIGHT,7.5,7.525,15.05,29846.0,29861.05,15.05,28.6,TARGET,20.9,16.0
1786425540,2026-08-11,-1,6.0,0.1578947368421052,-1.857163809312729,DEAD-CHOP,OVERNIGHT,-7.5,9.0,18.0,29827.75,29809.75,18.0,34.5,TARGET,10.2,40.75
1786426260,2026-08-11,-1,7.3,0.8640776699029126,2.516829047209924,BUILDING,OVERNIGHT,-44.5,10.95,21.9,29802.25,29813.5,-11.25,-24.0,STOP,2.6,39.25
1786427460,2026-08-11,-1,7.533333333333333,0.7282608695652174,-3.153535920520804,BUILDING,OVERNIGHT,-33.5,11.3,22.6,29789.5,29801.25,-11.75,-25.0,STOP,4.7,57.25
1786429140,2026-08-11,-1,7.45,0.3497942386831276,1.9078401476110536,BUILDING,OVERNIGHT,-21.25,11.175,22.35,29792.0,29769.65,22.35,43.2,TARGET,6.3,59.75
1786429920,2026-08-11,-1,10.533333333333331,0.6813186813186813,2.2878745361484936,BUILDING,OVERNIGHT,-62.0,15.799999999999997,31.599999999999994,29745.75,29762.0,-16.25,-34.0,STOP,6.5,19.75
1786430400,2026-08-11,1,13.15,0.0695443645083932,-3.691875440104672,NORMAL-CHOP,OVERNIGHT,7.25,19.725,39.45,29781.75,29761.75,-20.0,-41.5,STOP,8.7,7.5
1786435200,2026-08-11,1,8.833333333333334,0.1510204081632653,1.1188211209374848,DEAD-CHOP,PRE-OPEN,9.25,13.25,26.5,29781.0,29767.5,-13.5,-28.5,STOP,5.6,24.5
1786435740,2026-08-11,-1,13.2,0.086859688195991,-2.062571539777198,NORMAL-CHOP,PRE-OPEN,-9.75,19.799999999999997,39.599999999999994,29748.0,29721.5,26.5,51.5,TIME,60.0,30.5
1786443420,2026-08-11,1,7.433333333333334,0.1607142857142857,2.309406472182905,DEAD-CHOP,PRE-OPEN,9.0,11.15,22.3,29771.75,29794.05,22.3,43.1,TARGET,4.7,115.25
1786443780,2026-08-11,1,7.933333333333334,0.5389830508474577,-2.252269713744391,BUILDING,PRE-OPEN,39.75,11.9,23.8,29802.0,29825.8,23.8,46.1,TARGET,4.3,85.0
1786446060,2026-08-11,1,8.333333333333334,0.6595744680851063,5.757238496737261,BUILDING,PRE-OPEN,54.25,12.5,25.0,29873.25,29860.5,-12.75,-27.0,STOP,1.2,13.75
1786447920,2026-08-11,-1,7.85,0.5935828877005348,-2.9845838181152717,BUILDING,PRE-OPEN,-27.75,11.774999999999999,23.549999999999997,29822.5,29834.75,-12.25,-26.0,STOP,9.6,12.0
1786450560,2026-08-11,1,7.916666666666667,0.6747404844290658,1.4278278536089866,BUILDING,PRE-OPEN,48.75,11.875,23.75,29871.0,29858.75,-12.25,-26.0,STOP,2.8,0.0
1786450980,2026-08-11,-1,10.6,0.3374233128834356,-1.3229864959860087,BUILDING,PRE-OPEN,-27.5,15.899999999999999,31.799999999999997,29821.5,29837.75,-16.25,-34.0,STOP,10.8,8.5
1786453920,2026-08-11,-1,8.75,0.2103746397694524,1.7717506708845576,BUILDING,PRE-OPEN,-18.25,13.125,26.25,29825.25,29838.75,-13.5,-28.5,STOP,4.6,189.25
1786454880,2026-08-11,1,9.516666666666667,0.2319391634980988,2.1371654497977643,BUILDING,PRE-OPEN,15.25,14.275000000000002,28.550000000000004,29844.25,29829.5,-14.75,-31.0,STOP,1.0,-0.5
1786455060,2026-08-11,-1,15.883333333333333,0.4645669291338583,1.2648569046247793,CLEAN-TREND,US,-59.0,23.825,47.65,29766.25,29718.6,47.65,93.8,TARGET,3.4,130.25
1786455960,2026-08-11,-1,35.333333333333336,0.4035785288270377,0.2170229153824454,CLEAN-TREND,US,-101.5,53.0,106.0,29664.0,29717.25,-53.25,-108.0,STOP,12.5,28.0
1786462440,2026-08-11,-1,15.25,0.2407732864674868,-2.0619364986548194,BUILDING,US,-34.25,22.875,45.75,29673.75,29628.0,45.75,90.0,TARGET,50.4,51.75
1786472460,2026-08-11,-1,9.333333333333334,0.3830845771144278,0.5153701976246653,BUILDING,US,-19.25,14.0,28.0,29586.5,29558.5,28.0,54.5,TARGET,5.7,53.0
1786472880,2026-08-11,-1,10.366666666666667,0.6792452830188679,-0.6906118921411151,BUILDING,US,-54.0,15.55,31.1,29552.25,29568.25,-16.0,-33.5,STOP,3.9,18.75
1786476600,2026-08-11,1,9.2,0.44,2.185134321649714,BUILDING,US,27.5,13.799999999999999,27.599999999999998,29631.75,29659.35,27.6,53.7,TARGET,9.0,45.75
1786487460,2026-08-11,-1,5.2,0.3076923076923077,0.8599349330564096,BUILDING,OVERNIGHT,-10.0,7.800000000000001,15.600000000000001,29644.0,29652.25,-8.25,-18.0,STOP,1.4,10.25
1786492200,2026-08-11,1,5.183333333333334,0.4409937888198758,4.114460891146442,BUILDING,OVERNIGHT,17.75,7.775,15.55,29656.5,29648.25,-8.25,-18.0,STOP,9.0,25.0
1786492860,2026-08-12,-1,9.816666666666666,0.0638297872340425,-7.3260052091651,DEAD-CHOP,OVERNIGHT,-4.5,14.725,29.45,29633.75,29648.75,-15.0,-31.5,STOP,0.6,8.0
1786497660,2026-08-12,-1,8.716666666666667,0.3128834355828221,-1.202746249290188,BUILDING,OVERNIGHT,-25.5,13.075,26.15,29650.5,29664.0,-13.5,-28.5,STOP,6.4,11.5
1786501800,2026-08-12,1,6.733333333333333,0.4560669456066946,5.980151827814709,BUILDING,OVERNIGHT,27.25,10.1,20.2,29683.5,29703.7,20.2,38.9,TARGET,28.9,27.0
1786503600,2026-08-12,1,4.05,0.5826086956521739,0.621839191574163,BUILDING,OVERNIGHT,16.75,6.074999999999999,12.149999999999999,29705.75,29699.25,-6.5,-14.5,STOP,5.8,3.75
1786506780,2026-08-12,-1,4.75,0.2436974789915966,-2.4579509889399107,BUILDING,OVERNIGHT,-7.25,7.125,14.25,29688.25,29695.75,-7.5,-16.5,STOP,4.0,5.25
1786510020,2026-08-12,1,4.8,0.4558823529411764,3.504965850989985,BUILDING,OVERNIGHT,15.5,7.199999999999999,14.399999999999999,29704.0,29696.5,-7.5,-16.5,STOP,18.2,12.75
1786511700,2026-08-12,-1,5.9,0.492822966507177,-5.9178786862508455,BUILDING,OVERNIGHT,-25.75,8.850000000000001,17.700000000000003,29685.25,29694.5,-9.25,-20.0,STOP,14.4,17.25
1786512660,2026-08-12,1,6.95,0.2581818181818182,-1.74231838155236,BUILDING,OVERNIGHT,17.75,10.425,20.85,29704.75,29715.5,10.75,20.0,TIME,60.0,19.75
1786516680,2026-08-12,1,5.583333333333333,0.6352201257861635,3.5704560985964835,BUILDING,OVERNIGHT,25.25,8.375,16.75,29724.5,29715.75,-8.75,-19.0,STOP,2.4,30.25
1786517940,2026-08-12,1,5.016666666666667,0.6551724137931034,1.899455614913547,BUILDING,OVERNIGHT,19.0,7.525,15.05,29737.0,29752.05,15.05,28.6,TARGET,6.4,17.75
1786521600,2026-08-12,1,4.816666666666666,0.6880733944954128,7.040949582744071,BUILDING,PRE-OPEN,18.75,7.225,14.45,29753.75,29768.2,14.45,27.4,TARGET,1.3,45.75
1786521780,2026-08-12,1,6.433333333333334,0.8431372549019608,0.855780009668953,BUILDING,PRE-OPEN,43.0,9.65,19.3,29776.75,29766.75,-10.0,-21.5,STOP,1.7,27.5
1786525320,2026-08-12,1,4.083333333333333,0.4693877551020408,1.9115664277903983,BUILDING,PRE-OPEN,11.5,6.125,12.25,29800.25,29812.5,12.25,23.0,TARGET,13.3,48.75
1786526580,2026-08-12,1,5.983333333333333,0.65,5.398411888879888,BUILDING,PRE-OPEN,26.0,8.975,17.95,29834.75,29825.5,-9.25,-20.0,STOP,3.8,14.25
1786531680,2026-08-12,-1,5.816666666666666,0.4814814814814814,-9.038095879818512,BUILDING,PRE-OPEN,-22.75,8.725,17.45,29808.5,29791.05,17.45,33.4,TARGET,0.0,26.25
1786536060,2026-08-12,1,6.366666666666666,0.7701149425287356,1.5163526180359954,BUILDING,PRE-OPEN,33.5,9.549999999999999,19.099999999999998,29856.5,29846.5,-10.0,-21.5,STOP,3.3,93.5
1786536960,2026-08-12,-1,7.316666666666666,0.5234042553191489,2.173048403453024,BUILDING,PRE-OPEN,-30.75,10.975,21.95,29825.0,29836.25,-11.25,-24.0,STOP,4.7,80.0
1786537440,2026-08-12,1,8.25,0.2355555555555555,-1.356444591241973,BUILDING,PRE-OPEN,13.25,12.375,24.75,29844.75,29869.5,24.75,48.0,TARGET,4.0,137.0
1786537740,2026-08-12,1,13.666666666666666,0.6551724137931034,10.96927174289922,CLEAN-TREND,PRE-OPEN,76.0,20.5,41.0,29906.0,29947.0,41.0,80.5,TARGET,0.0,86.25
1786541460,2026-08-12,-1,16.85,0.1417910447761194,4.048449869701118,VIOLENT-WHIPSAW,US,-19.0,25.275000000000002,50.550000000000004,29927.75,29877.2,50.55,99.6,TARGET,3.0,92.0
1786542480,2026-08-12,1,33.71666666666667,0.2032967032967033,3.3468139724062533,BUILDING,US,55.5,50.575,101.15,29967.25,29916.25,-51.0,-103.5,STOP,2.6,2.0
1786553400,2026-08-12,1,9.95,0.7125382262996942,3.3560674351117696,BUILDING,US,58.25,14.924999999999999,29.849999999999998,29911.75,29896.5,-15.25,-32.0,STOP,21.3,12.75
1786560060,2026-08-12,1,6.8,0.4351851851851852,3.2104073438688183,BUILDING,US,23.5,10.2,20.4,29925.75,29915.25,-10.5,-22.5,STOP,3.6,1.75
1786560900,2026-08-12,-1,6.983333333333333,0.3224489795918367,-0.3070343714173094,BUILDING,US,-19.75,10.475,20.95,29899.25,29878.3,20.95,40.4,TARGET,18.7,73.0
1786562460,2026-08-12,-1,8.35,0.6076555023923444,-2.951678133845252,BUILDING,US,-31.75,12.524999999999999,25.049999999999997,29869.25,29844.2,25.05,48.6,TARGET,18.5,43.75
1786564500,2026-08-12,-1,14.35,0.167608286252354,6.365875188613548,NORMAL-CHOP,US,-22.25,21.525,43.05,29829.0,29851.0,-22.0,-45.5,STOP,3.3,19.5
1786565100,2026-08-12,1,16.3,0.3395872420262664,3.762067059160872,BUILDING,OVERNIGHT,45.25,24.450000000000003,48.900000000000006,29895.0,29870.25,-24.75,-51.0,STOP,1.1,1.0
1786577520,2026-08-12,-1,4.3,0.2835820895522388,-2.1626788682482783,BUILDING,OVERNIGHT,-9.5,6.449999999999999,12.899999999999999,29795.75,29802.5,-6.75,-15.0,STOP,4.0,2.75
1786579200,2026-08-13,1,8.15,0.2592592592592592,1.1358402376341807,BUILDING,OVERNIGHT,15.75,12.225000000000001,24.450000000000003,29823.5,29847.95,24.45,47.4,TARGET,2.3,43.0
1786579560,2026-08-13,1,10.566666666666666,0.6453488372093024,-1.2551738634431326,BUILDING,OVERNIGHT,55.5,15.85,31.7,29857.25,29841.0,-16.25,-34.0,STOP,10.1,9.25
1786586100,2026-08-13,1,8.083333333333334,0.3632958801498127,1.1514751250887214,BUILDING,OVERNIGHT,24.25,12.125,24.25,29862.5,29850.0,-12.5,-26.5,STOP,34.9,15.25
1786588320,2026-08-13,-1,6.283333333333333,0.3523809523809524,1.2008063169728231,BUILDING,OVERNIGHT,-18.5,9.425,18.85,29844.0,29853.75,-9.75,-21.0,STOP,5.6,13.0
1786588860,2026-08-13,1,8.833333333333334,0.0235690235690235,1.3222989880887477,DEAD-CHOP,OVERNIGHT,1.75,13.25,26.5,29869.25,29875.5,6.25,11.0,TIME,60.0,11.0
1786593780,2026-08-13,1,2.75,0.3548387096774194,6.238796251033213,BUILDING,OVERNIGHT,5.5,4.125,8.25,29882.0,29890.25,8.25,15.0,TARGET,6.0,14.25
1786594440,2026-08-13,-1,4.466666666666667,0.2242424242424242,-1.3299013166770122,BUILDING,OVERNIGHT,-9.25,6.7,13.4,29869.75,29856.35,13.4,25.3,TARGET,7.7,15.75
1786597980,2026-08-13,1,5.883333333333334,0.4018691588785046,0.9829128481509104,BUILDING,OVERNIGHT,21.5,8.825000000000001,17.650000000000002,29909.75,29900.5,-9.25,-20.0,STOP,25.1,14.5
1786600740,2026-08-13,-1,6.016666666666667,0.3725490196078431,-1.1029269950727385,BUILDING,OVERNIGHT,-19.0,9.025,18.05,29884.0,29893.5,-9.5,-20.5,STOP,13.0,25.5
1786603320,2026-08-13,-1,7.95,0.4532374100719424,-6.383509313366529,BUILDING,OVERNIGHT,-31.5,11.925,23.85,29863.25,29875.5,-12.25,-26.0,STOP,13.8,19.5
1786604340,2026-08-13,1,6.366666666666666,0.5463917525773195,-2.5481172252086344,BUILDING,OVERNIGHT,26.5,9.549999999999999,19.099999999999998,29888.5,29878.5,-10.0,-21.5,STOP,2.4,5.0
1786604640,2026-08-13,-1,8.583333333333334,0.0853242320819112,-0.90493265343635,DEAD-CHOP,PRE-OPEN,-6.25,12.875,25.75,29855.75,29869.0,-13.25,-28.0,STOP,19.0,27.0
1786608120,2026-08-13,-1,7.75,0.3152173913043478,-2.527679122310019,BUILDING,PRE-OPEN,-14.5,11.625,23.25,29851.75,29863.75,-12.0,-25.5,STOP,4.1,24.25
1786612500,2026-08-13,-1,7.783333333333333,0.7403846153846154,2.556107976811942,BUILDING,PRE-OPEN,-38.5,11.675,23.35,29828.25,29840.25,-12.0,-25.5,STOP,4.0,1.25
1786613580,2026-08-13,1,6.3,0.391304347826087,-1.390737745420073,BUILDING,PRE-OPEN,18.0,9.45,18.9,29855.25,29874.15,18.9,36.3,TARGET,22.0,29.25
1786618800,2026-08-13,1,5.033333333333333,0.3205128205128205,5.705087692134772,BUILDING,PRE-OPEN,12.5,7.55,15.1,29888.5,29880.25,-8.25,-18.0,STOP,1.3,6.5
1786620840,2026-08-13,1,5.733333333333333,0.3223140495867768,4.9671053980955415,BUILDING,PRE-OPEN,9.75,8.6,17.2,29871.25,29888.45,17.2,32.9,TARGET,9.9,23.75
1786621500,2026-08-13,1,6.65,0.6881720430107527,4.031942231051246,BUILDING,PRE-OPEN,32.0,9.975000000000001,19.950000000000003,29893.75,29883.5,-10.25,-22.0,STOP,4.3,0.75
1786622400,2026-08-13,-1,7.716666666666667,0.4896551724137931,-3.350731311959714,BUILDING,PRE-OPEN,-35.5,11.575,23.15,29857.5,29834.35,23.15,44.8,TARGET,9.8,44.5
1786623480,2026-08-13,-1,8.983333333333333,0.3,-2.5717736275349603,BUILDING,PRE-OPEN,-21.0,13.474999999999998,26.949999999999996,29819.75,29833.5,-13.75,-29.0,STOP,8.0,6.75
1786624140,2026-08-13,1,10.983333333333333,0.303834808259587,0.4311910065671912,BUILDING,PRE-OPEN,25.75,16.474999999999998,32.949999999999996,29848.0,29880.95,32.95,64.4,TARGET,0.0,73.0
1786626000,2026-08-13,1,10.983333333333333,0.4356435643564356,1.0106957272035455,BUILDING,PRE-OPEN,44.0,16.474999999999998,32.949999999999996,29890.5,29873.75,-16.75,-35.0,STOP,30.7,294.0
1786628040,2026-08-13,1,17.566666666666666,0.2548330404217926,9.888516150923042,BUILDING,US,36.25,26.35,52.7,29945.25,29997.95,52.7,103.9,TARGET,1.7,321.5
1786628220,2026-08-13,1,22.85,0.5643105446118193,-1.925919173515554,CLEAN-TREND,US,121.75,34.275000000000006,68.55000000000001,30030.75,29996.0,-34.75,-71.0,STOP,6.3,236.25
1786628700,2026-08-13,1,32.45,0.4996265870052278,2.208194395339091,CLEAN-TREND,US,167.25,48.675000000000004,97.35000000000001,30064.5,30161.85,97.35,193.2,TARGET,12.2,202.5
1786634880,2026-08-13,-1,17.0,0.3505376344086021,-0.5795248504056719,BUILDING,US,-40.75,25.5,51.0,30183.0,30132.0,51.0,100.5,TARGET,8.2,79.0
1786645980,2026-08-13,1,8.833333333333334,0.2662721893491124,1.5219627688266084,BUILDING,US,22.5,13.25,26.5,30218.75,30245.25,26.5,51.5,TARGET,22.8,54.5
1786647960,2026-08-13,1,7.766666666666667,0.4485981308411215,0.7425535100791693,BUILDING,US,24.0,11.65,23.3,30261.0,30249.0,-12.0,-25.5,STOP,5.6,12.25
1786648380,2026-08-13,-1,9.433333333333334,0.092063492063492,-2.2498234775675647,DEAD-CHOP,US,-7.25,14.15,28.3,30235.0,30206.7,28.3,55.1,TARGET,30.5,94.0
1786650600,2026-08-13,-1,9.416666666666666,0.4015151515151515,-3.996313768048316,BUILDING,US,-26.5,14.125,28.25,30189.75,30204.25,-14.5,-30.5,STOP,3.5,48.75
1786650900,2026-08-13,-1,11.683333333333334,0.5384615384615384,-7.601095903464275,BUILDING,US,-40.25,17.525,35.05,30180.0,30198.0,-18.0,-37.5,STOP,4.1,39.0
1786662420,2026-08-13,1,3.583333333333333,0.5,0.6120588921345573,BUILDING,OVERNIGHT,11.5,5.375,10.75,30214.0,30208.25,-5.75,-13.0,STOP,0.2,18.5
1786662600,2026-08-13,1,3.8,0.40625,0.6730350399066839,BUILDING,OVERNIGHT,13.0,5.699999999999999,11.399999999999999,30216.25,30210.25,-6.0,-13.5,STOP,7.7,16.25
1786663380,2026-08-13,-1,6.283333333333333,0.2336448598130841,-2.962189384998392,BUILDING,OVERNIGHT,-12.5,9.425,18.85,30196.75,30206.5,-9.75,-21.0,STOP,36.0,18.75
1786665660,2026-08-14,1,5.45,0.5838926174496645,0.4304839037027949,BUILDING,OVERNIGHT,21.75,8.175,16.35,30218.25,30209.75,-8.5,-18.5,STOP,4.6,14.25
1786666560,2026-08-14,-1,11.533333333333331,0.4606060606060606,-7.669569833500801,BUILDING,OVERNIGHT,-38.0,17.299999999999997,34.599999999999994,30180.75,30146.15,34.6,67.7,TARGET,45.8,56.5
1786669380,2026-08-14,-1,8.0,0.6030534351145038,2.927768094645849,BUILDING,OVERNIGHT,-39.5,12.0,24.0,30135.5,30147.75,-12.25,-26.0,STOP,1.9,11.25
1786680060,2026-08-14,-1,4.133333333333334,0.4666666666666667,0.1516231146549073,BUILDING,OVERNIGHT,-14.0,6.200000000000001,12.400000000000002,30146.5,30153.5,-7.0,-15.5,STOP,0.6,10.0
1786682100,2026-08-14,-1,5.216666666666667,0.4074074074074074,-5.5097756448170045,BUILDING,OVERNIGHT,-13.75,7.825,15.65,30143.5,30151.75,-8.25,-18.0,STOP,2.0,15.5
1786684080,2026-08-14,-1,4.7,0.5,-1.492914498620625,BUILDING,OVERNIGHT,-16.5,7.050000000000001,14.100000000000001,30130.25,30137.75,-7.5,-16.5,STOP,2.9,2.25
1786685700,2026-08-14,1,5.316666666666666,0.532258064516129,2.3123939968091283,BUILDING,OVERNIGHT,16.5,7.975,15.95,30161.75,30153.5,-8.25,-18.0,STOP,4.0,22.25
1786690800,2026-08-14,1,4.45,0.71900826446281,1.021929397372583,BUILDING,PRE-OPEN,21.75,6.675000000000001,13.350000000000001,30183.5,30176.5,-7.0,-15.5,STOP,11.8,26.5
1786693440,2026-08-14,1,4.6,0.6235294117647059,5.471860651938699,BUILDING,PRE-OPEN,26.5,6.8999999999999995,13.799999999999999,30203.5,30196.25,-7.25,-16.0,STOP,1.9,37.5
1786694400,2026-08-14,1,6.05,0.1830985915492957,2.393101850143172,DEAD-CHOP,PRE-OPEN,9.75,9.075,18.15,30209.0,30199.5,-9.5,-20.5,STOP,0.7,35.5
1786694700,2026-08-14,1,9.833333333333334,0.2298850574712643,6.663957200631179,BUILDING,PRE-OPEN,20.0,14.75,29.5,30220.75,30205.75,-15.0,-31.5,STOP,16.8,23.75
1786696200,2026-08-14,1,8.683333333333334,0.0307692307692307,1.485962609519691,DEAD-CHOP,PRE-OPEN,2.0,13.025,26.05,30233.0,30219.5,-13.5,-28.5,STOP,29.0,11.5
1786700880,2026-08-14,1,5.233333333333333,0.2531645569620253,-0.8451485330611608,BUILDING,PRE-OPEN,10.0,7.85,15.7,30225.0,30240.7,15.7,29.9,TARGET,12.4,25.0
1786703280,2026-08-14,-1,4.566666666666666,0.4696969696969697,-0.0737638302121177,BUILDING,PRE-OPEN,-15.5,6.85,13.7,30225.25,30232.5,-7.25,-16.0,STOP,4.1,1.75
1786704300,2026-08-14,1,5.55,0.2235294117647059,2.4759934312613767,BUILDING,PRE-OPEN,9.5,8.325,16.65,30240.0,30256.65,16.65,31.8,TARGET,14.0,22.25
1786708980,2026-08-14,1,5.75,0.5407407407407407,6.401712119129798,BUILDING,PRE-OPEN,18.25,8.625,17.25,30280.25,30271.25,-9.0,-19.5,STOP,0.1,0.0
1786709460,2026-08-14,-1,8.0,0.2191235059760956,0.3762712583296735,BUILDING,PRE-OPEN,-13.75,12.0,24.0,30250.0,30226.0,24.0,46.5,TARGET,1.5,43.25
1786710600,2026-08-14,1,10.15,0.4355400696864111,0.4470096904565706,BUILDING,PRE-OPEN,31.25,15.225000000000001,30.450000000000003,30263.5,30248.0,-15.5,-32.5,STOP,47.2,23.75
1786714380,2026-08-14,-1,16.7,0.4173669467787115,-4.536795342540827,CLEAN-TREND,US,-37.25,25.049999999999997,50.099999999999994,30213.25,30238.75,-25.5,-52.5,STOP,8.9,84.25
1786732080,2026-08-14,-1,7.016666666666667,0.3127753303964757,-5.037180474473204,BUILDING,US,-17.75,10.525,21.05,30067.25,30078.25,-11.0,-23.5,STOP,9.8,4.75
1786733400,2026-08-14,1,6.166666666666667,0.6230366492146597,2.865608888001771,BUILDING,US,29.75,9.25,18.5,30098.5,30089.0,-9.5,-20.5,STOP,7.3,31.25
1786737000,2026-08-14,1,7.9,0.3189655172413793,5.461536693259889,BUILDING,US,18.5,11.850000000000001,23.700000000000003,30122.75,30146.45,23.7,45.9,TARGET,8.9,30.25
