ts,day,dir,atr,er,fz,regime,session,ext,stop_pt,targ_pt,entry,exit,pts,net,reason,held_min,mfe
1783293000,2026-07-05,-1,9.366666666666667,0.3361702127659574,-2.5644496982825906,BUILDING,OVERNIGHT,-19.75,9.366666666666667,18.733333333333334,29931.0,29940.75,-9.75,-21.0,STOP,1.1,2.25
1783296000,2026-07-06,-1,15.25,0.2415349887133182,-2.785634804127876,BUILDING,OVERNIGHT,-26.75,15.25,30.5,29947.25,29916.75,30.5,59.5,TARGET,0.9,102.25
1783296600,2026-07-06,-1,22.03333333333333,0.1958456973293768,-1.8473318625257016,VIOLENT-WHIPSAW,OVERNIGHT,-33.0,22.03333333333333,44.06666666666666,29955.0,29977.5,-22.5,-46.5,STOP,3.0,110.0
1783296900,2026-07-06,1,21.3,0.3323485967503692,1.5353544456118549,BUILDING,OVERNIGHT,56.25,21.3,42.6,30001.5,29979.75,-21.75,-45.0,STOP,3.7,3.0
1783297560,2026-07-06,-1,16.383333333333333,0.1908396946564885,-1.9271256626724835,VIOLENT-WHIPSAW,OVERNIGHT,-25.0,16.383333333333333,32.766666666666666,29928.75,29895.98,32.77,64.03,TARGET,2.8,83.75
1783297860,2026-07-06,-1,21.58333333333333,0.7623400365630713,-2.880866123972339,CLEAN-TREND,OVERNIGHT,-104.25,21.58333333333333,43.16666666666666,29892.5,29914.5,-22.0,-45.5,STOP,5.1,17.5
1783299180,2026-07-06,1,15.383333333333333,0.1111111111111111,2.7497722531195934,VIOLENT-WHIPSAW,OVERNIGHT,14.75,15.383333333333333,30.766666666666666,29937.25,29921.5,-15.75,-33.0,STOP,3.7,14.75
1783301160,2026-07-06,-1,19.116666666666667,0.4975206611570248,-2.787290612763065,CLEAN-TREND,OVERNIGHT,-75.25,19.116666666666667,38.233333333333334,29797.25,29816.75,-19.5,-40.5,STOP,3.0,46.5
1783304340,2026-07-06,-1,18.3,0.5424836601307189,-3.590106964048836,CLEAN-TREND,OVERNIGHT,-62.25,18.3,36.6,29755.5,29774.25,-18.75,-39.0,STOP,0.7,62.5
1783306260,2026-07-06,-1,15.166666666666666,0.3767441860465116,-2.620140402191993,BUILDING,OVERNIGHT,-40.5,15.166666666666666,30.333333333333332,29697.75,29713.25,-15.5,-32.5,STOP,2.4,5.75
1783307400,2026-07-06,1,13.2,0.5308641975308642,1.9251231365601371,CLEAN-TREND,OVERNIGHT,53.75,13.2,26.4,29774.5,29760.75,-13.75,-29.0,STOP,2.1,32.0
1783309920,2026-07-06,-1,15.766666666666667,0.5904059040590406,-1.5515655209092265,CLEAN-TREND,OVERNIGHT,-80.0,15.766666666666667,31.533333333333335,29718.5,29738.75,-20.25,-42.0,STOP,12.8,24.75
1783311540,2026-07-06,1,9.683333333333334,0.5555555555555556,10.336879791879168,BUILDING,OVERNIGHT,61.25,9.683333333333334,19.366666666666667,29791.5,29781.5,-10.0,-21.5,STOP,7.8,44.25
1783315260,2026-07-06,-1,7.733333333333333,0.2931726907630522,-1.508695183257132,BUILDING,OVERNIGHT,-18.25,7.733333333333333,15.466666666666667,29789.25,29773.78,15.47,29.43,TARGET,7.5,36.75
1783316580,2026-07-06,1,11.316666666666666,0.1123595505617977,2.43433459683958,NORMAL-CHOP,OVERNIGHT,10.0,11.316666666666666,22.633333333333333,29792.25,29780.5,-11.75,-25.0,STOP,2.1,15.75
1783319700,2026-07-06,1,10.183333333333334,0.647887323943662,5.123459797015366,BUILDING,OVERNIGHT,69.0,10.183333333333334,20.366666666666667,29829.25,29849.62,20.37,39.23,TARGET,4.5,31.75
1783323780,2026-07-06,1,7.15,0.4193548387096774,2.5730995100019136,BUILDING,PRE-OPEN,32.5,7.15,14.3,29867.5,29860.0,-7.5,-16.5,STOP,9.6,13.75
1783324800,2026-07-06,-1,5.083333333333333,0.2108108108108108,-5.5451850373459335,BUILDING,PRE-OPEN,-9.75,5.083333333333333,10.166666666666666,29860.75,29868.75,-8.0,-17.5,STOP,0.0,68.5
1783327080,2026-07-06,1,6.433333333333334,0.1078431372549019,2.3303168543039874,DEAD-CHOP,PRE-OPEN,5.5,6.433333333333334,12.866666666666667,29816.5,29829.37,12.87,24.23,TARGET,0.9,55.0
1783327920,2026-07-06,1,6.85,0.6190476190476191,2.272150209905728,BUILDING,PRE-OPEN,35.75,6.85,13.7,29851.5,29865.2,13.7,25.9,TARGET,2.3,20.0
1783337520,2026-07-06,1,11.033333333333331,0.3293413173652694,1.738910074219249,BUILDING,PRE-OPEN,27.5,11.033333333333331,22.066666666666663,29895.75,29884.25,-11.5,-24.5,STOP,5.1,14.75
1783339380,2026-07-06,1,6.8,0.2037617554858934,7.714437152251687,BUILDING,PRE-OPEN,16.25,6.8,13.6,29906.75,29920.35,13.6,25.7,TARGET,4.5,29.5
1783340640,2026-07-06,-1,8.8,0.5,-2.5168572233946764,BUILDING,PRE-OPEN,-38.0,8.8,17.6,29880.5,29889.75,-9.25,-20.0,STOP,1.9,1.5
1783341300,2026-07-06,-1,8.533333333333333,0.1277777777777777,-3.786694972466558,DEAD-CHOP,PRE-OPEN,-11.5,8.533333333333333,17.066666666666666,29904.75,29913.75,-9.0,-19.5,STOP,0.2,13.0
1783344840,2026-07-06,1,29.73333333333333,0.4363636363636363,5.199121094481864,CLEAN-TREND,US,84.0,29.73333333333333,59.46666666666666,29926.0,29896.0,-30.0,-61.5,STOP,0.2,82.5
1783345140,2026-07-06,1,50.38333333333333,0.1481246026700572,5.847158120156234,VIOLENT-WHIPSAW,US,58.25,50.38333333333333,100.76666666666667,29897.5,29846.75,-50.75,-103.0,STOP,2.5,111.0
1783345500,2026-07-06,1,56.55,0.2036441586280814,3.083093487957546,BUILDING,US,95.0,56.55,113.1,29955.25,29898.25,-57.0,-115.5,STOP,1.0,77.0
1783345800,2026-07-06,1,55.16666666666666,0.1628156904889844,1.9494511571631297,VIOLENT-WHIPSAW,US,75.75,55.16666666666666,110.33333333333331,29980.25,29924.75,-55.5,-112.5,STOP,2.1,62.0
1783346160,2026-07-06,1,43.333333333333336,0.1907356948228883,1.7389223753288985,VIOLENT-WHIPSAW,US,70.0,43.333333333333336,86.66666666666667,29981.75,29938.0,-43.75,-89.0,STOP,1.1,60.5
1783346640,2026-07-06,-1,37.5,0.0726040658276863,-1.624668966843252,VIOLENT-WHIPSAW,US,-18.75,37.5,75.0,29931.25,29969.0,-37.75,-77.0,STOP,2.0,16.25
1783347420,2026-07-06,1,25.83333333333333,0.5732899022801303,1.5379705918390068,CLEAN-TREND,US,88.0,25.83333333333333,51.66666666666666,30037.5,30011.25,-26.25,-54.0,STOP,0.7,19.5
1783347780,2026-07-06,1,24.75,0.3663003663003663,2.1408695137135245,BUILDING,US,50.0,24.75,49.5,30035.25,30010.25,-25.0,-51.5,STOP,0.9,33.0
1783348860,2026-07-06,-1,22.683333333333334,0.1062271062271062,-2.455545122491348,VIOLENT-WHIPSAW,US,-14.5,22.683333333333334,45.36666666666667,30005.5,30028.5,-23.0,-47.5,STOP,1.6,18.5
1783349400,2026-07-06,1,21.716666666666665,0.1258992805755395,2.6142597086497745,VIOLENT-WHIPSAW,US,17.5,21.716666666666665,43.43333333333333,30059.75,30037.75,-22.0,-45.5,STOP,1.1,1.0
1783354140,2026-07-06,1,12.05,0.3097345132743362,1.863220460181872,BUILDING,US,26.25,12.05,24.1,30077.0,30064.5,-12.5,-26.5,STOP,7.2,17.0
1783354860,2026-07-06,-1,13.3,0.2144846796657381,-1.8335167541894803,BUILDING,US,-19.25,13.3,26.6,30049.25,30022.65,26.6,51.7,TARGET,8.6,48.0
1783355880,2026-07-06,-1,13.216666666666669,0.5170278637770898,-2.687745414752498,CLEAN-TREND,US,-41.75,13.216666666666669,26.433333333333337,30006.0,30019.5,-13.5,-28.5,STOP,0.4,31.5
1783356840,2026-07-06,-1,13.233333333333333,0.2278177458033573,-1.7828850227867767,BUILDING,US,-23.75,13.233333333333333,26.466666666666665,29996.25,30009.75,-13.5,-28.5,STOP,10.7,32.0
1783359180,2026-07-06,-1,16.616666666666667,0.6435185185185185,-2.516356319133527,CLEAN-TREND,US,-69.5,16.616666666666667,33.233333333333334,29930.0,29896.77,33.23,64.97,TARGET,8.5,48.25
1783360380,2026-07-06,-1,16.116666666666667,0.1337325349301397,-1.7700017177322318,VIOLENT-WHIPSAW,US,-16.75,16.116666666666667,32.233333333333334,29910.25,29926.75,-16.5,-34.5,STOP,8.0,23.75
1783361160,2026-07-06,1,14.883333333333333,0.1392405063291139,2.6243120537565106,NORMAL-CHOP,US,16.5,14.883333333333333,29.766666666666666,29945.0,29974.77,29.77,58.03,TARGET,9.0,54.75
1783363620,2026-07-06,1,12.783333333333331,0.38544474393531,1.9258007663954468,BUILDING,US,35.75,12.783333333333331,25.566666666666663,29998.0,29984.75,-13.25,-28.0,STOP,1.4,33.75
1783364160,2026-07-06,1,12.166666666666666,0.3186813186813186,2.2332759760252,BUILDING,US,21.75,12.166666666666666,24.333333333333332,29997.5,29985.0,-12.5,-26.5,STOP,2.4,54.5
1783365000,2026-07-06,1,12.166666666666666,0.3009118541033435,1.5233129585467882,BUILDING,US,24.75,12.166666666666666,24.333333333333332,30010.25,30034.58,24.33,47.17,TARGET,7.2,41.75
1783367400,2026-07-06,-1,14.35,0.2882703777335984,-5.092818989901308,BUILDING,US,-36.25,14.35,28.7,29986.25,29957.55,28.7,55.9,TARGET,4.0,54.75
1783376820,2026-07-06,-1,6.033333333333333,0.2955974842767295,-2.964495841792262,BUILDING,OVERNIGHT,-11.75,6.033333333333333,12.066666666666666,29954.5,29961.0,-6.5,-14.5,STOP,4.8,65.5
1783377240,2026-07-06,-1,6.616666666666666,0.2592592592592592,-1.765192203730846,BUILDING,OVERNIGHT,-12.25,6.616666666666666,13.233333333333333,29955.25,29962.25,-7.0,-15.5,STOP,0.4,66.25
1783377600,2026-07-06,1,7.183333333333334,0.1,2.165090268822544,DEAD-CHOP,OVERNIGHT,4.5,7.183333333333334,14.366666666666667,29965.25,29957.75,-7.5,-16.5,STOP,2.1,4.5
1783377900,2026-07-06,-1,8.066666666666666,0.25,-1.5997206014047356,BUILDING,OVERNIGHT,-16.5,8.066666666666666,16.133333333333333,29933.25,29917.12,16.13,30.77,TARGET,0.5,44.25
1783378200,2026-07-06,-1,8.983333333333333,0.4101694915254237,-1.753488991665768,BUILDING,OVERNIGHT,-30.25,8.983333333333333,17.966666666666665,29921.5,29903.53,17.97,34.43,TARGET,4.4,49.5
1783379400,2026-07-06,1,10.1,0.2802768166089965,1.7466166739479625,BUILDING,OVERNIGHT,20.25,10.1,20.2,29914.75,29904.25,-10.5,-22.5,STOP,3.3,4.0
1783379940,2026-07-06,-1,8.916666666666666,0.6653386454183267,-2.3775637203486863,BUILDING,OVERNIGHT,-41.75,8.916666666666666,17.833333333333332,29878.0,29887.25,-9.25,-20.0,STOP,2.0,27.25
1783380360,2026-07-06,-1,9.166666666666666,0.218978102189781,-1.5334080176541105,BUILDING,OVERNIGHT,-15.0,9.166666666666666,18.333333333333332,29899.0,29880.67,18.33,35.17,TARGET,12.0,59.0
1783381260,2026-07-06,-1,7.9,0.4177215189873418,-2.5735877090981587,BUILDING,OVERNIGHT,-24.75,7.9,15.8,29873.5,29881.75,-8.25,-18.0,STOP,2.0,39.75
1783381560,2026-07-06,-1,9.066666666666666,0.5286195286195287,-1.9023522808486468,BUILDING,OVERNIGHT,-39.25,9.066666666666666,18.133333333333333,29858.25,29840.12,18.13,34.77,TARGET,3.4,41.75
1783382820,2026-07-07,1,13.816666666666666,0.2837837837837837,3.759644848212997,BUILDING,OVERNIGHT,21.0,13.816666666666666,27.633333333333333,29879.25,29865.0,-14.25,-30.0,STOP,0.9,37.5
1783383600,2026-07-07,1,17.366666666666667,0.1301115241635687,1.7296925193885422,VIOLENT-WHIPSAW,OVERNIGHT,17.5,17.366666666666667,34.733333333333334,29881.5,29916.23,34.73,67.97,TARGET,5.0,35.25
1783384200,2026-07-07,1,19.8,0.2639517345399698,1.962508900199529,BUILDING,OVERNIGHT,43.75,19.8,39.6,29876.75,29856.5,-20.25,-42.0,STOP,3.0,8.5
1783384500,2026-07-07,-1,18.366666666666667,0.307563025210084,-1.570137199733428,BUILDING,OVERNIGHT,-45.75,18.366666666666667,36.733333333333334,29834.75,29853.5,-18.75,-39.0,STOP,18.4,34.5
1783386240,2026-07-07,-1,16.933333333333334,0.1628865979381443,-3.637933275546784,VIOLENT-WHIPSAW,OVERNIGHT,-19.75,16.933333333333334,33.86666666666667,29815.5,29781.63,33.87,66.23,TARGET,16.4,98.5
1783391400,2026-07-07,-1,10.683333333333334,0.449438202247191,-1.8741354672349224,BUILDING,OVERNIGHT,-40.0,10.683333333333334,21.366666666666667,29763.0,29741.63,21.37,41.23,TARGET,7.4,24.25
1783392720,2026-07-07,1,12.183333333333334,0.1715039577836411,2.1589103563303484,NORMAL-CHOP,OVERNIGHT,16.25,12.183333333333334,24.366666666666667,29764.25,29751.75,-12.5,-26.5,STOP,5.2,20.75
1783394160,2026-07-07,-1,11.433333333333334,0.1026392961876832,-3.85003525380576,NORMAL-CHOP,OVERNIGHT,-8.75,11.433333333333334,22.866666666666667,29740.75,29752.5,-11.75,-25.0,STOP,0.8,104.25
1783394640,2026-07-07,-1,11.316666666666666,0.7660818713450293,-1.779248544376434,BUILDING,OVERNIGHT,-65.5,11.316666666666666,22.633333333333333,29715.75,29727.5,-11.75,-25.0,STOP,0.9,86.0
1783394820,2026-07-07,-1,11.866666666666667,0.6023054755043228,-2.1297566850559906,BUILDING,OVERNIGHT,-52.25,11.866666666666667,23.733333333333334,29713.0,29689.27,23.73,45.97,TARGET,1.5,84.5
1783395780,2026-07-07,-1,14.966666666666669,0.3191489361702128,-4.1055151396333605,BUILDING,OVERNIGHT,-33.75,14.966666666666669,29.933333333333337,29669.0,29639.07,29.93,58.37,TARGET,2.4,40.5
1783396800,2026-07-07,1,13.8,0.2166666666666666,1.7787769974545944,BUILDING,OVERNIGHT,19.5,13.8,27.6,29663.5,29649.25,-14.25,-30.0,STOP,0.7,17.25
1783397100,2026-07-07,1,13.983333333333333,0.323943661971831,2.201700317197324,BUILDING,OVERNIGHT,28.75,13.983333333333333,27.966666666666665,29679.0,29664.75,-14.25,-30.0,STOP,1.4,1.75
1783397820,2026-07-07,-1,12.4,0.3314447592067989,-2.2889830874619403,BUILDING,OVERNIGHT,-29.25,12.4,24.8,29627.75,29640.5,-12.75,-27.0,STOP,10.3,12.0
1783400520,2026-07-07,-1,8.6,0.2650176678445229,-2.4497652247697013,BUILDING,OVERNIGHT,-18.75,8.6,17.2,29600.75,29583.55,17.2,32.9,TARGET,12.6,43.25
1783403100,2026-07-07,1,12.983333333333333,0.5574229691876751,2.449776426099465,CLEAN-TREND,OVERNIGHT,49.75,12.983333333333333,25.966666666666665,29664.5,29651.0,-13.5,-28.5,STOP,1.6,39.75
1783404900,2026-07-07,-1,11.816666666666666,0.2676767676767677,-1.5492982302923637,BUILDING,OVERNIGHT,-26.5,11.816666666666666,23.633333333333333,29659.0,29671.25,-12.25,-26.0,STOP,5.9,13.75
1783406160,2026-07-07,1,10.433333333333334,0.1351351351351351,1.812339602623788,NORMAL-CHOP,OVERNIGHT,8.75,10.433333333333334,20.866666666666667,29675.25,29664.5,-10.75,-23.0,STOP,13.3,45.75
1783407660,2026-07-07,1,9.116666666666667,0.4113207547169811,2.699980780920735,BUILDING,PRE-OPEN,27.25,9.116666666666667,18.233333333333334,29698.0,29716.23,18.23,34.97,TARGET,3.6,46.0
1783408560,2026-07-07,1,13.4,0.3063291139240506,2.8523904752963163,BUILDING,PRE-OPEN,30.25,13.4,26.8,29727.5,29713.75,-13.75,-29.0,STOP,3.0,16.5
1783409700,2026-07-07,-1,10.666666666666666,0.3040935672514619,-2.7030206178727614,BUILDING,PRE-OPEN,-26.0,10.666666666666666,21.333333333333332,29698.75,29677.42,21.33,41.17,TARGET,16.3,57.5
1783411440,2026-07-07,-1,11.716666666666669,0.3333333333333333,-2.686134940852963,BUILDING,PRE-OPEN,-29.5,11.716666666666669,23.433333333333337,29659.0,29671.0,-12.0,-25.5,STOP,6.5,13.25
1783412280,2026-07-07,1,12.033333333333331,0.6266666666666667,2.820737014209579,BUILDING,PRE-OPEN,47.0,12.033333333333331,24.066666666666663,29694.25,29681.75,-12.5,-26.5,STOP,9.0,15.5
1783413660,2026-07-07,1,9.7,0.2338983050847457,1.914700758359412,BUILDING,PRE-OPEN,17.25,9.7,19.4,29705.25,29695.0,-10.25,-22.0,STOP,0.5,-0.25
1783414380,2026-07-07,-1,9.45,0.2592592592592592,-2.3299171654442814,BUILDING,PRE-OPEN,-19.25,9.45,18.9,29668.5,29649.6,18.9,36.3,TARGET,6.4,26.25
1783415280,2026-07-07,1,10.833333333333334,0.1861198738170347,2.815514001459541,NORMAL-CHOP,PRE-OPEN,14.75,10.833333333333334,21.666666666666668,29684.25,29673.0,-11.25,-24.0,STOP,0.7,9.5
1783416900,2026-07-07,-1,9.066666666666666,0.7092511013215859,-3.114428504133354,BUILDING,PRE-OPEN,-40.25,9.066666666666666,18.133333333333333,29638.5,29648.0,-9.5,-20.5,STOP,3.8,16.25
1783417620,2026-07-07,-1,11.016666666666667,0.1830985915492957,-2.473689660193865,NORMAL-CHOP,PRE-OPEN,-16.25,11.016666666666667,22.033333333333335,29628.75,29640.25,-11.5,-24.5,STOP,3.1,2.25
1783418340,2026-07-07,1,9.5,0.1483870967741935,1.6863891651157246,DEAD-CHOP,PRE-OPEN,11.5,9.5,19.0,29663.0,29682.0,19.0,36.5,TARGET,3.4,26.5
1783419240,2026-07-07,-1,11.483333333333333,0.2204724409448819,-2.616386779145015,BUILDING,PRE-OPEN,-14.0,11.483333333333333,22.966666666666665,29648.25,29660.0,-11.75,-25.0,STOP,2.4,4.5
1783419480,2026-07-07,1,11.316666666666666,0.0988372093023255,3.445956213440272,NORMAL-CHOP,PRE-OPEN,8.5,11.316666666666666,22.633333333333333,29687.0,29675.25,-11.75,-25.0,STOP,1.7,0.0
1783420500,2026-07-07,-1,10.133333333333333,0.4,-1.583884945842315,BUILDING,PRE-OPEN,-30.0,10.133333333333333,20.266666666666666,29651.75,29662.25,-10.5,-22.5,STOP,4.8,46.75
1783423920,2026-07-07,-1,10.316666666666666,0.2680115273775216,-3.5838296828193936,BUILDING,PRE-OPEN,-23.25,10.316666666666666,20.633333333333333,29604.75,29615.5,-10.75,-23.0,STOP,11.7,13.5
1783424940,2026-07-07,1,11.816666666666666,0.4760147601476014,2.0358111268948647,BUILDING,PRE-OPEN,32.25,11.816666666666666,23.633333333333333,29633.75,29621.5,-12.25,-26.0,STOP,1.9,82.5
1783425600,2026-07-07,1,11.516666666666667,0.2707182320441988,2.8579911474715067,BUILDING,PRE-OPEN,24.5,11.516666666666667,23.033333333333335,29648.75,29671.78,23.03,44.57,TARGET,4.6,67.5
1783426020,2026-07-07,1,14.0,0.6421052631578947,3.218985152477718,CLEAN-TREND,PRE-OPEN,76.25,14.0,28.0,29691.75,29677.5,-14.25,-30.0,STOP,9.6,24.5
1783429200,2026-07-07,-1,13.133333333333333,0.3420365535248041,-2.305494848566204,BUILDING,PRE-OPEN,-32.75,13.133333333333333,26.266666666666666,29644.75,29618.48,26.27,51.03,TARGET,4.5,75.75
1783430280,2026-07-07,-1,14.183333333333334,0.1867469879518072,-1.8944395996317411,NORMAL-CHOP,PRE-OPEN,-15.5,14.183333333333334,28.366666666666667,29617.5,29589.13,28.37,55.23,TARGET,6.3,126.5
1783431180,2026-07-07,-1,30.73333333333333,0.2682926829268293,-5.531053239121063,BUILDING,US,-55.0,30.73333333333333,61.46666666666666,29562.25,29500.78,61.47,121.43,TARGET,4.6,142.0
1783431900,2026-07-07,-1,53.28333333333333,0.1811641595814257,-2.8318603389961896,VIOLENT-WHIPSAW,US,-69.25,53.28333333333333,106.56666666666666,29569.0,29462.43,106.57,211.63,TARGET,7.5,262.5
1783432980,2026-07-07,-1,42.16666666666666,0.4171066525871172,-2.6202611660331288,CLEAN-TREND,US,-98.75,42.16666666666666,84.33333333333331,29440.5,29356.17,84.33,167.17,TARGET,10.2,181.0
1783434900,2026-07-07,-1,31.683333333333334,0.413516609392898,-2.7979343613089216,CLEAN-TREND,US,-90.25,31.683333333333334,63.36666666666667,29248.25,29280.25,-32.0,-65.5,STOP,1.0,38.5
1783435260,2026-07-07,-1,31.9,0.1506550218340611,-2.2334681342669733,VIOLENT-WHIPSAW,US,-34.5,31.9,63.8,29228.25,29260.5,-32.25,-66.0,STOP,3.5,18.5
1783439100,2026-07-07,1,24.383333333333333,0.3174061433447099,2.2839085710309885,BUILDING,US,46.5,24.383333333333333,48.766666666666666,29351.75,29400.52,48.77,96.03,TARGET,14.8,118.5
1783441140,2026-07-07,1,20.266666666666666,0.3576642335766423,2.4864983459689123,BUILDING,US,49.0,20.266666666666666,40.53333333333333,29468.75,29509.28,40.53,79.57,TARGET,2.9,89.75
1783448340,2026-07-07,-1,13.55,0.0956521739130434,-3.224305251640652,NORMAL-CHOP,US,-8.25,13.55,27.1,29542.75,29556.75,-14.0,-29.5,STOP,3.4,124.0
1783448940,2026-07-07,-1,13.65,0.4141414141414141,-1.591356714817635,CLEAN-TREND,US,-30.75,13.65,27.3,29516.75,29530.75,-14.0,-29.5,STOP,2.1,132.5
1783450140,2026-07-07,-1,18.73333333333333,0.4474226804123711,-7.309614635430606,CLEAN-TREND,US,-54.25,18.73333333333333,37.46666666666666,29451.5,29414.03,37.47,73.43,TARGET,1.4,181.0
1783450800,2026-07-07,-1,23.15,0.6774193548387096,-2.0479102913319687,CLEAN-TREND,US,-94.5,23.15,46.3,29372.0,29395.5,-23.5,-48.5,STOP,4.7,101.5
1783452480,2026-07-07,-1,23.05,0.1836734693877551,-1.7147400399069883,VIOLENT-WHIPSAW,US,-31.5,23.05,46.1,29313.75,29337.25,-23.5,-48.5,STOP,1.2,10.0
1783462500,2026-07-07,1,14.316666666666666,0.5603217158176944,2.192146609554337,CLEAN-TREND,OVERNIGHT,52.25,14.316666666666666,28.633333333333333,29381.75,29367.0,-14.75,-31.0,STOP,10.7,20.25
1783463460,2026-07-07,-1,7.633333333333334,0.303030303030303,-1.6014504843051842,BUILDING,OVERNIGHT,-15.0,7.633333333333334,15.266666666666667,29367.5,29375.5,-8.0,-17.5,STOP,1.2,1.5
1783463640,2026-07-07,1,8.966666666666667,0.1666666666666666,4.945747587756317,DEAD-CHOP,OVERNIGHT,11.0,8.966666666666667,17.933333333333334,29387.25,29378.0,-9.25,-20.0,STOP,6.7,14.75
1783465260,2026-07-07,1,9.3,0.12,1.9574366559672816,DEAD-CHOP,OVERNIGHT,9.0,9.3,18.6,29392.25,29382.5,-9.75,-21.0,STOP,1.1,14.75
1783466280,2026-07-07,1,11.966666666666669,0.3577981651376147,1.814721597970162,BUILDING,OVERNIGHT,29.25,11.966666666666669,23.933333333333337,29397.5,29385.25,-12.25,-26.0,STOP,13.2,9.5
1783467480,2026-07-07,-1,10.65,0.6428571428571429,-2.43967644331405,BUILDING,OVERNIGHT,-45.0,10.65,21.3,29348.75,29359.75,-11.0,-23.5,STOP,6.3,82.75
1783469400,2026-07-08,1,25.6,0.2979683972911964,1.8386805006141267,BUILDING,OVERNIGHT,66.0,25.6,51.2,29380.0,29431.2,51.2,100.9,TARGET,4.1,108.0
1783470120,2026-07-08,1,24.35,0.3656509695290859,3.165703363430874,BUILDING,OVERNIGHT,66.0,24.35,48.7,29430.5,29479.2,48.7,95.9,TARGET,17.0,106.75
1783471320,2026-07-08,1,19.416666666666668,0.1428571428571428,1.8794560963240283,VIOLENT-WHIPSAW,OVERNIGHT,24.5,19.416666666666668,38.833333333333336,29497.5,29536.33,38.83,76.17,TARGET,2.9,51.25
1783472100,2026-07-08,1,12.966666666666669,0.51010101010101,1.5818002899015402,CLEAN-TREND,OVERNIGHT,50.5,12.966666666666669,25.933333333333337,29535.5,29522.25,-13.25,-28.0,STOP,6.6,22.5
1783473180,2026-07-08,1,14.75,0.1757575757575757,1.8068036017079845,NORMAL-CHOP,OVERNIGHT,21.75,14.75,29.5,29555.75,29540.75,-15.0,-31.5,STOP,1.7,0.0
1783474020,2026-07-08,-1,13.9,0.4739130434782608,-2.1141471224946797,CLEAN-TREND,OVERNIGHT,-54.5,13.9,27.8,29490.25,29462.45,27.8,54.1,TARGET,5.5,64.25
1783477140,2026-07-08,1,17.066666666666666,0.1139240506329113,2.822338343170234,VIOLENT-WHIPSAW,OVERNIGHT,15.75,17.066666666666666,34.13333333333333,29425.0,29407.5,-17.5,-36.5,STOP,12.2,50.5
1783480980,2026-07-08,1,10.25,0.3206106870229007,5.29961164077573,BUILDING,OVERNIGHT,21.0,10.25,20.5,29497.0,29517.5,20.5,39.5,TARGET,4.2,35.0
1783483200,2026-07-08,-1,9.25,0.5426008968609866,-2.659753037092298,BUILDING,OVERNIGHT,-30.25,9.25,18.5,29456.25,29465.75,-9.5,-20.5,STOP,1.2,28.0
1783484220,2026-07-08,-1,9.533333333333331,0.4135338345864661,-1.712251784429617,BUILDING,OVERNIGHT,-27.5,9.533333333333331,19.066666666666663,29435.25,29445.25,-10.0,-21.5,STOP,3.8,44.0
1783485180,2026-07-08,-1,10.066666666666666,0.3399339933993399,-1.8313284459909889,BUILDING,OVERNIGHT,-25.75,10.066666666666666,20.133333333333333,29412.0,29391.87,20.13,38.77,TARGET,5.1,35.75
1783486500,2026-07-08,-1,12.6,0.2887828162291169,-2.088774744298726,BUILDING,OVERNIGHT,-30.25,12.6,25.2,29381.5,29394.5,-13.0,-27.5,STOP,0.7,-0.5
1783486800,2026-07-08,1,13.716666666666669,0.2430278884462151,2.7705289017180585,BUILDING,OVERNIGHT,30.5,13.716666666666669,27.433333333333337,29431.75,29417.75,-14.0,-29.5,STOP,0.8,15.5
1783487160,2026-07-08,1,15.266666666666667,0.3197026022304832,1.62578094374886,BUILDING,OVERNIGHT,43.0,15.266666666666667,30.533333333333335,29446.0,29430.25,-15.75,-33.0,STOP,1.3,0.25
1783489500,2026-07-08,-1,13.683333333333334,0.2369942196531791,-1.7456450941930963,BUILDING,OVERNIGHT,-20.5,13.683333333333334,27.366666666666667,29351.25,29323.88,27.37,53.23,TARGET,2.1,39.25
1783490640,2026-07-08,1,13.583333333333334,0.3227990970654628,3.018650654140901,BUILDING,OVERNIGHT,35.75,13.583333333333334,27.166666666666668,29353.75,29339.75,-14.0,-29.5,STOP,1.1,10.5
1783491660,2026-07-08,-1,12.016666666666667,0.1154929577464788,-3.07333973084861,NORMAL-CHOP,OVERNIGHT,-10.25,12.016666666666667,24.033333333333335,29332.5,29345.25,-12.75,-27.0,STOP,2.0,49.75
1783492440,2026-07-08,-1,15.033333333333331,0.3381995133819951,-3.1374317261606315,BUILDING,OVERNIGHT,-34.75,15.033333333333331,30.066666666666663,29303.25,29318.75,-15.5,-32.5,STOP,15.0,20.5
1783493520,2026-07-08,1,12.8,0.4236453201970443,1.562683867084928,CLEAN-TREND,OVERNIGHT,43.0,12.8,25.6,29346.5,29333.0,-13.5,-28.5,STOP,2.5,5.5
1783494300,2026-07-08,-1,13.0,0.6534954407294833,-2.2048768331633988,CLEAN-TREND,PRE-OPEN,-53.75,13.0,26.0,29287.5,29300.75,-13.25,-28.0,STOP,0.3,7.0
1783494420,2026-07-08,-1,13.016666666666667,0.6942675159235668,-1.73635888301001,CLEAN-TREND,PRE-OPEN,-54.5,13.016666666666667,26.033333333333335,29292.25,29305.75,-13.5,-28.5,STOP,2.0,11.75
1783498500,2026-07-08,1,16.683333333333334,0.236734693877551,1.5832191287501458,BUILDING,PRE-OPEN,29.0,16.683333333333334,33.36666666666667,29399.25,29382.25,-17.0,-35.5,STOP,0.4,2.25
1783498620,2026-07-08,-1,25.25,0.3739669421487603,-5.7901986375348375,BUILDING,PRE-OPEN,-90.5,25.25,50.5,29271.5,29297.0,-25.5,-52.5,STOP,0.5,313.75
1783498800,2026-07-08,-1,30.8,0.3721163490471414,-2.719104256279568,BUILDING,PRE-OPEN,-92.75,30.8,61.6,29264.25,29202.65,61.6,121.7,TARGET,2.8,306.5
1783499400,2026-07-08,-1,45.41666666666666,0.8389423076923077,-3.7615446726442032,CLEAN-TREND,PRE-OPEN,-349.0,45.41666666666666,90.83333333333331,29049.5,29095.25,-45.75,-93.0,STOP,2.4,91.75
1783499640,2026-07-08,-1,38.2,0.6189669771380186,-2.036972169203227,CLEAN-TREND,PRE-OPEN,-182.75,38.2,76.4,29085.5,29009.1,76.4,151.3,TARGET,2.5,127.75
1783499880,2026-07-08,-1,37.43333333333333,0.584875301689461,-1.5978906607945187,CLEAN-TREND,PRE-OPEN,-181.75,37.43333333333333,74.86666666666666,28991.0,29028.75,-37.75,-77.0,STOP,5.8,46.0
1783500660,2026-07-08,1,31.1,0.2206235011990407,1.6455435579702131,BUILDING,PRE-OPEN,46.0,31.1,62.2,29065.75,29034.25,-31.5,-64.5,STOP,5.9,33.75
1783501680,2026-07-08,-1,25.8,0.7043941411451398,-2.8402028997674207,CLEAN-TREND,PRE-OPEN,-132.25,25.8,51.6,28952.5,28979.0,-26.5,-54.5,STOP,21.7,42.25
1783506480,2026-07-08,1,17.266666666666666,0.6135957066189625,1.5844967194769644,CLEAN-TREND,PRE-OPEN,85.75,17.266666666666666,34.53333333333333,29015.0,28997.25,-17.75,-37.0,STOP,2.2,47.25
1783506720,2026-07-08,1,16.966666666666665,0.4124087591240876,1.6914617530557026,CLEAN-TREND,PRE-OPEN,56.5,16.966666666666665,33.93333333333333,29029.75,29012.5,-17.25,-36.0,STOP,26.5,32.5
1783508640,2026-07-08,-1,15.15,0.375,-5.708007697137407,BUILDING,PRE-OPEN,-48.0,15.15,30.3,28994.25,29009.75,-15.5,-32.5,STOP,0.7,21.25
1783510980,2026-07-08,1,21.03333333333333,0.6041979010494752,9.44516041185218,CLEAN-TREND,PRE-OPEN,100.75,21.03333333333333,42.06666666666666,29091.75,29070.25,-21.5,-44.5,STOP,2.5,91.5
1783511820,2026-07-08,1,30.9,0.2906976744186046,2.275095695433305,BUILDING,PRE-OPEN,75.0,30.9,61.8,29078.75,29140.55,61.8,122.1,TARGET,7.9,104.5
1783516320,2026-07-08,1,22.9,0.1952662721893491,3.3066890368136206,VIOLENT-WHIPSAW,PRE-OPEN,33.0,22.9,45.8,29210.5,29187.25,-23.25,-48.0,STOP,9.1,175.0
1783517400,2026-07-08,1,24.766666666666666,0.2764786795048143,10.517537145111003,BUILDING,US,50.25,24.766666666666666,49.53333333333333,29255.5,29230.25,-25.25,-52.0,STOP,0.1,143.5
1783517520,2026-07-08,1,30.166666666666668,0.4305239179954442,3.009891186168621,CLEAN-TREND,US,94.5,30.166666666666668,60.333333333333336,29314.25,29283.75,-30.5,-62.5,STOP,0.7,84.75
1783517940,2026-07-08,1,46.91666666666666,0.5054151624548736,4.11465473173822,CLEAN-TREND,US,140.0,46.91666666666666,93.83333333333331,29318.5,29322.25,3.75,6.0,TIME,30.0,80.5
1783519800,2026-07-08,-1,36.16666666666666,0.0814814814814814,-2.2654664261240938,VIOLENT-WHIPSAW,US,-19.25,36.16666666666666,72.33333333333331,29286.25,29322.75,-36.5,-74.5,STOP,9.8,51.25
1783520460,2026-07-08,1,43.18333333333333,0.1433536055603822,2.9119903142048824,VIOLENT-WHIPSAW,US,41.25,43.18333333333333,86.36666666666666,29367.75,29324.25,-43.5,-88.5,STOP,2.2,2.25
1783523640,2026-07-08,-1,29.433333333333334,0.3355704697986577,-1.978675881479119,BUILDING,US,-75.0,29.433333333333334,58.86666666666667,29137.75,29078.88,58.87,116.23,TARGET,8.3,103.75
1783526700,2026-07-08,1,25.616666666666667,0.3871951219512195,2.972524116709597,BUILDING,US,63.5,25.616666666666667,51.233333333333334,29151.75,29125.75,-26.0,-53.5,STOP,2.4,179.25
1783528200,2026-07-08,1,23.883333333333333,0.6077348066298343,2.2321534002414527,CLEAN-TREND,US,110.0,23.883333333333333,47.766666666666666,29310.75,29286.5,-24.25,-50.0,STOP,3.6,66.5
1783528500,2026-07-08,1,25.616666666666667,0.1294498381877022,3.277817958141405,VIOLENT-WHIPSAW,US,20.0,25.616666666666667,51.233333333333334,29281.25,29255.25,-26.0,-53.5,STOP,1.3,96.0
1783528740,2026-07-08,1,26.316666666666663,0.249626307922272,3.458766969420448,BUILDING,US,41.75,26.316666666666663,52.633333333333326,29298.0,29350.63,52.63,103.77,TARGET,9.6,92.0
1783531260,2026-07-08,1,19.75,0.1650853889943074,2.575822114949629,VIOLENT-WHIPSAW,US,21.75,19.75,39.5,29399.0,29438.5,39.5,77.5,TARGET,3.1,59.5
1783534200,2026-07-08,1,23.666666666666668,0.5728542914171657,1.5752081147402524,CLEAN-TREND,US,71.75,23.666666666666668,47.333333333333336,29413.25,29389.25,-24.0,-49.5,STOP,5.6,12.0
1783538160,2026-07-08,-1,15.85,0.2119205298013245,-1.803445174612436,BUILDING,US,-16.0,15.85,31.7,29388.25,29404.5,-16.25,-34.0,STOP,4.5,8.25
1783539900,2026-07-08,1,14.433333333333334,0.1404494382022472,2.5249834612214697,NORMAL-CHOP,US,12.5,14.433333333333334,28.866666666666667,29411.0,29396.25,-14.75,-31.0,STOP,1.2,89.0
1783540440,2026-07-08,1,19.116666666666667,0.3447619047619047,2.9032370192123333,BUILDING,US,45.25,19.116666666666667,38.233333333333334,29460.25,29498.48,38.23,74.97,TARGET,4.4,39.75
1783541460,2026-07-08,-1,17.816666666666666,0.3995943204868154,-1.860727648271096,BUILDING,OVERNIGHT,-49.25,17.816666666666666,35.63333333333333,29421.75,29386.12,35.63,69.77,TARGET,18.7,69.25
1783549200,2026-07-08,-1,13.683333333333334,0.18125,-1.7182153185926528,NORMAL-CHOP,OVERNIGHT,-14.5,13.683333333333334,27.366666666666667,29417.75,29431.75,-14.0,-29.5,STOP,9.1,12.75
1783550040,2026-07-08,1,11.15,0.0965732087227414,3.972061479752888,NORMAL-CHOP,OVERNIGHT,7.75,11.15,22.3,29433.5,29421.75,-11.75,-25.0,STOP,0.5,4.25
1783551960,2026-07-08,1,9.266666666666667,0.5357142857142857,5.742543675650814,BUILDING,OVERNIGHT,37.5,9.266666666666667,18.533333333333335,29449.75,29440.0,-9.75,-21.0,STOP,9.0,38.25
1783552620,2026-07-08,-1,9.4,0.1582491582491582,-4.481741695299074,DEAD-CHOP,OVERNIGHT,-11.75,9.4,18.8,29414.0,29395.2,18.8,36.1,TARGET,2.4,19.0
1783553580,2026-07-08,1,11.566666666666666,0.2235872235872235,3.1985655627566936,BUILDING,OVERNIGHT,22.75,11.566666666666666,23.133333333333333,29439.25,29462.38,23.13,44.77,TARGET,1.6,93.5
1783553760,2026-07-08,1,16.35,0.345565749235474,3.141665014121907,BUILDING,OVERNIGHT,56.5,16.35,32.7,29459.5,29442.75,-16.75,-35.0,STOP,1.6,82.0
1783555440,2026-07-09,1,16.733333333333334,0.4005037783375315,2.0338366403933925,CLEAN-TREND,OVERNIGHT,39.75,16.733333333333334,33.46666666666667,29527.0,29560.47,33.47,65.43,TARGET,8.1,55.5
1783557600,2026-07-09,-1,18.7,0.0659340659340659,-1.601930813198815,VIOLENT-WHIPSAW,OVERNIGHT,-12.0,18.7,37.4,29524.75,29543.75,-19.0,-39.5,STOP,5.1,61.75
1783561980,2026-07-09,-1,14.683333333333334,0.2621809744779582,-1.6824161202612162,BUILDING,OVERNIGHT,-28.25,14.683333333333334,29.366666666666667,29489.0,29459.63,29.37,57.23,TARGET,1.1,62.75
1783563240,2026-07-09,1,18.866666666666667,0.5652173913043478,1.6639898572102907,CLEAN-TREND,OVERNIGHT,74.75,18.866666666666667,37.733333333333334,29526.0,29563.73,37.73,73.97,TARGET,6.4,52.25
1783565460,2026-07-09,-1,14.8,0.5073891625615764,-2.293614037975932,CLEAN-TREND,OVERNIGHT,-51.5,14.8,29.6,29439.25,29409.65,29.6,57.7,TARGET,9.4,43.25
1783567080,2026-07-09,-1,15.6,0.0954773869346733,-3.7129146951995744,VIOLENT-WHIPSAW,OVERNIGHT,-9.5,15.6,31.2,29405.0,29421.0,-16.0,-33.5,STOP,2.1,9.0
1783571520,2026-07-09,1,12.066666666666666,0.2224938875305623,2.1823095914325368,BUILDING,OVERNIGHT,22.75,12.066666666666666,24.133333333333333,29527.25,29514.75,-12.5,-26.5,STOP,0.9,34.75
1783571760,2026-07-09,1,12.733333333333333,0.2701421800947867,1.9173547986384432,BUILDING,OVERNIGHT,28.5,12.733333333333333,25.466666666666665,29523.5,29548.97,25.47,49.43,TARGET,18.0,38.5
1783573860,2026-07-09,1,15.233333333333333,0.2791666666666667,19.33821135533582,BUILDING,OVERNIGHT,33.5,15.233333333333333,30.466666666666665,29579.0,29563.25,-15.75,-33.0,STOP,2.4,13.5
1783576680,2026-07-09,1,12.45,0.7766749379652605,2.067301090726116,CLEAN-TREND,OVERNIGHT,78.25,12.45,24.9,29605.25,29592.5,-12.75,-27.0,STOP,4.0,38.0
1783581180,2026-07-09,1,15.483333333333333,0.4096692111959287,1.932107119851788,CLEAN-TREND,PRE-OPEN,40.25,15.483333333333333,30.966666666666665,29644.75,29669.25,24.5,47.5,TIME,30.0,28.5
1783584000,2026-07-09,-1,10.283333333333331,0.085173501577287,-3.022672007721822,NORMAL-CHOP,PRE-OPEN,-6.75,10.283333333333331,20.566666666666663,29669.5,29680.25,-10.75,-23.0,STOP,0.9,3.5
1783584900,2026-07-09,1,14.366666666666667,0.3777777777777777,2.444537331363189,BUILDING,PRE-OPEN,46.75,14.366666666666667,28.733333333333334,29716.75,29702.0,-14.75,-31.0,STOP,3.0,19.25
1783585800,2026-07-09,-1,12.916666666666666,0.2238805970149253,-1.563831326742368,BUILDING,PRE-OPEN,-26.25,12.916666666666666,25.833333333333332,29690.25,29703.5,-13.25,-28.0,STOP,0.6,49.75
1783589220,2026-07-09,1,11.016666666666667,0.1310861423220973,1.8584722190742655,NORMAL-CHOP,PRE-OPEN,8.75,11.016666666666667,22.033333333333335,29650.25,29638.75,-11.5,-24.5,STOP,6.9,12.5
1783590060,2026-07-09,-1,13.85,0.3916083916083916,-5.731637825720588,BUILDING,PRE-OPEN,-28.0,13.85,27.7,29623.0,29637.25,-14.25,-30.0,STOP,10.0,8.0
1783593900,2026-07-09,-1,9.683333333333334,0.1555555555555555,-3.746278541975612,DEAD-CHOP,PRE-OPEN,-8.75,9.683333333333334,19.366666666666667,29631.0,29611.63,19.37,37.23,TARGET,0.4,67.0
1783594320,2026-07-09,-1,12.266666666666667,0.7616822429906542,-6.635491075541001,BUILDING,PRE-OPEN,-81.5,12.266666666666667,24.533333333333335,29574.0,29587.0,-13.0,-27.5,STOP,5.5,10.0
1783596780,2026-07-09,1,16.2,0.416988416988417,1.7317609159064729,CLEAN-TREND,PRE-OPEN,54.0,16.2,32.4,29658.0,29690.4,32.4,63.3,TARGET,11.7,62.75
1783599900,2026-07-09,1,11.416666666666666,0.2170542635658914,2.0752981174353877,BUILDING,PRE-OPEN,14.0,11.416666666666666,22.833333333333332,29735.5,29758.33,22.83,44.17,TARGET,6.0,51.0
1783603620,2026-07-09,1,12.683333333333334,0.1028571428571428,1.5893976417726488,NORMAL-CHOP,PRE-OPEN,9.0,12.683333333333334,25.366666666666667,29755.5,29742.5,-13.0,-27.5,STOP,0.0,155.0
1783603800,2026-07-09,-1,18.3,0.4074074074074074,-2.9271408141358983,CLEAN-TREND,US,-55.0,18.3,36.6,29692.5,29711.25,-18.75,-39.0,STOP,0.2,21.0
1783603920,2026-07-09,-1,22.133333333333333,0.4186046511627907,-2.4398798288519306,CLEAN-TREND,US,-54.0,22.133333333333333,44.266666666666666,29697.0,29719.5,-22.5,-46.5,STOP,0.2,5.25
1783604040,2026-07-09,1,27.05,0.1914357682619647,7.394069525358059,VIOLENT-WHIPSAW,US,38.0,27.05,54.1,29777.5,29831.6,54.1,106.7,TARGET,2.9,145.5
1783604520,2026-07-09,1,37.81666666666667,0.3526011560693641,3.413448977349145,BUILDING,US,106.75,37.81666666666667,75.63333333333334,29864.75,29826.5,-38.25,-78.0,STOP,5.8,58.25
1783605060,2026-07-09,1,32.6,0.2598290598290598,21.25494807351677,BUILDING,US,76.0,32.6,65.2,29881.25,29848.25,-33.0,-67.5,STOP,17.9,41.75
1783607460,2026-07-09,-1,41.95,0.081081081081081,-2.099907208761268,VIOLENT-WHIPSAW,US,-25.5,41.95,83.9,29703.75,29746.0,-42.25,-86.0,STOP,1.0,6.5
1783609080,2026-07-09,1,29.466666666666665,0.1343283582089552,1.81570144967798,VIOLENT-WHIPSAW,US,29.25,29.466666666666665,58.93333333333333,29797.0,29855.93,58.93,116.37,TARGET,7.9,89.0
1783615200,2026-07-09,1,14.266666666666667,0.0641025641025641,2.1367425979772734,NORMAL-CHOP,US,7.5,14.266666666666667,28.533333333333335,29909.5,29894.75,-14.75,-31.0,STOP,6.0,60.0
1783616220,2026-07-09,-1,9.966666666666669,0.2663755458515284,-1.5870242770835252,BUILDING,US,-15.25,9.966666666666669,19.933333333333337,29893.5,29903.75,-10.25,-22.0,STOP,1.1,5.0
1783616760,2026-07-09,1,11.05,0.3901639344262295,8.276665398158482,BUILDING,US,29.75,11.05,22.1,29937.0,29959.1,22.1,42.7,TARGET,3.6,56.25
1783619880,2026-07-09,-1,9.083333333333334,0.1924882629107981,-5.954689563554647,DEAD-CHOP,US,-10.25,9.083333333333334,18.166666666666668,29964.75,29974.25,-9.5,-20.5,STOP,0.9,22.75
1783623300,2026-07-09,-1,9.083333333333334,0.1764705882352941,-2.22348402417582,DEAD-CHOP,US,-9.75,9.083333333333334,18.166666666666668,29935.75,29917.58,18.17,34.83,TARGET,5.2,31.25
1783624500,2026-07-09,-1,11.55,0.1521739130434782,-1.7808641819268582,NORMAL-CHOP,US,-10.5,11.55,23.1,29911.75,29923.75,-12.0,-25.5,STOP,0.1,1.75
1783624620,2026-07-09,1,12.133333333333333,0.1402439024390244,2.0892701270602365,NORMAL-CHOP,US,11.5,12.133333333333333,24.266666666666666,29932.75,29957.02,24.27,47.03,TARGET,3.7,25.0
1783626840,2026-07-09,-1,12.7,0.4757834757834758,-2.913645853117743,CLEAN-TREND,US,-41.75,12.7,25.4,29898.0,29911.0,-13.0,-27.5,STOP,0.0,1.0
1783635540,2026-07-09,-1,11.416666666666666,0.2700296735905044,-13.152730405333244,BUILDING,OVERNIGHT,-22.75,11.416666666666666,22.833333333333332,29917.75,29920.75,-3.0,-7.5,TIME,30.0,13.75
1783638060,2026-07-09,-1,7.383333333333334,0.0761421319796954,-2.764920120857193,DEAD-CHOP,OVERNIGHT,-3.75,7.383333333333334,14.766666666666667,29913.75,29921.5,-7.75,-17.0,STOP,2.1,6.5
1783639080,2026-07-09,1,7.15,0.5025380710659898,2.353432813433515,BUILDING,OVERNIGHT,24.75,7.15,14.3,29942.5,29956.8,14.3,27.1,TARGET,5.7,22.25
1783640520,2026-07-09,-1,6.75,0.3132530120481928,-1.5074678683492924,BUILDING,OVERNIGHT,-13.0,6.75,13.5,29943.75,29930.25,13.5,25.5,TARGET,5.1,85.75
1783641660,2026-07-10,-1,12.883333333333333,0.3411078717201166,-2.642506306063248,BUILDING,OVERNIGHT,-29.25,12.883333333333333,25.766666666666666,29906.75,29880.98,25.77,50.03,TARGET,5.8,86.25
1783642200,2026-07-10,-1,20.916666666666668,0.5555555555555556,-3.844333793145799,CLEAN-TREND,OVERNIGHT,-90.0,20.916666666666668,41.833333333333336,29860.75,29882.0,-21.25,-44.0,STOP,3.0,57.25
1783642980,2026-07-10,-1,19.08333333333333,0.2295345104333868,-2.692920789782229,BUILDING,OVERNIGHT,-35.75,19.08333333333333,38.16666666666666,29847.5,29809.33,38.17,74.83,TARGET,9.8,44.0
1783645800,2026-07-10,-1,12.316666666666666,0.1436031331592689,-1.6232851034625777,NORMAL-CHOP,OVERNIGHT,-13.75,12.316666666666666,24.633333333333333,29828.25,29841.0,-12.75,-27.0,STOP,1.2,4.0
1783646580,2026-07-10,1,11.883333333333333,0.3551912568306011,1.6232901398591333,BUILDING,OVERNIGHT,32.5,11.883333333333333,23.766666666666666,29871.25,29859.0,-12.25,-26.0,STOP,2.5,51.5
1783649760,2026-07-10,-1,11.333333333333334,0.1391585760517799,-1.6793819748696084,NORMAL-CHOP,OVERNIGHT,-10.75,11.333333333333334,22.666666666666668,29861.75,29873.5,-11.75,-25.0,STOP,2.7,7.5
1783650600,2026-07-10,1,10.45,0.1475409836065573,2.061408177058164,NORMAL-CHOP,OVERNIGHT,13.5,10.45,20.9,29888.25,29909.15,20.9,40.3,TARGET,8.7,64.5
1783651620,2026-07-10,1,9.133333333333333,0.5338983050847458,4.408434054920789,BUILDING,OVERNIGHT,31.5,9.133333333333333,18.266666666666666,29925.75,29944.02,18.27,35.03,TARGET,3.2,38.0
1783652340,2026-07-10,1,9.533333333333331,0.574750830564784,2.112674195841655,BUILDING,OVERNIGHT,43.25,9.533333333333331,19.066666666666663,29952.25,29942.25,-10.0,-21.5,STOP,12.8,11.5
1783655880,2026-07-10,1,7.35,0.131578947368421,1.6012052606821872,DEAD-CHOP,OVERNIGHT,7.5,7.35,14.7,29930.5,29922.75,-7.75,-17.0,STOP,3.3,18.0
1783659000,2026-07-10,-1,7.716666666666667,0.2037914691943128,-3.165931785318654,BUILDING,OVERNIGHT,-10.75,7.716666666666667,15.433333333333334,29901.5,29886.07,15.43,29.37,TARGET,3.0,35.75
1783659420,2026-07-10,-1,8.883333333333333,0.4753086419753086,-1.7527618147865949,BUILDING,OVERNIGHT,-38.5,8.883333333333333,17.766666666666666,29877.0,29886.25,-9.25,-20.0,STOP,2.0,11.25
1783661400,2026-07-10,-1,9.483333333333333,0.4545454545454545,-3.835253955967987,BUILDING,OVERNIGHT,-28.75,9.483333333333333,18.966666666666665,29866.0,29875.75,-9.75,-21.0,STOP,1.5,27.75
1783662000,2026-07-10,-1,9.55,0.1322033898305084,-1.559161217290909,DEAD-CHOP,OVERNIGHT,-9.75,9.55,19.1,29869.75,29850.65,19.1,36.7,TARGET,1.4,43.0
1783663320,2026-07-10,-1,9.35,0.232258064516129,-2.042785880092488,BUILDING,OVERNIGHT,-18.0,9.35,18.7,29851.25,29832.55,18.7,35.9,TARGET,3.4,75.75
1783664460,2026-07-10,-1,10.5,0.5642857142857143,-5.5219291632817376,BUILDING,OVERNIGHT,-39.5,10.5,21.0,29794.0,29804.75,-10.75,-23.0,STOP,8.1,18.5
1783665480,2026-07-10,1,11.766666666666667,0.0880829015544041,2.0415501936818257,NORMAL-CHOP,OVERNIGHT,8.5,11.766666666666667,23.533333333333335,29797.75,29821.28,23.53,45.57,TARGET,6.7,34.75
1783666620,2026-07-10,1,7.15,0.4175824175824176,1.77287432324584,BUILDING,OVERNIGHT,19.0,7.15,14.3,29829.0,29821.25,-7.75,-17.0,STOP,1.8,2.75
1783666800,2026-07-10,-1,7.95,0.2489082969432314,-2.0732515931381363,BUILDING,PRE-OPEN,-14.25,7.95,15.9,29806.5,29815.0,-8.5,-18.5,STOP,2.9,15.75
1783667820,2026-07-10,1,12.116666666666667,0.1011764705882353,2.433618766887708,NORMAL-CHOP,PRE-OPEN,10.75,12.116666666666667,24.233333333333334,29823.5,29811.0,-12.5,-26.5,STOP,1.3,2.5
1783669620,2026-07-10,-1,7.883333333333334,0.4807692307692308,-1.6896760673681743,BUILDING,PRE-OPEN,-25.0,7.883333333333334,15.766666666666667,29788.75,29772.98,15.77,30.03,TARGET,5.9,45.5
1783670040,2026-07-10,-1,8.55,0.7416267942583732,-2.587186101525616,BUILDING,PRE-OPEN,-38.75,8.55,17.1,29768.5,29777.5,-9.0,-19.5,STOP,5.0,25.25
1783670700,2026-07-10,-1,11.316666666666666,0.6312056737588653,-3.175677046724707,BUILDING,PRE-OPEN,-44.5,11.316666666666666,22.633333333333333,29746.75,29758.5,-11.75,-25.0,STOP,1.5,3.5
1783672260,2026-07-10,-1,10.783333333333331,0.344578313253012,-2.0452581211947,BUILDING,PRE-OPEN,-35.75,10.783333333333331,21.566666666666663,29764.25,29775.5,-11.25,-24.0,STOP,3.0,48.0
1783672800,2026-07-10,-1,10.65,0.1116883116883116,-1.8151415065638212,NORMAL-CHOP,PRE-OPEN,-10.75,10.65,21.3,29765.75,29776.75,-11.0,-23.5,STOP,3.0,49.5
1783674060,2026-07-10,-1,13.016666666666667,0.5081206496519721,-12.257782917179291,CLEAN-TREND,PRE-OPEN,-54.75,13.016666666666667,26.033333333333335,29734.75,29748.25,-13.5,-28.5,STOP,0.1,0.25
1783678920,2026-07-10,-1,7.983333333333333,0.2555555555555555,-8.974838336967977,BUILDING,PRE-OPEN,-11.5,7.983333333333333,15.966666666666667,29819.5,29827.75,-8.25,-18.0,STOP,1.7,4.5
1783681560,2026-07-10,1,7.716666666666667,0.5,2.374422716275379,BUILDING,PRE-OPEN,25.5,7.716666666666667,15.433333333333334,29867.25,29882.68,15.43,29.37,TARGET,8.9,20.5
1783684560,2026-07-10,-1,9.983333333333333,0.3229571984435798,-2.3982657212674288,BUILDING,PRE-OPEN,-20.75,9.983333333333333,19.966666666666665,29812.0,29822.25,-10.25,-22.0,STOP,4.6,41.0
1783685040,2026-07-10,-1,11.15,0.5058823529411764,-2.4267009489302054,BUILDING,PRE-OPEN,-43.0,11.15,22.3,29784.75,29796.25,-11.5,-24.5,STOP,6.1,13.75
1783685580,2026-07-10,1,18.1,0.3596358118361153,29.08017197105196,BUILDING,PRE-OPEN,59.25,18.1,36.2,29874.75,29856.25,-18.5,-38.5,STOP,0.1,1.75
1783690320,2026-07-10,1,21.65,0.6282642089093702,1.565729788308155,CLEAN-TREND,US,102.25,21.65,43.3,29912.5,29890.5,-22.0,-45.5,STOP,3.1,56.0
1783690800,2026-07-10,-1,35.31666666666667,0.1319073083778966,-3.0634324699860715,VIOLENT-WHIPSAW,US,-37.0,35.31666666666667,70.63333333333334,29803.5,29839.25,-35.75,-73.0,STOP,0.3,5.0
1783690920,2026-07-10,1,39.3,0.1502008032128514,4.4657828493646985,VIOLENT-WHIPSAW,US,46.75,39.3,78.6,29863.75,29942.35,78.6,155.7,TARGET,6.3,104.75
1783691520,2026-07-10,1,37.55,0.1916264090177133,3.517629308766681,VIOLENT-WHIPSAW,US,59.5,37.55,75.1,29962.0,29924.0,-38.0,-77.5,STOP,2.1,4.75
1783693080,2026-07-10,-1,27.566666666666663,0.1525885558583106,-2.375855614608521,VIOLENT-WHIPSAW,US,-28.0,27.566666666666663,55.133333333333326,29918.75,29863.62,55.13,108.77,TARGET,2.8,241.25
1783693920,2026-07-10,-1,43.03333333333333,0.4349617422012948,-5.629363052207207,CLEAN-TREND,US,-184.75,43.03333333333333,86.06666666666666,29760.25,29804.0,-43.75,-89.0,STOP,0.5,82.75
1783704720,2026-07-10,1,9.466666666666669,0.453781512605042,1.969242650705884,BUILDING,US,27.0,9.466666666666669,18.933333333333337,30047.75,30038.0,-9.75,-21.0,STOP,1.4,24.75
1783707000,2026-07-10,1,10.583333333333334,0.1181102362204724,3.1984668216902903,NORMAL-CHOP,US,7.5,10.583333333333334,21.166666666666668,30058.25,30047.25,-11.0,-23.5,STOP,2.4,8.25
1783707600,2026-07-10,-1,11.05,0.4491525423728814,-1.600133930729535,BUILDING,US,-26.5,11.05,22.1,30030.75,30042.25,-11.5,-24.5,STOP,3.0,7.75
1783711920,2026-07-10,1,10.166666666666666,0.1652892561983471,6.03682611644847,DEAD-CHOP,US,10.0,10.166666666666666,20.333333333333332,30055.0,30044.5,-10.5,-22.5,STOP,20.5,12.25
1783898100,2026-07-12,-1,9.983333333333333,0.2028985507246377,-2.444698666515225,BUILDING,OVERNIGHT,-14.0,9.983333333333333,19.966666666666665,29872.75,29883.0,-10.25,-22.0,STOP,0.2,1.75
1783899960,2026-07-12,-1,9.35,0.4852941176470588,-2.731716331979385,BUILDING,OVERNIGHT,-33.0,9.35,18.7,29854.25,29864.0,-9.75,-21.0,STOP,0.6,10.5
1783900920,2026-07-13,1,18.85,0.5292397660818714,1.9202390612842963,CLEAN-TREND,OVERNIGHT,90.5,18.85,37.7,29953.25,29990.95,37.7,73.9,TARGET,3.9,89.25
1783901880,2026-07-13,1,24.316666666666663,0.0872894333843797,2.144453746841997,VIOLENT-WHIPSAW,OVERNIGHT,14.25,24.316666666666663,48.633333333333326,29973.0,29948.25,-24.75,-51.0,STOP,12.6,40.75
1783903020,2026-07-13,-1,17.75,0.6291161178509532,-4.119824302129883,CLEAN-TREND,OVERNIGHT,-90.75,17.75,35.5,29902.25,29866.75,35.5,69.5,TARGET,3.1,97.25
1783903920,2026-07-13,-1,23.366666666666667,0.4318471337579618,-2.6280913935804247,CLEAN-TREND,OVERNIGHT,-84.75,23.366666666666667,46.733333333333334,29816.5,29840.25,-23.75,-49.0,STOP,2.9,28.0
1783904940,2026-07-13,-1,20.28333333333333,0.2868525896414343,-3.157696822555144,BUILDING,OVERNIGHT,-36.0,20.28333333333333,40.56666666666666,29797.5,29818.25,-20.75,-43.0,STOP,3.1,9.0
1783905300,2026-07-13,1,20.65,0.1649122807017544,2.3863683185756424,VIOLENT-WHIPSAW,OVERNIGHT,23.5,20.65,41.3,29842.5,29821.5,-21.0,-43.5,STOP,1.3,5.5
1783907280,2026-07-13,-1,16.233333333333334,0.1218390804597701,-3.040406890760536,VIOLENT-WHIPSAW,OVERNIGHT,-13.25,16.233333333333334,32.46666666666667,29782.0,29798.5,-16.5,-34.5,STOP,0.4,53.25
1783911060,2026-07-13,-1,12.55,0.1029023746701846,-1.9819452507394468,NORMAL-CHOP,OVERNIGHT,-9.75,12.55,25.1,29752.75,29727.65,25.1,48.7,TARGET,5.5,70.25
1783911540,2026-07-13,-1,12.383333333333333,0.4744525547445255,-2.0779699329878403,BUILDING,OVERNIGHT,-48.75,12.383333333333333,24.766666666666666,29716.25,29691.48,24.77,48.03,TARGET,9.5,33.75
1783913820,2026-07-13,1,9.516666666666667,0.1038961038961039,1.7851411281724472,DEAD-CHOP,OVERNIGHT,8.0,9.516666666666667,19.033333333333335,29700.25,29719.28,19.03,36.57,TARGET,3.3,27.5
1783914540,2026-07-13,1,12.483333333333333,0.2314814814814814,1.7640502092127934,BUILDING,OVERNIGHT,25.0,12.483333333333333,24.966666666666665,29721.75,29709.0,-12.75,-27.0,STOP,1.3,3.5
1783914900,2026-07-13,-1,11.733333333333333,0.2071611253196931,-2.5437876962590957,BUILDING,OVERNIGHT,-20.25,11.733333333333333,23.466666666666665,29696.75,29673.28,23.47,45.43,TARGET,4.2,47.5
1783916760,2026-07-13,-1,10.766666666666667,0.1698113207547169,-2.1455089259604407,NORMAL-CHOP,OVERNIGHT,-11.25,10.766666666666667,21.533333333333335,29648.0,29626.47,21.53,41.57,TARGET,15.0,35.0
1783918800,2026-07-13,-1,7.5,0.2598425196850393,-1.7389125294350447,BUILDING,OVERNIGHT,-8.25,7.5,15.0,29619.25,29627.0,-7.75,-17.0,STOP,1.0,72.75
1783919280,2026-07-13,1,12.116666666666667,0.65625,3.5273874892914576,BUILDING,OVERNIGHT,42.0,12.116666666666667,24.233333333333334,29660.25,29684.48,24.23,46.97,TARGET,2.0,33.25
1783919820,2026-07-13,1,14.35,0.2317880794701986,1.5158109472575496,BUILDING,OVERNIGHT,26.25,14.35,28.7,29656.75,29642.0,-14.75,-31.0,STOP,2.4,13.25
1783920180,2026-07-13,-1,14.9,0.4333958724202627,-4.556462521480069,CLEAN-TREND,OVERNIGHT,-57.75,14.9,29.8,29602.0,29572.2,29.8,58.1,TARGET,6.2,55.5
1783920660,2026-07-13,-1,15.866666666666667,0.8605769230769231,-2.1763420451557014,CLEAN-TREND,OVERNIGHT,-89.5,15.866666666666667,31.733333333333334,29564.0,29580.25,-16.25,-34.0,STOP,1.0,1.75
1783921740,2026-07-13,1,15.916666666666666,0.0819047619047619,1.7645263363985215,VIOLENT-WHIPSAW,OVERNIGHT,10.75,15.916666666666666,31.833333333333332,29633.25,29665.08,31.83,62.17,TARGET,1.5,34.25
1783925040,2026-07-13,1,13.7,0.1532467532467532,1.7326175100051655,NORMAL-CHOP,OVERNIGHT,14.75,13.7,27.4,29642.75,29628.75,-14.0,-29.5,STOP,0.1,32.25
1783927800,2026-07-13,-1,12.6,0.1626898047722342,-1.531918884518848,NORMAL-CHOP,PRE-OPEN,-18.75,12.6,25.2,29648.75,29661.75,-13.0,-27.5,STOP,6.7,12.75
1783929960,2026-07-13,1,13.583333333333334,0.3779264214046823,2.2186415831343984,BUILDING,PRE-OPEN,28.25,13.583333333333334,27.166666666666668,29676.5,29703.67,27.17,52.83,TARGET,7.5,64.75
1783930860,2026-07-13,1,13.866666666666667,0.4711111111111111,3.2729323344274355,CLEAN-TREND,PRE-OPEN,53.0,13.866666666666667,27.733333333333334,29728.25,29714.0,-14.25,-30.0,STOP,14.1,17.0
1783932720,2026-07-13,1,9.033333333333331,0.679324894514768,2.5066074916536825,BUILDING,PRE-OPEN,40.25,9.033333333333331,18.066666666666663,29748.5,29738.75,-9.75,-21.0,STOP,3.0,8.5
1783933800,2026-07-13,-1,9.6,0.1986531986531986,-1.8286815685778008,DEAD-CHOP,PRE-OPEN,-14.75,9.6,19.2,29724.5,29734.5,-10.0,-21.5,STOP,3.8,4.75
1783934580,2026-07-13,1,8.0,0.6,1.7099013451895164,BUILDING,PRE-OPEN,33.75,8.0,16.0,29759.25,29775.25,16.0,30.5,TARGET,20.3,17.5
1783939740,2026-07-13,1,7.5,0.2857142857142857,1.650602561519596,BUILDING,PRE-OPEN,17.0,7.5,15.0,29756.5,29748.75,-7.75,-17.0,STOP,0.2,43.5
1783940400,2026-07-13,1,9.183333333333334,0.5892255892255892,17.137153051133126,BUILDING,PRE-OPEN,43.75,9.183333333333334,18.366666666666667,29785.5,29776.0,-9.5,-20.5,STOP,1.0,14.5
1783940760,2026-07-13,1,11.566666666666666,0.3175853018372703,2.702032943026714,BUILDING,PRE-OPEN,30.25,11.566666666666666,23.133333333333333,29785.75,29773.75,-12.0,-25.5,STOP,1.9,8.0
1783941180,2026-07-13,1,13.45,0.1719745222929936,3.500912962653712,NORMAL-CHOP,PRE-OPEN,20.25,13.45,26.9,29771.0,29757.25,-13.75,-29.0,STOP,5.8,22.75
1783944540,2026-07-13,-1,12.716666666666669,0.1393034825870646,-2.2179153553298665,NORMAL-CHOP,PRE-OPEN,-14.0,12.716666666666669,25.433333333333337,29728.5,29741.5,-13.0,-27.5,STOP,0.9,73.25
1783944720,2026-07-13,-1,16.716666666666665,0.1285714285714285,-3.674402154671335,VIOLENT-WHIPSAW,PRE-OPEN,-18.0,16.716666666666665,33.43333333333333,29712.0,29729.0,-17.0,-35.5,STOP,1.0,56.75
1783946760,2026-07-13,1,13.1,0.3264248704663212,1.8980867482798531,BUILDING,PRE-OPEN,31.5,13.1,26.2,29693.75,29719.95,26.2,50.9,TARGET,4.2,54.75
1783948620,2026-07-13,-1,10.733333333333333,0.6425531914893617,-2.097760217568608,BUILDING,PRE-OPEN,-37.75,10.733333333333333,21.466666666666665,29704.0,29715.0,-11.0,-23.5,STOP,7.1,167.75
1783949220,2026-07-13,-1,11.95,0.3705583756345177,-4.390956598940329,BUILDING,PRE-OPEN,-36.5,11.95,23.9,29685.5,29697.75,-12.25,-26.0,STOP,0.4,167.75
1783949580,2026-07-13,-1,25.58333333333333,0.2252836304700162,-4.265141375570387,BUILDING,US,-34.75,25.58333333333333,51.16666666666666,29672.75,29621.58,51.17,100.83,TARGET,3.3,155.0
1783950000,2026-07-13,-1,41.11666666666667,0.4283387622149837,-9.737591176618736,CLEAN-TREND,US,-131.5,41.11666666666667,82.23333333333333,29580.25,29621.75,-41.5,-84.5,STOP,18.0,62.5
1783951560,2026-07-13,1,37.28333333333333,0.1946666666666666,1.8389472146960724,VIOLENT-WHIPSAW,US,54.75,37.28333333333333,74.56666666666666,29577.25,29651.82,74.57,147.63,TARGET,4.3,146.75
1783952160,2026-07-13,-1,39.43333333333333,0.2188317349607672,-6.777834518005308,BUILDING,US,-62.75,39.43333333333333,78.86666666666666,29558.75,29598.75,-40.0,-81.5,STOP,2.6,65.5
1783952640,2026-07-13,1,47.88333333333333,0.1815616180620884,4.41943421951066,VIOLENT-WHIPSAW,US,48.25,47.88333333333333,95.76666666666667,29667.0,29618.75,-48.25,-98.0,STOP,20.4,57.0
1783954800,2026-07-13,1,27.933333333333334,0.5635964912280702,1.9851085089690128,CLEAN-TREND,US,128.5,27.933333333333334,55.86666666666667,29744.25,29716.0,-28.25,-58.0,STOP,3.3,8.0
1783959360,2026-07-13,-1,17.8,0.2037735849056604,-1.521226832887937,BUILDING,US,-27.0,17.8,35.6,29580.5,29544.9,35.6,69.7,TARGET,9.3,120.25
1783960140,2026-07-13,-1,17.383333333333333,0.5150115473441108,-2.69665632567086,CLEAN-TREND,US,-55.75,17.383333333333333,34.766666666666666,29558.5,29523.73,34.77,68.03,TARGET,1.0,98.25
1783960500,2026-07-13,-1,19.53333333333333,0.7153846153846154,-4.763710499849609,CLEAN-TREND,US,-93.0,19.53333333333333,39.06666666666666,29482.75,29502.75,-20.0,-41.5,STOP,3.0,22.5
1783962540,2026-07-13,1,20.28333333333333,0.403035413153457,1.5467869770114178,CLEAN-TREND,US,59.75,20.28333333333333,40.56666666666666,29566.25,29545.5,-20.75,-43.0,STOP,4.0,14.75
1783965900,2026-07-13,1,19.73333333333333,0.3333333333333333,1.9790343348616055,BUILDING,US,51.25,19.73333333333333,39.46666666666666,29534.0,29514.0,-20.0,-41.5,STOP,3.3,5.5
1783967400,2026-07-13,-1,16.033333333333335,0.4564315352697095,-2.3311035353919,CLEAN-TREND,US,-55.0,16.033333333333335,32.06666666666667,29456.5,29473.0,-16.5,-34.5,STOP,0.8,2.5
1783968660,2026-07-13,1,14.383333333333333,0.2535211267605634,1.6789197423957656,BUILDING,US,18.0,14.383333333333333,28.766666666666666,29512.25,29497.5,-14.75,-31.0,STOP,4.0,12.5
1783969800,2026-07-13,-1,15.916666666666666,0.2007042253521127,-1.9463181978339044,BUILDING,US,-28.5,15.916666666666666,31.833333333333332,29469.5,29437.67,31.83,62.17,TARGET,11.6,74.5
1783970580,2026-07-13,-1,14.5,0.6991150442477876,-10.115168903789694,CLEAN-TREND,US,-59.25,14.5,29.0,29432.0,29446.75,-14.75,-31.0,STOP,7.1,37.0
1783971180,2026-07-13,-1,16.966666666666665,0.2361516034985422,-2.3779549229082564,BUILDING,US,-20.25,16.966666666666665,33.93333333333333,29439.25,29405.32,33.93,66.37,TARGET,2.5,44.25
1783971480,2026-07-13,-1,17.383333333333333,0.3177083333333333,-2.089994174660987,BUILDING,US,-30.5,17.383333333333333,34.766666666666666,29399.75,29417.5,-17.75,-37.0,STOP,1.9,2.75
1783972200,2026-07-13,1,15.683333333333334,0.5212355212355212,2.851606683453716,CLEAN-TREND,US,67.5,15.683333333333334,31.366666666666667,29484.25,29468.25,-16.0,-33.5,STOP,3.7,20.75
1783981320,2026-07-13,-1,8.733333333333333,0.3168724279835391,-2.5274060716380107,BUILDING,OVERNIGHT,-19.25,8.733333333333333,17.466666666666665,29452.25,29434.78,17.47,33.43,TARGET,6.4,36.5
1783983300,2026-07-13,-1,10.083333333333334,0.4097421203438395,-3.875283096987114,BUILDING,OVERNIGHT,-35.75,10.083333333333334,20.166666666666668,29400.75,29380.58,20.17,38.83,TARGET,8.1,33.0
1783984320,2026-07-13,-1,10.3,0.3398058252427184,-1.9001036776411808,BUILDING,OVERNIGHT,-26.25,10.3,20.6,29374.5,29385.25,-10.75,-23.0,STOP,0.6,40.5
1783986060,2026-07-13,-1,10.166666666666666,0.5859872611464968,-3.63265600720785,BUILDING,OVERNIGHT,-46.0,10.166666666666666,20.333333333333332,29344.5,29355.0,-10.5,-22.5,STOP,10.2,19.5
1783986780,2026-07-13,1,13.933333333333334,0.3103448275862069,1.7363381047833029,BUILDING,OVERNIGHT,24.75,13.933333333333334,27.866666666666667,29378.75,29406.62,27.87,54.23,TARGET,4.8,97.5
1783987440,2026-07-14,1,24.466666666666665,0.088235294117647,1.7377720538129615,VIOLENT-WHIPSAW,OVERNIGHT,16.5,24.466666666666665,48.93333333333333,29364.75,29340.0,-24.75,-51.0,STOP,2.5,111.5
1783987980,2026-07-14,1,34.88333333333333,0.1214285714285714,2.1057453100319496,VIOLENT-WHIPSAW,OVERNIGHT,34.0,34.88333333333333,69.76666666666667,29445.25,29410.0,-35.25,-72.0,STOP,5.6,43.75
1783988580,2026-07-14,1,33.28333333333333,0.274601686972821,1.610130948842685,BUILDING,OVERNIGHT,73.25,33.28333333333333,66.56666666666666,29414.75,29381.0,-33.75,-69.0,STOP,4.2,87.75
1783989180,2026-07-14,1,29.966666666666665,0.1146245059288537,1.9413340640692405,VIOLENT-WHIPSAW,OVERNIGHT,29.0,29.966666666666665,59.93333333333333,29456.5,29425.75,-30.75,-63.0,STOP,9.8,84.5
1783991580,2026-07-14,-1,17.533333333333335,0.2609699769053117,-1.9012731611948892,BUILDING,OVERNIGHT,-28.25,17.533333333333335,35.06666666666667,29500.5,29518.5,-18.0,-37.5,STOP,3.7,59.75
1783992660,2026-07-14,-1,18.15,0.1293103448275862,-2.653183796723858,VIOLENT-WHIPSAW,OVERNIGHT,-15.0,18.15,36.3,29488.75,29452.45,36.3,71.1,TARGET,9.0,58.75
1783994400,2026-07-14,-1,17.533333333333335,0.3516129032258064,-1.932398287815416,BUILDING,OVERNIGHT,-54.5,17.533333333333335,35.06666666666667,29433.25,29451.25,-18.0,-37.5,STOP,0.6,60.25
1783998000,2026-07-14,-1,14.2,0.5765765765765766,-1.677832680620791,CLEAN-TREND,OVERNIGHT,-64.0,14.2,28.4,29377.5,29349.1,28.4,55.3,TARGET,9.5,74.25
1783999020,2026-07-14,-1,12.616666666666667,0.7117117117117117,-2.359183658441136,CLEAN-TREND,OVERNIGHT,-59.25,12.616666666666667,25.233333333333334,29307.75,29320.75,-13.0,-27.5,STOP,0.9,4.5
1784001120,2026-07-14,1,19.98333333333333,0.3432282003710575,1.672836650799205,BUILDING,OVERNIGHT,46.25,19.98333333333333,39.96666666666666,29414.75,29394.5,-20.25,-42.0,STOP,16.6,31.0
1784004480,2026-07-14,1,10.5,0.50920245398773,1.857633193684989,BUILDING,OVERNIGHT,41.5,10.5,21.0,29494.25,29483.5,-10.75,-23.0,STOP,3.4,57.5
1784004900,2026-07-14,1,11.766666666666667,0.3310810810810811,1.57815383377595,BUILDING,OVERNIGHT,24.5,11.766666666666667,23.533333333333335,29502.75,29490.5,-12.25,-26.0,STOP,6.4,92.25
1784006040,2026-07-14,1,11.333333333333334,0.4897959183673469,2.237696592352213,BUILDING,OVERNIGHT,36.0,11.333333333333334,22.666666666666668,29546.0,29568.67,22.67,43.83,TARGET,6.7,86.25
1784006760,2026-07-14,1,13.066666666666666,0.7425287356321839,1.999040316186588,CLEAN-TREND,OVERNIGHT,80.75,13.066666666666666,26.133333333333333,29607.75,29594.25,-13.5,-28.5,STOP,11.0,24.5
1784008860,2026-07-14,1,11.266666666666667,0.2913907284768212,1.9256541116712436,BUILDING,OVERNIGHT,22.0,11.266666666666667,22.533333333333335,29610.5,29598.5,-12.0,-25.5,STOP,1.6,39.25
1784011380,2026-07-14,-1,10.416666666666666,0.1029411764705882,-1.8786463919540304,NORMAL-CHOP,OVERNIGHT,-7.0,10.416666666666666,20.833333333333332,29598.25,29577.42,20.83,40.17,TARGET,4.9,52.75
1784014980,2026-07-14,-1,14.333333333333334,0.3367875647668393,-1.8102728383350892,BUILDING,PRE-OPEN,-32.5,14.333333333333334,28.666666666666668,29575.25,29590.0,-14.75,-31.0,STOP,5.8,27.75
1784016000,2026-07-14,1,13.833333333333334,0.1032028469750889,2.4245069155502352,NORMAL-CHOP,PRE-OPEN,7.25,13.833333333333334,27.666666666666668,29573.5,29601.17,27.67,53.83,TARGET,1.6,58.5
1784017620,2026-07-14,1,13.466666666666669,0.5654761904761905,1.8834435916729555,CLEAN-TREND,PRE-OPEN,47.5,13.466666666666669,26.933333333333337,29622.75,29609.0,-13.75,-29.0,STOP,2.1,13.5
1784019060,2026-07-14,-1,10.833333333333334,0.5849056603773585,-1.8112099860473931,BUILDING,PRE-OPEN,-46.5,10.833333333333334,21.666666666666668,29584.75,29563.08,21.67,41.83,TARGET,8.3,27.0
1784019840,2026-07-14,1,12.033333333333331,0.1666666666666666,3.438463035926585,NORMAL-CHOP,PRE-OPEN,16.0,12.033333333333331,24.066666666666663,29599.25,29586.75,-12.5,-26.5,STOP,1.6,30.0
1784020680,2026-07-14,1,12.733333333333333,0.0971128608923884,2.699593375181887,NORMAL-CHOP,PRE-OPEN,9.25,12.733333333333333,25.466666666666665,29596.75,29583.5,-13.25,-28.0,STOP,9.0,25.75
1784025360,2026-07-14,1,10.333333333333334,0.208955223880597,2.4203684662144243,BUILDING,PRE-OPEN,14.0,10.333333333333334,20.666666666666668,29609.0,29629.67,20.67,39.83,TARGET,1.0,24.0
1784026380,2026-07-14,-1,9.216666666666669,0.2105263157894736,-2.675526456074813,BUILDING,PRE-OPEN,-14.0,9.216666666666669,18.433333333333337,29604.0,29613.5,-9.5,-20.5,STOP,6.0,50.0
1784027880,2026-07-14,1,19.4,0.330812854442344,2.7420675519540523,BUILDING,PRE-OPEN,43.75,19.4,38.8,29615.75,29654.55,38.8,76.1,TARGET,5.8,54.75
1784030580,2026-07-14,-1,11.216666666666669,0.3819241982507289,-2.7271032412446083,BUILDING,PRE-OPEN,-32.75,11.216666666666669,22.433333333333337,29614.5,29592.07,22.43,43.37,TARGET,1.4,44.5
1784032140,2026-07-14,1,16.133333333333333,0.6626916524701874,1.5869113996021786,CLEAN-TREND,PRE-OPEN,97.25,16.133333333333333,32.266666666666666,29693.0,29676.0,-17.0,-35.5,STOP,0.0,229.0
1784035500,2026-07-14,1,14.716666666666669,0.1126436781609195,1.9688936213596373,NORMAL-CHOP,PRE-OPEN,12.25,14.716666666666669,29.433333333333337,29806.75,29791.75,-15.0,-31.5,STOP,4.0,25.25
1784036460,2026-07-14,-1,40.96666666666667,0.1595466434176111,-1.5444010158764665,VIOLENT-WHIPSAW,US,-45.75,40.96666666666667,81.93333333333334,29764.5,29805.75,-41.25,-84.0,STOP,4.1,127.25
1784036940,2026-07-14,1,43.38333333333333,0.2474747474747475,1.978493476856456,BUILDING,US,73.5,43.38333333333333,86.76666666666667,29764.25,29720.5,-43.75,-89.0,STOP,3.2,40.5
1784037720,2026-07-14,-1,36.8,0.1562207670720299,-2.215393210027113,VIOLENT-WHIPSAW,US,-41.75,36.8,73.6,29713.25,29639.65,73.6,145.7,TARGET,6.3,146.0
1784038500,2026-07-14,-1,39.35,0.5615514333895447,-3.302895377919653,CLEAN-TREND,US,-166.5,39.35,78.7,29615.25,29655.0,-39.75,-81.0,STOP,4.1,48.0
1784039160,2026-07-14,1,41.06666666666667,0.1241721854304635,2.9724446316578947,VIOLENT-WHIPSAW,US,37.5,41.06666666666667,82.13333333333334,29701.25,29659.75,-41.5,-84.5,STOP,1.2,108.75
1784039520,2026-07-14,1,40.516666666666666,0.3893016344725111,3.43732640613931,BUILDING,US,131.0,40.516666666666666,81.03333333333333,29732.5,29691.5,-41.0,-83.5,STOP,14.2,77.5
1784041440,2026-07-14,1,27.65,0.5795868772782503,7.666883694870781,CLEAN-TREND,US,119.25,27.65,55.3,29805.25,29860.55,55.3,109.1,TARGET,3.8,90.75
1784049300,2026-07-14,-1,12.05,0.1945392491467577,-3.2107952157069546,NORMAL-CHOP,US,-14.25,12.05,24.1,29819.5,29832.0,-12.5,-26.5,STOP,3.4,8.25
1784053440,2026-07-14,-1,8.516666666666667,0.2133333333333333,-1.9856936523091515,BUILDING,US,-8.0,8.516666666666667,17.033333333333335,29854.5,29863.5,-9.0,-19.5,STOP,0.6,43.75
1784054220,2026-07-14,-1,11.916666666666666,0.1827242524916943,-3.02987113538033,NORMAL-CHOP,US,-13.75,11.916666666666666,23.833333333333332,29853.5,29829.67,23.83,46.17,TARGET,3.4,73.25
1784054940,2026-07-14,-1,15.066666666666666,0.391304347826087,-2.2296381729280803,BUILDING,US,-45.0,15.066666666666666,30.133333333333333,29816.5,29832.0,-15.5,-32.5,STOP,2.4,36.25
1784055660,2026-07-14,-1,11.866666666666667,0.2037914691943128,-2.0431563108463493,BUILDING,US,-21.5,11.866666666666667,23.733333333333334,29807.0,29783.27,23.73,45.97,TARGET,5.7,36.0
1784056860,2026-07-14,1,13.083333333333334,0.2695214105793451,2.1591910526773503,BUILDING,US,26.75,13.083333333333334,26.166666666666668,29827.75,29814.25,-13.5,-28.5,STOP,6.4,10.5
1784057340,2026-07-14,-1,10.883333333333333,0.2044817927170868,-2.305359499282673,BUILDING,US,-18.25,10.883333333333333,21.766666666666666,29797.5,29775.73,21.77,42.03,TARGET,1.1,26.5
1784058240,2026-07-14,1,14.633333333333333,0.1474530831099195,2.366717955086891,NORMAL-CHOP,US,13.75,14.633333333333333,29.266666666666666,29811.25,29796.25,-15.0,-31.5,STOP,5.0,24.5
1784059140,2026-07-14,-1,15.183333333333334,0.2236286919831223,-2.573291720623976,BUILDING,US,-26.5,15.183333333333334,30.366666666666667,29787.0,29802.5,-15.5,-32.5,STOP,5.7,22.5
1784067840,2026-07-14,1,10.85,0.2335329341317365,3.482764342776217,BUILDING,OVERNIGHT,19.5,10.85,21.7,29793.25,29782.0,-11.25,-24.0,STOP,13.8,3.25
1784068980,2026-07-14,-1,5.133333333333334,0.3728813559322034,-1.7607472419114043,BUILDING,OVERNIGHT,-11.0,5.133333333333334,10.266666666666667,29778.25,29767.98,10.27,19.03,TARGET,8.6,20.25
1784070300,2026-07-14,1,8.166666666666666,0.0948275862068965,2.5885233860242987,DEAD-CHOP,OVERNIGHT,5.5,8.166666666666666,16.333333333333332,29783.75,29800.08,16.33,31.17,TARGET,15.5,98.25
1784071500,2026-07-14,1,10.016666666666667,0.7068062827225131,8.177289573679188,BUILDING,OVERNIGHT,67.5,10.016666666666667,20.033333333333335,29851.75,29841.25,-10.5,-22.5,STOP,0.1,44.0
1784071680,2026-07-14,1,11.9,0.4933920704845815,2.366470845161972,BUILDING,OVERNIGHT,56.0,11.9,23.8,29851.75,29875.55,23.8,46.1,TARGET,2.1,48.25
1784072520,2026-07-14,1,10.683333333333334,0.3364485981308411,1.7902500491291728,BUILDING,OVERNIGHT,18.0,10.683333333333334,21.366666666666667,29864.25,29853.25,-11.0,-23.5,STOP,0.8,35.75
1784073240,2026-07-14,1,10.783333333333331,0.3648648648648648,3.057620214078196,BUILDING,OVERNIGHT,27.0,10.783333333333331,21.566666666666663,29891.25,29880.0,-11.25,-24.0,STOP,2.8,42.25
1784073600,2026-07-15,1,13.533333333333331,0.100502512562814,1.6778670309881505,NORMAL-CHOP,OVERNIGHT,10.0,13.533333333333331,27.066666666666663,29858.75,29844.75,-14.0,-29.5,STOP,4.6,74.75
1784074380,2026-07-15,1,20.183333333333334,0.1275167785234899,2.562264043072099,VIOLENT-WHIPSAW,OVERNIGHT,19.0,20.183333333333334,40.36666666666667,29898.0,29877.5,-20.5,-42.5,STOP,22.8,35.5
1784078760,2026-07-15,1,13.483333333333333,0.5374449339207048,3.4256661329085625,CLEAN-TREND,OVERNIGHT,61.0,13.483333333333333,26.966666666666665,29932.75,29919.0,-13.75,-29.0,STOP,2.4,11.75
1784080680,2026-07-15,1,11.716666666666669,0.4946808510638298,2.4726975771623803,BUILDING,OVERNIGHT,46.5,11.716666666666669,23.433333333333337,29952.75,29976.18,23.43,45.37,TARGET,13.5,30.25
1784083080,2026-07-15,1,8.033333333333333,0.3428571428571428,2.331453255118043,BUILDING,OVERNIGHT,12.0,8.033333333333333,16.066666666666666,29978.5,29970.0,-8.5,-18.5,STOP,11.5,8.75
1784085360,2026-07-15,1,7.983333333333333,0.174496644295302,2.3439928107973977,DEAD-CHOP,OVERNIGHT,13.0,7.983333333333333,15.966666666666667,29972.25,29988.22,15.97,30.43,TARGET,13.4,29.5
1784086860,2026-07-15,1,7.066666666666666,0.4841628959276018,3.2885963061367747,BUILDING,OVERNIGHT,26.75,7.066666666666666,14.133333333333333,30000.0,29992.25,-7.75,-17.0,STOP,0.5,19.5
1784089740,2026-07-15,-1,6.116666666666666,0.270440251572327,-2.01407962567086,BUILDING,OVERNIGHT,-10.75,6.116666666666666,12.233333333333333,29989.75,29996.25,-6.5,-14.5,STOP,3.2,6.75
1784091540,2026-07-15,1,6.3,0.3801169590643274,4.430383822747777,BUILDING,OVERNIGHT,16.25,6.3,12.6,30022.25,30034.85,12.6,23.7,TARGET,0.0,36.25
1784091660,2026-07-15,1,11.083333333333334,0.2617079889807162,1.962883678268937,BUILDING,OVERNIGHT,23.75,11.083333333333334,22.166666666666668,30030.25,30018.75,-11.5,-24.5,STOP,0.1,5.5
1784094960,2026-07-15,1,9.483333333333333,0.3356401384083045,2.5482354944432544,BUILDING,OVERNIGHT,24.25,9.483333333333333,18.966666666666665,30023.0,30041.97,18.97,36.43,TARGET,5.8,27.0
1784099880,2026-07-15,-1,12.016666666666667,0.1080459770114942,-2.117885044598914,NORMAL-CHOP,PRE-OPEN,-11.75,12.016666666666667,24.033333333333335,30014.75,29990.72,24.03,46.57,TARGET,5.3,86.5
1784100660,2026-07-15,-1,14.8,0.5133079847908745,-1.994239029868825,CLEAN-TREND,PRE-OPEN,-67.5,14.8,29.6,29953.5,29968.75,-15.25,-32.0,STOP,1.3,3.5
1784101440,2026-07-15,1,11.066666666666666,0.1349480968858131,2.214459287487206,NORMAL-CHOP,PRE-OPEN,9.75,11.066666666666666,22.133333333333333,29979.25,30001.38,22.13,42.77,TARGET,5.7,25.75
1784102880,2026-07-15,-1,13.15,0.5721153846153846,-1.6670145801022618,CLEAN-TREND,PRE-OPEN,-59.5,13.15,26.3,29938.75,29912.45,26.3,51.1,TARGET,4.7,67.0
1784103360,2026-07-15,-1,16.2,0.6101694915254238,-1.6508463691211264,CLEAN-TREND,PRE-OPEN,-72.0,16.2,32.4,29906.5,29923.0,-16.5,-34.5,STOP,1.8,34.75
1784107800,2026-07-15,-1,7.233333333333333,0.0980392156862745,-1.7084025125123798,DEAD-CHOP,PRE-OPEN,-5.0,7.233333333333333,14.466666666666667,29942.0,29949.5,-7.5,-16.5,STOP,7.7,27.25
1784109180,2026-07-15,-1,8.583333333333334,0.2810457516339869,-2.320031589344318,BUILDING,PRE-OPEN,-21.5,8.583333333333334,17.166666666666668,29926.25,29935.25,-9.0,-19.5,STOP,17.6,25.5
1784112960,2026-07-15,1,6.833333333333333,0.456221198156682,2.460125308246623,BUILDING,PRE-OPEN,24.75,6.833333333333333,13.666666666666666,29932.0,29924.75,-7.25,-16.0,STOP,0.8,21.75
1784113140,2026-07-15,1,7.716666666666667,0.3929961089494163,4.160959701793745,BUILDING,PRE-OPEN,25.25,7.716666666666667,15.433333333333334,29926.75,29942.18,15.43,29.37,TARGET,0.3,27.0
1784114820,2026-07-15,-1,8.85,0.2294372294372294,-2.0173760732229,BUILDING,PRE-OPEN,-13.25,8.85,17.7,29916.75,29926.0,-9.25,-20.0,STOP,4.6,12.25
1784115180,2026-07-15,-1,8.183333333333334,0.3160621761658031,-2.005524794544737,BUILDING,PRE-OPEN,-15.25,8.183333333333334,16.366666666666667,29922.5,29931.0,-8.5,-18.5,STOP,0.7,21.5
1784115780,2026-07-15,1,8.233333333333333,0.3081081081081081,1.770820311973253,BUILDING,PRE-OPEN,14.25,8.233333333333333,16.466666666666665,29936.0,29927.5,-8.5,-18.5,STOP,0.6,-0.25
1784116140,2026-07-15,-1,8.633333333333333,0.3545454545454545,-1.683879575760752,BUILDING,PRE-OPEN,-19.5,8.633333333333333,17.266666666666666,29911.25,29920.25,-9.0,-19.5,STOP,0.6,37.5
1784117580,2026-07-15,-1,10.8,0.5327102803738317,-1.5613790658849993,BUILDING,PRE-OPEN,-42.75,10.8,21.6,29881.5,29892.75,-11.25,-24.0,STOP,2.8,31.5
1784118060,2026-07-15,-1,10.266666666666667,0.2491909385113268,-4.662681367394812,BUILDING,PRE-OPEN,-19.25,10.266666666666667,20.533333333333335,29858.0,29868.75,-10.75,-23.0,STOP,2.6,8.0
1784118600,2026-07-15,1,15.833333333333334,0.3150684931506849,6.681365136715384,BUILDING,PRE-OPEN,34.5,15.833333333333334,31.666666666666668,29925.75,29957.42,31.67,61.83,TARGET,4.9,69.75
1784119320,2026-07-15,1,22.866666666666667,0.5626822157434402,8.51843018459947,CLEAN-TREND,PRE-OPEN,96.5,22.866666666666667,45.733333333333334,29969.25,29946.0,-23.25,-48.0,STOP,2.6,30.0
1784121600,2026-07-15,-1,10.566666666666666,0.5811209439528023,-1.838015554474308,BUILDING,PRE-OPEN,-49.25,10.566666666666666,21.133333333333333,29943.25,29954.25,-11.0,-23.5,STOP,4.3,184.0
1784122140,2026-07-15,1,11.066666666666666,0.1784511784511784,3.842160399373831,NORMAL-CHOP,PRE-OPEN,13.25,11.066666666666666,22.133333333333333,29957.25,29945.75,-11.5,-24.5,STOP,0.1,21.0
1784122320,2026-07-15,-1,17.266666666666666,0.2417582417582417,-4.803980935130117,BUILDING,US,-22.0,17.266666666666666,34.53333333333333,29931.0,29948.75,-17.75,-37.0,STOP,1.7,176.0
1784122500,2026-07-15,-1,22.816666666666663,0.1634980988593156,-10.389432867770108,VIOLENT-WHIPSAW,US,-21.5,22.816666666666663,45.633333333333326,29918.0,29941.25,-23.25,-48.0,STOP,1.1,163.0
1784122680,2026-07-15,-1,29.366666666666667,0.3639947437582129,-3.0923762930581318,BUILDING,US,-69.25,29.366666666666667,58.733333333333334,29873.75,29815.02,58.73,115.97,TARGET,7.1,118.75
1784123580,2026-07-15,-1,33.4,0.4123505976095618,-2.123002113183327,CLEAN-TREND,US,-103.5,33.4,66.8,29771.0,29804.75,-33.75,-69.0,STOP,1.1,76.0
1784124360,2026-07-15,1,32.06666666666667,0.5035460992907801,3.724900166793942,CLEAN-TREND,US,124.25,32.06666666666667,64.13333333333334,29887.25,29854.75,-32.5,-66.5,STOP,2.9,5.0
1784124840,2026-07-15,-1,28.58333333333333,0.0824858757062146,-2.641728092100496,VIOLENT-WHIPSAW,US,-18.25,28.58333333333333,57.16666666666666,29806.5,29749.33,57.17,112.83,TARGET,6.4,269.75
1784125380,2026-07-15,-1,32.75,0.6800766283524904,-2.933069361862815,CLEAN-TREND,US,-177.5,32.75,65.5,29701.5,29734.5,-33.0,-67.5,STOP,6.6,164.75
1784125920,2026-07-15,-1,38.46666666666667,0.5056967572304996,-2.2520227509334174,CLEAN-TREND,US,-144.25,38.46666666666667,76.93333333333334,29673.75,29712.5,-38.75,-79.0,STOP,1.0,137.0
1784126100,2026-07-15,-1,37.95,0.2847222222222222,-1.6607644009523606,BUILDING,US,-82.0,37.95,75.9,29675.75,29599.85,75.9,150.3,TARGET,2.2,139.0
1784126520,2026-07-15,-1,37.68333333333333,0.5101321585903084,-3.692672114209961,CLEAN-TREND,US,-144.75,37.68333333333333,75.36666666666666,29542.75,29580.75,-38.0,-77.5,STOP,1.1,2.25
1784126700,2026-07-15,-1,38.43333333333333,0.4393822393822393,-1.7719863117905394,CLEAN-TREND,US,-142.25,38.43333333333333,76.86666666666666,29568.5,29607.25,-38.75,-79.0,STOP,1.1,6.75
1784131380,2026-07-15,-1,21.85,0.4741935483870967,-1.7839923647108262,CLEAN-TREND,US,-73.5,21.85,43.7,29518.75,29475.05,43.7,85.9,TARGET,10.6,88.0
1784133960,2026-07-15,1,24.95,0.1781609195402299,13.679757145010084,VIOLENT-WHIPSAW,US,31.0,24.95,49.9,29495.25,29470.0,-25.25,-52.0,STOP,0.9,66.0
1784141160,2026-07-15,-1,15.45,0.7283950617283951,-2.1615785325784302,CLEAN-TREND,US,-88.5,15.45,30.9,29636.25,29652.0,-15.75,-33.0,STOP,0.0,41.25
1784141400,2026-07-15,-1,16.85,0.5357142857142857,-2.376635428707253,CLEAN-TREND,US,-67.5,16.85,33.7,29644.75,29611.05,33.7,65.9,TARGET,0.8,51.5
1784142240,2026-07-15,1,20.133333333333333,0.0938511326860841,2.1237834732802745,VIOLENT-WHIPSAW,US,14.5,20.133333333333333,40.266666666666666,29656.75,29636.25,-20.5,-42.5,STOP,3.6,12.25
1784142720,2026-07-15,1,20.316666666666663,0.1511254019292604,4.438145087186622,VIOLENT-WHIPSAW,US,23.5,20.316666666666663,40.633333333333326,29647.75,29627.0,-20.75,-43.0,STOP,5.4,39.5
1784143200,2026-07-15,-1,17.566666666666666,0.4063157894736842,-3.642336316089483,CLEAN-TREND,US,-48.25,17.566666666666666,35.13333333333333,29605.25,29623.25,-18.0,-37.5,STOP,6.1,16.25
1784143800,2026-07-15,1,15.416666666666666,0.1923076923076923,2.3916457600185552,VIOLENT-WHIPSAW,US,22.5,15.416666666666666,30.833333333333332,29660.75,29645.0,-15.75,-33.0,STOP,1.4,55.25
1784145000,2026-07-15,1,15.433333333333334,0.3254156769596199,3.772743534965989,BUILDING,US,34.25,15.433333333333334,30.866666666666667,29668.25,29699.12,30.87,60.23,TARGET,4.1,69.25
1784145600,2026-07-15,1,17.216666666666665,0.3769633507853403,1.5952937456220435,BUILDING,OVERNIGHT,36.0,17.216666666666665,34.43333333333333,29709.5,29692.0,-17.5,-36.5,STOP,8.9,28.0
1784154180,2026-07-15,-1,6.833333333333333,0.4875,-1.5672436632626825,BUILDING,OVERNIGHT,-19.5,6.833333333333333,13.666666666666666,29717.5,29724.75,-7.25,-16.0,STOP,6.1,38.25
1784154900,2026-07-15,-1,6.866666666666666,0.5035460992907801,-2.8117065288858907,BUILDING,OVERNIGHT,-17.75,6.866666666666666,13.733333333333333,29705.5,29691.77,13.73,25.97,TARGET,0.3,27.75
1784156160,2026-07-15,1,12.4,0.2604166666666667,2.54908957016822,BUILDING,OVERNIGHT,25.0,12.4,24.8,29720.5,29707.75,-12.75,-27.0,STOP,18.3,16.5
1784157480,2026-07-15,-1,9.45,0.3445945945945945,-3.082109353717569,BUILDING,OVERNIGHT,-25.5,9.45,18.9,29701.75,29711.5,-9.75,-21.0,STOP,2.1,6.75
1784158380,2026-07-15,1,9.05,0.4113475177304964,1.7979277616911171,BUILDING,OVERNIGHT,29.0,9.05,18.1,29731.5,29722.0,-9.5,-20.5,STOP,4.3,13.5
1784159340,2026-07-15,-1,9.1,0.4610778443113772,-1.86860920037028,BUILDING,OVERNIGHT,-38.5,9.1,18.2,29692.25,29702.0,-9.75,-21.0,STOP,1.0,10.0
1784160120,2026-07-16,1,13.633333333333333,0.2892156862745098,3.9265475120346633,BUILDING,OVERNIGHT,29.5,13.633333333333333,27.266666666666666,29737.75,29723.75,-14.0,-29.5,STOP,0.8,27.5
1784160780,2026-07-16,1,18.03333333333333,0.4989473684210526,3.964206637343012,CLEAN-TREND,OVERNIGHT,59.25,18.03333333333333,36.06666666666666,29745.75,29727.25,-18.5,-38.5,STOP,2.1,19.5
1784161140,2026-07-16,-1,16.616666666666667,0.3942093541202672,-1.7673526313361283,BUILDING,OVERNIGHT,-44.25,16.616666666666667,33.233333333333334,29696.5,29663.27,33.23,64.97,TARGET,7.7,74.25
1784163600,2026-07-16,1,16.466666666666665,0.2394366197183098,2.431223874220005,BUILDING,OVERNIGHT,29.75,16.466666666666665,32.93333333333333,29653.75,29637.0,-16.75,-35.0,STOP,0.7,15.25
1784168580,2026-07-16,1,11.966666666666669,0.4976303317535545,1.688023525763808,BUILDING,OVERNIGHT,52.5,11.966666666666669,23.933333333333337,29688.75,29676.5,-12.25,-26.0,STOP,20.0,31.0
1784172480,2026-07-16,-1,8.483333333333333,0.4666666666666667,-1.900333137674881,BUILDING,OVERNIGHT,-29.75,8.483333333333333,16.966666666666665,29719.5,29728.25,-8.75,-19.0,STOP,1.9,13.75
1784173500,2026-07-16,-1,10.466666666666669,0.2781456953642384,-4.225871057699554,BUILDING,OVERNIGHT,-21.0,10.466666666666669,20.933333333333337,29712.5,29723.25,-10.75,-23.0,STOP,4.8,6.0
1784175660,2026-07-16,-1,10.183333333333334,0.27,-2.336405819531077,BUILDING,OVERNIGHT,-27.0,10.183333333333334,20.366666666666667,29714.0,29724.5,-10.5,-22.5,STOP,3.0,18.25
1784176680,2026-07-16,-1,6.666666666666667,0.2441860465116279,-1.8350425216657127,BUILDING,OVERNIGHT,-10.5,6.666666666666667,13.333333333333334,29705.0,29712.0,-7.0,-15.5,STOP,4.5,9.25
1784178780,2026-07-16,1,10.066666666666666,0.3865814696485623,2.054188143132702,BUILDING,OVERNIGHT,30.25,10.066666666666666,20.133333333333333,29741.75,29761.88,20.13,38.77,TARGET,1.4,54.75
1784179500,2026-07-16,1,11.983333333333333,0.5352112676056338,2.9542174676232547,BUILDING,OVERNIGHT,57.0,11.983333333333333,23.966666666666665,29770.75,29758.5,-12.25,-26.0,STOP,2.7,25.75
1784179800,2026-07-16,1,11.433333333333334,0.2348284960422163,10.8519099864926,BUILDING,OVERNIGHT,22.25,11.433333333333334,22.866666666666667,29781.5,29769.75,-11.75,-25.0,STOP,0.1,3.0
1784180040,2026-07-16,-1,13.983333333333333,0.2747252747252747,-2.5149794225662103,BUILDING,OVERNIGHT,-37.5,13.983333333333333,27.966666666666665,29711.5,29683.53,27.97,54.43,TARGET,0.3,44.5
1784180160,2026-07-16,-1,17.15,0.3478854024556617,-1.94196775204084,BUILDING,OVERNIGHT,-63.75,17.15,34.3,29690.75,29708.25,-17.5,-36.5,STOP,5.4,32.25
1784181600,2026-07-16,1,12.283333333333331,0.3333333333333333,3.2730006710520736,BUILDING,OVERNIGHT,29.75,12.283333333333331,24.566666666666663,29725.25,29712.5,-12.75,-27.0,STOP,1.1,23.5
1784181960,2026-07-16,-1,15.866666666666667,0.1666666666666666,-1.697380012998045,VIOLENT-WHIPSAW,OVERNIGHT,-22.5,15.866666666666667,31.733333333333334,29666.0,29682.25,-16.25,-34.0,STOP,1.8,20.0
1784189460,2026-07-16,-1,15.7,0.4036511156186612,-2.096111034357409,CLEAN-TREND,PRE-OPEN,-49.75,15.7,31.4,29502.75,29519.0,-16.25,-34.0,STOP,5.8,24.75
1784190120,2026-07-16,1,16.616666666666667,0.0699300699300699,1.8230473625269816,VIOLENT-WHIPSAW,PRE-OPEN,10.0,16.616666666666667,33.233333333333334,29549.75,29532.75,-17.0,-35.5,STOP,1.3,42.25
1784190300,2026-07-16,1,17.433333333333334,0.11,1.6714496234820178,VIOLENT-WHIPSAW,PRE-OPEN,16.5,17.433333333333334,34.86666666666667,29529.5,29564.37,34.87,68.23,TARGET,10.9,62.5
1784192400,2026-07-16,1,10.233333333333333,0.6838905775075987,1.6708255439254498,BUILDING,PRE-OPEN,56.25,10.233333333333333,20.466666666666665,29617.5,29607.0,-10.5,-22.5,STOP,0.1,27.25
1784195040,2026-07-16,-1,10.033333333333331,0.3774834437086092,-2.041514933063609,BUILDING,PRE-OPEN,-28.5,10.033333333333331,20.066666666666663,29584.25,29564.18,20.07,38.63,TARGET,5.1,69.5
1784198820,2026-07-16,-1,10.483333333333333,0.5145631067961165,-1.7939916752511789,BUILDING,PRE-OPEN,-39.75,10.483333333333333,20.966666666666665,29509.25,29520.0,-10.75,-23.0,STOP,4.8,62.0
1784200380,2026-07-16,-1,14.533333333333331,0.4825174825174825,-1.5048018463520292,CLEAN-TREND,PRE-OPEN,-51.75,14.533333333333331,29.066666666666663,29483.75,29454.68,29.07,56.63,TARGET,2.3,47.25
1784201340,2026-07-16,-1,14.816666666666666,0.101639344262295,-2.6965165656451475,NORMAL-CHOP,PRE-OPEN,-15.5,14.816666666666666,29.633333333333333,29471.75,29442.12,29.63,57.77,TARGET,1.9,118.25
1784201520,2026-07-16,-1,13.65,0.1458333333333333,-2.111483146338714,NORMAL-CHOP,PRE-OPEN,-21.0,13.65,27.3,29446.5,29460.5,-14.0,-29.5,STOP,1.8,93.0
1784202180,2026-07-16,-1,14.633333333333333,0.3067590987868284,-1.906863008585351,BUILDING,PRE-OPEN,-44.25,14.633333333333333,29.266666666666666,29448.5,29419.23,29.27,57.03,TARGET,5.9,95.0
1784206800,2026-07-16,1,13.35,0.4342105263157895,1.6113575025531053,CLEAN-TREND,PRE-OPEN,49.5,13.35,26.7,29426.0,29412.25,-13.75,-29.0,STOP,1.8,106.0
1784208600,2026-07-16,1,18.48333333333333,0.4500941619585687,3.361712034897824,CLEAN-TREND,US,59.75,18.48333333333333,36.96666666666666,29507.75,29489.0,-18.75,-39.0,STOP,0.1,21.75
1784208840,2026-07-16,-1,28.75,0.1118279569892473,-2.6638973473670817,VIOLENT-WHIPSAW,US,-26.0,28.75,57.5,29431.75,29460.75,-29.0,-59.5,STOP,2.1,174.0
1784209140,2026-07-16,-1,38.73333333333333,0.3439597315436241,-1.584732678679457,BUILDING,US,-102.5,38.73333333333333,77.46666666666665,29382.0,29421.0,-39.0,-79.5,STOP,0.5,124.25
1784209260,2026-07-16,-1,43.96666666666667,0.3367952522255193,-1.989296662282096,BUILDING,US,-113.5,43.96666666666667,87.93333333333334,29351.0,29263.07,87.93,174.37,TARGET,13.1,93.25
1784210700,2026-07-16,1,44.11666666666667,0.458008658008658,3.142861636083101,CLEAN-TREND,US,132.25,44.11666666666667,88.23333333333333,29426.25,29479.0,52.75,104.0,TIME,30.0,75.0
1784212620,2026-07-16,1,29.0,0.324396782841823,1.8936107344400737,BUILDING,US,60.5,29.0,58.0,29490.75,29461.5,-29.25,-60.0,STOP,1.3,8.25
1784213400,2026-07-16,-1,27.7,0.4575342465753425,-2.4850732059038365,CLEAN-TREND,US,-83.5,27.7,55.4,29397.0,29425.0,-28.0,-57.5,STOP,7.3,61.25
1784215500,2026-07-16,1,25.25,0.1948717948717948,2.08965789650454,VIOLENT-WHIPSAW,US,38.0,25.25,50.5,29425.25,29399.75,-25.5,-52.5,STOP,2.6,41.0
1784216460,2026-07-16,-1,27.916666666666668,0.1912168344007319,-2.5239083984392527,VIOLENT-WHIPSAW,US,-52.25,27.916666666666668,55.833333333333336,29391.0,29419.25,-28.25,-58.0,STOP,9.0,84.5
1784223600,2026-07-16,-1,19.45,0.2145110410094637,-7.03097084931461,BUILDING,US,-34.0,19.45,38.9,29252.25,29251.25,1.0,0.5,TIME,30.0,33.0
1784225460,2026-07-16,1,18.48333333333333,0.2937853107344633,2.141198325945761,BUILDING,US,26.0,18.48333333333333,36.96666666666666,29263.75,29245.0,-18.75,-39.0,STOP,2.7,40.5
1784225760,2026-07-16,1,21.98333333333333,0.1151079136690647,2.3302268676588755,VIOLENT-WHIPSAW,US,16.0,21.98333333333333,43.96666666666666,29269.5,29247.25,-22.25,-46.0,STOP,13.3,34.75
1784227200,2026-07-16,-1,19.216666666666665,0.4990791896869245,-4.42535386220839,CLEAN-TREND,US,-67.75,19.216666666666665,38.43333333333333,29205.5,29225.0,-19.5,-40.5,STOP,1.6,28.0
1784228820,2026-07-16,-1,20.216666666666665,0.1850828729281768,-2.858867286139986,VIOLENT-WHIPSAW,US,-33.5,20.216666666666665,40.43333333333333,29192.25,29151.82,40.43,79.37,TARGET,9.9,75.0
1784230200,2026-07-16,-1,19.28333333333333,0.1954887218045112,-1.6046133714294382,VIOLENT-WHIPSAW,US,-26.0,19.28333333333333,38.56666666666666,29149.5,29110.93,38.57,75.63,TARGET,14.2,70.5
1784231280,2026-07-16,-1,19.4,0.2997032640949555,-1.980764877807867,BUILDING,US,-50.5,19.4,38.8,29085.5,29105.25,-19.75,-41.0,STOP,1.0,6.0
1784231700,2026-07-16,1,23.2,0.2948557089084065,4.094619402611366,BUILDING,US,58.75,23.2,46.4,29200.75,29177.25,-23.5,-48.5,STOP,13.5,34.25
1784240460,2026-07-16,-1,10.516666666666667,0.8515625,-1.793407733473984,BUILDING,OVERNIGHT,-54.5,10.516666666666667,21.033333333333335,29158.0,29136.97,21.03,40.57,TARGET,8.2,33.0
1784241840,2026-07-16,1,9.783333333333331,0.1164179104477611,4.533212517654135,DEAD-CHOP,OVERNIGHT,9.75,9.783333333333331,19.566666666666663,29149.0,29138.75,-10.25,-22.0,STOP,3.1,2.75
1784243280,2026-07-16,-1,11.733333333333333,0.1570881226053639,-1.5353250626873616,NORMAL-CHOP,OVERNIGHT,-10.25,11.733333333333333,23.466666666666665,29115.25,29127.25,-12.0,-25.5,STOP,4.4,54.75
1784244120,2026-07-16,-1,8.333333333333334,0.3737373737373737,-1.9631358835832888,BUILDING,OVERNIGHT,-27.75,8.333333333333334,16.666666666666668,29099.75,29083.08,16.67,31.83,TARGET,3.1,39.25
1784244720,2026-07-16,-1,10.066666666666666,0.627906976744186,-2.283597944141704,BUILDING,OVERNIGHT,-47.25,10.066666666666666,20.133333333333333,29071.5,29082.0,-10.5,-22.5,STOP,1.1,11.0
1784245200,2026-07-16,1,14.633333333333333,0.2885375494071146,2.9667348360457293,BUILDING,OVERNIGHT,36.5,14.633333333333333,29.266666666666666,29125.25,29110.25,-15.0,-31.5,STOP,3.1,0.75
1784245620,2026-07-16,1,13.7,0.3048780487804878,1.7828485184346992,BUILDING,OVERNIGHT,37.5,13.7,27.4,29110.0,29096.0,-14.0,-29.5,STOP,0.4,14.0
1784246400,2026-07-17,1,14.833333333333334,0.2219679633867277,2.098308793058368,BUILDING,OVERNIGHT,24.25,14.833333333333334,29.666666666666668,29121.0,29105.75,-15.25,-32.0,STOP,0.5,3.0
1784246760,2026-07-17,-1,17.3,0.2319688109161793,-1.6675815347814942,BUILDING,OVERNIGHT,-29.75,17.3,34.6,29077.0,29042.4,34.6,67.7,TARGET,3.7,80.0
1784247480,2026-07-17,-1,21.716666666666665,0.3596614950634696,-1.8402053830932776,BUILDING,OVERNIGHT,-63.75,21.716666666666665,43.43333333333333,29048.5,29005.07,43.43,85.37,TARGET,16.2,55.0
1784249400,2026-07-17,1,14.0,0.4615384615384615,2.5325388894893752,CLEAN-TREND,OVERNIGHT,51.0,14.0,28.0,29053.5,29081.5,28.0,54.5,TARGET,4.3,53.0
1784250780,2026-07-17,-1,19.8,0.1702127659574468,-1.9890611169774457,VIOLENT-WHIPSAW,OVERNIGHT,-28.0,19.8,39.6,29036.25,28996.65,39.6,77.7,TARGET,19.2,61.25
1784252580,2026-07-17,-1,15.866666666666667,0.4533333333333333,-2.1155739561343645,CLEAN-TREND,OVERNIGHT,-51.0,15.866666666666667,31.733333333333334,28980.75,28949.02,31.73,61.97,TARGET,7.9,34.5
1784253600,2026-07-17,1,14.883333333333333,0.10239651416122,1.6649949686268752,NORMAL-CHOP,OVERNIGHT,11.75,14.883333333333333,29.766666666666666,28978.25,28963.0,-15.25,-32.0,STOP,1.0,4.25
1784254680,2026-07-17,-1,10.816666666666666,0.4501718213058419,-2.807749432122064,BUILDING,OVERNIGHT,-32.75,10.816666666666666,21.633333333333333,28946.25,28924.62,21.63,41.77,TARGET,7.4,42.25
1784255640,2026-07-17,-1,10.8,0.4107142857142857,-2.357609959965526,BUILDING,OVERNIGHT,-34.5,10.8,21.6,28912.25,28923.5,-11.25,-24.0,STOP,1.5,18.5
1784256900,2026-07-17,-1,12.466666666666669,0.1650485436893204,-3.1470130637149154,NORMAL-CHOP,OVERNIGHT,-17.0,12.466666666666669,24.933333333333337,28907.75,28920.5,-12.75,-27.0,STOP,1.3,1.75
1784257440,2026-07-17,1,11.9,0.3173333333333333,1.500581902495085,BUILDING,OVERNIGHT,29.75,11.9,23.8,28944.5,28968.3,23.8,46.1,TARGET,11.6,82.0
1784258520,2026-07-17,1,9.083333333333334,0.9242424242424242,4.598763391605279,BUILDING,OVERNIGHT,61.0,9.083333333333334,18.166666666666668,29015.25,29005.75,-9.5,-20.5,STOP,0.5,11.25
1784259600,2026-07-17,-1,13.25,0.3953488372093023,-2.342560804551076,BUILDING,OVERNIGHT,-46.75,13.25,26.5,28955.5,28929.0,26.5,51.5,TARGET,9.8,109.75
1784261220,2026-07-17,-1,13.75,0.574025974025974,-1.598238295295785,CLEAN-TREND,OVERNIGHT,-55.25,13.75,27.5,28873.75,28846.25,27.5,53.5,TARGET,2.7,91.25
1784261580,2026-07-17,-1,17.05,0.5444015444015444,-1.8464359432182256,CLEAN-TREND,OVERNIGHT,-70.5,17.05,34.1,28849.0,28814.9,34.1,66.7,TARGET,13.4,75.25
1784262600,2026-07-17,-1,14.616666666666667,0.4571428571428571,-1.875970503529539,CLEAN-TREND,OVERNIGHT,-48.0,14.616666666666667,29.233333333333334,28803.25,28774.02,29.23,56.97,TARGET,7.9,29.5
1784264400,2026-07-17,-1,12.633333333333333,0.1488469601677149,-1.862122675763668,NORMAL-CHOP,OVERNIGHT,-17.75,12.633333333333333,25.266666666666666,28798.5,28811.5,-13.0,-27.5,STOP,3.3,14.75
1784266440,2026-07-17,-1,14.166666666666666,0.446064139941691,-4.332138606256367,CLEAN-TREND,OVERNIGHT,-38.25,14.166666666666666,28.333333333333332,28772.5,28744.17,28.33,55.17,TARGET,2.4,46.0
1784271720,2026-07-17,1,14.483333333333333,0.1078224101479915,1.7639326075545911,NORMAL-CHOP,PRE-OPEN,12.75,14.483333333333333,28.966666666666665,28760.0,28745.25,-14.75,-31.0,STOP,3.7,7.75
1784272200,2026-07-17,-1,15.2,0.2084309133489461,-1.5002037507809522,BUILDING,PRE-OPEN,-22.25,15.2,30.4,28726.5,28742.0,-15.5,-32.5,STOP,1.8,19.0
1784274300,2026-07-17,-1,14.016666666666667,0.5989010989010989,-7.309635507785607,CLEAN-TREND,PRE-OPEN,-54.5,14.016666666666667,28.033333333333335,28698.5,28713.25,-14.75,-31.0,STOP,5.2,37.75
1784275800,2026-07-17,-1,21.05,0.1929824561403508,-2.0846804088788047,VIOLENT-WHIPSAW,PRE-OPEN,-35.75,21.05,42.1,28677.0,28634.9,42.1,82.7,TARGET,5.3,114.0
1784276340,2026-07-17,-1,21.53333333333333,0.6196172248803827,-2.0699659915566184,CLEAN-TREND,PRE-OPEN,-129.5,21.53333333333333,43.06666666666666,28590.25,28612.5,-22.25,-46.0,STOP,3.8,35.5
1784277480,2026-07-17,-1,17.733333333333334,0.3507462686567164,-2.4737224740776904,BUILDING,PRE-OPEN,-47.0,17.733333333333334,35.46666666666667,28568.25,28586.25,-18.0,-37.5,STOP,5.2,13.5
1784279040,2026-07-17,1,16.233333333333334,0.4044444444444444,1.6296875134529054,CLEAN-TREND,PRE-OPEN,45.5,16.233333333333334,32.46666666666667,28639.25,28671.72,32.47,63.43,TARGET,9.5,55.75
1784281140,2026-07-17,1,13.433333333333334,0.3611111111111111,2.2878963211290166,BUILDING,PRE-OPEN,39.0,13.433333333333334,26.866666666666667,28707.25,28693.5,-13.75,-29.0,STOP,0.7,35.5
1784281980,2026-07-17,1,16.35,0.2706935123042505,1.7159635758226104,BUILDING,PRE-OPEN,30.25,16.35,32.7,28715.75,28699.0,-16.75,-35.0,STOP,2.0,72.0
1784282700,2026-07-17,1,13.966666666666669,0.2462006079027355,1.804537930938388,BUILDING,PRE-OPEN,20.25,13.966666666666669,27.933333333333337,28728.5,28756.43,27.93,54.37,TARGET,5.3,75.0
1784283120,2026-07-17,1,15.85,0.3861386138613861,3.8906993450836262,BUILDING,PRE-OPEN,29.25,15.85,31.7,28737.5,28769.2,31.7,61.9,TARGET,1.7,88.5
1784283300,2026-07-17,1,17.416666666666668,0.5441176470588235,1.655914427556091,CLEAN-TREND,PRE-OPEN,55.5,17.416666666666668,34.833333333333336,28774.75,28757.0,-17.75,-37.0,STOP,3.3,51.25
1784284860,2026-07-17,1,13.383333333333333,0.6490384615384616,2.0509585798434773,CLEAN-TREND,PRE-OPEN,67.5,13.383333333333333,26.766666666666666,28817.0,28803.25,-13.75,-29.0,STOP,0.6,1.25
1784285220,2026-07-17,1,14.266666666666667,0.4005037783375315,1.9144655979143723,CLEAN-TREND,PRE-OPEN,39.75,14.266666666666667,28.533333333333335,28809.5,28794.75,-14.75,-31.0,STOP,2.4,5.75
1784286840,2026-07-17,-1,15.783333333333331,0.1666666666666666,-2.012947381633303,VIOLENT-WHIPSAW,PRE-OPEN,-24.0,15.783333333333331,31.566666666666663,28758.75,28727.18,31.57,61.63,TARGET,28.1,41.25
1784289780,2026-07-17,-1,12.233333333333333,0.3871733966745843,-2.668675345355861,BUILDING,PRE-OPEN,-40.75,12.233333333333333,24.466666666666665,28703.5,28679.03,24.47,47.43,TARGET,7.8,42.5
1784290320,2026-07-17,-1,13.516666666666667,0.4844868735083532,-4.1576456832226825,CLEAN-TREND,PRE-OPEN,-50.75,13.516666666666667,27.033333333333335,28688.5,28661.47,27.03,52.57,TARGET,17.4,37.25
1784292000,2026-07-17,-1,13.666666666666666,0.2347417840375587,-1.8936806998318647,BUILDING,PRE-OPEN,-25.0,13.666666666666666,27.333333333333332,28661.75,28675.75,-14.0,-29.5,STOP,3.3,38.25
1784292600,2026-07-17,-1,14.583333333333334,0.1606714628297362,-2.203750142110076,NORMAL-CHOP,PRE-OPEN,-16.75,14.583333333333334,29.166666666666668,28654.0,28669.0,-15.0,-31.5,STOP,2.5,43.25
1784292900,2026-07-17,1,13.583333333333334,0.0962099125364431,2.624485825372052,NORMAL-CHOP,PRE-OPEN,8.25,13.583333333333334,27.166666666666668,28670.5,28656.5,-14.0,-29.5,STOP,4.1,15.75
1784294700,2026-07-17,1,13.866666666666667,0.0988505747126436,8.375915428244559,NORMAL-CHOP,PRE-OPEN,10.75,13.866666666666667,27.733333333333334,28640.5,28626.25,-14.25,-30.0,STOP,1.7,45.0
1784295000,2026-07-17,1,23.9,0.1083123425692695,9.966149861418309,VIOLENT-WHIPSAW,US,21.5,23.9,47.8,28645.5,28621.25,-24.25,-50.0,STOP,2.1,94.0
1784296320,2026-07-17,1,43.583333333333336,0.1510791366906475,2.9016466615505423,VIOLENT-WHIPSAW,US,42.0,43.583333333333336,87.16666666666667,28551.75,28638.92,87.17,172.83,TARGET,3.9,333.75
1784296800,2026-07-17,1,44.16666666666666,0.9180457052797478,3.796598199075098,CLEAN-TREND,US,291.25,44.16666666666666,88.33333333333331,28737.0,28825.33,88.33,175.17,TARGET,9.2,150.5
1784297700,2026-07-17,1,43.18333333333333,0.2970711297071129,2.7702860311006567,BUILDING,US,106.5,43.18333333333333,86.36666666666666,28844.25,28800.75,-43.5,-88.5,STOP,16.0,51.75
1784299140,2026-07-17,1,37.31666666666667,0.1177685950413223,1.7420001541960253,VIOLENT-WHIPSAW,US,28.5,37.31666666666667,74.63333333333334,28894.0,28856.25,-37.75,-77.0,STOP,1.4,2.0
1784299620,2026-07-17,1,37.95,0.2359963269054178,2.75421390303882,BUILDING,US,64.25,37.95,75.9,28839.0,28800.75,-38.25,-78.0,STOP,0.7,6.75
1784307060,2026-07-17,1,22.15,0.5270655270655271,3.1388860889138472,CLEAN-TREND,US,92.5,22.15,44.3,29020.5,28998.0,-22.5,-46.5,STOP,2.1,26.5
1784310780,2026-07-17,-1,18.883333333333333,0.4074074074074074,-1.7651214111351567,CLEAN-TREND,US,-52.25,18.883333333333333,37.766666666666666,28922.5,28884.73,37.77,74.03,TARGET,4.4,97.25
1784311560,2026-07-17,-1,21.316666666666663,0.3857677902621723,-1.515010690464475,BUILDING,US,-51.5,21.316666666666663,42.633333333333326,28882.75,28840.12,42.63,83.77,TARGET,9.0,60.75
1784313000,2026-07-17,1,19.55,0.1403812824956672,3.0036902783038477,VIOLENT-WHIPSAW,US,20.25,19.55,39.1,28875.25,28855.25,-20.0,-41.5,STOP,1.0,11.0
1784313660,2026-07-17,-1,21.3,0.1122448979591836,-2.4161317836608065,VIOLENT-WHIPSAW,US,-16.5,21.3,42.6,28813.5,28835.25,-21.75,-45.0,STOP,5.5,27.25
1784314080,2026-07-17,1,20.23333333333333,0.2007434944237918,1.884067706316775,BUILDING,US,27.0,20.23333333333333,40.46666666666666,28859.5,28839.0,-20.5,-42.5,STOP,1.0,26.5
1784315700,2026-07-17,-1,18.33333333333333,0.7318840579710145,-1.6326916797590334,CLEAN-TREND,US,-101.0,18.33333333333333,36.66666666666666,28749.5,28768.25,-18.75,-39.0,STOP,3.6,31.0
1784316480,2026-07-17,1,20.65,0.09375,2.3061868394893805,VIOLENT-WHIPSAW,US,16.5,20.65,41.3,28791.25,28832.55,41.3,81.1,TARGET,1.3,62.5
1784317560,2026-07-17,-1,24.75,0.1326053042121684,-2.9668397709380234,VIOLENT-WHIPSAW,US,-21.25,24.75,49.5,28798.25,28823.25,-25.0,-51.5,STOP,1.1,85.75
1784317800,2026-07-17,1,24.23333333333333,0.159375,1.825297321093156,VIOLENT-WHIPSAW,US,25.5,24.23333333333333,48.46666666666666,28820.0,28795.5,-24.5,-50.5,STOP,8.6,33.75
1784853360,2026-07-24,-1,15.266666666666667,0.0893371757925072,-1.5017966997833665,VIOLENT-WHIPSAW,OVERNIGHT,-7.75,15.266666666666667,30.533333333333335,28640.0,28655.75,-15.75,-33.0,STOP,2.3,13.5
1784854860,2026-07-24,1,15.966666666666669,0.2412177985948477,1.722492350510558,BUILDING,OVERNIGHT,25.75,15.966666666666669,31.933333333333337,28686.25,28670.0,-16.25,-34.0,STOP,1.0,15.5
1784858280,2026-07-24,-1,12.983333333333333,0.6051948051948052,-2.638071909898124,CLEAN-TREND,OVERNIGHT,-58.25,12.983333333333333,25.966666666666665,28617.0,28630.25,-13.25,-28.0,STOP,12.8,30.75
1784860140,2026-07-24,-1,13.766666666666667,0.2199546485260771,-1.9074248541434704,BUILDING,OVERNIGHT,-24.25,13.766666666666667,27.533333333333335,28594.0,28566.47,27.53,53.57,TARGET,5.6,77.75
1784861280,2026-07-24,-1,11.233333333333333,0.4551282051282051,-2.458678698492433,BUILDING,OVERNIGHT,-35.5,11.233333333333333,22.466666666666665,28535.75,28547.25,-11.5,-24.5,STOP,1.8,19.5
1784861880,2026-07-24,-1,12.35,0.3497267759562841,-5.677002808128576,BUILDING,OVERNIGHT,-32.0,12.35,24.7,28522.75,28535.5,-12.75,-27.0,STOP,1.8,5.75
1784864160,2026-07-24,-1,14.266666666666667,0.1750741839762611,-2.242298058927892,NORMAL-CHOP,OVERNIGHT,-14.75,14.266666666666667,28.533333333333335,28518.5,28533.25,-14.75,-31.0,STOP,2.3,52.25
1784864640,2026-07-24,-1,13.583333333333334,0.5470383275261324,-2.611563415385409,CLEAN-TREND,OVERNIGHT,-39.25,13.583333333333334,27.166666666666668,28504.25,28518.25,-14.0,-29.5,STOP,2.1,38.0
1784865600,2026-07-24,-1,10.683333333333334,0.3519163763066202,-3.658099171813818,BUILDING,OVERNIGHT,-25.25,10.683333333333334,21.366666666666667,28476.75,28487.75,-11.0,-23.5,STOP,4.4,10.5
1784873520,2026-07-24,-1,9.833333333333334,0.4693877551020408,-2.023224126600798,BUILDING,OVERNIGHT,-28.75,9.833333333333334,19.666666666666668,28517.0,28527.25,-10.25,-22.0,STOP,3.5,14.25
1784874000,2026-07-24,1,11.866666666666667,0.3812154696132597,2.0149741617557693,BUILDING,OVERNIGHT,34.5,11.866666666666667,23.733333333333334,28555.75,28543.5,-12.25,-26.0,STOP,7.2,20.5
1784875200,2026-07-24,-1,13.833333333333334,0.2558139534883721,-1.706109241888175,BUILDING,OVERNIGHT,-33.0,13.833333333333334,27.666666666666668,28535.25,28507.58,27.67,53.83,TARGET,3.8,53.75
1784876460,2026-07-24,1,12.816666666666666,0.4952561669829222,2.0868240729810634,CLEAN-TREND,PRE-OPEN,65.25,12.816666666666666,25.633333333333333,28563.75,28589.38,25.63,49.77,TARGET,7.4,99.75
1784877000,2026-07-24,1,14.733333333333333,0.8063241106719368,1.7239919928671732,CLEAN-TREND,PRE-OPEN,102.0,14.733333333333333,29.466666666666665,28612.5,28641.97,29.47,57.43,TARGET,5.7,51.0
1784880180,2026-07-24,-1,10.2,0.2979591836734694,-2.7418990720682905,BUILDING,PRE-OPEN,-18.25,10.2,20.4,28602.75,28582.35,20.4,39.3,TARGET,1.3,45.75
1784880660,2026-07-24,-1,12.133333333333333,0.8346456692913385,-1.838095109077656,BUILDING,PRE-OPEN,-53.0,12.133333333333333,24.266666666666666,28569.5,28582.0,-12.5,-26.5,STOP,3.6,12.5
1784881080,2026-07-24,-1,14.0,0.2578313253012048,-1.5754428212389078,BUILDING,PRE-OPEN,-26.75,14.0,28.0,28575.0,28589.25,-14.25,-30.0,STOP,0.4,-0.0
1784881560,2026-07-24,1,14.1,0.2727272727272727,2.308550736466195,BUILDING,PRE-OPEN,33.0,14.1,28.2,28602.5,28630.7,28.2,54.9,TARGET,3.8,47.0
1784882220,2026-07-24,1,13.2,0.5501519756838906,1.5138806745055635,CLEAN-TREND,PRE-OPEN,45.25,13.2,26.4,28643.25,28629.75,-13.5,-28.5,STOP,2.7,6.75
1784884140,2026-07-24,1,14.166666666666666,0.4015151515151515,4.821786428419242,CLEAN-TREND,PRE-OPEN,53.0,14.166666666666666,28.333333333333332,28677.5,28663.0,-14.5,-30.5,STOP,1.5,15.75
1784886120,2026-07-24,1,10.116666666666667,0.4961832061068702,1.6923937511398326,BUILDING,PRE-OPEN,32.5,10.116666666666667,20.233333333333334,28698.25,28687.75,-10.5,-22.5,STOP,5.4,7.5
1784887500,2026-07-24,-1,8.683333333333334,0.1634615384615384,-1.5329109571718402,DEAD-CHOP,PRE-OPEN,-8.5,8.683333333333334,17.366666666666667,28678.0,28660.63,17.37,33.23,TARGET,8.0,25.75
1784889480,2026-07-24,-1,11.333333333333334,0.1658536585365853,-1.9652226457499464,NORMAL-CHOP,PRE-OPEN,-17.0,11.333333333333334,22.666666666666668,28652.0,28664.0,-12.0,-25.5,STOP,26.5,20.25
1784891700,2026-07-24,1,10.316666666666666,0.1836734693877551,2.183654368975465,NORMAL-CHOP,PRE-OPEN,13.5,10.316666666666666,20.633333333333333,28653.0,28642.25,-10.75,-23.0,STOP,7.0,10.75
1784892660,2026-07-24,-1,10.783333333333331,0.2831325301204819,-3.500137831640094,BUILDING,PRE-OPEN,-23.5,10.783333333333331,21.566666666666663,28629.25,28640.75,-11.5,-24.5,STOP,4.9,28.25
1784893080,2026-07-24,-1,11.866666666666667,0.2772277227722772,-1.7645793988724965,BUILDING,PRE-OPEN,-28.0,11.866666666666667,23.733333333333334,28624.5,28636.75,-12.25,-26.0,STOP,19.6,23.5
1784894340,2026-07-24,1,15.766666666666667,0.4214046822742475,2.184009565648344,CLEAN-TREND,PRE-OPEN,63.0,15.766666666666667,31.533333333333335,28679.0,28662.75,-16.25,-34.0,STOP,0.1,16.25
1784894580,2026-07-24,1,18.48333333333333,0.2078313253012048,1.8148700670512803,BUILDING,PRE-OPEN,34.5,18.48333333333333,36.96666666666666,28641.75,28678.72,36.97,72.43,TARGET,10.3,53.5
1784895480,2026-07-24,1,15.066666666666666,0.3925925925925926,2.0663282625660333,BUILDING,PRE-OPEN,53.0,15.066666666666666,30.133333333333333,28693.75,28678.25,-15.5,-32.5,STOP,0.8,1.25
1784899020,2026-07-24,1,10.733333333333333,0.0967741935483871,3.281429407773976,NORMAL-CHOP,PRE-OPEN,8.25,10.733333333333333,21.466666666666665,28605.5,28594.5,-11.0,-23.5,STOP,3.0,16.75
1784899500,2026-07-24,1,12.416666666666666,0.0967741935483871,2.630322154940898,NORMAL-CHOP,PRE-OPEN,9.0,12.416666666666666,24.833333333333332,28595.5,28582.75,-12.75,-27.0,STOP,1.2,26.75
1784899920,2026-07-24,-1,21.45,0.2904238618524333,-2.373670853325329,BUILDING,US,-46.25,21.45,42.9,28556.0,28577.75,-21.75,-45.0,STOP,0.1,250.75
1784900340,2026-07-24,-1,36.93333333333333,0.2684210526315789,-3.30805396109714,BUILDING,US,-76.5,36.93333333333333,73.86666666666666,28527.5,28453.63,73.87,146.23,TARGET,6.1,222.25
1784901000,2026-07-24,-1,38.91666666666666,0.4858569051580699,-6.658341225031932,CLEAN-TREND,US,-146.0,38.91666666666666,77.83333333333331,28434.5,28356.67,77.83,154.17,TARGET,1.4,135.5
1784901780,2026-07-24,-1,42.18333333333333,0.2941176470588235,-2.336509157502923,BUILDING,US,-96.25,42.18333333333333,84.36666666666666,28363.25,28405.75,-42.5,-86.5,STOP,4.3,64.25
1784902440,2026-07-24,1,40.083333333333336,0.3611374407582938,2.509714032621456,BUILDING,US,95.25,40.083333333333336,80.16666666666667,28421.25,28380.75,-40.5,-82.5,STOP,0.9,11.0
1784903940,2026-07-24,-1,33.766666666666666,0.4165067178502879,-2.742578545041262,CLEAN-TREND,US,-108.5,33.766666666666666,67.53333333333333,28282.0,28316.25,-34.25,-70.0,STOP,9.5,27.75
1784905020,2026-07-24,1,34.9,0.4367726920093095,2.060111268425882,CLEAN-TREND,US,140.75,34.9,69.8,28415.75,28380.5,-35.25,-72.0,STOP,9.0,141.0
1784905800,2026-07-24,1,34.483333333333334,0.1622769753610875,5.147961468643185,VIOLENT-WHIPSAW,US,47.75,34.483333333333334,68.96666666666667,28423.5,28492.47,68.97,136.43,TARGET,3.6,153.5
1784906100,2026-07-24,1,42.85,0.2373775433308214,3.6759677509976143,BUILDING,US,78.75,42.85,85.7,28547.0,28503.75,-43.25,-88.0,STOP,1.7,30.0
1784910600,2026-07-24,-1,17.8,0.2015968063872255,-1.6452088460077383,BUILDING,US,-25.25,17.8,35.6,28538.5,28502.9,35.6,69.7,TARGET,11.6,78.0
1784912760,2026-07-24,-1,18.85,0.1782477341389728,-2.66244531224268,VIOLENT-WHIPSAW,US,-14.75,18.85,37.7,28462.5,28481.75,-19.25,-40.0,STOP,11.7,35.5
1784914920,2026-07-24,-1,16.283333333333335,0.3688699360341151,-2.161472702781322,BUILDING,US,-43.25,16.283333333333335,32.56666666666667,28471.0,28487.75,-16.75,-35.0,STOP,7.6,46.75
1784917980,2026-07-24,-1,17.216666666666665,0.9322033898305084,-3.3350785611973683,CLEAN-TREND,US,-110.0,17.216666666666665,34.43333333333333,28305.75,28271.32,34.43,67.37,TARGET,7.5,46.75
1784920020,2026-07-24,-1,22.516666666666666,0.4847020933977455,-3.347463586575934,CLEAN-TREND,US,-75.25,22.516666666666666,45.03333333333333,28240.5,28263.5,-23.0,-47.5,STOP,21.6,28.0
1784921700,2026-07-24,1,17.7,0.4448979591836735,2.8747342015182142,CLEAN-TREND,US,54.5,17.7,35.4,28295.25,28277.25,-18.0,-37.5,STOP,3.8,8.25
1784922660,2026-07-24,-1,23.53333333333333,0.2266288951841359,-3.281435629621507,BUILDING,US,-40.0,23.53333333333333,47.06666666666666,28238.0,28262.0,-24.0,-49.5,STOP,2.5,14.75
1785114960,2026-07-27,-1,17.733333333333334,0.492776886035313,-3.574789611738573,CLEAN-TREND,OVERNIGHT,-76.75,17.733333333333334,35.46666666666667,28558.0,28576.0,-18.0,-37.5,STOP,15.1,32.75
1785118740,2026-07-27,1,13.783333333333331,0.4645669291338583,2.0078096535705194,CLEAN-TREND,OVERNIGHT,29.5,13.783333333333331,27.566666666666663,28624.75,28610.5,-14.25,-30.0,STOP,1.0,33.5
1785124500,2026-07-27,-1,10.533333333333331,0.3247863247863248,-1.8022760757244964,BUILDING,OVERNIGHT,-19.0,10.533333333333331,21.066666666666663,28597.25,28608.5,-11.25,-24.0,STOP,0.6,4.0
1785127260,2026-07-27,1,10.483333333333333,0.3357142857142857,4.0308186777926505,BUILDING,OVERNIGHT,23.5,10.483333333333333,20.966666666666665,28644.75,28665.72,20.97,40.43,TARGET,28.2,27.5
1785129240,2026-07-27,1,9.383333333333333,0.4382978723404255,1.6508650590188134,BUILDING,OVERNIGHT,25.75,9.383333333333333,18.766666666666666,28669.25,28688.02,18.77,36.03,TARGET,15.3,36.25
1785130500,2026-07-27,1,7.716666666666667,0.1634615384615384,4.157455571965926,DEAD-CHOP,OVERNIGHT,8.5,7.716666666666667,15.433333333333334,28691.75,28683.75,-8.0,-17.5,STOP,8.8,25.5
1785133800,2026-07-27,-1,6.683333333333334,0.4179894179894179,-1.6422038994386312,BUILDING,OVERNIGHT,-19.75,6.683333333333334,13.366666666666667,28697.25,28704.25,-7.0,-15.5,STOP,0.2,17.0
1785137280,2026-07-27,-1,8.783333333333333,0.1234042553191489,-1.6369456325266143,DEAD-CHOP,PRE-OPEN,-7.25,8.783333333333333,17.566666666666666,28710.25,28692.68,17.57,33.63,TARGET,1.6,43.5
1785138060,2026-07-27,-1,9.183333333333334,0.2251655629139073,-2.4244657733022894,BUILDING,PRE-OPEN,-17.0,9.183333333333334,18.366666666666667,28691.25,28700.75,-9.5,-20.5,STOP,4.9,32.5
1785139200,2026-07-27,-1,11.033333333333331,0.2534818941504178,-5.632526033561625,BUILDING,PRE-OPEN,-22.75,11.033333333333331,22.066666666666663,28676.75,28688.25,-11.5,-24.5,STOP,0.3,4.25
1785140340,2026-07-27,1,11.083333333333334,0.1908396946564885,2.502492007176929,NORMAL-CHOP,PRE-OPEN,12.5,11.083333333333334,22.166666666666668,28697.0,28719.17,22.17,42.83,TARGET,9.1,47.0
1785141720,2026-07-27,1,9.35,0.4715447154471545,2.897213321021833,BUILDING,PRE-OPEN,29.0,9.35,18.7,28735.75,28726.0,-9.75,-21.0,STOP,9.5,13.25
1785142440,2026-07-27,1,7.933333333333334,0.4527363184079602,1.9907930550859383,BUILDING,PRE-OPEN,22.75,7.933333333333334,15.866666666666667,28744.0,28735.75,-8.25,-18.0,STOP,4.8,5.0
1785142800,2026-07-27,-1,7.716666666666667,0.1586206896551724,-1.6108058239078398,DEAD-CHOP,PRE-OPEN,-11.5,7.716666666666667,15.433333333333334,28720.75,28728.75,-8.0,-17.5,STOP,3.7,2.75
1785145560,2026-07-27,1,8.316666666666666,0.3170731707317073,3.1253840193500264,BUILDING,PRE-OPEN,26.0,8.316666666666666,16.633333333333333,28751.0,28742.25,-8.75,-19.0,STOP,22.8,12.75
1785147000,2026-07-27,-1,6.016666666666667,0.4130434782608695,-2.791184104660458,BUILDING,PRE-OPEN,-19.0,6.016666666666667,12.033333333333333,28732.75,28739.25,-6.5,-14.5,STOP,0.2,6.0
1785148980,2026-07-27,1,6.016666666666667,0.180722891566265,2.21064262420827,DEAD-CHOP,PRE-OPEN,7.5,6.016666666666667,12.033333333333333,28748.25,28741.75,-6.5,-14.5,STOP,2.4,10.5
1785150060,2026-07-27,-1,6.9,0.4368932038834951,-2.2623228417873773,BUILDING,PRE-OPEN,-22.5,6.9,13.8,28724.5,28710.7,13.8,26.1,TARGET,8.3,78.75
1785151560,2026-07-27,-1,8.816666666666666,0.5294117647058824,-2.33816852685194,BUILDING,PRE-OPEN,-38.25,8.816666666666666,17.633333333333333,28678.25,28660.62,17.63,33.77,TARGET,3.0,32.5
1785154380,2026-07-27,-1,10.616666666666667,0.3529411764705882,-4.141011484108428,BUILDING,PRE-OPEN,-33.0,10.616666666666667,21.233333333333334,28641.25,28652.25,-11.0,-23.5,STOP,14.9,12.5
1785155700,2026-07-27,1,11.283333333333331,0.1818181818181818,2.6425511199388008,NORMAL-CHOP,PRE-OPEN,16.0,11.283333333333331,22.566666666666663,28659.0,28681.57,22.57,43.63,TARGET,10.5,43.75
1785157200,2026-07-27,1,10.15,0.1761006289308176,3.018498038058365,DEAD-CHOP,PRE-OPEN,14.0,10.15,20.3,28683.5,28673.0,-10.5,-22.5,STOP,0.3,4.75
1785159120,2026-07-27,-1,21.7,0.9320388349514565,-5.502587523257418,CLEAN-TREND,US,-144.0,21.7,43.4,28520.75,28542.75,-22.0,-45.5,STOP,2.1,217.0
1785159420,2026-07-27,-1,33.38333333333333,0.1976166832174776,-1.665355889591415,VIOLENT-WHIPSAW,US,-49.75,33.38333333333333,66.76666666666667,28591.25,28524.48,66.77,132.03,TARGET,2.2,314.75
1785159720,2026-07-27,-1,45.05,0.4362880886426593,-3.451143586387229,CLEAN-TREND,US,-157.5,45.05,90.1,28458.5,28504.0,-45.5,-92.5,STOP,9.0,227.75
1785160560,2026-07-27,-1,39.46666666666667,0.3576642335766423,-3.971774858944313,BUILDING,US,-98.0,39.46666666666667,78.93333333333334,28406.75,28327.82,78.93,156.37,TARGET,3.4,256.75
1785160860,2026-07-27,-1,38.73333333333333,0.4126846220677672,-1.6875321802646512,CLEAN-TREND,US,-118.75,38.73333333333333,77.46666666666665,28316.0,28238.53,77.47,153.43,TARGET,9.4,264.5
1785161820,2026-07-27,-1,38.16666666666666,0.2897526501766784,-1.5255918271363238,BUILDING,US,-82.0,38.16666666666666,76.33333333333331,28242.0,28280.5,-38.5,-78.5,STOP,1.5,303.5
1785162180,2026-07-27,-1,40.95,0.4541213063763608,-1.9857151569771263,CLEAN-TREND,US,-146.0,40.95,81.9,28185.75,28103.85,81.9,162.3,TARGET,5.8,247.25
1785162960,2026-07-27,-1,39.66666666666666,0.9771309771309772,-1.775729150815614,CLEAN-TREND,US,-235.0,39.66666666666666,79.33333333333331,28010.25,28050.25,-40.0,-81.5,STOP,1.3,71.75
1785163200,2026-07-27,-1,39.98333333333333,0.7617411225658648,-1.6504020500489591,CLEAN-TREND,US,-166.25,39.98333333333333,79.96666666666665,28002.25,28042.5,-40.25,-82.0,STOP,6.3,63.75
1785163860,2026-07-27,1,43.0,0.253448275862069,1.537281244040404,BUILDING,US,73.5,43.0,86.0,28085.25,28171.25,86.0,170.5,TARGET,7.5,113.5
1785165000,2026-07-27,1,33.25,0.1263282172373081,1.6636784357391547,VIOLENT-WHIPSAW,US,26.75,33.25,66.5,28154.5,28121.0,-33.5,-68.5,STOP,4.2,20.25
1785169500,2026-07-27,1,30.883333333333333,0.1685185185185185,8.790696521360793,VIOLENT-WHIPSAW,US,45.5,30.883333333333333,61.766666666666666,28192.5,28161.25,-31.25,-64.0,STOP,0.6,12.0
1785171000,2026-07-27,-1,24.166666666666668,0.2503496503496503,-1.5813845101640094,BUILDING,US,-44.75,24.166666666666668,48.333333333333336,28084.75,28036.42,48.33,95.17,TARGET,4.3,98.0
1785171660,2026-07-27,-1,23.133333333333333,0.7463884430176565,-1.5604615202588223,CLEAN-TREND,US,-116.25,23.133333333333333,46.266666666666666,28023.5,28014.0,9.5,17.5,TIME,30.0,36.75
1785178320,2026-07-27,1,23.183333333333334,0.4899328859060403,2.953482432969165,CLEAN-TREND,US,91.25,23.183333333333334,46.36666666666667,28139.5,28185.87,46.37,91.23,TARGET,2.7,92.75
1785181020,2026-07-27,-1,17.65,0.1638655462184874,-2.05730956074104,VIOLENT-WHIPSAW,US,-19.5,17.65,35.3,28203.25,28167.95,35.3,69.1,TARGET,7.8,49.0
1785182100,2026-07-27,-1,19.98333333333333,0.1094527363184079,-2.7895269939703478,VIOLENT-WHIPSAW,US,-11.0,19.98333333333333,39.96666666666666,28188.75,28209.0,-20.25,-42.0,STOP,4.1,19.5
1785190800,2026-07-27,-1,8.683333333333334,0.5732217573221757,-3.90129673452268,BUILDING,OVERNIGHT,-34.25,8.683333333333334,17.366666666666667,28154.75,28163.75,-9.0,-19.5,STOP,0.8,30.5
1785191100,2026-07-27,-1,9.4,0.411371237458194,-3.060773886368608,BUILDING,OVERNIGHT,-30.75,9.4,18.8,28143.0,28152.75,-9.75,-21.0,STOP,9.5,18.75
1785192000,2026-07-27,-1,9.033333333333331,0.198501872659176,-1.691699829472154,DEAD-CHOP,OVERNIGHT,-13.25,9.033333333333331,18.066666666666663,28128.75,28138.25,-9.5,-20.5,STOP,0.6,23.75
1785192420,2026-07-27,-1,9.083333333333334,0.1234042553191489,-2.07538818062984,DEAD-CHOP,OVERNIGHT,-7.25,9.083333333333334,18.166666666666668,28136.0,28145.5,-9.5,-20.5,STOP,3.3,31.0
1785193080,2026-07-27,-1,6.933333333333334,0.21875,-1.7031227503775963,BUILDING,OVERNIGHT,-7.0,6.933333333333334,13.866666666666667,28127.5,28135.0,-7.5,-16.5,STOP,1.2,22.5
1785193260,2026-07-27,-1,7.566666666666666,0.3523809523809524,-2.2409556203414467,BUILDING,OVERNIGHT,-18.5,7.566666666666666,15.133333333333333,28113.25,28121.25,-8.0,-17.5,STOP,3.6,8.25
1785194880,2026-07-27,1,10.283333333333331,0.4150197628458498,2.123981903250656,BUILDING,OVERNIGHT,26.25,10.283333333333331,20.566666666666663,28158.75,28148.0,-10.75,-23.0,STOP,6.2,20.0
1785195780,2026-07-27,-1,8.133333333333333,0.4296875,-1.6419151346625322,BUILDING,OVERNIGHT,-27.5,8.133333333333333,16.266666666666666,28130.25,28139.0,-8.75,-19.0,STOP,1.3,34.75
1785196920,2026-07-28,1,15.95,0.4870466321243523,3.807677475880738,CLEAN-TREND,OVERNIGHT,47.0,15.95,31.9,28179.5,28163.25,-16.25,-34.0,STOP,2.5,15.5
1785197400,2026-07-28,-1,21.966666666666665,0.3480314960629921,-2.2237990823985765,BUILDING,OVERNIGHT,-55.25,21.966666666666665,43.93333333333333,28117.0,28073.07,43.93,86.37,TARGET,15.6,56.75
1785199200,2026-07-28,1,21.98333333333333,0.0932203389830508,2.430241534061675,VIOLENT-WHIPSAW,OVERNIGHT,16.5,21.98333333333333,43.96666666666666,28110.5,28088.25,-22.25,-46.0,STOP,6.6,28.75
1785200220,2026-07-28,-1,16.366666666666667,0.3824130879345603,-1.5234163447004896,BUILDING,OVERNIGHT,-46.75,16.366666666666667,32.733333333333334,28076.0,28043.27,32.73,63.97,TARGET,3.4,106.75
1785201960,2026-07-28,1,18.0,0.130718954248366,1.5072717277078962,VIOLENT-WHIPSAW,OVERNIGHT,20.0,18.0,36.0,28023.75,28059.75,36.0,70.5,TARGET,1.2,73.25
1785203580,2026-07-28,-1,17.133333333333333,0.2775800711743772,-1.6839546094182027,BUILDING,OVERNIGHT,-39.0,17.133333333333333,34.266666666666666,28030.0,27995.73,34.27,67.03,TARGET,6.8,57.5
1785204720,2026-07-28,-1,12.316666666666666,0.1586206896551724,-2.1791611097486663,NORMAL-CHOP,OVERNIGHT,-11.5,12.316666666666666,24.633333333333333,28004.25,27979.62,24.63,47.77,TARGET,3.3,52.75
1785207000,2026-07-28,-1,14.216666666666669,0.0997150997150997,-3.6027507980542404,NORMAL-CHOP,OVERNIGHT,-8.75,14.216666666666669,28.433333333333337,27961.0,27975.5,-14.5,-30.5,STOP,0.6,28.5
1785207960,2026-07-28,-1,13.7,0.1373493975903614,-5.168721779778589,NORMAL-CHOP,OVERNIGHT,-14.25,13.7,27.4,27958.75,27972.75,-14.0,-29.5,STOP,6.5,26.25
1785209520,2026-07-28,-1,17.033333333333335,0.1654135338345864,-2.054869662376919,VIOLENT-WHIPSAW,OVERNIGHT,-22.0,17.033333333333335,34.06666666666667,27984.5,28002.25,-17.75,-37.0,STOP,0.2,-0.25
1785210000,2026-07-28,1,17.616666666666667,0.1503875968992248,2.12490415729954,VIOLENT-WHIPSAW,OVERNIGHT,24.25,17.616666666666667,35.233333333333334,28056.75,28038.75,-18.0,-37.5,STOP,1.3,14.25
1785211500,2026-07-28,-1,13.783333333333331,0.195,-1.8305443373174493,NORMAL-CHOP,OVERNIGHT,-19.5,13.783333333333331,27.566666666666663,28028.0,28000.43,27.57,53.63,TARGET,6.6,66.0
1785216120,2026-07-28,-1,10.133333333333333,0.4036363636363636,-2.4974233649674527,BUILDING,OVERNIGHT,-27.75,10.133333333333333,20.266666666666666,27931.75,27911.48,20.27,39.03,TARGET,7.6,55.0
1785216660,2026-07-28,-1,10.766666666666667,0.7293233082706767,-3.104576858353421,BUILDING,OVERNIGHT,-48.5,10.766666666666667,21.533333333333335,27902.25,27880.72,21.53,41.57,TARGET,3.4,31.0
1785218520,2026-07-28,-1,12.983333333333333,0.4010989010989011,-3.593295711116809,CLEAN-TREND,OVERNIGHT,-36.5,12.983333333333333,25.966666666666665,27873.5,27847.53,25.97,50.43,TARGET,7.6,34.25
1785219960,2026-07-28,1,15.383333333333333,0.3319327731092437,2.182203097063795,BUILDING,OVERNIGHT,39.5,15.383333333333333,30.766666666666666,27885.0,27915.77,30.77,60.03,TARGET,8.1,58.75
1785223440,2026-07-28,-1,11.933333333333334,0.20625,-1.6618906007896133,BUILDING,PRE-OPEN,-16.5,11.933333333333334,23.866666666666667,27955.75,27931.88,23.87,46.23,TARGET,12.3,48.25
1785224700,2026-07-28,-1,13.283333333333331,0.112219451371571,-1.760408288942027,NORMAL-CHOP,PRE-OPEN,-11.25,13.283333333333331,26.566666666666663,27926.25,27940.0,-13.75,-29.0,STOP,6.8,47.0
1785225900,2026-07-28,1,18.866666666666667,0.0909090909090909,1.6957197517477471,VIOLENT-WHIPSAW,PRE-OPEN,12.75,18.866666666666667,37.733333333333334,27932.0,27912.75,-19.25,-40.0,STOP,1.6,78.25
1785234660,2026-07-28,1,10.733333333333333,0.1382113821138211,2.4384773797681465,NORMAL-CHOP,PRE-OPEN,12.75,10.733333333333333,21.466666666666665,27973.75,27962.5,-11.25,-24.0,STOP,1.8,7.5
1785234840,2026-07-28,-1,12.983333333333333,0.1652542372881356,-9.236451160920115,NORMAL-CHOP,PRE-OPEN,-19.5,12.983333333333333,25.966666666666665,27948.0,27922.03,25.97,50.43,TARGET,0.3,57.5
1785235200,2026-07-28,-1,16.25,0.2129277566539923,-3.024027596441117,BUILDING,PRE-OPEN,-28.0,16.25,32.5,27911.25,27927.75,-16.5,-34.5,STOP,3.1,30.0
1785236040,2026-07-28,1,13.216666666666669,0.2460496613995485,1.7287046623241276,BUILDING,PRE-OPEN,27.25,13.216666666666669,26.433333333333337,27950.5,27936.75,-13.75,-29.0,STOP,2.7,8.25
1785241620,2026-07-28,1,16.55,0.4632034632034632,2.6830335165310766,CLEAN-TREND,PRE-OPEN,53.5,16.55,33.1,28011.5,27994.5,-17.0,-35.5,STOP,1.0,22.5
1785242760,2026-07-28,1,19.95,0.1348314606741573,3.2553038601276825,VIOLENT-WHIPSAW,PRE-OPEN,18.0,19.95,39.9,28020.0,27999.75,-20.25,-42.0,STOP,3.1,7.5
1785245280,2026-07-28,-1,17.283333333333335,0.4046345811051693,-2.0145213207353256,CLEAN-TREND,PRE-OPEN,-56.75,17.283333333333335,34.56666666666667,27948.75,27966.5,-17.75,-37.0,STOP,1.0,290.25
1785245760,2026-07-28,-1,35.4,0.5565371024734982,-1.582090631954706,CLEAN-TREND,US,-157.5,35.4,70.8,27859.0,27788.2,70.8,140.1,TARGET,2.8,218.75
1785246120,2026-07-28,-1,45.03333333333333,0.5773638968481375,-7.124337135330159,CLEAN-TREND,US,-201.5,45.03333333333333,90.06666666666666,27761.5,27671.43,90.07,178.63,TARGET,4.2,121.25
1785246780,2026-07-28,-1,50.55,0.2248972401644157,-1.5639922370207169,BUILDING,US,-95.75,50.55,101.1,27717.75,27768.75,-51.0,-103.5,STOP,11.6,114.5
1785247620,2026-07-28,-1,49.68333333333333,0.0807764558547276,-2.453274454550385,VIOLENT-WHIPSAW,US,-32.25,49.68333333333333,99.36666666666666,27724.0,27624.63,99.37,197.23,TARGET,6.1,120.75
1785249360,2026-07-28,1,44.333333333333336,0.2241112828438949,2.2110031365440617,BUILDING,US,72.5,44.333333333333336,88.66666666666667,27745.75,27701.0,-44.75,-91.0,STOP,2.0,146.75
1785250020,2026-07-28,1,36.1,0.3460207612456747,1.6258482780908674,BUILDING,US,100.0,36.1,72.2,27806.75,27878.95,72.2,142.9,TARGET,3.5,85.75
1785251880,2026-07-28,1,35.78333333333333,0.5912031047865459,2.8436736311850046,CLEAN-TREND,US,114.25,35.78333333333333,71.56666666666666,27913.0,27984.57,71.57,141.63,TARGET,6.3,145.75
1785259980,2026-07-28,1,21.433333333333334,0.2179700499168053,1.9594329655417504,BUILDING,US,32.75,21.433333333333334,42.86666666666667,28016.25,27994.5,-21.75,-45.0,STOP,5.4,26.0
1785261240,2026-07-28,-1,18.8,0.3589315525876461,-2.0872793512896584,BUILDING,US,-53.75,18.8,37.6,27941.0,27960.25,-19.25,-40.0,STOP,4.0,29.0
1785261600,2026-07-28,1,19.716666666666665,0.2437223042836041,2.0564555314586555,BUILDING,US,41.25,19.716666666666665,39.43333333333333,27991.0,27971.0,-20.0,-41.5,STOP,0.9,3.75
1785265440,2026-07-28,1,15.916666666666666,0.6090225563909775,1.502322939981109,CLEAN-TREND,US,60.75,15.916666666666666,31.833333333333332,28015.75,27999.5,-16.25,-34.0,STOP,1.8,8.25
1785266520,2026-07-28,1,16.0,0.1272727272727272,2.4916445338515167,VIOLENT-WHIPSAW,US,15.75,16.0,32.0,28008.5,27992.25,-16.25,-34.0,STOP,3.8,15.5
1785267960,2026-07-28,-1,15.366666666666667,0.6997578692493946,-1.6768253502716384,CLEAN-TREND,US,-72.25,15.366666666666667,30.733333333333334,27938.25,27954.0,-15.75,-33.0,STOP,0.8,54.25
1785268440,2026-07-28,1,15.4,0.3460620525059666,4.067845156373374,BUILDING,US,36.25,15.4,30.8,27983.25,27967.5,-15.75,-33.0,STOP,0.0,-0.5
1785269160,2026-07-28,-1,25.766666666666666,0.1047120418848167,-1.7658664786381086,VIOLENT-WHIPSAW,OVERNIGHT,-20.0,25.766666666666666,51.53333333333333,27921.25,27947.5,-26.25,-54.0,STOP,12.1,26.5
1785277080,2026-07-28,-1,12.933333333333334,0.6222760290556901,-3.415791233073781,CLEAN-TREND,OVERNIGHT,-64.25,12.933333333333334,25.866666666666667,27929.75,27943.0,-13.25,-28.0,STOP,8.6,115.0
1785277740,2026-07-28,-1,13.95,0.271889400921659,-1.6030961822097722,BUILDING,OVERNIGHT,-29.5,13.95,27.9,27941.5,27913.6,27.9,54.3,TARGET,2.0,185.0
1785278280,2026-07-28,-1,16.116666666666667,0.2962226640159046,-5.253029661812014,BUILDING,OVERNIGHT,-37.25,16.116666666666667,32.233333333333334,27877.75,27845.52,32.23,62.97,TARGET,6.2,146.25
1785278820,2026-07-28,-1,17.7,0.4880239520958084,-1.7283786305260955,CLEAN-TREND,OVERNIGHT,-81.5,17.7,35.4,27819.5,27837.5,-18.0,-37.5,STOP,0.4,88.0
1785279540,2026-07-28,-1,20.23333333333333,0.6122448979591837,-2.116715616254305,CLEAN-TREND,OVERNIGHT,-105.0,20.23333333333333,40.46666666666666,27757.5,27778.0,-20.5,-42.5,STOP,4.9,26.0
1785283320,2026-07-29,1,28.65,0.4588235294117647,2.628763262356856,CLEAN-TREND,OVERNIGHT,97.5,28.65,57.3,28139.0,28110.0,-29.0,-59.5,STOP,12.4,29.75
1785286680,2026-07-29,-1,20.6,0.3821656050955414,-3.068653085662034,BUILDING,OVERNIGHT,-60.0,20.6,41.2,28011.75,28032.75,-21.0,-43.5,STOP,2.4,115.25
1785287880,2026-07-29,-1,23.1,0.6470588235294118,-1.5569322080556818,CLEAN-TREND,OVERNIGHT,-121.0,23.1,46.2,27918.5,27942.0,-23.5,-48.5,STOP,0.7,66.5
1785288420,2026-07-29,1,21.55,0.2869565217391304,1.5881888296041708,BUILDING,OVERNIGHT,41.25,21.55,43.1,27992.25,27970.25,-22.0,-45.5,STOP,2.0,3.0
1785289860,2026-07-29,-1,22.116666666666667,0.5868945868945868,-2.093390911495988,CLEAN-TREND,OVERNIGHT,-103.0,22.116666666666667,44.233333333333334,27839.5,27795.27,44.23,86.97,TARGET,5.4,69.5
1785292560,2026-07-29,1,21.516666666666666,0.1398963730569948,2.36050148216812,VIOLENT-WHIPSAW,OVERNIGHT,20.25,21.516666666666666,43.03333333333333,27870.25,27848.0,-22.25,-46.0,STOP,13.2,34.5
1785297060,2026-07-29,-1,17.1,0.4188562596599691,-6.380751840239307,CLEAN-TREND,OVERNIGHT,-67.75,17.1,34.2,27722.0,27687.8,34.2,66.9,TARGET,8.5,74.25
1785298200,2026-07-29,-1,16.183333333333334,0.0646387832699619,-2.2300387185439807,VIOLENT-WHIPSAW,OVERNIGHT,-8.5,16.183333333333334,32.36666666666667,27695.25,27662.88,32.37,63.23,TARGET,5.4,47.5
1785300300,2026-07-29,-1,19.316666666666663,0.2021660649819494,-2.70989650918085,BUILDING,OVERNIGHT,-28.0,19.316666666666663,38.633333333333326,27662.25,27682.0,-19.75,-41.0,STOP,0.5,8.0
1785300780,2026-07-29,1,20.6,0.0681818181818181,1.6076211295384744,VIOLENT-WHIPSAW,OVERNIGHT,10.5,20.6,41.2,27719.25,27760.45,41.2,80.9,TARGET,6.0,115.5
1785301620,2026-07-29,1,21.816666666666663,0.4894217207334274,2.275359085630754,CLEAN-TREND,OVERNIGHT,86.75,21.816666666666663,43.633333333333326,27806.0,27783.75,-22.25,-46.0,STOP,10.3,39.0
1785303360,2026-07-29,1,18.866666666666667,0.4904458598726114,2.051981724509214,CLEAN-TREND,OVERNIGHT,57.75,18.866666666666667,37.733333333333334,27841.0,27821.75,-19.25,-40.0,STOP,4.5,13.75
1785304320,2026-07-29,-1,16.683333333333334,0.2069716775599128,-1.6721718242244976,BUILDING,OVERNIGHT,-23.75,16.683333333333334,33.36666666666667,27810.75,27827.75,-17.0,-35.5,STOP,1.6,74.0
1785306960,2026-07-29,1,17.816666666666666,0.7261146496815286,1.8501488830523505,CLEAN-TREND,OVERNIGHT,114.0,17.816666666666666,35.63333333333333,27880.5,27916.13,35.63,69.77,TARGET,10.0,66.0
1785312300,2026-07-29,-1,14.983333333333333,0.0845070422535211,-1.510535927833057,NORMAL-CHOP,PRE-OPEN,-9.0,14.983333333333333,29.966666666666665,27895.0,27910.25,-15.25,-32.0,STOP,0.4,75.25
1785314580,2026-07-29,1,17.383333333333333,0.6122448979591837,1.5892361825115884,CLEAN-TREND,PRE-OPEN,90.0,17.383333333333333,34.766666666666666,27922.0,27904.25,-17.75,-37.0,STOP,10.4,54.0
1785316020,2026-07-29,1,13.316666666666666,0.2141280353200883,1.6954992333418395,BUILDING,PRE-OPEN,24.25,13.316666666666666,26.633333333333333,27946.5,27973.13,26.63,51.77,TARGET,5.1,41.25
1785316560,2026-07-29,1,16.483333333333334,0.2437619961612284,1.541994746192782,BUILDING,PRE-OPEN,31.75,16.483333333333334,32.96666666666667,27961.75,27994.72,32.97,64.43,TARGET,21.9,56.0
1785317940,2026-07-29,1,13.2,0.080091533180778,4.331791586601724,NORMAL-CHOP,PRE-OPEN,8.75,13.2,26.4,27978.25,28004.65,26.4,51.3,TARGET,3.0,81.75
1785318900,2026-07-29,1,13.966666666666669,0.2149532710280373,3.321279836243656,BUILDING,PRE-OPEN,23.0,13.966666666666669,27.933333333333337,28018.25,28004.0,-14.25,-30.0,STOP,17.5,27.75
1785321060,2026-07-29,-1,13.066666666666666,0.2929292929292929,-1.5626621962014509,BUILDING,PRE-OPEN,-29.0,13.066666666666666,26.133333333333333,27988.75,27962.62,26.13,50.77,TARGET,6.7,57.25
1785325140,2026-07-29,-1,12.716666666666669,0.3641025641025641,-1.7308912013181414,BUILDING,PRE-OPEN,-35.5,12.716666666666669,25.433333333333337,27967.0,27980.0,-13.0,-27.5,STOP,2.7,13.75
1785327240,2026-07-29,-1,15.533333333333331,0.4517958412098298,-5.124923507024557,CLEAN-TREND,PRE-OPEN,-59.75,15.533333333333331,31.066666666666663,27940.75,27909.68,31.07,60.63,TARGET,1.3,96.0
1785327480,2026-07-29,-1,21.45,0.4733893557422969,-2.4101187005052047,CLEAN-TREND,PRE-OPEN,-84.5,21.45,42.9,27896.0,27853.1,42.9,84.3,TARGET,3.2,51.25
1785329160,2026-07-29,1,14.483333333333333,0.4519906323185012,1.6601735379625897,CLEAN-TREND,PRE-OPEN,48.25,14.483333333333333,28.966666666666665,27914.75,27900.0,-14.75,-31.0,STOP,16.0,17.0
1785331800,2026-07-29,-1,23.183333333333334,0.0900763358778626,-15.734161165751663,VIOLENT-WHIPSAW,US,-14.75,23.183333333333334,46.36666666666667,27867.75,27892.25,-24.5,-50.5,STOP,0.1,200.0
1785331920,2026-07-29,1,29.466666666666665,0.1336787564766839,5.663477724216232,VIOLENT-WHIPSAW,US,32.25,29.466666666666665,58.93333333333333,27903.75,27962.68,58.93,116.37,TARGET,1.0,93.25
1785332100,2026-07-29,1,36.65,0.3684210526315789,2.655993375025034,BUILDING,US,112.0,36.65,73.3,27978.25,27941.25,-37.0,-75.5,STOP,0.4,1.5
1785332700,2026-07-29,1,49.16666666666666,0.1224632610216935,2.74094604490231,VIOLENT-WHIPSAW,US,43.75,49.16666666666666,98.33333333333331,27911.25,27861.75,-49.5,-100.5,STOP,1.0,15.0
1785333000,2026-07-29,-1,48.63333333333333,0.5357950263752826,-2.853109466703488,CLEAN-TREND,US,-177.75,48.63333333333333,97.26666666666667,27799.0,27701.73,97.27,193.03,TARGET,4.3,162.75
1785334260,2026-07-29,1,37.81666666666667,0.1765893037336024,1.6916145312578226,VIOLENT-WHIPSAW,US,43.75,37.81666666666667,75.63333333333334,27733.75,27695.5,-38.25,-78.0,STOP,0.4,13.75
1785335040,2026-07-29,-1,37.083333333333336,0.3823008849557522,-4.148841647995558,BUILDING,US,-108.0,37.083333333333336,74.16666666666667,27620.5,27546.33,74.17,146.83,TARGET,1.2,110.5
1785335940,2026-07-29,-1,32.4,0.2634088200238379,-1.834797744124848,BUILDING,US,-55.25,32.4,64.8,27564.0,27596.75,-32.75,-67.0,STOP,12.1,54.0
1785340440,2026-07-29,-1,24.08333333333333,0.2507204610951009,-4.5172606417350485,BUILDING,US,-43.5,24.08333333333333,48.16666666666666,27494.5,27519.0,-24.5,-50.5,STOP,4.9,85.5
1785342180,2026-07-29,1,22.4,0.315112540192926,4.60504308904729,BUILDING,US,49.0,22.4,44.8,27512.0,27556.8,44.8,88.1,TARGET,6.1,74.0
1785345660,2026-07-29,1,22.83333333333333,0.5616438356164384,1.5607496968044536,CLEAN-TREND,US,92.25,22.83333333333333,45.66666666666666,27747.25,27724.0,-23.25,-48.0,STOP,1.0,2.5
1785348000,2026-07-29,1,25.916666666666668,0.7214700193423598,6.174411546120006,CLEAN-TREND,US,186.5,25.916666666666668,51.833333333333336,27850.75,27824.5,-26.25,-54.0,STOP,0.2,38.25
1785349020,2026-07-29,-1,41.85,0.211453744493392,-1.827577812047611,BUILDING,US,-48.0,41.85,83.7,27793.25,27709.55,83.7,165.9,TARGET,14.1,89.5
1785350400,2026-07-29,1,45.45,0.5697569756975698,3.23787240536577,CLEAN-TREND,US,158.25,45.45,90.9,27905.75,27996.65,90.9,180.3,TARGET,5.4,194.0
1785350820,2026-07-29,1,48.81666666666667,0.9412780656303972,3.219684299370797,CLEAN-TREND,US,272.5,48.81666666666667,97.63333333333334,28026.75,27977.5,-49.25,-100.0,STOP,16.5,73.0
1785352860,2026-07-29,-1,47.333333333333336,0.5986301369863014,-8.0401566359331,CLEAN-TREND,US,-218.5,47.333333333333336,94.66666666666667,27738.25,27643.58,94.67,187.83,TARGET,4.4,317.0
1785354720,2026-07-29,-1,43.93333333333333,0.5626072041166381,-3.002964565079828,CLEAN-TREND,US,-164.0,43.93333333333333,87.86666666666666,27414.75,27326.88,87.87,174.23,TARGET,6.0,214.75
1785366240,2026-07-29,1,13.233333333333333,0.4691358024691358,3.991716557332828,CLEAN-TREND,OVERNIGHT,38.0,13.233333333333333,26.466666666666665,27479.5,27505.97,26.47,51.43,TARGET,3.8,79.75
1785366600,2026-07-29,1,15.716666666666669,0.3368421052631579,1.6896225035971406,BUILDING,OVERNIGHT,48.0,15.716666666666669,31.433333333333337,27479.5,27463.5,-16.0,-33.5,STOP,0.7,79.75
1785367860,2026-07-29,1,15.4,0.5568181818181818,1.6502138036443017,CLEAN-TREND,OVERNIGHT,73.5,15.4,30.8,27550.0,27534.25,-15.75,-33.0,STOP,6.8,9.25
1785368400,2026-07-29,-1,13.816666666666666,0.1246537396121883,-2.78019045040139,NORMAL-CHOP,OVERNIGHT,-11.25,13.816666666666666,27.633333333333333,27515.5,27529.75,-14.25,-30.0,STOP,3.6,43.25
1785368940,2026-07-29,-1,18.1,0.2023121387283237,-2.075757621276036,BUILDING,OVERNIGHT,-26.25,18.1,36.2,27514.0,27532.5,-18.5,-38.5,STOP,3.3,41.75
1785369720,2026-07-30,-1,24.216666666666665,0.3190271816881259,-1.6575327497873285,BUILDING,OVERNIGHT,-55.75,24.216666666666665,48.43333333333333,27494.25,27518.75,-24.5,-50.5,STOP,2.3,22.0
1785369960,2026-07-30,1,29.83333333333333,0.279395900755124,2.2668689138998026,BUILDING,OVERNIGHT,64.75,29.83333333333333,59.66666666666666,27575.0,27544.75,-30.25,-62.0,STOP,28.3,36.5
1785373560,2026-07-30,1,23.466666666666665,0.5902061855670103,2.484456048478104,CLEAN-TREND,OVERNIGHT,114.5,23.466666666666665,46.93333333333333,27630.0,27606.0,-24.0,-49.5,STOP,2.6,55.75
1785377040,2026-07-30,-1,17.666666666666668,0.2862190812720848,-2.3267578068131844,BUILDING,OVERNIGHT,-40.5,17.666666666666668,35.333333333333336,27640.75,27658.75,-18.0,-37.5,STOP,2.9,55.75
1785379320,2026-07-30,-1,15.233333333333333,0.3113924050632911,-1.581678629187724,BUILDING,OVERNIGHT,-30.75,15.233333333333333,30.466666666666665,27588.75,27604.25,-15.5,-32.5,STOP,1.3,100.75
1785380220,2026-07-30,-1,19.366666666666667,0.1683748169838946,-2.324700672099489,VIOLENT-WHIPSAW,OVERNIGHT,-28.75,19.366666666666667,38.733333333333334,27559.75,27521.02,38.73,75.97,TARGET,11.8,88.25
1785382500,2026-07-30,1,19.316666666666663,0.405189620758483,2.1423290521205622,CLEAN-TREND,OVERNIGHT,50.75,19.316666666666663,38.633333333333326,27540.75,27520.75,-20.0,-41.5,STOP,0.4,22.75
1785384720,2026-07-30,-1,16.5,0.3425196850393701,-1.5004045453884067,BUILDING,OVERNIGHT,-43.5,16.5,33.0,27496.25,27463.25,33.0,64.5,TARGET,6.5,37.0
1785387600,2026-07-30,-1,16.316666666666666,0.3378076062639821,-2.028371983462939,BUILDING,OVERNIGHT,-37.75,16.316666666666666,32.63333333333333,27449.25,27466.25,-17.0,-35.5,STOP,14.1,28.75
1785389520,2026-07-30,1,20.28333333333333,0.1733800350262697,1.6292085796634128,VIOLENT-WHIPSAW,OVERNIGHT,24.75,20.28333333333333,40.56666666666666,27490.0,27530.57,40.57,79.63,TARGET,13.4,57.25
1785391200,2026-07-30,-1,17.666666666666668,0.2753108348134991,-1.8821601487840656,BUILDING,OVERNIGHT,-38.75,17.666666666666668,35.333333333333336,27482.75,27500.75,-18.0,-37.5,STOP,6.3,35.75
1785392760,2026-07-30,1,15.1,0.106290672451193,2.7526554499068787,NORMAL-CHOP,OVERNIGHT,12.25,15.1,30.2,27487.0,27471.5,-15.5,-32.5,STOP,3.5,3.5
1785394860,2026-07-30,1,19.78333333333333,0.2988505747126437,7.864063244734138,BUILDING,PRE-OPEN,52.0,19.78333333333333,39.56666666666666,27507.25,27487.0,-20.25,-42.0,STOP,2.9,14.25
1785395340,2026-07-30,1,27.433333333333334,0.0995934959349593,1.8325436553273429,VIOLENT-WHIPSAW,PRE-OPEN,24.5,27.433333333333334,54.86666666666667,27473.0,27445.25,-27.75,-57.0,STOP,6.8,28.75
1785396060,2026-07-30,-1,21.03333333333333,0.5225464190981433,-2.177088251463533,CLEAN-TREND,PRE-OPEN,-98.5,21.03333333333333,42.06666666666666,27408.0,27429.5,-21.5,-44.5,STOP,3.0,56.25
1785396600,2026-07-30,-1,20.0,0.5414462081128748,-1.5705656803983323,CLEAN-TREND,PRE-OPEN,-76.75,20.0,40.0,27384.25,27404.5,-20.25,-42.0,STOP,7.4,32.5
1785397860,2026-07-30,1,17.466666666666665,0.4623655913978494,1.906758132082088,CLEAN-TREND,PRE-OPEN,64.5,17.466666666666665,34.93333333333333,27422.25,27404.5,-17.75,-37.0,STOP,3.9,57.75
1785403260,2026-07-30,1,15.15,0.6256983240223464,2.372999037919923,CLEAN-TREND,PRE-OPEN,56.0,15.15,30.3,27559.75,27544.25,-15.5,-32.5,STOP,8.3,26.25
1785404040,2026-07-30,1,13.5,0.4491803278688525,1.681632233062694,CLEAN-TREND,PRE-OPEN,34.25,13.5,27.0,27575.75,27562.0,-13.75,-29.0,STOP,4.2,10.25
1785405540,2026-07-30,-1,10.333333333333334,0.3557046979865771,-2.25361255507472,BUILDING,PRE-OPEN,-26.5,10.333333333333334,20.666666666666668,27516.25,27495.58,20.67,39.83,TARGET,0.3,28.25
1785407160,2026-07-30,1,13.716666666666669,0.6086956521739131,1.661688081966225,CLEAN-TREND,PRE-OPEN,70.0,13.716666666666669,27.433333333333337,27622.75,27608.75,-14.0,-29.5,STOP,1.7,25.25
1785408000,2026-07-30,1,14.133333333333333,0.2142857142857142,1.5570812300859176,BUILDING,PRE-OPEN,19.5,14.133333333333333,28.266666666666666,27637.0,27622.5,-14.5,-30.5,STOP,0.5,49.5
1785410880,2026-07-30,1,12.516666666666667,0.6363636363636364,3.0854585709415865,CLEAN-TREND,PRE-OPEN,49.0,12.516666666666667,25.033333333333335,27710.5,27697.5,-13.0,-27.5,STOP,3.0,34.5
1785411840,2026-07-30,-1,16.583333333333332,0.081081081081081,-2.1591513465543866,VIOLENT-WHIPSAW,PRE-OPEN,-14.25,16.583333333333332,33.166666666666664,27701.0,27718.25,-17.25,-36.0,STOP,0.5,5.5
1785412080,2026-07-30,1,16.8,0.2920863309352518,1.8190830185745248,BUILDING,PRE-OPEN,50.75,16.8,33.6,27728.5,27711.25,-17.25,-36.0,STOP,12.3,37.5
1785413040,2026-07-30,1,16.183333333333334,0.1270718232044199,1.9157257452614944,VIOLENT-WHIPSAW,PRE-OPEN,17.25,16.183333333333334,32.36666666666667,27746.0,27728.75,-17.25,-36.0,STOP,15.2,44.75
1785414600,2026-07-30,1,18.85,0.1598513011152416,2.50735295090857,VIOLENT-WHIPSAW,PRE-OPEN,21.5,18.85,37.7,27772.75,27753.5,-19.25,-40.0,STOP,0.4,61.0
1785414720,2026-07-30,-1,21.45,0.0714285714285714,-2.7958081968249475,VIOLENT-WHIPSAW,PRE-OPEN,-12.0,21.45,42.9,27734.5,27756.25,-21.75,-45.0,STOP,2.5,19.5
1785416400,2026-07-30,1,17.416666666666668,0.5706806282722513,1.978474310853359,CLEAN-TREND,PRE-OPEN,54.5,17.416666666666668,34.833333333333336,27827.75,27862.58,34.83,68.17,TARGET,6.1,65.0
1785417900,2026-07-30,1,14.716666666666669,0.1449814126394052,2.483750021133228,NORMAL-CHOP,PRE-OPEN,9.75,14.716666666666669,29.433333333333337,27842.0,27871.43,29.43,57.37,TARGET,2.0,291.25
1785418140,2026-07-30,1,15.533333333333331,0.5488721804511278,3.0577930996596847,CLEAN-TREND,PRE-OPEN,36.5,15.533333333333331,31.066666666666663,27877.0,27860.75,-16.25,-34.0,STOP,0.0,278.0
1785418260,2026-07-30,1,20.133333333333333,0.4323432343234323,3.909969922175074,CLEAN-TREND,US,32.75,20.133333333333333,40.266666666666666,27880.25,27859.75,-20.5,-42.5,STOP,0.2,288.75
1785418500,2026-07-30,1,29.83333333333333,0.2895622895622896,5.303686810231787,BUILDING,US,43.0,29.83333333333333,59.66666666666666,27892.25,27862.0,-30.25,-62.0,STOP,1.5,291.5
1785418800,2026-07-30,1,42.266666666666666,0.2403100775193798,2.835855658385688,BUILDING,US,38.75,42.266666666666666,84.53333333333333,27882.5,27967.03,84.53,167.57,TARGET,3.0,301.25
1785419100,2026-07-30,1,46.2,0.5704433497536946,4.623447798993564,CLEAN-TREND,US,144.75,46.2,92.4,28013.5,28105.9,92.4,183.3,TARGET,4.9,170.25
1785419640,2026-07-30,1,39.98333333333333,0.6728971962616822,3.101553568068472,CLEAN-TREND,US,216.0,39.98333333333333,79.96666666666665,28105.0,28162.75,57.75,114.0,TIME,30.0,78.75
1785421620,2026-07-30,1,30.25,0.5726495726495726,5.93691905017448,CLEAN-TREND,US,100.5,30.25,60.5,28212.0,28181.5,-30.5,-62.5,STOP,16.1,33.75
1785422760,2026-07-30,-1,25.95,0.4248366013071895,-1.5605155905113757,CLEAN-TREND,US,-81.25,25.95,51.9,28161.25,28109.35,51.9,102.3,TARGET,5.8,153.5
1785423600,2026-07-30,-1,34.61666666666667,0.6314741035856574,-1.8232444540028292,CLEAN-TREND,US,-158.5,34.61666666666667,69.23333333333333,28027.75,28062.75,-35.0,-71.5,STOP,2.0,32.25
1785424020,2026-07-30,-1,36.0,0.1181506849315068,-1.6981832231448817,VIOLENT-WHIPSAW,US,-34.5,36.0,72.0,28072.5,28108.75,-36.25,-74.0,STOP,1.1,77.0
1785427440,2026-07-30,1,29.216666666666665,0.142578125,2.2674081536773545,VIOLENT-WHIPSAW,US,36.5,29.216666666666665,58.43333333333333,28151.25,28121.75,-29.5,-60.5,STOP,26.0,41.5
1785430800,2026-07-30,1,19.6,0.3868613138686131,4.603129919133326,BUILDING,US,66.25,19.6,39.2,28159.25,28198.45,39.2,76.9,TARGET,18.7,49.25
1785436740,2026-07-30,-1,13.25,0.4050179211469534,-1.859650614664496,CLEAN-TREND,US,-28.25,13.25,26.5,28157.5,28171.0,-13.5,-28.5,STOP,0.9,7.0
1785438000,2026-07-30,1,12.15,0.3356401384083045,1.6320437266534646,BUILDING,US,24.25,12.15,24.3,28195.0,28219.3,24.3,47.1,TARGET,6.0,103.0
1785438420,2026-07-30,1,13.483333333333333,0.6871794871794872,2.8845721449210147,CLEAN-TREND,US,67.0,13.483333333333333,26.966666666666665,28235.75,28262.72,26.97,52.43,TARGET,2.2,62.25
1785439740,2026-07-30,-1,14.083333333333334,0.2665245202558635,-1.7927974523662644,BUILDING,US,-31.25,14.083333333333334,28.166666666666668,28243.5,28258.0,-14.5,-30.5,STOP,4.1,41.25
1785441180,2026-07-30,-1,15.6,0.2623376623376623,-1.9852397140759608,BUILDING,US,-25.25,15.6,31.2,28208.75,28224.75,-16.0,-33.5,STOP,0.7,6.5
1785441600,2026-07-30,-1,23.15,0.125,-3.4135039101063285,VIOLENT-WHIPSAW,OVERNIGHT,-16.0,23.15,46.3,28221.25,28244.75,-23.5,-48.5,STOP,0.0,5.75
1785450180,2026-07-30,-1,14.65,0.2166666666666666,-2.1183207228915224,BUILDING,OVERNIGHT,-26.0,14.65,29.3,28360.5,28375.5,-15.0,-31.5,STOP,1.2,28.5
1785451320,2026-07-30,1,13.9,0.4207920792079208,3.126870302967608,CLEAN-TREND,OVERNIGHT,42.5,13.9,27.8,28392.5,28420.3,27.8,54.1,TARGET,18.9,33.0
1785453000,2026-07-30,-1,11.716666666666669,0.2580645161290322,-3.046101397386002,BUILDING,OVERNIGHT,-24.0,11.716666666666669,23.433333333333337,28384.0,28396.0,-12.0,-25.5,STOP,14.4,26.25
1785454860,2026-07-30,1,13.383333333333333,0.3985507246376811,2.291146603109855,BUILDING,OVERNIGHT,27.5,13.383333333333333,26.766666666666666,28409.5,28395.75,-13.75,-29.0,STOP,8.8,48.25
1785455460,2026-07-30,1,14.95,0.2848484848484848,2.272297811890251,BUILDING,OVERNIGHT,35.25,14.95,29.9,28420.75,28405.5,-15.25,-32.0,STOP,9.8,67.5
1785456360,2026-07-31,1,16.083333333333332,0.1049723756906077,2.1751079231941883,VIOLENT-WHIPSAW,OVERNIGHT,14.25,16.083333333333332,32.166666666666664,28435.5,28467.67,32.17,62.83,TARGET,7.1,74.5
1785459480,2026-07-31,1,12.15,0.1820448877805486,3.4567887955264465,NORMAL-CHOP,OVERNIGHT,18.25,12.15,24.3,28514.25,28538.55,24.3,47.1,TARGET,2.1,65.75
1785459900,2026-07-31,1,11.35,0.7285714285714285,1.7124020371236497,BUILDING,OVERNIGHT,76.5,11.35,22.7,28559.0,28547.25,-11.75,-25.0,STOP,18.4,21.0
1785463380,2026-07-31,-1,15.783333333333331,0.1252268602540834,-1.5067764631488532,VIOLENT-WHIPSAW,OVERNIGHT,-17.25,15.783333333333331,31.566666666666663,28453.25,28469.5,-16.25,-34.0,STOP,2.5,52.75
1785463920,2026-07-31,-1,16.533333333333335,0.1906474820143885,-1.6510826801419614,VIOLENT-WHIPSAW,OVERNIGHT,-26.5,16.533333333333335,33.06666666666667,28452.75,28419.68,33.07,64.63,TARGET,3.3,63.0
1785464220,2026-07-31,-1,15.633333333333333,0.4458874458874459,-1.6788234641756972,CLEAN-TREND,OVERNIGHT,-51.5,15.633333333333333,31.266666666666666,28414.0,28430.0,-16.0,-33.5,STOP,13.4,24.25
1785465420,2026-07-31,-1,12.316666666666666,0.2903225806451613,-2.0748741852425043,BUILDING,OVERNIGHT,-22.5,12.316666666666666,24.633333333333333,28393.25,28406.0,-12.75,-27.0,STOP,0.2,0.5
1785465960,2026-07-31,1,12.833333333333334,0.075098814229249,1.614507557841246,NORMAL-CHOP,OVERNIGHT,9.5,12.833333333333334,25.666666666666668,28429.25,28416.0,-13.25,-28.0,STOP,2.2,16.5
1785467760,2026-07-31,1,13.983333333333333,0.1959798994974874,2.759473740920842,NORMAL-CHOP,OVERNIGHT,19.5,13.983333333333333,27.966666666666665,28439.5,28467.47,27.97,54.43,TARGET,4.0,39.25
1785469560,2026-07-31,-1,10.866666666666667,0.4360902255639097,-2.08019031173618,BUILDING,OVERNIGHT,-29.0,10.866666666666667,21.733333333333334,28448.25,28459.5,-11.25,-24.0,STOP,6.9,26.5
1785472380,2026-07-31,1,10.333333333333334,0.6129032258064516,2.1369063114518965,BUILDING,OVERNIGHT,42.75,10.333333333333334,20.666666666666668,28526.25,28546.92,20.67,39.83,TARGET,9.1,30.75
1785473040,2026-07-31,1,8.816666666666666,0.5909090909090909,3.074697524902507,BUILDING,OVERNIGHT,39.0,8.816666666666666,17.633333333333333,28551.0,28541.75,-9.25,-20.0,STOP,5.5,19.0
1785474000,2026-07-31,-1,7.783333333333333,0.1555555555555555,-1.6137011726088202,DEAD-CHOP,OVERNIGHT,-7.0,7.783333333333333,15.566666666666666,28546.5,28554.75,-8.25,-18.0,STOP,6.1,8.25
1785474480,2026-07-31,1,7.4,0.1897435897435897,1.8255636768659456,DEAD-CHOP,OVERNIGHT,9.25,7.4,14.8,28560.25,28552.5,-7.75,-17.0,STOP,2.3,22.5
1785475680,2026-07-31,1,7.2,0.5129533678756477,6.845016716881816,BUILDING,OVERNIGHT,24.75,7.2,14.4,28578.25,28570.75,-7.5,-16.5,STOP,1.8,13.75
1785477180,2026-07-31,1,12.183333333333334,0.3408577878103837,4.576779652525721,BUILDING,OVERNIGHT,37.75,12.183333333333334,24.366666666666667,28586.0,28573.5,-12.5,-26.5,STOP,1.9,26.25
1785477600,2026-07-31,1,11.166666666666666,0.3453453453453453,2.9099566636242917,BUILDING,OVERNIGHT,28.75,11.166666666666666,22.333333333333332,28593.0,28581.5,-11.5,-24.5,STOP,3.2,19.25
1785478140,2026-07-31,1,10.033333333333331,0.1126279863481228,2.515979747991152,DEAD-CHOP,OVERNIGHT,8.25,10.033333333333331,20.066666666666663,28595.5,28585.0,-10.5,-22.5,STOP,14.2,16.75
1785479400,2026-07-31,-1,8.783333333333333,0.5507246376811594,-4.169832353071668,BUILDING,OVERNIGHT,-38.0,8.783333333333333,17.566666666666666,28565.75,28548.18,17.57,33.63,TARGET,2.1,115.5
1785479640,2026-07-31,-1,11.2,0.80440097799511,-2.1906595882940008,BUILDING,OVERNIGHT,-82.25,11.2,22.4,28523.5,28501.1,22.4,43.3,TARGET,0.7,73.25
1785480060,2026-07-31,-1,17.55,0.7259380097879282,-2.057349442762999,CLEAN-TREND,OVERNIGHT,-111.25,17.55,35.1,28477.0,28495.25,-18.25,-38.0,STOP,12.3,26.75
1785482340,2026-07-31,1,15.266666666666667,0.618421052631579,1.7010276938211613,CLEAN-TREND,PRE-OPEN,70.5,15.266666666666667,30.533333333333335,28549.25,28533.25,-16.0,-33.5,STOP,1.1,34.75
1785483000,2026-07-31,1,16.65,0.1691176470588235,1.8560437232789009,VIOLENT-WHIPSAW,PRE-OPEN,23.0,16.65,33.3,28545.0,28578.3,33.3,65.1,TARGET,14.3,45.75
1785485040,2026-07-31,-1,15.066666666666666,0.0993914807302231,-4.669876127259298,NORMAL-CHOP,PRE-OPEN,-12.25,15.066666666666666,30.133333333333333,28540.75,28556.25,-15.5,-32.5,STOP,2.2,17.0
1785485340,2026-07-31,-1,17.533333333333335,0.3345454545454545,-1.7668862846098397,BUILDING,PRE-OPEN,-46.0,17.533333333333335,35.06666666666667,28534.0,28552.0,-18.0,-37.5,STOP,2.0,10.25
1785485940,2026-07-31,1,18.183333333333334,0.3413793103448276,2.9608480926575536,BUILDING,PRE-OPEN,49.5,18.183333333333334,36.36666666666667,28593.5,28575.0,-18.5,-38.5,STOP,2.9,17.75
1785488400,2026-07-31,1,12.4,0.472,6.233646974555197,CLEAN-TREND,PRE-OPEN,44.25,12.4,24.8,28616.25,28603.5,-12.75,-27.0,STOP,0.4,25.75
1785489000,2026-07-31,1,13.683333333333334,0.44,1.8492776109143745,CLEAN-TREND,PRE-OPEN,41.25,13.683333333333334,27.366666666666667,28639.25,28625.25,-14.0,-29.5,STOP,3.2,0.5
1785492000,2026-07-31,-1,11.116666666666667,0.4358974358974359,-2.089919815275572,BUILDING,PRE-OPEN,-38.25,11.116666666666667,22.233333333333334,28523.0,28534.5,-11.5,-24.5,STOP,0.4,3.75
1785493200,2026-07-31,1,10.383333333333333,0.5736677115987461,2.1494353188525537,BUILDING,PRE-OPEN,45.75,10.383333333333333,20.766666666666666,28572.0,28561.25,-10.75,-23.0,STOP,3.6,20.0
1785494940,2026-07-31,-1,9.95,0.208955223880597,-2.3150693126997086,BUILDING,PRE-OPEN,-14.0,9.95,19.9,28553.75,28564.0,-10.25,-22.0,STOP,0.8,-0.25
1785495780,2026-07-31,1,14.55,0.3892473118279569,2.1929961862696907,BUILDING,PRE-OPEN,45.25,14.55,29.1,28613.5,28598.5,-15.0,-31.5,STOP,7.1,12.5
1785496560,2026-07-31,-1,13.916666666666666,0.3421750663129973,-2.8118673738153976,BUILDING,PRE-OPEN,-32.25,13.916666666666666,27.833333333333332,28566.5,28580.75,-14.25,-30.0,STOP,11.0,44.25
1785497340,2026-07-31,-1,14.7,0.4221105527638191,-3.6767670475218326,CLEAN-TREND,PRE-OPEN,-42.0,14.7,29.4,28554.5,28525.1,29.4,57.3,TARGET,3.7,32.25
1785497760,2026-07-31,-1,16.266666666666666,0.1527494908350305,-1.503474703486885,VIOLENT-WHIPSAW,PRE-OPEN,-18.75,16.266666666666666,32.53333333333333,28540.25,28557.0,-16.75,-35.0,STOP,14.1,42.0
1785498840,2026-07-31,1,11.033333333333331,0.4036697247706422,1.6832214826680327,BUILDING,PRE-OPEN,22.0,11.033333333333331,22.066666666666663,28553.5,28542.0,-11.5,-24.5,STOP,5.5,6.5
1785499380,2026-07-31,-1,11.083333333333334,0.4556962025316455,-3.2793477251340053,BUILDING,PRE-OPEN,-36.0,11.083333333333334,22.166666666666668,28510.5,28488.33,22.17,42.83,TARGET,6.4,62.75
1785500340,2026-07-31,-1,13.6,0.6766467065868264,-2.2946288437563758,CLEAN-TREND,PRE-OPEN,-56.5,13.6,27.2,28456.0,28470.0,-14.0,-29.5,STOP,1.0,24.0
1785501540,2026-07-31,-1,18.78333333333333,0.28,-3.4126644396152908,BUILDING,PRE-OPEN,-31.5,18.78333333333333,37.56666666666666,28452.25,28471.5,-19.25,-40.0,STOP,11.8,20.25
1785502920,2026-07-31,1,14.016666666666667,0.3411764705882353,2.301181716833816,BUILDING,PRE-OPEN,36.25,14.016666666666667,28.033333333333335,28486.5,28514.53,28.03,54.57,TARGET,7.2,180.75
1785504180,2026-07-31,1,11.683333333333334,0.5718849840255591,1.9079358621827749,BUILDING,PRE-OPEN,44.75,11.683333333333334,23.366666666666667,28550.25,28538.25,-12.0,-25.5,STOP,0.5,175.5
1785504300,2026-07-31,1,11.633333333333333,0.4612794612794613,3.451653312721099,BUILDING,PRE-OPEN,34.25,11.633333333333333,23.266666666666666,28561.25,28549.25,-12.0,-25.5,STOP,1.7,164.5
1785504480,2026-07-31,1,13.516666666666667,0.5855855855855856,3.3897374319997144,CLEAN-TREND,PRE-OPEN,48.75,13.516666666666667,27.033333333333335,28568.75,28554.75,-14.0,-29.5,STOP,1.0,157.0
1785504660,2026-07-31,1,21.33333333333333,0.7063829787234043,2.9356572912897847,CLEAN-TREND,US,83.0,21.33333333333333,42.66666666666666,28627.0,28669.67,42.67,83.83,TARGET,1.1,98.75
1785504840,2026-07-31,1,26.35,0.8554913294797688,4.661007897376174,CLEAN-TREND,US,148.0,26.35,52.7,28683.25,28656.5,-26.75,-55.0,STOP,2.5,42.5
1785505320,2026-07-31,-1,49.03333333333333,0.2255892255892256,-4.053187517514725,BUILDING,US,-83.75,49.03333333333333,98.06666666666666,28481.25,28383.18,98.07,194.63,TARGET,4.6,379.25
1785505680,2026-07-31,-1,57.06666666666667,0.8195033313143549,-3.558846243699097,CLEAN-TREND,US,-338.25,57.06666666666667,114.13333333333334,28350.0,28407.5,-57.5,-116.5,STOP,3.1,270.25
1785506220,2026-07-31,-1,56.28333333333333,0.2683846637335009,-1.870902285929877,BUILDING,US,-106.75,56.28333333333333,112.56666666666666,28371.75,28259.18,112.57,223.63,TARGET,6.4,292.0
1785506820,2026-07-31,-1,51.78333333333333,0.4250172771250864,-2.4579867971026745,CLEAN-TREND,US,-153.75,51.78333333333333,103.56666666666666,28190.0,28086.43,103.57,205.63,TARGET,8.3,110.25
1785507540,2026-07-31,-1,53.86666666666667,0.1879914224446033,-1.6786479587401428,VIOLENT-WHIPSAW,US,-65.75,53.86666666666667,107.73333333333333,28178.75,28233.0,-54.25,-110.0,STOP,0.8,25.25
1785508260,2026-07-31,1,50.23333333333333,0.4473684210526316,1.810320360738872,CLEAN-TREND,US,136.0,50.23333333333333,100.46666666666665,28251.0,28290.5,39.5,77.5,TIME,30.0,96.25
1785510900,2026-07-31,1,38.61666666666667,0.0909090909090909,5.452263079088523,VIOLENT-WHIPSAW,US,22.75,38.61666666666667,77.23333333333333,28307.0,28267.75,-39.25,-80.0,STOP,0.5,3.25
1785511500,2026-07-31,-1,38.68333333333333,0.326007326007326,-1.8851589771761792,BUILDING,US,-89.0,38.68333333333333,77.36666666666666,28176.25,28215.25,-39.0,-79.5,STOP,11.1,60.75
1785517260,2026-07-31,1,19.5,0.4496402877697841,2.107072931284048,CLEAN-TREND,US,62.5,19.5,39.0,28405.25,28385.5,-19.75,-41.0,STOP,4.8,72.5
1785519480,2026-07-31,1,16.333333333333332,0.4285714285714285,2.341444160294758,CLEAN-TREND,US,51.75,16.333333333333332,32.666666666666664,28478.75,28462.0,-16.75,-35.0,STOP,0.8,0.25
1785523260,2026-07-31,1,12.516666666666667,0.1709401709401709,1.792864568756297,NORMAL-CHOP,US,10.0,12.516666666666667,25.033333333333335,28429.75,28454.78,25.03,48.57,TARGET,8.3,32.0
1785526080,2026-07-31,1,13.816666666666666,0.3793103448275862,1.5201799432210563,BUILDING,US,38.5,13.816666666666666,27.633333333333333,28474.0,28459.75,-14.25,-30.0,STOP,1.1,50.5
1785526560,2026-07-31,-1,14.533333333333331,0.1810089020771513,-2.849121644453482,NORMAL-CHOP,US,-15.25,14.533333333333331,29.066666666666663,28470.0,28440.93,29.07,56.63,TARGET,4.2,129.5
1785527400,2026-07-31,1,18.33333333333333,0.1620795107033639,3.2707358820722443,VIOLENT-WHIPSAW,US,26.5,18.33333333333333,36.66666666666666,28491.5,28472.75,-18.75,-39.0,STOP,4.0,33.0
1785527940,2026-07-31,-1,27.33333333333333,0.3083743842364532,-6.919239298179798,BUILDING,US,-78.25,27.33333333333333,54.66666666666666,28402.25,28430.25,-28.0,-57.5,STOP,0.2,61.75
1785528120,2026-07-31,-1,30.33333333333333,0.4610673665791776,-1.693710288108064,CLEAN-TREND,OVERNIGHT,-131.75,30.33333333333333,60.66666666666666,28353.5,28384.25,-30.75,-63.0,STOP,5.5,9.5
1785531180,2026-07-31,-1,10.383333333333333,0.7880794701986755,-2.424595689240688,BUILDING,OVERNIGHT,-59.5,10.383333333333333,20.766666666666666,28336.75,28347.5,-10.75,-23.0,STOP,0.0,70.75
1785717180,2026-08-03,-1,19.716666666666665,0.2165725047080979,-1.8338902039796032,BUILDING,OVERNIGHT,-28.75,19.716666666666665,39.43333333333333,28575.5,28595.5,-20.0,-41.5,STOP,2.7,8.25
1785719100,2026-08-03,1,15.233333333333333,0.0865384615384615,2.3999930169230552,NORMAL-CHOP,OVERNIGHT,9.0,15.233333333333333,30.466666666666665,28628.0,28612.5,-15.5,-32.5,STOP,1.8,3.5
1785719580,2026-08-03,-1,15.166666666666666,0.2850241545893719,-3.3339961700926035,BUILDING,OVERNIGHT,-29.5,15.166666666666666,30.333333333333332,28585.75,28601.25,-15.5,-32.5,STOP,11.8,21.75
1785722280,2026-08-03,1,10.55,0.335423197492163,5.0912129836728495,BUILDING,OVERNIGHT,26.75,10.55,21.1,28647.25,28636.25,-11.0,-23.5,STOP,1.6,33.5
1785727800,2026-08-03,-1,8.416666666666666,0.2032520325203252,-1.5402804330100708,BUILDING,OVERNIGHT,-12.5,8.416666666666666,16.833333333333332,28645.75,28654.5,-8.75,-19.0,STOP,1.5,2.0
1785729000,2026-08-03,1,7.9,0.6814159292035398,8.522105087630996,BUILDING,OVERNIGHT,38.5,7.9,15.8,28693.25,28685.0,-8.25,-18.0,STOP,0.3,5.0
1785729420,2026-08-03,1,9.033333333333331,0.1094339622641509,1.6992151662265047,DEAD-CHOP,OVERNIGHT,7.25,9.033333333333331,18.066666666666663,28677.75,28668.25,-9.5,-20.5,STOP,1.3,9.75
1785732900,2026-08-03,-1,7.45,0.3063063063063063,-2.8179569942708893,BUILDING,OVERNIGHT,-17.0,7.45,14.9,28653.5,28662.0,-8.5,-18.5,STOP,4.7,31.0
1785733500,2026-08-03,-1,8.983333333333333,0.4983498349834983,-2.90366447030504,BUILDING,OVERNIGHT,-37.75,8.983333333333333,17.966666666666665,28638.0,28647.25,-9.25,-20.0,STOP,5.5,15.5
1785734760,2026-08-03,-1,8.233333333333333,0.1948051948051948,-2.036931098987338,DEAD-CHOP,OVERNIGHT,-11.25,8.233333333333333,16.466666666666665,28645.0,28628.53,16.47,31.43,TARGET,8.2,27.5
1785736440,2026-08-03,-1,7.8,0.5403726708074534,-1.7111214299985982,BUILDING,OVERNIGHT,-21.75,7.8,15.6,28621.75,28630.0,-8.25,-18.0,STOP,0.5,0.75
1785736800,2026-08-03,1,8.183333333333334,0.1948051948051948,2.4126333863227454,DEAD-CHOP,OVERNIGHT,11.25,8.183333333333334,16.366666666666667,28646.0,28637.25,-8.75,-19.0,STOP,0.4,15.25
1785737400,2026-08-03,1,10.25,0.3458646616541353,1.9278627522420428,BUILDING,OVERNIGHT,23.0,10.25,20.5,28654.25,28643.5,-10.75,-23.0,STOP,3.9,7.0
1785738000,2026-08-03,-1,9.833333333333334,0.256198347107438,-1.585456800604382,BUILDING,OVERNIGHT,-15.5,9.833333333333334,19.666666666666668,28637.5,28617.83,19.67,37.83,TARGET,8.3,45.75
1785739140,2026-08-03,-1,8.866666666666667,0.1622641509433962,-5.209377865050756,DEAD-CHOP,OVERNIGHT,-10.75,8.866666666666667,17.733333333333334,28621.0,28603.27,17.73,33.97,TARGET,8.4,58.25
1785740100,2026-08-03,-1,9.433333333333334,0.4609375,-1.9575325348914627,BUILDING,OVERNIGHT,-29.5,9.433333333333334,18.866666666666667,28585.75,28595.5,-9.75,-21.0,STOP,1.7,23.0
1785740520,2026-08-03,-1,11.9,0.4018126888217522,-1.834637120822158,BUILDING,PRE-OPEN,-33.25,11.9,23.8,28580.0,28592.25,-12.25,-26.0,STOP,1.5,11.0
1785743460,2026-08-03,-1,10.366666666666667,0.2519685039370078,-2.170374885428467,BUILDING,PRE-OPEN,-16.0,10.366666666666667,20.733333333333334,28571.75,28582.75,-11.0,-23.5,STOP,5.6,70.75
1785744180,2026-08-03,-1,12.4,0.3854748603351955,-3.549360784445037,BUILDING,PRE-OPEN,-34.5,12.4,24.8,28539.25,28552.0,-12.75,-27.0,STOP,6.4,67.25
1785745080,2026-08-03,-1,14.85,0.1578947368421052,-1.8593962006034488,NORMAL-CHOP,PRE-OPEN,-18.75,14.85,29.7,28519.75,28490.05,29.7,57.9,TARGET,5.0,47.75
1785745800,2026-08-03,-1,14.533333333333331,0.6983758700696056,-1.741873918524022,CLEAN-TREND,PRE-OPEN,-75.25,14.533333333333331,29.066666666666663,28475.5,28490.5,-15.0,-31.5,STOP,0.6,3.25
1785749820,2026-08-03,-1,12.233333333333333,0.2072538860103626,-2.1167011503112514,BUILDING,PRE-OPEN,-20.0,12.233333333333333,24.466666666666665,28550.0,28525.53,24.47,47.43,TARGET,14.6,29.5
1785752760,2026-08-03,-1,14.5,0.2394957983193277,-1.5237027945793546,BUILDING,PRE-OPEN,-28.5,14.5,29.0,28506.75,28521.5,-14.75,-31.0,STOP,8.0,16.75
1785754800,2026-08-03,-1,12.383333333333333,0.1518987341772152,-6.539891665468391,NORMAL-CHOP,PRE-OPEN,-12.0,12.383333333333333,24.766666666666666,28512.25,28487.48,24.77,48.03,TARGET,2.1,45.75
1785755220,2026-08-03,-1,15.983333333333333,0.3762183235867446,-2.0571018512874137,BUILDING,PRE-OPEN,-48.25,15.983333333333333,31.966666666666665,28477.25,28493.5,-16.25,-34.0,STOP,8.2,10.5
1785756360,2026-08-03,1,14.1,0.1352785145888594,1.538801818826084,NORMAL-CHOP,PRE-OPEN,12.75,14.1,28.2,28492.75,28478.0,-14.75,-31.0,STOP,0.5,20.75
1785757080,2026-08-03,-1,16.183333333333334,0.1875,-2.1174223194290698,VIOLENT-WHIPSAW,PRE-OPEN,-28.5,16.183333333333334,32.36666666666667,28464.5,28432.13,32.37,63.23,TARGET,12.3,81.75
1785758760,2026-08-03,-1,13.316666666666666,0.5629139072847682,-1.5440836897632095,CLEAN-TREND,PRE-OPEN,-42.5,13.316666666666666,26.633333333333333,28385.25,28399.25,-14.0,-29.5,STOP,1.0,1.25
1785759660,2026-08-03,1,13.683333333333334,0.5853131749460043,3.2770817182171856,CLEAN-TREND,PRE-OPEN,67.75,13.683333333333334,27.366666666666667,28453.75,28439.75,-14.0,-29.5,STOP,1.6,37.75
1785760860,2026-08-03,1,13.95,0.2528735632183908,1.7349360558181035,BUILDING,PRE-OPEN,22.0,13.95,27.9,28461.25,28489.15,27.9,54.3,TARGET,3.2,30.25
1785761760,2026-08-03,1,12.483333333333333,0.1002710027100271,2.524917358781589,NORMAL-CHOP,PRE-OPEN,9.25,12.483333333333333,24.966666666666665,28469.25,28456.5,-12.75,-27.0,STOP,1.0,27.25
1785762240,2026-08-03,1,14.1,0.0777479892761394,1.5101817289559374,NORMAL-CHOP,PRE-OPEN,7.25,14.1,28.2,28467.0,28452.5,-14.5,-30.5,STOP,6.2,29.5
1785762960,2026-08-03,1,14.333333333333334,0.1376975169300225,1.9520089180864588,NORMAL-CHOP,PRE-OPEN,15.25,14.333333333333334,28.666666666666668,28473.0,28458.25,-14.75,-31.0,STOP,8.0,67.25
1785763620,2026-08-03,-1,17.766666666666666,0.2840722495894909,-4.575162196517118,BUILDING,PRE-OPEN,-43.25,17.766666666666666,35.53333333333333,28412.25,28430.75,-18.5,-38.5,STOP,2.0,99.25
1785763860,2026-08-03,-1,25.933333333333334,0.592814371257485,-6.290221935521773,CLEAN-TREND,US,-123.75,25.933333333333334,51.86666666666667,28349.75,28376.0,-26.25,-54.0,STOP,2.0,36.75
1785764280,2026-08-03,1,44.8,0.1033434650455927,1.5810590458867515,VIOLENT-WHIPSAW,US,34.0,44.8,89.6,28502.0,28456.75,-45.25,-92.0,STOP,1.3,128.0
1785764640,2026-08-03,1,56.16666666666666,0.2018654230512991,2.277421943994657,BUILDING,US,75.75,56.16666666666666,112.33333333333331,28491.5,28603.83,112.33,223.17,TARGET,13.7,138.5
1785766440,2026-08-03,-1,35.733333333333334,0.2775842044134727,-1.538052785737849,BUILDING,US,-59.75,35.733333333333334,71.46666666666667,28570.0,28606.0,-36.0,-73.5,STOP,1.4,14.5
1785766680,2026-08-03,1,32.71666666666667,0.3042452830188679,2.4736853620150048,BUILDING,US,64.5,32.71666666666667,65.43333333333334,28630.0,28695.43,65.43,129.37,TARGET,16.8,114.5
1785767760,2026-08-03,1,20.53333333333333,0.5483870967741935,1.951728901046059,CLEAN-TREND,US,59.5,20.53333333333333,41.06666666666666,28709.0,28750.07,41.07,80.63,TARGET,14.0,96.0
1785772380,2026-08-03,1,14.066666666666666,0.6826568265682657,5.062294863661012,CLEAN-TREND,US,46.25,14.066666666666666,28.133333333333333,28807.25,28792.75,-14.5,-30.5,STOP,2.6,40.25
1785773040,2026-08-03,1,13.516666666666667,0.3235294117647059,1.8175351196069007,BUILDING,US,22.0,13.516666666666667,27.033333333333335,28807.25,28834.28,27.03,52.57,TARGET,12.8,40.25
1785776400,2026-08-03,-1,10.066666666666666,0.2229729729729729,-1.73507694872981,BUILDING,US,-16.5,10.066666666666666,20.133333333333333,28815.25,28825.75,-10.5,-22.5,STOP,0.5,0.25
1785777000,2026-08-03,1,10.45,0.392156862745098,3.756857441100879,BUILDING,US,30.0,10.45,20.9,28852.75,28873.65,20.9,40.3,TARGET,11.5,42.25
1785778020,2026-08-03,1,8.666666666666666,0.4444444444444444,1.5461479468229111,BUILDING,US,24.0,8.666666666666666,17.333333333333332,28881.75,28899.08,17.33,33.17,TARGET,19.7,37.75
1785779700,2026-08-03,1,7.2,0.7055214723926381,2.222183447874187,BUILDING,US,28.75,7.2,14.4,28910.0,28924.4,14.4,27.3,TARGET,4.1,55.0
1785780240,2026-08-03,1,8.183333333333334,0.9728506787330315,2.4606211500965927,BUILDING,US,53.75,8.183333333333334,16.366666666666667,28946.0,28962.37,16.37,31.23,TARGET,5.7,19.0
1785780900,2026-08-03,1,11.466666666666669,0.3191489361702128,2.766453563542405,BUILDING,US,26.25,11.466666666666669,22.933333333333337,28950.5,28938.75,-11.75,-25.0,STOP,2.4,9.0
1785781620,2026-08-03,-1,11.516666666666667,0.4858934169278996,-1.9299467522775895,BUILDING,US,-38.75,11.516666666666667,23.033333333333335,28902.75,28914.75,-12.0,-25.5,STOP,17.0,20.5
1785783180,2026-08-03,1,12.2,0.2588555858310626,1.5609055663892937,BUILDING,US,23.75,12.2,24.4,28921.25,28908.75,-12.5,-26.5,STOP,2.7,22.5
1785787200,2026-08-03,-1,16.633333333333333,0.3,-1.7114505658260573,BUILDING,OVERNIGHT,-33.0,16.633333333333333,33.266666666666666,28880.5,28897.5,-17.0,-35.5,STOP,4.0,2.75
1785796800,2026-08-03,1,8.066666666666666,0.316017316017316,2.3042845651835964,BUILDING,OVERNIGHT,18.25,8.066666666666666,16.133333333333333,28961.25,28952.75,-8.5,-18.5,STOP,4.2,0.75
1785798360,2026-08-03,-1,6.65,0.2356020942408377,-2.788076902877848,BUILDING,OVERNIGHT,-11.25,6.65,13.3,28932.0,28939.0,-7.0,-15.5,STOP,3.3,1.5
1785799560,2026-08-03,1,6.366666666666666,0.1703703703703703,2.8151090085194395,DEAD-CHOP,OVERNIGHT,5.75,6.366666666666666,12.733333333333333,28946.5,28959.23,12.73,23.97,TARGET,7.6,18.25
1785800280,2026-08-03,-1,6.8,0.282258064516129,-1.67066289542177,BUILDING,OVERNIGHT,-17.5,6.8,13.6,28935.0,28942.25,-7.25,-16.0,STOP,2.2,3.0
1785800820,2026-08-03,1,7.783333333333333,0.0875912408759124,4.84367414630177,DEAD-CHOP,OVERNIGHT,6.0,7.783333333333333,15.566666666666666,28959.5,28951.25,-8.25,-18.0,STOP,3.7,19.5
1785801360,2026-08-03,1,8.083333333333334,0.3131313131313131,1.7153892508212618,BUILDING,OVERNIGHT,15.5,8.083333333333334,16.166666666666668,28959.0,28950.5,-8.5,-18.5,STOP,3.4,20.0
1785801660,2026-08-04,1,10.45,0.1159420289855072,2.088961323239184,NORMAL-CHOP,OVERNIGHT,8.0,10.45,20.9,28965.5,28954.75,-10.75,-23.0,STOP,5.2,13.5
1785802320,2026-08-04,-1,15.166666666666666,0.2535885167464115,-6.825135935116659,BUILDING,OVERNIGHT,-26.5,15.166666666666666,30.333333333333332,28931.5,28901.17,30.33,59.17,TARGET,10.5,67.5
1785803400,2026-08-04,-1,12.483333333333333,0.1651651651651651,-1.5298347239523251,NORMAL-CHOP,OVERNIGHT,-13.75,12.483333333333333,24.966666666666665,28896.5,28871.53,24.97,48.43,TARGET,10.8,43.75
1785804120,2026-08-04,-1,12.583333333333334,0.4858934169278996,-1.7024159226857654,CLEAN-TREND,OVERNIGHT,-38.75,12.583333333333334,25.166666666666668,28869.25,28882.25,-13.0,-27.5,STOP,0.5,37.75
1785805200,2026-08-04,-1,15.1,0.2085308056872037,-2.430086453334482,BUILDING,OVERNIGHT,-22.0,15.1,30.2,28855.75,28871.25,-15.5,-32.5,STOP,1.4,24.25
1785806400,2026-08-04,1,14.85,0.2391304347826087,2.134861233949013,BUILDING,OVERNIGHT,27.5,14.85,29.7,28888.25,28873.0,-15.25,-32.0,STOP,5.2,85.25
1785807000,2026-08-04,1,13.3,0.455,1.6293150045995226,CLEAN-TREND,OVERNIGHT,45.5,13.3,26.6,28917.5,28944.1,26.6,51.7,TARGET,14.1,131.75
1785808260,2026-08-04,1,13.65,0.7303822937625755,6.242982737251691,CLEAN-TREND,OVERNIGHT,90.75,13.65,27.3,29011.75,29039.05,27.3,53.1,TARGET,2.5,37.5
1785810060,2026-08-04,-1,14.766666666666667,0.4716981132075472,-2.2818119576801785,CLEAN-TREND,OVERNIGHT,-50.0,14.766666666666667,29.533333333333335,28947.75,28963.0,-15.25,-32.0,STOP,1.6,4.25
1785813060,2026-08-04,-1,13.433333333333334,0.4146341463414634,-1.864183649772636,CLEAN-TREND,OVERNIGHT,-46.75,13.433333333333334,26.866666666666667,28937.0,28950.75,-13.75,-29.0,STOP,4.4,7.0
1785814320,2026-08-04,1,11.7,0.7298850574712644,1.786971994805762,BUILDING,OVERNIGHT,63.5,11.7,23.4,29000.5,28988.5,-12.0,-25.5,STOP,3.3,7.5
1785815160,2026-08-04,-1,11.683333333333334,0.1011904761904761,-1.5417735824884735,NORMAL-CHOP,OVERNIGHT,-8.5,11.683333333333334,23.366666666666667,28976.5,28988.5,-12.0,-25.5,STOP,3.5,8.0
1785815880,2026-08-04,1,9.766666666666667,0.6014234875444839,3.969280544736385,BUILDING,OVERNIGHT,42.25,9.766666666666667,19.533333333333335,29004.5,28994.0,-10.5,-22.5,STOP,0.4,12.25
1785816720,2026-08-04,-1,10.183333333333334,0.2571428571428571,-1.811504856215828,BUILDING,OVERNIGHT,-22.5,10.183333333333334,20.366666666666667,28971.25,28981.75,-10.5,-22.5,STOP,2.3,2.75
1785818160,2026-08-04,-1,6.033333333333333,0.0833333333333333,-2.7744613702802843,DEAD-CHOP,OVERNIGHT,-3.5,6.033333333333333,12.066666666666666,28997.5,29004.0,-6.5,-14.5,STOP,2.5,4.5
1785820200,2026-08-04,-1,10.5,0.3251533742331288,-1.619003798759126,BUILDING,OVERNIGHT,-26.5,10.5,21.0,28993.5,29004.25,-10.75,-23.0,STOP,9.0,15.0
1785821340,2026-08-04,1,10.033333333333331,0.5523465703971119,4.599920587300738,BUILDING,OVERNIGHT,38.25,10.033333333333331,20.066666666666663,29026.25,29046.32,20.07,38.63,TARGET,5.2,48.5
1785824580,2026-08-04,1,6.883333333333334,0.1046511627906976,1.692061403417027,DEAD-CHOP,OVERNIGHT,4.5,6.883333333333334,13.766666666666667,29084.25,29098.02,13.77,26.03,TARGET,2.4,14.75
1785833100,2026-08-04,-1,11.383333333333333,0.5411764705882353,-4.0408106371325845,BUILDING,PRE-OPEN,-46.0,11.383333333333333,22.766666666666666,29054.75,29066.5,-11.75,-25.0,STOP,2.9,42.75
1785834360,2026-08-04,-1,10.116666666666667,0.3422818791946309,-3.101094444854415,BUILDING,PRE-OPEN,-25.5,10.116666666666667,20.233333333333334,29035.5,29015.27,20.23,38.97,TARGET,6.6,28.0
1785836220,2026-08-04,1,8.633333333333333,0.6774193548387096,1.7306732078960918,BUILDING,PRE-OPEN,31.5,8.633333333333333,17.266666666666666,29053.5,29070.77,17.27,33.03,TARGET,2.1,40.75
1785836760,2026-08-04,1,9.6,0.2084805653710247,1.507207047090611,BUILDING,PRE-OPEN,14.75,9.6,19.2,29063.75,29082.95,19.2,36.9,TARGET,2.6,48.25
1785838080,2026-08-04,1,8.55,0.5904761904761905,2.2083519499252664,BUILDING,PRE-OPEN,31.0,8.55,17.1,29092.75,29109.85,17.1,32.7,TARGET,3.2,23.0
1785839760,2026-08-04,-1,9.483333333333333,0.395017793594306,-6.120737568457025,BUILDING,PRE-OPEN,-27.75,9.483333333333333,18.966666666666665,29080.0,29089.75,-9.75,-21.0,STOP,0.6,6.5
1785840240,2026-08-04,1,13.633333333333333,0.2179487179487179,8.864979306726724,BUILDING,PRE-OPEN,25.5,13.633333333333333,27.266666666666666,29121.75,29107.75,-14.0,-29.5,STOP,12.2,27.75
1785842460,2026-08-04,1,9.75,0.4,1.645047305085445,BUILDING,PRE-OPEN,27.0,9.75,19.5,29164.0,29154.0,-10.0,-21.5,STOP,1.6,73.0
1785843780,2026-08-04,1,11.883333333333333,0.2623376623376623,10.7960184960225,BUILDING,PRE-OPEN,25.25,11.883333333333333,23.766666666666666,29194.75,29182.5,-12.25,-26.0,STOP,0.1,51.25
1785848520,2026-08-04,1,11.683333333333334,0.2597864768683274,3.49429423323744,BUILDING,PRE-OPEN,18.25,11.683333333333334,23.366666666666667,29220.5,29243.87,23.37,45.23,TARGET,17.7,118.75
1785850260,2026-08-04,1,25.066666666666663,0.3851851851851852,1.9582661907769428,BUILDING,US,78.0,25.066666666666663,50.133333333333326,29313.25,29363.38,50.13,98.77,TARGET,1.8,191.25
1785850500,2026-08-04,1,28.416666666666668,0.5514018691588785,1.5039246986192571,CLEAN-TREND,US,132.75,28.416666666666668,56.833333333333336,29403.75,29375.0,-28.75,-59.0,STOP,1.1,115.5
1785850680,2026-08-04,1,31.6,0.4120982986767486,2.145114071571146,CLEAN-TREND,US,109.0,31.6,63.2,29362.25,29425.45,63.2,124.9,TARGET,2.2,170.75
1785851100,2026-08-04,1,35.31666666666667,0.4871794871794871,6.51261991532138,CLEAN-TREND,US,152.0,35.31666666666667,70.63333333333334,29453.5,29524.13,70.63,139.77,TARGET,21.3,92.75
1785852480,2026-08-04,1,28.08333333333333,0.227931488801054,1.9586045538358725,BUILDING,US,43.25,28.08333333333333,56.16666666666666,29530.75,29502.25,-28.5,-58.5,STOP,10.6,48.5
1785853500,2026-08-04,1,23.53333333333333,0.0890756302521008,2.408988004703435,VIOLENT-WHIPSAW,US,13.25,23.53333333333333,47.06666666666666,29535.0,29531.75,-3.25,-8.0,TIME,30.0,44.25
1785855720,2026-08-04,1,16.933333333333334,0.2180094786729857,2.189292985537942,BUILDING,US,23.0,16.933333333333334,33.86666666666667,29578.25,29612.12,33.87,66.23,TARGET,9.8,86.25
1785857880,2026-08-04,1,13.733333333333333,0.1471321695760598,5.9472438781736825,NORMAL-CHOP,US,14.75,13.733333333333333,27.466666666666665,29672.5,29658.5,-14.0,-29.5,STOP,3.1,27.0
1785859860,2026-08-04,-1,9.783333333333331,0.1705426356589147,-1.818676204546736,DEAD-CHOP,US,-11.0,9.783333333333331,19.566666666666663,29665.5,29675.75,-10.25,-22.0,STOP,0.9,4.75
1785861120,2026-08-04,1,8.933333333333334,0.5377358490566038,1.572644762470433,BUILDING,US,28.5,8.933333333333334,17.866666666666667,29717.25,29708.0,-9.25,-20.0,STOP,5.7,56.0
1785862800,2026-08-04,1,9.4,0.4307116104868914,2.7492480958973324,BUILDING,US,28.75,9.4,18.8,29761.5,29780.3,18.8,36.1,TARGET,3.5,64.5
1785863100,2026-08-04,1,10.816666666666666,0.4807692307692308,1.7375196885238349,BUILDING,US,37.5,10.816666666666666,21.633333333333333,29775.0,29796.63,21.63,41.77,TARGET,5.8,51.0
1785864360,2026-08-04,1,11.8,0.2923076923076923,2.86976626109459,BUILDING,US,23.75,11.8,23.6,29817.5,29805.25,-12.25,-26.0,STOP,3.5,80.75
1785866400,2026-08-04,-1,17.033333333333335,0.4684512428298279,-4.495849561544723,CLEAN-TREND,US,-61.25,17.033333333333335,34.06666666666667,29819.25,29836.75,-17.5,-36.5,STOP,0.6,9.25
1785866640,2026-08-04,-1,19.35,0.3905053598774885,-1.6506677233070646,BUILDING,US,-63.75,19.35,38.7,29818.0,29837.75,-19.75,-41.0,STOP,2.1,8.0
1785867240,2026-08-04,1,20.05,0.1597845601436265,1.7596851657323478,VIOLENT-WHIPSAW,US,22.25,20.05,40.1,29860.25,29839.75,-20.5,-42.5,STOP,28.5,32.75
1785870000,2026-08-04,1,11.35,0.403076923076923,2.528805153696215,BUILDING,US,32.75,11.35,22.7,29902.25,29924.95,22.7,43.9,TARGET,2.3,43.5
1785871680,2026-08-04,-1,11.85,0.445859872611465,-2.4386814043156533,BUILDING,US,-35.0,11.85,23.7,29893.25,29905.5,-12.25,-26.0,STOP,2.6,42.0
1785872640,2026-08-04,1,12.15,0.7546468401486989,1.930233984081408,BUILDING,US,50.75,12.15,24.3,29949.5,29937.0,-12.5,-26.5,STOP,0.5,7.0
1785872760,2026-08-04,1,12.183333333333334,0.4672131147540984,1.6598555104417183,BUILDING,US,28.5,12.183333333333334,24.366666666666667,29942.5,29930.0,-12.5,-26.5,STOP,0.3,7.0
1785873240,2026-08-04,-1,15.983333333333333,0.447191011235955,-3.538560647437425,CLEAN-TREND,US,-49.75,15.983333333333333,31.966666666666665,29871.5,29887.75,-16.25,-34.0,STOP,4.1,113.75
1785874500,2026-08-04,-1,27.466666666666665,0.152963671128107,-2.43330237748376,VIOLENT-WHIPSAW,OVERNIGHT,-40.0,27.466666666666665,54.93333333333333,29821.25,29766.32,54.93,108.37,TARGET,0.6,63.5
1785875820,2026-08-04,-1,21.566666666666663,0.2591362126245847,-1.5477200450964217,BUILDING,OVERNIGHT,-39.0,21.566666666666663,43.133333333333326,29773.0,29795.25,-22.25,-46.0,STOP,2.8,8.5
1785883380,2026-08-04,-1,9.15,0.528957528957529,-4.11860859492878,BUILDING,OVERNIGHT,-34.25,9.15,18.3,29796.25,29805.75,-9.5,-20.5,STOP,1.8,3.25
1785884280,2026-08-04,1,7.716666666666667,0.4172661870503597,1.8723449884157275,BUILDING,OVERNIGHT,29.0,7.716666666666667,15.433333333333334,29824.75,29816.75,-8.0,-17.5,STOP,1.5,24.5
1785884580,2026-08-04,1,8.683333333333334,0.3828125,2.547604264575897,BUILDING,OVERNIGHT,24.5,8.683333333333334,17.366666666666667,29828.25,29845.62,17.37,33.23,TARGET,1.0,21.0
1785885840,2026-08-04,-1,6.166666666666667,0.2923076923076923,-2.53614763513589,BUILDING,OVERNIGHT,-9.5,6.166666666666667,12.333333333333334,29828.75,29816.42,12.33,23.17,TARGET,1.4,26.0
1785886380,2026-08-04,-1,8.433333333333334,0.4509803921568627,-2.1924012675293123,BUILDING,OVERNIGHT,-28.75,8.433333333333334,16.866666666666667,29816.5,29825.25,-8.75,-19.0,STOP,6.8,13.75
1785887940,2026-08-04,-1,13.166666666666666,0.0623655913978494,-2.2091737777467384,NORMAL-CHOP,OVERNIGHT,-7.25,13.166666666666666,26.333333333333332,29835.0,29848.5,-13.5,-28.5,STOP,1.9,16.25
1785888360,2026-08-05,1,17.033333333333335,0.1132075471698113,3.954566675035714,VIOLENT-WHIPSAW,OVERNIGHT,15.0,17.033333333333335,34.06666666666667,29861.0,29843.5,-17.5,-36.5,STOP,1.6,16.5
1785890880,2026-08-05,-1,11.383333333333333,0.6796875,-4.588915875193351,BUILDING,OVERNIGHT,-43.5,11.383333333333333,22.766666666666666,29824.25,29836.0,-11.75,-25.0,STOP,2.6,19.5
1785892620,2026-08-05,-1,12.216666666666669,0.1266149870801033,-3.34158398489276,NORMAL-CHOP,OVERNIGHT,-12.25,12.216666666666669,24.433333333333337,29816.0,29828.5,-12.5,-26.5,STOP,0.8,19.25
1785893160,2026-08-05,-1,12.783333333333331,0.5238095238095238,-3.2391627979823583,CLEAN-TREND,OVERNIGHT,-52.25,12.783333333333331,25.566666666666663,29806.5,29819.75,-13.25,-28.0,STOP,2.5,6.5
1785895020,2026-08-05,1,9.9,0.4710144927536231,3.206064371852213,BUILDING,OVERNIGHT,32.5,9.9,19.8,29875.5,29865.25,-10.25,-22.0,STOP,0.8,13.5
1785895200,2026-08-05,1,9.466666666666669,0.4262948207171315,2.956129357074212,BUILDING,OVERNIGHT,26.75,9.466666666666669,18.933333333333337,29881.0,29871.25,-9.75,-21.0,STOP,3.9,8.0
1785896760,2026-08-05,-1,6.7,0.5947712418300654,-2.9468820780020124,BUILDING,OVERNIGHT,-22.75,6.7,13.4,29853.5,29860.5,-7.0,-15.5,STOP,7.9,11.25
1785900540,2026-08-05,-1,7.183333333333334,0.3391304347826087,-1.6212447188848558,BUILDING,OVERNIGHT,-19.5,7.183333333333334,14.366666666666667,29864.5,29872.0,-7.5,-16.5,STOP,5.7,6.0
1785901200,2026-08-05,1,6.716666666666667,0.2268041237113402,1.9502534735150925,BUILDING,OVERNIGHT,11.0,6.716666666666667,13.433333333333334,29887.25,29880.25,-7.0,-15.5,STOP,7.5,10.25
1785902880,2026-08-05,1,4.95,0.237410071942446,1.7409815256591537,BUILDING,OVERNIGHT,8.25,4.95,9.9,29896.5,29891.25,-5.25,-12.0,STOP,1.3,1.75
1785904320,2026-08-05,1,6.666666666666667,0.1603053435114503,1.6435999395468734,DEAD-CHOP,OVERNIGHT,10.5,6.666666666666667,13.333333333333334,29888.5,29901.83,13.33,25.17,TARGET,7.2,36.0
1785905820,2026-08-05,1,6.816666666666666,0.1595744680851064,1.697883404872119,DEAD-CHOP,OVERNIGHT,7.5,6.816666666666666,13.633333333333333,29913.5,29906.25,-7.25,-16.0,STOP,1.4,35.5
1785906360,2026-08-05,1,8.683333333333334,0.5753424657534246,3.4451216484383624,BUILDING,OVERNIGHT,42.0,8.683333333333334,17.366666666666667,29931.75,29922.75,-9.0,-19.5,STOP,23.2,17.25
1785909060,2026-08-05,1,6.75,0.7345971563981043,7.146498375331697,BUILDING,OVERNIGHT,38.75,6.75,13.5,29965.25,29978.75,13.5,25.5,TARGET,2.9,25.5
1785911580,2026-08-05,-1,10.966666666666669,0.1008174386920981,-1.5419615929369146,NORMAL-CHOP,OVERNIGHT,-9.25,10.966666666666669,21.933333333333337,29962.5,29940.57,21.93,42.37,TARGET,9.9,28.5
1785913320,2026-08-05,1,9.783333333333331,0.6915422885572139,1.595821343854848,BUILDING,PRE-OPEN,34.75,9.783333333333331,19.566666666666663,29981.75,29971.5,-10.25,-22.0,STOP,1.2,4.0
1785914640,2026-08-05,-1,9.966666666666669,0.4564459930313589,-3.4757381782935304,BUILDING,PRE-OPEN,-32.75,9.966666666666669,19.933333333333337,29929.5,29909.57,19.93,38.37,TARGET,3.3,45.5
1785915300,2026-08-05,-1,11.683333333333334,0.5287958115183246,-1.6387005921439886,BUILDING,PRE-OPEN,-50.5,11.683333333333334,23.366666666666667,29887.5,29899.5,-12.0,-25.5,STOP,0.8,3.5
1785916800,2026-08-05,1,10.2,0.2476489028213166,1.8697294014051489,BUILDING,PRE-OPEN,19.75,10.2,20.4,29909.0,29898.5,-10.5,-22.5,STOP,0.7,17.0
1785917400,2026-08-05,-1,11.983333333333333,0.1625,-4.6383165308359855,NORMAL-CHOP,PRE-OPEN,-13.0,11.983333333333333,23.966666666666665,29881.75,29857.78,23.97,46.43,TARGET,3.5,80.25
1785918900,2026-08-05,-1,15.216666666666669,0.1207920792079207,-2.044360785103976,NORMAL-CHOP,PRE-OPEN,-15.25,15.216666666666669,30.433333333333337,29839.75,29809.32,30.43,59.37,TARGET,2.9,43.0
1785919260,2026-08-05,-1,15.583333333333334,0.1146245059288537,-3.1507880941058573,VIOLENT-WHIPSAW,PRE-OPEN,-14.5,15.583333333333334,31.166666666666668,29814.25,29830.25,-16.0,-33.5,STOP,5.8,17.5
1785923340,2026-08-05,-1,10.166666666666666,0.3121693121693121,-1.7300636177591788,BUILDING,PRE-OPEN,-14.75,10.166666666666666,20.333333333333332,29856.75,29867.25,-10.5,-22.5,STOP,2.2,23.75
1785925560,2026-08-05,1,7.683333333333334,0.6455696202531646,2.088561354409701,BUILDING,PRE-OPEN,25.5,7.683333333333334,15.366666666666667,29862.5,29854.25,-8.25,-18.0,STOP,1.9,9.5
1785927600,2026-08-05,1,10.966666666666669,0.485254691689008,8.860896827896724,BUILDING,PRE-OPEN,45.25,10.966666666666669,21.933333333333337,29884.0,29905.93,21.93,42.37,TARGET,4.6,39.25
1785929400,2026-08-05,-1,9.433333333333334,0.1328125,-1.6565262820968802,DEAD-CHOP,PRE-OPEN,-8.5,9.433333333333334,18.866666666666667,29897.75,29907.5,-9.75,-21.0,STOP,0.4,2.0
1785929580,2026-08-05,1,10.333333333333334,0.243076923076923,3.186510525982626,BUILDING,PRE-OPEN,19.75,10.333333333333334,20.666666666666668,29923.0,29912.25,-10.75,-23.0,STOP,11.0,20.75
1785930480,2026-08-05,1,10.383333333333333,0.1085271317829457,1.6132065917626572,NORMAL-CHOP,PRE-OPEN,7.0,10.383333333333333,20.766666666666666,29930.75,29919.75,-11.0,-23.5,STOP,4.0,13.0
1785931440,2026-08-05,-1,11.366666666666667,0.3576642335766423,-2.5167957808261527,BUILDING,PRE-OPEN,-36.75,11.366666666666667,22.733333333333334,29902.75,29914.5,-11.75,-25.0,STOP,5.9,14.25
1785932520,2026-08-05,1,14.0,0.1661807580174927,4.524433518458559,NORMAL-CHOP,PRE-OPEN,14.25,14.0,28.0,29912.5,29940.5,28.0,54.5,TARGET,7.1,34.5
1785933120,2026-08-05,-1,14.783333333333331,0.0727650727650727,-3.473561157087596,NORMAL-CHOP,PRE-OPEN,-8.75,14.783333333333331,29.566666666666663,29898.75,29914.0,-15.25,-32.0,STOP,1.7,3.0
1785935100,2026-08-05,1,9.783333333333331,0.0833333333333333,2.969205963425832,DEAD-CHOP,PRE-OPEN,7.5,9.783333333333331,19.566666666666663,29946.25,29936.0,-10.25,-22.0,STOP,1.8,76.75
1785936060,2026-08-05,-1,9.9,0.5736434108527132,-2.411625858826992,BUILDING,PRE-OPEN,-37.0,9.9,19.8,29910.0,29920.25,-10.25,-22.0,STOP,3.0,14.25
1785936480,2026-08-05,1,12.683333333333334,0.2832080200501253,2.6107344483063795,BUILDING,PRE-OPEN,28.25,12.683333333333334,25.366666666666667,29961.0,29986.37,25.37,49.23,TARGET,1.2,112.25
1785936840,2026-08-05,1,24.8,0.4585908529048207,1.559755751708933,CLEAN-TREND,US,92.75,24.8,49.6,30012.0,29986.75,-25.25,-52.0,STOP,1.2,61.25
1785937080,2026-08-05,1,37.18333333333333,0.2098569157392686,5.612919724454509,BUILDING,US,66.0,37.18333333333333,74.36666666666666,29973.0,30047.37,74.37,147.23,TARGET,4.6,100.25
1785938460,2026-08-05,-1,41.86666666666667,0.228995057660626,-2.2227619128338083,BUILDING,US,-69.5,41.86666666666667,83.73333333333333,29961.5,30003.75,-42.25,-86.0,STOP,3.4,102.5
1785939780,2026-08-05,-1,34.333333333333336,0.3378995433789954,-3.368111148287745,BUILDING,US,-74.0,34.333333333333336,68.66666666666667,29922.0,29956.75,-34.75,-71.0,STOP,0.5,134.25
1785940200,2026-08-05,-1,35.7,0.4699029126213592,-2.297206548344531,CLEAN-TREND,US,-121.0,35.7,71.4,29892.0,29820.6,71.4,141.3,TARGET,22.7,104.25
1785942000,2026-08-05,1,33.666666666666664,0.10871694417238,1.7357208148883485,VIOLENT-WHIPSAW,US,27.75,33.666666666666664,67.33333333333333,29873.25,29839.25,-34.0,-69.5,STOP,2.6,17.75
1785943080,2026-08-05,-1,26.65,0.2216066481994459,-3.1670562995500218,BUILDING,US,-40.0,26.65,53.3,29796.25,29823.25,-27.0,-55.5,STOP,0.5,8.0
1785945360,2026-08-05,-1,20.516666666666666,0.5645161290322581,-2.628611608279932,CLEAN-TREND,US,-87.5,20.516666666666666,41.03333333333333,29752.0,29710.97,41.03,80.57,TARGET,5.4,50.25
1785954660,2026-08-05,-1,12.4,0.3831775700934579,-3.2348249926062884,BUILDING,US,-41.0,12.4,24.8,29735.0,29747.75,-12.75,-27.0,STOP,3.9,17.0
1785956160,2026-08-05,-1,11.433333333333334,0.1929824561403508,-2.836845511002043,NORMAL-CHOP,US,-13.75,11.433333333333334,22.866666666666667,29727.5,29739.25,-11.75,-25.0,STOP,1.2,9.5
1785956400,2026-08-05,-1,12.416666666666666,0.23125,-2.3740744373043787,BUILDING,US,-18.5,12.416666666666666,24.833333333333332,29739.25,29752.0,-12.75,-27.0,STOP,0.7,3.5
1785956700,2026-08-05,1,13.25,0.1457286432160804,5.7863680462755145,NORMAL-CHOP,US,14.5,13.25,26.5,29772.5,29759.0,-13.5,-28.5,STOP,0.3,7.5
1785958500,2026-08-05,-1,12.55,0.5049019607843137,-2.7203529434486167,CLEAN-TREND,US,-51.5,12.55,25.1,29717.0,29730.0,-13.0,-27.5,STOP,1.1,186.25
1785959160,2026-08-05,-1,14.166666666666666,0.4657534246575342,-6.849198182306531,CLEAN-TREND,US,-51.0,14.166666666666666,28.333333333333332,29692.5,29707.0,-14.5,-30.5,STOP,0.7,161.75
1785959700,2026-08-05,-1,15.166666666666666,0.308235294117647,-1.7271516363393355,BUILDING,US,-32.75,15.166666666666666,30.333333333333332,29693.75,29663.42,30.33,59.17,TARGET,2.4,163.0
1785960120,2026-08-05,-1,25.066666666666663,0.6692913385826772,-2.5523368266271507,CLEAN-TREND,OVERNIGHT,-127.5,25.066666666666663,50.133333333333326,29580.75,29606.25,-25.5,-52.5,STOP,1.4,50.0
1785968460,2026-08-05,1,10.6,0.4450867052023121,2.7113818850119564,BUILDING,OVERNIGHT,38.5,10.6,21.2,29609.75,29630.95,21.2,40.9,TARGET,1.1,69.0
1785969180,2026-08-05,1,11.366666666666667,0.7096018735362998,1.5900745692067393,BUILDING,OVERNIGHT,75.75,11.366666666666667,22.733333333333334,29668.75,29657.0,-11.75,-25.0,STOP,9.2,10.0
1785970020,2026-08-05,1,8.666666666666666,0.2017543859649122,3.119458404505843,BUILDING,OVERNIGHT,11.5,8.666666666666666,17.333333333333332,29668.0,29659.0,-9.0,-19.5,STOP,0.3,0.25
1785970200,2026-08-05,-1,9.466666666666669,0.3660377358490566,-3.4162857131316624,BUILDING,OVERNIGHT,-24.25,9.466666666666669,18.933333333333337,29638.75,29619.82,18.93,36.37,TARGET,3.0,27.0
1785970800,2026-08-05,-1,12.116666666666667,0.6725978647686833,-1.5738361310145672,BUILDING,OVERNIGHT,-47.25,12.116666666666667,24.233333333333334,29618.0,29630.5,-12.5,-26.5,STOP,13.5,4.75
1785972720,2026-08-05,-1,10.583333333333334,0.3161290322580645,-3.185480226604986,BUILDING,OVERNIGHT,-24.5,10.583333333333334,21.166666666666668,29601.75,29580.58,21.17,40.83,TARGET,4.5,55.5
1785973500,2026-08-05,-1,14.916666666666666,0.4889434889434889,-2.0029204494298,CLEAN-TREND,OVERNIGHT,-49.75,14.916666666666666,29.833333333333332,29578.25,29548.42,29.83,58.17,TARGET,15.6,32.0
1785974880,2026-08-06,1,16.133333333333333,0.0926365795724465,2.0521660994565845,VIOLENT-WHIPSAW,OVERNIGHT,9.75,16.133333333333333,32.266666666666666,29592.5,29576.0,-16.5,-34.5,STOP,1.6,16.25
1785977280,2026-08-06,1,14.716666666666669,0.1224489795918367,1.9508893918389925,NORMAL-CHOP,OVERNIGHT,15.0,14.716666666666669,29.433333333333337,29572.25,29557.25,-15.0,-31.5,STOP,1.2,3.0
1785977520,2026-08-06,-1,14.1,0.1417624521072797,-4.374753219985555,NORMAL-CHOP,OVERNIGHT,-18.5,14.1,28.2,29545.25,29517.05,28.2,54.9,TARGET,8.3,72.0
1785978960,2026-08-06,-1,14.133333333333333,0.112,-1.625656126014848,NORMAL-CHOP,OVERNIGHT,-14.0,14.133333333333333,28.266666666666666,29496.75,29468.48,28.27,55.03,TARGET,8.8,42.5
1785981000,2026-08-06,1,14.116666666666667,0.239766081871345,2.6597533490262046,BUILDING,OVERNIGHT,30.75,14.116666666666667,28.233333333333334,29507.25,29492.75,-14.5,-30.5,STOP,7.3,56.75
1785982200,2026-08-06,1,13.35,0.3161592505854801,3.626964591549713,BUILDING,OVERNIGHT,33.75,13.35,26.7,29544.0,29530.25,-13.75,-29.0,STOP,2.9,42.0
1785984060,2026-08-06,1,12.483333333333333,0.2473572938689217,1.8109047659366515,BUILDING,OVERNIGHT,29.25,12.483333333333333,24.966666666666665,29591.5,29616.47,24.97,48.43,TARGET,2.4,29.5
1785985620,2026-08-06,-1,9.383333333333333,0.3511450381679389,-2.53959269100534,BUILDING,OVERNIGHT,-23.0,9.383333333333333,18.766666666666666,29579.5,29560.73,18.77,36.03,TARGET,9.9,56.75
1785987180,2026-08-06,-1,10.65,0.3617021276595745,-3.1095893768487364,BUILDING,OVERNIGHT,-25.5,10.65,21.3,29536.25,29547.25,-11.0,-23.5,STOP,1.9,4.25
1785988740,2026-08-06,1,11.633333333333333,0.362126245847176,3.3334648967547698,BUILDING,OVERNIGHT,27.25,11.633333333333333,23.266666666666666,29581.0,29569.0,-12.0,-25.5,STOP,0.3,16.75
1785990180,2026-08-06,1,9.916666666666666,0.1591591591591591,1.8859945247654304,DEAD-CHOP,OVERNIGHT,13.25,9.916666666666666,19.833333333333332,29586.0,29575.75,-10.25,-22.0,STOP,10.0,14.5
1785996540,2026-08-06,-1,11.85,0.3981762917933131,-1.809006712937872,BUILDING,OVERNIGHT,-32.75,11.85,23.7,29531.5,29507.8,23.7,45.9,TARGET,3.9,47.5
1785996840,2026-08-06,-1,12.316666666666666,0.8651026392961877,-3.5994392859985824,BUILDING,OVERNIGHT,-73.75,12.316666666666666,24.633333333333333,29506.25,29519.0,-12.75,-27.0,STOP,9.5,22.25
1785998100,2026-08-06,1,11.883333333333333,0.334841628959276,1.5108400224606648,BUILDING,OVERNIGHT,37.0,11.883333333333333,23.766666666666666,29526.5,29514.25,-12.25,-26.0,STOP,1.7,2.0
1785998760,2026-08-06,-1,8.7,0.3092369477911647,-1.5756041225939952,BUILDING,OVERNIGHT,-19.25,8.7,17.4,29497.75,29506.75,-9.0,-19.5,STOP,3.7,11.5
1785999300,2026-08-06,1,8.55,0.2718446601941747,1.713923401666246,BUILDING,OVERNIGHT,14.0,8.55,17.1,29514.75,29505.75,-9.0,-19.5,STOP,5.5,49.25
1786001760,2026-08-06,-1,9.65,0.4329501915708812,-2.433375202453794,BUILDING,PRE-OPEN,-28.25,9.65,19.3,29521.5,29502.2,19.3,37.1,TARGET,2.6,59.5
1786003320,2026-08-06,-1,11.283333333333331,0.2931937172774869,-1.8673195703627408,BUILDING,PRE-OPEN,-28.0,11.283333333333331,22.566666666666663,29495.0,29472.43,22.57,43.63,TARGET,1.1,50.75
1786003800,2026-08-06,-1,17.166666666666668,0.4085470085470085,-6.418192915313028,CLEAN-TREND,PRE-OPEN,-59.75,17.166666666666668,34.333333333333336,29449.75,29467.25,-17.5,-36.5,STOP,5.1,5.25
1786005000,2026-08-06,1,13.583333333333334,0.5368956743002544,1.6739727466602523,CLEAN-TREND,PRE-OPEN,52.75,13.583333333333334,27.166666666666668,29514.5,29500.5,-14.0,-29.5,STOP,13.9,18.25
1786007160,2026-08-06,-1,11.333333333333334,0.2631578947368421,-1.919934087171712,BUILDING,PRE-OPEN,-30.0,11.333333333333334,22.666666666666668,29466.75,29444.08,22.67,43.83,TARGET,3.9,29.0
1786007700,2026-08-06,-1,12.033333333333331,0.3638443935926773,-2.7217477085118515,BUILDING,PRE-OPEN,-39.75,12.033333333333331,24.066666666666663,29463.5,29476.25,-12.75,-27.0,STOP,1.4,5.75
1786008900,2026-08-06,1,10.166666666666666,0.0909090909090909,1.654391347258987,DEAD-CHOP,PRE-OPEN,8.25,10.166666666666666,20.333333333333332,29482.75,29503.08,20.33,39.17,TARGET,11.7,54.75
1786010520,2026-08-06,1,8.716666666666667,0.2716049382716049,3.179832390296033,BUILDING,PRE-OPEN,22.0,8.716666666666667,17.433333333333334,29531.75,29522.75,-9.0,-19.5,STOP,0.9,2.75
1786012860,2026-08-06,-1,7.966666666666667,0.77,-1.666210143125334,BUILDING,PRE-OPEN,-38.5,7.966666666666667,15.933333333333334,29479.75,29488.0,-8.25,-18.0,STOP,2.1,115.0
1786013100,2026-08-06,-1,8.566666666666666,0.8351648351648352,-1.709671899319113,BUILDING,PRE-OPEN,-38.0,8.566666666666666,17.133333333333333,29474.0,29483.25,-9.25,-20.0,STOP,0.8,109.25
1786014240,2026-08-06,-1,16.533333333333335,0.5612708018154312,-4.658885620657827,CLEAN-TREND,PRE-OPEN,-92.75,16.533333333333335,33.06666666666667,29397.5,29414.5,-17.0,-35.5,STOP,4.9,32.75
1786015560,2026-08-06,1,12.3,0.6323119777158774,4.413039661517952,BUILDING,PRE-OPEN,56.75,12.3,24.6,29462.75,29487.35,24.6,47.7,TARGET,3.9,53.25
1786016460,2026-08-06,1,12.4,0.6381578947368421,1.879350539439118,CLEAN-TREND,PRE-OPEN,48.5,12.4,24.8,29510.75,29498.0,-12.75,-27.0,STOP,0.2,1.25
1786016880,2026-08-06,-1,14.95,0.3193473193473193,-4.541629698466878,BUILDING,PRE-OPEN,-34.25,14.95,29.9,29461.75,29431.85,29.9,58.3,TARGET,12.9,73.5
1786018260,2026-08-06,-1,14.566666666666666,0.4531645569620253,-1.5117833549860162,CLEAN-TREND,PRE-OPEN,-44.75,14.566666666666666,29.133333333333333,29418.75,29389.62,29.13,56.77,TARGET,6.8,30.5
1786019400,2026-08-06,1,14.533333333333331,0.2186046511627907,3.552083304399752,BUILDING,PRE-OPEN,23.5,14.533333333333331,29.066666666666663,29444.0,29429.0,-15.0,-31.5,STOP,13.0,18.75
1786021200,2026-08-06,-1,12.4,0.4597156398104265,-2.6891277106766585,CLEAN-TREND,PRE-OPEN,-48.5,12.4,24.8,29376.75,29389.5,-12.75,-27.0,STOP,0.8,58.75
1786021320,2026-08-06,-1,13.366666666666667,0.175,-2.6217873443287822,NORMAL-CHOP,PRE-OPEN,-21.0,13.366666666666667,26.733333333333334,29399.75,29373.02,26.73,51.97,TARGET,2.2,138.5
1786021620,2026-08-06,-1,13.616666666666667,0.4761061946902655,-4.712079213378384,CLEAN-TREND,PRE-OPEN,-67.25,13.616666666666667,27.233333333333334,29358.0,29330.77,27.23,52.97,TARGET,17.6,117.0
1786022820,2026-08-06,-1,15.366666666666667,0.1366459627329192,-2.333756392605528,VIOLENT-WHIPSAW,PRE-OPEN,-11.0,15.366666666666667,30.733333333333334,29347.5,29363.25,-15.75,-33.0,STOP,2.0,106.5
1786023360,2026-08-06,1,34.75,0.2017857142857143,5.742350897177585,BUILDING,US,56.5,34.75,69.5,29414.0,29379.0,-35.0,-71.5,STOP,3.1,144.5
1786024020,2026-08-06,1,43.18333333333333,0.6637758505670447,1.741397732701719,CLEAN-TREND,US,248.75,43.18333333333333,86.36666666666666,29512.75,29599.12,86.37,171.23,TARGET,23.1,140.0
1786025760,2026-08-06,1,28.566666666666663,0.3747368421052631,1.6234317083724457,BUILDING,US,89.0,28.566666666666663,57.133333333333326,29609.5,29580.5,-29.0,-59.5,STOP,9.6,57.0
1786027080,2026-08-06,-1,32.03333333333333,0.361344537815126,-2.0709174155117056,BUILDING,US,-75.25,32.03333333333333,64.06666666666666,29574.5,29607.0,-32.5,-66.5,STOP,3.1,41.75
1786027500,2026-08-06,-1,31.48333333333333,0.1079545454545454,-1.9244510233871837,VIOLENT-WHIPSAW,US,-28.5,31.48333333333333,62.96666666666666,29569.0,29600.75,-31.75,-65.0,STOP,8.8,36.25
1786028160,2026-08-06,1,32.6,0.1414055884843353,1.7453581519487562,VIOLENT-WHIPSAW,US,41.75,32.6,65.2,29636.25,29603.25,-33.0,-67.5,STOP,6.7,50.0
1786031640,2026-08-06,-1,29.566666666666663,0.1587462082912032,-1.5605872597233768,VIOLENT-WHIPSAW,US,-39.25,29.566666666666663,59.133333333333326,29526.5,29467.37,59.13,116.77,TARGET,21.0,77.75
1786035600,2026-08-06,1,18.883333333333333,0.469208211143695,1.75657487627724,CLEAN-TREND,US,80.0,18.883333333333333,37.766666666666666,29569.25,29550.0,-19.25,-40.0,STOP,1.4,5.0
1786036440,2026-08-06,-1,17.233333333333334,0.2774193548387096,-2.481592168266488,BUILDING,US,-32.25,17.233333333333334,34.46666666666667,29524.25,29541.75,-17.5,-36.5,STOP,3.7,31.0
1786037940,2026-08-06,-1,16.133333333333333,0.1111111111111111,-2.431861879860859,VIOLENT-WHIPSAW,US,-11.75,16.133333333333333,32.266666666666666,29511.5,29528.0,-16.5,-34.5,STOP,12.9,18.25
1786041480,2026-08-06,-1,12.766666666666667,0.5638629283489096,-1.6039006824078088,CLEAN-TREND,US,-45.25,12.766666666666667,25.533333333333335,29520.0,29533.25,-13.25,-28.0,STOP,6.6,19.25
1786044600,2026-08-06,-1,16.316666666666666,0.0700389105058365,-2.191981138105119,VIOLENT-WHIPSAW,US,-9.0,16.316666666666666,32.63333333333333,29520.0,29536.75,-16.75,-35.0,STOP,1.1,45.0
1786045800,2026-08-06,-1,13.266666666666667,0.4569536423841059,-5.3562022165781125,CLEAN-TREND,US,-51.75,13.266666666666667,26.533333333333335,29480.25,29494.0,-13.75,-29.0,STOP,2.5,5.25
1786047300,2026-08-06,1,11.633333333333333,0.1870503597122302,1.9854960700717503,NORMAL-CHOP,OVERNIGHT,13.0,11.633333333333333,23.266666666666666,29548.75,29536.75,-12.0,-25.5,STOP,1.3,0.0
1786055040,2026-08-06,1,9.0,0.1083333333333333,2.414040563195408,DEAD-CHOP,OVERNIGHT,6.5,9.0,18.0,29555.75,29546.5,-9.25,-20.0,STOP,3.6,14.25
1786055520,2026-08-06,-1,9.45,0.6015325670498084,-2.046841347156391,BUILDING,OVERNIGHT,-39.25,9.45,18.9,29532.5,29542.25,-9.75,-21.0,STOP,1.4,3.25
1786057200,2026-08-06,1,5.5,0.376,1.5229748118592692,BUILDING,OVERNIGHT,11.75,5.5,11.0,29565.5,29559.75,-5.75,-13.0,STOP,2.5,32.0
1786058340,2026-08-06,1,6.883333333333334,0.1216931216931216,3.8759759129354414,DEAD-CHOP,OVERNIGHT,5.75,6.883333333333334,13.766666666666667,29572.75,29586.52,13.77,26.03,TARGET,4.4,24.75
1786058700,2026-08-06,1,7.883333333333334,0.6405529953917051,2.881240801549428,BUILDING,OVERNIGHT,34.75,7.883333333333334,15.766666666666667,29595.0,29586.75,-8.25,-18.0,STOP,0.6,9.0
1786059180,2026-08-06,1,10.183333333333334,0.2163265306122449,1.6528842248063076,BUILDING,OVERNIGHT,13.25,10.183333333333334,20.366666666666667,29582.0,29571.5,-10.5,-22.5,STOP,3.8,31.5
1786059600,2026-08-06,-1,9.083333333333334,0.3946360153256705,-3.395984084967145,BUILDING,OVERNIGHT,-25.75,9.083333333333334,18.166666666666668,29569.5,29579.0,-9.5,-20.5,STOP,3.3,7.25
1786060140,2026-08-06,1,9.2,0.1119402985074626,2.208453512021295,DEAD-CHOP,OVERNIGHT,7.5,9.2,18.4,29595.75,29586.25,-9.5,-20.5,STOP,7.1,23.5
1786061520,2026-08-07,-1,15.033333333333331,0.165266106442577,-2.311545142181472,NORMAL-CHOP,OVERNIGHT,-14.75,15.033333333333331,30.066666666666663,29577.0,29546.93,30.07,58.63,TARGET,3.0,80.75
1786061760,2026-08-07,-1,16.9,0.4840085287846482,-2.5068557820746133,CLEAN-TREND,OVERNIGHT,-56.75,16.9,33.8,29539.5,29505.7,33.8,66.1,TARGET,3.3,43.25
1786063620,2026-08-07,-1,19.7,0.1574468085106383,-1.899809101687412,VIOLENT-WHIPSAW,OVERNIGHT,-27.75,19.7,39.4,29508.75,29528.75,-20.0,-41.5,STOP,3.7,5.5
1786064340,2026-08-07,1,19.383333333333333,0.1552587646076794,1.9264604871144568,VIOLENT-WHIPSAW,OVERNIGHT,23.25,19.383333333333333,38.766666666666666,29562.0,29542.25,-19.75,-41.0,STOP,10.9,20.5
1786065600,2026-08-07,-1,16.283333333333335,0.6259541984732825,-6.304074408910403,CLEAN-TREND,OVERNIGHT,-82.0,16.283333333333335,32.56666666666667,29486.75,29503.5,-16.75,-35.0,STOP,5.5,3.75
1786068180,2026-08-07,1,13.45,0.3141486810551558,4.089634489166941,BUILDING,OVERNIGHT,32.75,13.45,26.9,29543.0,29529.0,-14.0,-29.5,STOP,1.8,5.5
1786070340,2026-08-07,-1,12.083333333333334,0.4906542056074766,-2.9565125760409763,BUILDING,OVERNIGHT,-52.5,12.083333333333334,24.166666666666668,29485.75,29498.25,-12.5,-26.5,STOP,3.8,9.75
1786075200,2026-08-07,-1,7.8,0.3958333333333333,-2.299267717238895,BUILDING,OVERNIGHT,-19.0,7.8,15.6,29483.0,29491.25,-8.25,-18.0,STOP,5.2,28.0
1786075980,2026-08-07,-1,8.5,0.2254901960784313,-6.989189287503516,BUILDING,OVERNIGHT,-11.5,8.5,17.0,29476.5,29459.5,17.0,32.5,TARGET,2.9,21.5
1786076460,2026-08-07,1,11.6,0.175531914893617,3.172562643169801,NORMAL-CHOP,OVERNIGHT,16.5,11.6,23.2,29509.5,29497.5,-12.0,-25.5,STOP,4.6,16.25
1786077480,2026-08-07,-1,9.866666666666667,0.1073825503355704,-2.1836998475309906,DEAD-CHOP,OVERNIGHT,-8.0,9.866666666666667,19.733333333333334,29503.25,29513.5,-10.25,-22.0,STOP,16.4,14.5
1786078860,2026-08-07,1,7.716666666666667,0.3990610328638497,2.7400707605166934,BUILDING,OVERNIGHT,21.25,7.716666666666667,15.433333333333334,29517.25,29532.68,15.43,29.37,TARGET,5.3,39.75
1786079280,2026-08-07,1,9.716666666666669,0.8217821782178217,6.944108392087021,BUILDING,OVERNIGHT,62.25,9.716666666666669,19.433333333333337,29554.25,29544.25,-10.0,-21.5,STOP,0.6,2.75
1786083240,2026-08-07,1,8.116666666666667,0.5952380952380952,1.566272474057644,BUILDING,OVERNIGHT,37.5,8.116666666666667,16.233333333333334,29559.5,29551.0,-8.5,-18.5,STOP,1.8,25.25
1786086720,2026-08-07,1,11.8,0.4418604651162791,1.6537791220401723,BUILDING,PRE-OPEN,38.0,11.8,23.6,29584.0,29571.75,-12.25,-26.0,STOP,20.7,9.0
1786088460,2026-08-07,1,8.1,0.1304347826086956,5.541809518166922,DEAD-CHOP,PRE-OPEN,6.75,8.1,16.2,29590.5,29581.75,-8.75,-19.0,STOP,0.7,26.75
1786089240,2026-08-07,1,9.233333333333333,0.0803858520900321,1.7644524018933163,DEAD-CHOP,PRE-OPEN,6.25,9.233333333333333,18.466666666666665,29581.5,29599.97,18.47,35.43,TARGET,5.2,47.25
1786090380,2026-08-07,1,10.633333333333333,0.3562005277044855,4.345733412570576,BUILDING,PRE-OPEN,33.75,10.633333333333333,21.266666666666666,29619.75,29608.75,-11.0,-23.5,STOP,3.8,27.75
1786091520,2026-08-07,1,8.483333333333333,0.6116504854368932,2.3126125399819752,BUILDING,PRE-OPEN,31.5,8.483333333333333,16.966666666666665,29638.75,29630.0,-8.75,-19.0,STOP,3.2,10.0
1786094640,2026-08-07,1,7.466666666666667,0.1569506726457399,2.59124414511042,DEAD-CHOP,PRE-OPEN,8.75,7.466666666666667,14.933333333333334,29644.25,29636.5,-7.75,-17.0,STOP,2.6,6.25
1786095060,2026-08-07,-1,7.25,0.074074074074074,-1.6608136926543566,DEAD-CHOP,PRE-OPEN,-4.0,7.25,14.5,29632.75,29640.25,-7.5,-16.5,STOP,1.3,19.0
1786095720,2026-08-07,-1,7.466666666666667,0.1093117408906882,-3.0960110419529907,DEAD-CHOP,PRE-OPEN,-6.75,7.466666666666667,14.933333333333334,29625.75,29633.5,-7.75,-17.0,STOP,2.5,14.75
1786097340,2026-08-07,-1,7.566666666666666,0.2286995515695067,-1.7010987422520938,BUILDING,PRE-OPEN,-12.75,7.566666666666666,15.133333333333333,29613.5,29621.5,-8.0,-17.5,STOP,0.7,21.25
1786099980,2026-08-07,-1,6.683333333333334,0.3377483443708609,-2.5059469383152986,BUILDING,PRE-OPEN,-12.75,6.683333333333334,13.366666666666667,29605.0,29612.0,-7.0,-15.5,STOP,6.0,2.75
1786100460,2026-08-07,1,8.133333333333333,0.2694063926940639,3.1221547429039957,BUILDING,PRE-OPEN,14.75,8.133333333333333,16.266666666666666,29631.5,29647.77,16.27,31.03,TARGET,11.0,30.5
1786101900,2026-08-07,1,7.283333333333333,0.2688172043010752,2.6748259775998218,BUILDING,PRE-OPEN,12.5,7.283333333333333,14.566666666666666,29652.25,29666.82,14.57,27.63,TARGET,15.3,17.5
1786103880,2026-08-07,-1,8.033333333333333,0.9292035398230089,-2.0124349702223454,BUILDING,PRE-OPEN,-52.5,8.033333333333333,16.066666666666666,29613.75,29622.25,-8.5,-18.5,STOP,0.4,9.0
1786104000,2026-08-07,-1,10.033333333333331,0.4758620689655172,-4.1550991672946695,BUILDING,PRE-OPEN,-34.5,10.033333333333331,20.066666666666663,29631.0,29641.5,-10.5,-22.5,STOP,0.3,35.0
1786104660,2026-08-07,1,13.183333333333334,0.1503267973856209,2.011222321468562,NORMAL-CHOP,PRE-OPEN,17.25,13.183333333333334,26.366666666666667,29650.75,29677.12,26.37,51.23,TARGET,17.0,157.5
1786105860,2026-08-07,1,24.85,0.5059288537549407,2.246125810797268,CLEAN-TREND,PRE-OPEN,64.0,24.85,49.7,29729.25,29778.95,49.7,97.9,TARGET,6.5,138.0
1786106460,2026-08-07,1,33.733333333333334,0.7717546362339515,5.616713545879875,CLEAN-TREND,PRE-OPEN,135.25,33.733333333333334,67.46666666666667,29797.25,29864.72,67.47,133.43,TARGET,12.4,70.0
1786107840,2026-08-07,-1,14.65,0.5658198614318707,-2.694576464699728,CLEAN-TREND,PRE-OPEN,-61.25,14.65,29.3,29785.75,29800.75,-15.0,-31.5,STOP,1.6,102.75
1786110300,2026-08-07,1,49.583333333333336,0.0780327868852459,1.5036717380453466,VIOLENT-WHIPSAW,US,29.75,49.583333333333336,99.16666666666667,29757.0,29707.0,-50.0,-101.5,STOP,10.3,43.0
1786111020,2026-08-07,-1,39.45,0.2448275862068965,-4.942114695386682,BUILDING,US,-71.0,39.45,78.9,29665.25,29705.0,-39.75,-81.0,STOP,2.8,101.0
1786111440,2026-08-07,-1,39.65,0.5351257588898526,-2.109853386921852,CLEAN-TREND,US,-154.25,39.65,79.3,29618.5,29658.5,-40.0,-81.5,STOP,1.6,54.25
1786111920,2026-08-07,-1,42.63333333333333,0.2237654320987654,-2.3126447727063053,BUILDING,US,-72.5,42.63333333333333,85.26666666666667,29593.0,29636.0,-43.0,-87.5,STOP,3.1,24.75
1786116360,2026-08-07,1,17.15,0.5630630630630631,2.070822858741561,CLEAN-TREND,US,62.5,17.15,34.3,29818.75,29853.05,34.3,67.1,TARGET,5.9,36.25
1786119540,2026-08-07,-1,12.7,0.2336448598130841,-3.245723242976108,BUILDING,US,-18.75,12.7,25.4,29794.0,29807.0,-13.0,-27.5,STOP,0.3,125.0
1786119660,2026-08-07,-1,15.75,0.4077669902912621,-1.5578990769602172,CLEAN-TREND,US,-42.0,15.75,31.5,29775.25,29743.75,31.5,61.5,TARGET,3.2,106.25
1786123500,2026-08-07,-1,12.516666666666667,0.2334293948126801,-2.081418976989777,BUILDING,US,-20.25,12.516666666666667,25.033333333333335,29735.75,29748.75,-13.0,-27.5,STOP,3.1,8.75
1786127700,2026-08-07,-1,12.016666666666667,0.3535911602209944,-2.59142334589978,BUILDING,US,-32.0,12.016666666666667,24.033333333333335,29692.75,29705.25,-12.5,-26.5,STOP,1.2,16.0
1786128240,2026-08-07,-1,10.966666666666669,0.2960893854748603,-2.3823589227691677,BUILDING,US,-26.5,10.966666666666669,21.933333333333337,29680.5,29691.75,-11.25,-24.0,STOP,3.2,3.75
1786129020,2026-08-07,1,10.283333333333331,0.0708661417322834,1.530331952421132,NORMAL-CHOP,US,6.75,10.283333333333331,20.566666666666663,29705.0,29725.57,20.57,39.63,TARGET,2.0,118.25
1786129200,2026-08-07,1,11.8,0.4952380952380952,1.7989012236052604,BUILDING,US,52.0,11.8,23.6,29738.0,29761.6,23.6,45.7,TARGET,0.5,85.25
1786130100,2026-08-07,1,13.95,0.6489151873767258,2.2224974195234557,CLEAN-TREND,US,82.25,13.95,27.9,29820.75,29806.5,-14.25,-30.0,STOP,1.9,2.5
1786322100,2026-08-10,-1,14.583333333333334,0.3432203389830508,-3.204593772312029,BUILDING,OVERNIGHT,-40.5,14.583333333333334,29.166666666666668,29834.5,29805.33,29.17,56.83,TARGET,6.1,46.5
1786323360,2026-08-10,-1,13.516666666666667,0.18796992481203,-1.584007412705389,NORMAL-CHOP,OVERNIGHT,-12.5,13.516666666666667,27.033333333333335,29799.75,29813.75,-14.0,-29.5,STOP,0.7,8.25
1786323660,2026-08-10,1,15.133333333333333,0.1257142857142857,1.6954581289569357,NORMAL-CHOP,OVERNIGHT,11.0,15.133333333333333,30.266666666666666,29827.5,29812.0,-15.5,-32.5,STOP,4.5,57.0
1786324920,2026-08-10,1,12.683333333333334,0.5472972972972973,2.9889983656741017,CLEAN-TREND,OVERNIGHT,40.5,12.683333333333334,25.366666666666667,29868.25,29855.25,-13.0,-27.5,STOP,8.4,26.75
1786326360,2026-08-10,1,12.316666666666666,0.4465753424657534,2.14380367609332,BUILDING,OVERNIGHT,40.75,12.316666666666666,24.633333333333333,29884.25,29871.5,-12.75,-27.0,STOP,26.7,11.0
1786328100,2026-08-10,-1,8.8,0.2111801242236025,-1.6028772299367062,BUILDING,OVERNIGHT,-17.0,8.8,17.6,29861.75,29871.0,-9.25,-20.0,STOP,2.9,13.25
1786329540,2026-08-10,1,7.95,0.3870967741935484,1.9168943696467144,BUILDING,OVERNIGHT,24.0,7.95,15.9,29882.25,29898.15,15.9,30.3,TARGET,12.0,17.0
1786331940,2026-08-10,1,6.75,0.202127659574468,1.6847405393210269,BUILDING,OVERNIGHT,9.5,6.75,13.5,29889.25,29882.25,-7.0,-15.5,STOP,1.2,9.75
1786333980,2026-08-10,-1,5.583333333333333,0.1653543307086614,-2.1370813010673864,DEAD-CHOP,OVERNIGHT,-5.25,5.583333333333333,11.166666666666666,29888.25,29877.08,11.17,20.83,TARGET,1.2,17.75
1786334520,2026-08-10,-1,7.583333333333333,0.2765957446808511,-1.638531225691174,BUILDING,OVERNIGHT,-16.25,7.583333333333333,15.166666666666666,29877.75,29885.75,-8.0,-17.5,STOP,0.6,5.25
1786338300,2026-08-10,1,8.066666666666666,0.1637931034482758,1.8329581037051876,DEAD-CHOP,OVERNIGHT,9.5,8.066666666666666,16.133333333333333,29906.0,29922.13,16.13,30.77,TARGET,17.6,18.25
1786339500,2026-08-10,1,5.433333333333334,0.2847682119205298,1.817737366409049,BUILDING,OVERNIGHT,10.75,5.433333333333334,10.866666666666667,29921.75,29916.0,-5.75,-13.0,STOP,0.7,7.25
1786340280,2026-08-10,-1,6.0,0.3798449612403101,-2.0561515119690648,BUILDING,OVERNIGHT,-12.25,6.0,12.0,29910.5,29916.75,-6.25,-14.0,STOP,12.0,11.25
1786341180,2026-08-10,1,5.933333333333334,0.3866666666666666,2.1371950018645056,BUILDING,OVERNIGHT,14.5,5.933333333333334,11.866666666666667,29923.75,29935.62,11.87,22.23,TARGET,6.2,40.0
1786341660,2026-08-10,1,5.95,0.6915422885572139,2.170780864486828,BUILDING,OVERNIGHT,34.75,5.95,11.9,29941.0,29934.75,-6.25,-14.0,STOP,0.4,22.75
1786342080,2026-08-10,1,6.316666666666666,0.3953488372093023,2.401784729178459,BUILDING,OVERNIGHT,21.25,6.316666666666666,12.633333333333333,29945.25,29957.88,12.63,23.77,TARGET,3.7,18.5
1786342380,2026-08-10,1,7.166666666666667,0.5428571428571428,1.620429917038557,BUILDING,OVERNIGHT,33.25,7.166666666666667,14.333333333333334,29960.5,29953.0,-7.5,-16.5,STOP,3.5,3.25
1786342980,2026-08-10,-1,10.016666666666667,0.1651090342679127,-1.9102297372632333,DEAD-CHOP,OVERNIGHT,-13.25,10.016666666666667,20.033333333333335,29931.75,29911.72,20.03,38.57,TARGET,3.2,24.75
1786344900,2026-08-10,-1,6.15,0.0896551724137931,-2.181685486059576,DEAD-CHOP,OVERNIGHT,-3.25,6.15,12.3,29913.0,29919.5,-6.5,-14.5,STOP,4.5,26.25
1786345320,2026-08-10,-1,7.266666666666667,0.1851851851851851,-1.7237404652674582,DEAD-CHOP,PRE-OPEN,-8.75,7.266666666666667,14.533333333333333,29908.0,29915.75,-7.75,-17.0,STOP,1.9,21.25
1786345800,2026-08-10,-1,9.033333333333331,0.2044609665427509,-2.9138513398528967,BUILDING,PRE-OPEN,-13.75,9.033333333333331,18.066666666666663,29898.75,29908.25,-9.5,-20.5,STOP,3.0,12.0
1786347900,2026-08-10,1,7.2,0.3422818791946309,7.265918905575418,BUILDING,PRE-OPEN,12.75,7.2,14.4,29966.75,29959.25,-7.5,-16.5,STOP,0.7,14.5
1786348080,2026-08-10,-1,8.066666666666666,0.0880829015544041,-1.9041369398221564,DEAD-CHOP,PRE-OPEN,-4.25,8.066666666666666,16.133333333333333,29948.75,29957.25,-8.5,-18.5,STOP,9.3,13.0
1786356180,2026-08-10,1,7.416666666666667,0.2328767123287671,3.1972480109497767,BUILDING,PRE-OPEN,12.75,7.416666666666667,14.833333333333334,29956.5,29948.75,-7.75,-17.0,STOP,4.3,2.75
1786356660,2026-08-10,-1,8.716666666666667,0.1969111969111969,-2.516128723626464,DEAD-CHOP,PRE-OPEN,-12.75,8.716666666666667,17.433333333333334,29925.75,29934.75,-9.0,-19.5,STOP,8.2,15.75
1786358160,2026-08-10,-1,7.166666666666667,0.1475409836065573,-1.829299386683738,DEAD-CHOP,PRE-OPEN,-9.0,7.166666666666667,14.333333333333334,29927.25,29912.92,14.33,27.17,TARGET,3.2,50.25
1786360860,2026-08-10,1,11.2,0.0848329048843187,1.7395712329488489,NORMAL-CHOP,PRE-OPEN,8.25,11.2,22.4,29891.0,29879.5,-11.5,-24.5,STOP,1.8,24.0
1786361520,2026-08-10,1,10.583333333333334,0.3559322033898305,2.3297528258419864,BUILDING,PRE-OPEN,31.5,10.583333333333334,21.166666666666668,29912.25,29901.25,-11.0,-23.5,STOP,4.0,1.5
1786361940,2026-08-10,1,9.466666666666669,0.1935483870967742,1.9248640572241291,DEAD-CHOP,PRE-OPEN,12.0,9.466666666666669,18.933333333333337,29893.75,29884.0,-9.75,-21.0,STOP,2.8,14.75
1786362420,2026-08-10,-1,10.266666666666667,0.5350553505535055,-1.758426175296085,BUILDING,PRE-OPEN,-36.25,10.266666666666667,20.533333333333335,29873.25,29852.72,20.53,39.57,TARGET,0.5,43.25
1786363260,2026-08-10,-1,13.05,0.198019801980198,-1.87871772821877,NORMAL-CHOP,PRE-OPEN,-20.0,13.05,26.1,29862.25,29875.75,-13.5,-28.5,STOP,0.4,52.0
1786363440,2026-08-10,1,12.05,0.3413173652694611,1.8194700126312549,BUILDING,PRE-OPEN,28.5,12.05,24.1,29877.0,29864.5,-12.5,-26.5,STOP,1.5,7.25
1786364160,2026-08-10,-1,11.183333333333334,0.2779220779220779,-2.672839584490115,BUILDING,PRE-OPEN,-26.75,11.183333333333334,22.366666666666667,29835.0,29812.63,22.37,43.23,TARGET,7.4,54.75
1786365120,2026-08-10,-1,9.616666666666667,0.5648535564853556,-1.6064382326247544,BUILDING,PRE-OPEN,-33.75,9.616666666666667,19.233333333333334,29803.0,29783.77,19.23,36.97,TARGET,3.6,32.0
1786365540,2026-08-10,-1,11.5,0.3313953488372093,-1.6717191793799648,BUILDING,PRE-OPEN,-28.5,11.5,23.0,29792.0,29803.75,-11.75,-25.0,STOP,1.5,21.0
1786366080,2026-08-10,-1,11.733333333333333,0.0987654320987654,-2.1481832210946306,NORMAL-CHOP,PRE-OPEN,-8.0,11.733333333333333,23.466666666666665,29795.5,29772.03,23.47,45.43,TARGET,8.7,24.5
1786367160,2026-08-10,1,9.866666666666667,0.5365853658536586,1.5815092697381854,BUILDING,PRE-OPEN,22.0,9.866666666666667,19.733333333333334,29800.5,29820.23,19.73,37.97,TARGET,17.2,40.75
1786368420,2026-08-10,-1,13.4,0.1004784688995215,-3.838065150263023,NORMAL-CHOP,PRE-OPEN,-10.5,13.4,26.8,29794.0,29807.75,-13.75,-29.0,STOP,1.7,75.0
1786368840,2026-08-10,-1,24.616666666666667,0.3703703703703703,-22.03639974451549,BUILDING,US,-75.0,24.616666666666667,49.233333333333334,29740.5,29765.5,-25.0,-51.5,STOP,0.6,21.5
1786369080,2026-08-10,-1,31.516666666666666,0.2711111111111111,-1.7205183858875328,BUILDING,US,-61.0,31.516666666666666,63.03333333333333,29757.5,29789.5,-32.0,-65.5,STOP,6.1,38.5
1786370220,2026-08-10,1,28.58333333333333,0.2070484581497797,2.6659637240286647,BUILDING,US,35.25,28.58333333333333,57.16666666666666,29789.75,29846.92,57.17,112.83,TARGET,8.3,110.25
1786371840,2026-08-10,-1,19.516666666666666,0.3112033195020747,-2.8450483437541623,BUILDING,US,-37.5,19.516666666666666,39.03333333333333,29838.25,29858.25,-20.0,-41.5,STOP,1.1,45.25
1786373520,2026-08-10,-1,19.933333333333334,0.3590192644483362,-1.8128772140107177,BUILDING,US,-51.25,19.933333333333334,39.86666666666667,29838.0,29798.13,39.87,78.23,TARGET,1.1,73.25
1786373940,2026-08-10,-1,19.98333333333333,0.5858585858585859,-1.8358715147526576,CLEAN-TREND,US,-87.0,19.98333333333333,39.96666666666666,29778.75,29799.0,-20.25,-42.0,STOP,1.7,25.25
1786377240,2026-08-10,1,14.433333333333334,0.676,1.974264256110125,CLEAN-TREND,US,84.5,14.433333333333334,28.866666666666667,29846.75,29832.0,-14.75,-31.0,STOP,11.4,12.0
1786380180,2026-08-10,-1,16.833333333333332,0.670061099796334,-1.7302617118543078,CLEAN-TREND,US,-82.25,16.833333333333332,33.666666666666664,29735.25,29752.5,-17.25,-36.0,STOP,2.2,5.0
1786381680,2026-08-10,1,12.4,0.4679334916864608,1.888436460006344,CLEAN-TREND,US,49.25,12.4,24.8,29795.0,29782.25,-12.75,-27.0,STOP,19.0,16.5
1786383420,2026-08-10,-1,8.25,0.5178571428571429,-2.1713928254877106,BUILDING,US,-29.0,8.25,16.5,29765.25,29773.75,-8.5,-18.5,STOP,1.5,21.0
1786385280,2026-08-10,1,9.233333333333333,0.2857142857142857,2.7509834298648057,BUILDING,US,15.0,9.233333333333333,18.466666666666665,29768.0,29758.5,-9.5,-20.5,STOP,3.9,4.25
1786387320,2026-08-10,1,7.95,0.4007782101167315,2.573120600386233,BUILDING,US,25.75,7.95,15.9,29771.75,29763.5,-8.25,-18.0,STOP,6.3,21.5
1786388220,2026-08-10,1,7.533333333333333,0.1931330472103004,2.048494065995233,DEAD-CHOP,US,11.25,7.533333333333333,15.066666666666666,29783.0,29784.25,1.25,1.0,TIME,30.0,13.5
1786390140,2026-08-10,-1,8.033333333333333,0.1245283018867924,-1.5202801053517443,DEAD-CHOP,US,-8.25,8.033333333333333,16.066666666666666,29781.75,29790.25,-8.5,-18.5,STOP,9.2,59.0
1786391220,2026-08-10,-1,8.266666666666667,0.0978723404255319,-2.921238700827458,DEAD-CHOP,US,-5.75,8.266666666666667,16.533333333333335,29774.25,29783.0,-8.75,-19.0,STOP,1.8,51.5
1786391400,2026-08-10,-1,10.633333333333333,0.2578313253012048,-10.648571629532167,BUILDING,US,-26.75,10.633333333333333,21.266666666666666,29748.5,29727.23,21.27,41.03,TARGET,7.6,25.75
1786400220,2026-08-10,-1,7.083333333333333,0.5238095238095238,-2.303919890568195,BUILDING,OVERNIGHT,-22.0,7.083333333333333,14.166666666666666,29756.75,29742.58,14.17,26.83,TARGET,3.5,36.5
1786401060,2026-08-10,-1,7.783333333333333,0.425287356321839,-3.5429474265190186,BUILDING,OVERNIGHT,-27.75,7.783333333333333,15.566666666666666,29732.25,29726.25,6.0,10.5,TIME,30.0,13.0
1786404000,2026-08-10,-1,4.266666666666667,0.5555555555555556,-10.10559644600012,BUILDING,OVERNIGHT,-15.0,4.266666666666667,8.533333333333333,29713.75,29719.0,-5.25,-12.0,STOP,0.0,12.0
1786405620,2026-08-10,1,5.816666666666666,0.4528301886792453,2.965036054677848,BUILDING,OVERNIGHT,12.0,5.816666666666666,11.633333333333333,29718.0,29711.75,-6.25,-14.0,STOP,3.8,35.75
1786405920,2026-08-10,-1,6.6,0.1186440677966101,-4.192643850530507,DEAD-CHOP,OVERNIGHT,-3.5,6.6,13.2,29707.25,29694.05,13.2,24.9,TARGET,1.9,41.25
1786406100,2026-08-10,-1,7.9,0.4923857868020304,-4.004634946405577,BUILDING,OVERNIGHT,-24.25,7.9,15.8,29685.0,29693.25,-8.25,-18.0,STOP,2.9,19.0
1786406520,2026-08-11,-1,11.7,0.4576271186440678,-3.4196683545748585,BUILDING,OVERNIGHT,-47.25,11.7,23.4,29671.0,29683.0,-12.0,-25.5,STOP,1.4,3.5
1786407900,2026-08-11,1,15.25,0.2567567567567567,1.5570795003800284,BUILDING,OVERNIGHT,38.0,15.25,30.5,29757.0,29787.5,30.5,59.5,TARGET,19.6,37.25
1786410000,2026-08-11,1,7.083333333333333,0.0978260869565217,3.3474569882716763,DEAD-CHOP,OVERNIGHT,4.5,7.083333333333333,14.166666666666666,29795.0,29787.5,-7.5,-16.5,STOP,0.2,44.75
1786410120,2026-08-11,-1,8.616666666666667,0.1721311475409836,-2.66415735018983,DEAD-CHOP,OVERNIGHT,-10.5,8.616666666666667,17.233333333333334,29775.25,29784.25,-9.0,-19.5,STOP,6.8,11.0
1786410600,2026-08-11,1,10.733333333333333,0.0956521739130434,2.5728985008788023,NORMAL-CHOP,OVERNIGHT,8.25,10.733333333333333,21.466666666666665,29799.0,29820.47,21.47,41.43,TARGET,2.6,40.75
1786414020,2026-08-11,-1,7.933333333333334,0.298804780876494,-1.8010603586405731,BUILDING,OVERNIGHT,-18.75,7.933333333333334,15.866666666666667,29817.25,29825.5,-8.25,-18.0,STOP,7.5,4.5
1786416360,2026-08-11,1,6.15,0.2932330827067669,3.1193851848358385,BUILDING,OVERNIGHT,9.75,6.15,12.3,29839.25,29832.75,-6.5,-14.5,STOP,1.8,1.0
1786418820,2026-08-11,1,6.066666666666666,0.4318181818181818,2.702656420812011,BUILDING,OVERNIGHT,19.0,6.066666666666666,12.133333333333333,29846.25,29839.75,-6.5,-14.5,STOP,1.0,1.25
1786419840,2026-08-11,-1,5.333333333333333,0.2209302325581395,-1.8361586936382317,BUILDING,OVERNIGHT,-9.5,5.333333333333333,10.666666666666666,29832.25,29838.0,-5.75,-13.0,STOP,7.2,4.0
1786421640,2026-08-11,1,5.0,0.4248366013071895,1.98938366696149,BUILDING,OVERNIGHT,16.25,5.0,10.0,29848.75,29843.5,-5.25,-12.0,STOP,5.3,13.25
1786422660,2026-08-11,1,4.75,0.3875,2.6961317251055488,BUILDING,OVERNIGHT,15.5,4.75,9.5,29861.25,29856.25,-5.0,-11.5,STOP,1.0,0.25
1786423440,2026-08-11,-1,5.616666666666666,0.3015873015873015,-1.74222512184613,BUILDING,OVERNIGHT,-14.25,5.616666666666666,11.233333333333333,29838.5,29844.5,-6.0,-13.5,STOP,1.2,8.25
1786424040,2026-08-11,-1,4.266666666666667,0.4214876033057851,-2.3304996607729294,BUILDING,OVERNIGHT,-12.75,4.266666666666667,8.533333333333333,29835.75,29840.5,-4.75,-11.0,STOP,4.5,20.5
1786424520,2026-08-11,-1,4.366666666666666,0.2619047619047619,-2.8693167549586454,BUILDING,OVERNIGHT,-5.5,4.366666666666666,8.733333333333333,29839.5,29830.77,8.73,15.97,TARGET,2.6,40.75
1786424760,2026-08-11,-1,4.933333333333334,0.2708333333333333,-1.5538617064226807,BUILDING,OVERNIGHT,-6.5,4.933333333333334,9.866666666666667,29834.75,29840.0,-5.25,-12.0,STOP,0.6,36.0
1786425540,2026-08-11,-1,6.0,0.1578947368421052,-1.857163809312729,DEAD-CHOP,OVERNIGHT,-7.5,6.0,12.0,29827.75,29815.75,12.0,22.5,TARGET,4.9,31.25
1786426320,2026-08-11,-1,7.533333333333333,0.8672985781990521,-1.846545848717418,BUILDING,OVERNIGHT,-45.75,7.533333333333333,15.066666666666666,29800.75,29808.75,-8.0,-17.5,STOP,1.0,13.75
1786427340,2026-08-11,-1,7.85,0.324074074074074,-1.8655336976072183,BUILDING,OVERNIGHT,-17.5,7.85,15.7,29798.5,29806.75,-8.25,-18.0,STOP,11.9,11.5
1786428600,2026-08-11,1,7.083333333333333,0.4077669902912621,3.546998193651812,BUILDING,OVERNIGHT,21.0,7.083333333333333,14.166666666666666,29820.5,29813.0,-7.5,-16.5,STOP,6.0,7.0
1786432980,2026-08-11,-1,10.25,0.1951219512195122,-3.954262545071408,NORMAL-CHOP,PRE-OPEN,-12.0,10.25,20.5,29736.25,29746.75,-10.5,-22.5,STOP,1.7,1.5
1786434780,2026-08-11,-1,8.216666666666667,0.2625698324022346,-2.3503123096015024,BUILDING,PRE-OPEN,-11.75,8.216666666666667,16.433333333333334,29758.25,29766.75,-8.5,-18.5,STOP,2.7,40.25
1786435740,2026-08-11,-1,13.2,0.086859688195991,-2.062571539777198,NORMAL-CHOP,PRE-OPEN,-9.75,13.2,26.4,29748.0,29721.6,26.4,51.3,TARGET,10.6,30.5
1786438680,2026-08-11,-1,6.9,0.1244239631336405,-1.62191018519243,DEAD-CHOP,PRE-OPEN,-6.75,6.9,13.8,29745.75,29753.0,-7.25,-16.0,STOP,1.5,27.25
1786439280,2026-08-11,-1,10.4,0.238095238095238,-3.537493434475278,BUILDING,PRE-OPEN,-21.25,10.4,20.8,29736.0,29746.75,-10.75,-23.0,STOP,6.9,17.5
1786440180,2026-08-11,1,9.716666666666669,0.2768729641693811,1.584290018410824,BUILDING,PRE-OPEN,21.25,9.716666666666669,19.433333333333337,29757.5,29747.5,-10.0,-21.5,STOP,1.5,26.75
1786440600,2026-08-11,1,9.15,0.2454212454212454,2.9203057913103185,BUILDING,PRE-OPEN,16.75,9.15,18.3,29766.0,29756.5,-9.5,-20.5,STOP,1.8,18.25
1786441260,2026-08-11,1,8.8,0.4823529411764706,1.5778713561959758,BUILDING,PRE-OPEN,30.75,8.8,17.6,29781.0,29771.75,-9.25,-20.0,STOP,2.6,2.75
1786442700,2026-08-11,-1,6.216666666666667,0.2222222222222222,-3.456670441030754,BUILDING,PRE-OPEN,-6.0,6.216666666666667,12.433333333333334,29762.25,29749.82,12.43,23.37,TARGET,9.9,12.75
1786443420,2026-08-11,1,7.433333333333334,0.1607142857142857,2.309406472182905,DEAD-CHOP,PRE-OPEN,9.0,7.433333333333334,14.866666666666667,29771.75,29786.62,14.87,28.23,TARGET,4.6,61.5
1786443960,2026-08-11,1,9.533333333333331,0.7560975609756098,4.015593233739858,BUILDING,PRE-OPEN,62.0,9.533333333333331,19.066666666666663,29818.0,29808.0,-10.0,-21.5,STOP,5.2,15.25
1786446060,2026-08-11,1,8.333333333333334,0.6595744680851063,5.757238496737261,BUILDING,PRE-OPEN,54.25,8.333333333333334,16.666666666666668,29873.25,29864.5,-8.75,-19.0,STOP,0.1,13.75
1786447920,2026-08-11,-1,7.85,0.5935828877005348,-2.9845838181152717,BUILDING,PRE-OPEN,-27.75,7.85,15.7,29822.5,29830.75,-8.25,-18.0,STOP,9.5,12.0
1786449960,2026-08-11,1,7.066666666666666,0.3209302325581395,1.9413859930187805,BUILDING,PRE-OPEN,17.25,7.066666666666666,14.133333333333333,29843.0,29857.13,14.13,26.77,TARGET,3.3,28.5
1786454820,2026-08-11,1,9.333333333333334,0.1755102040816326,1.6571333909902433,DEAD-CHOP,PRE-OPEN,10.75,9.333333333333334,18.666666666666668,29836.5,29826.75,-9.75,-21.0,STOP,2.0,9.5
1786455300,2026-08-11,-1,22.633333333333333,0.7005347593582888,-15.336799478768077,CLEAN-TREND,US,-131.0,22.633333333333333,45.266666666666666,29698.5,29721.5,-23.0,-47.5,STOP,1.3,62.5
1786455480,2026-08-11,-1,28.966666666666665,0.5520958083832336,-2.5096871807298906,CLEAN-TREND,US,-115.25,28.966666666666665,57.93333333333333,29710.75,29740.0,-29.25,-60.0,STOP,1.5,74.75
1786455720,2026-08-11,-1,35.05,0.3587487781036168,-1.9183378819642067,BUILDING,US,-91.75,35.05,70.1,29745.0,29674.9,70.1,138.7,TARGET,3.0,109.0
1786456440,2026-08-11,-1,33.06666666666667,0.144912641315519,-1.7272906666072043,VIOLENT-WHIPSAW,US,-35.25,33.06666666666667,66.13333333333334,29663.25,29696.75,-33.5,-68.5,STOP,1.6,6.5
1786456800,2026-08-11,1,30.433333333333334,0.286036036036036,1.5820879640401146,BUILDING,US,63.5,30.433333333333334,60.86666666666667,29745.5,29745.75,0.25,-1.0,TIME,30.0,47.5
1786459920,2026-08-11,1,16.316666666666666,0.4247191011235955,1.6012819736740362,CLEAN-TREND,US,47.25,16.316666666666666,32.63333333333333,29798.25,29781.5,-16.75,-35.0,STOP,1.3,5.75
1786460700,2026-08-11,-1,15.7,0.0916666666666666,-1.6431502696981843,VIOLENT-WHIPSAW,US,-11.0,15.7,31.4,29756.0,29724.6,31.4,61.3,TARGET,2.5,89.75
1786462440,2026-08-11,-1,15.25,0.2407732864674868,-2.0619364986548194,BUILDING,US,-34.25,15.25,30.5,29673.75,29689.25,-15.5,-32.5,STOP,3.2,26.75
1786464060,2026-08-11,-1,11.183333333333334,0.1705882352941176,-2.030320478409546,NORMAL-CHOP,US,-14.5,11.183333333333334,22.366666666666667,29657.25,29668.75,-11.5,-24.5,STOP,3.9,35.25
1786465500,2026-08-11,-1,12.633333333333333,0.4418604651162791,-4.463927988172316,CLEAN-TREND,US,-42.75,12.633333333333333,25.266666666666666,29634.75,29647.75,-13.0,-27.5,STOP,4.1,18.75
1786466760,2026-08-11,-1,10.15,0.1858974358974359,-1.6671939824681927,DEAD-CHOP,US,-14.5,10.15,20.3,29621.75,29632.25,-10.5,-22.5,STOP,2.5,48.75
1786467720,2026-08-11,-1,9.266666666666667,0.2432432432432432,-1.7982423037487785,BUILDING,US,-15.75,9.266666666666667,18.533333333333335,29607.5,29617.25,-9.75,-21.0,STOP,1.0,34.5
1786469700,2026-08-11,1,12.266666666666667,0.2880258899676375,1.6078977931714102,BUILDING,US,22.25,12.266666666666667,24.533333333333335,29623.5,29610.75,-12.75,-27.0,STOP,2.8,17.5
1786470600,2026-08-11,1,9.416666666666666,0.1095406360424028,1.7094356939623108,DEAD-CHOP,US,7.75,9.416666666666666,18.833333333333332,29632.0,29622.25,-9.75,-21.0,STOP,7.0,7.75
1786471560,2026-08-11,-1,9.216666666666669,0.4063604240282685,-2.25003642927271,BUILDING,US,-28.75,9.216666666666669,18.433333333333337,29605.5,29615.0,-9.5,-20.5,STOP,6.4,72.0
1786472400,2026-08-11,-1,9.916666666666666,0.5212355212355212,-1.8890933742303089,BUILDING,US,-33.75,9.916666666666666,19.833333333333332,29590.25,29570.42,19.83,38.17,TARGET,6.5,56.75
1786472940,2026-08-11,-1,11.583333333333334,0.7348703170028819,-2.167174484547254,BUILDING,US,-63.75,11.583333333333334,23.166666666666668,29543.75,29555.75,-12.0,-25.5,STOP,1.1,3.0
1786475580,2026-08-11,1,10.8,0.3109243697478991,1.8339346126468192,BUILDING,US,27.75,10.8,21.6,29614.25,29603.0,-11.25,-24.0,STOP,0.8,46.0
1786476600,2026-08-11,1,9.2,0.44,2.185134321649714,BUILDING,US,27.5,9.2,18.4,29631.75,29650.15,18.4,35.3,TARGET,6.3,28.5
1786477500,2026-08-11,-1,10.066666666666666,0.0921501706484641,-2.47147808933867,DEAD-CHOP,US,-6.75,10.066666666666666,20.133333333333333,29625.25,29635.75,-10.5,-22.5,STOP,8.7,18.5
1786486680,2026-08-11,1,8.366666666666667,0.2207792207792207,1.655113292351401,BUILDING,OVERNIGHT,12.75,8.366666666666667,16.733333333333334,29653.75,29645.0,-8.75,-19.0,STOP,12.8,13.5
1786487520,2026-08-11,-1,5.35,0.1156462585034013,-2.3602976757877965,DEAD-CHOP,OVERNIGHT,-4.25,5.35,10.7,29648.5,29654.25,-5.75,-13.0,STOP,0.4,14.75
1786488120,2026-08-11,-1,6.5,0.2037037037037037,-1.8808516001668985,BUILDING,OVERNIGHT,-11.0,6.5,13.0,29640.75,29647.5,-6.75,-15.0,STOP,4.5,7.0
1786489260,2026-08-11,1,5.066666666666666,0.3959731543624161,2.0131113418617,BUILDING,OVERNIGHT,14.75,5.066666666666666,10.133333333333333,29650.75,29645.25,-5.5,-12.5,STOP,3.4,4.0
1786491240,2026-08-11,-1,4.416666666666667,0.0891089108910891,-2.959828167336359,DEAD-CHOP,OVERNIGHT,-2.25,4.416666666666667,8.833333333333334,29640.5,29645.25,-4.75,-11.0,STOP,15.3,15.5
1786492800,2026-08-12,1,7.9,0.4426229508196721,4.2735174977146055,BUILDING,OVERNIGHT,20.25,7.9,15.8,29659.5,29651.0,-8.5,-18.5,STOP,0.1,16.5
1786492980,2026-08-12,1,11.45,0.1454545454545454,1.6091573379851245,NORMAL-CHOP,OVERNIGHT,12.0,11.45,22.9,29647.75,29636.0,-11.75,-25.0,STOP,0.8,28.25
1786493760,2026-08-12,1,12.433333333333334,0.2782874617737003,2.506891626589085,BUILDING,OVERNIGHT,22.75,12.433333333333334,24.866666666666667,29656.75,29666.0,9.25,17.0,TIME,30.0,24.75
1786496700,2026-08-12,1,7.366666666666666,0.4875,1.5038018820130972,BUILDING,OVERNIGHT,19.5,7.366666666666666,14.733333333333333,29679.25,29671.5,-7.75,-17.0,STOP,1.4,1.5
1786497480,2026-08-12,-1,8.016666666666667,0.2962962962962963,-1.5345258768666843,BUILDING,OVERNIGHT,-20.0,8.016666666666667,16.033333333333335,29653.25,29661.75,-8.5,-18.5,STOP,0.9,14.25
1786499400,2026-08-12,1,8.1,0.5193798449612403,2.957161712648245,BUILDING,OVERNIGHT,33.5,8.1,16.2,29682.25,29673.75,-8.5,-18.5,STOP,0.9,1.5
1786500420,2026-08-12,-1,8.033333333333333,0.2286995515695067,-1.9003521016477267,BUILDING,OVERNIGHT,-12.75,8.033333333333333,16.066666666666666,29652.0,29660.5,-8.5,-18.5,STOP,1.4,2.5
1786501800,2026-08-12,1,6.733333333333333,0.4560669456066946,5.980151827814709,BUILDING,OVERNIGHT,27.25,6.733333333333333,13.466666666666667,29683.5,29696.97,13.47,25.43,TARGET,17.2,27.0
1786506780,2026-08-12,-1,4.75,0.2436974789915966,-2.4579509889399107,BUILDING,OVERNIGHT,-7.25,4.75,9.5,29688.25,29693.25,-5.0,-11.5,STOP,3.7,2.0
1786510020,2026-08-12,1,4.8,0.4558823529411764,3.504965850989985,BUILDING,OVERNIGHT,15.5,4.8,9.6,29704.0,29713.6,9.6,17.7,TARGET,0.8,12.75
1786510620,2026-08-12,1,4.583333333333333,0.6869565217391305,2.336182238651064,BUILDING,OVERNIGHT,19.75,4.583333333333333,9.166666666666666,29714.0,29709.0,-5.0,-11.5,STOP,4.4,1.75
1786511040,2026-08-12,-1,3.583333333333333,0.4105263157894737,-1.7787978390789028,BUILDING,OVERNIGHT,-9.75,3.583333333333333,7.166666666666666,29702.25,29695.08,7.17,12.83,TARGET,1.3,34.25
1786511700,2026-08-12,-1,5.9,0.492822966507177,-5.9178786862508455,BUILDING,OVERNIGHT,-25.75,5.9,11.8,29685.25,29691.5,-6.25,-14.0,STOP,0.6,17.25
1786512000,2026-08-12,-1,6.316666666666666,0.4537037037037037,-4.656711705833674,BUILDING,OVERNIGHT,-24.5,6.316666666666666,12.633333333333333,29676.0,29682.75,-6.75,-15.0,STOP,4.2,8.0
1786513920,2026-08-12,1,4.55,0.1181102362204724,1.9621015208455197,DEAD-CHOP,OVERNIGHT,3.75,4.55,9.1,29709.0,29718.1,9.1,16.7,TARGET,2.1,15.5
1786514400,2026-08-12,1,4.6,0.6058394160583942,2.3933907786844038,BUILDING,OVERNIGHT,20.75,4.6,9.2,29721.0,29716.0,-5.0,-11.5,STOP,3.0,3.5
1786516620,2026-08-12,1,5.183333333333334,0.4899328859060403,1.5342928242307097,BUILDING,OVERNIGHT,18.25,5.183333333333334,10.366666666666667,29719.5,29729.87,10.37,19.23,TARGET,0.7,35.25
1786517220,2026-08-12,1,6.15,0.3246753246753247,2.44268803070398,BUILDING,OVERNIGHT,12.5,6.15,12.3,29725.5,29737.8,12.3,23.1,TARGET,12.0,29.25
1786518180,2026-08-12,1,5.65,0.3333333333333333,2.085241629977229,BUILDING,PRE-OPEN,13.75,5.65,11.3,29741.25,29752.55,11.3,21.1,TARGET,2.4,13.5
1786519500,2026-08-12,-1,5.283333333333333,0.3,-1.9687265399522975,BUILDING,PRE-OPEN,-10.5,5.283333333333333,10.566666666666666,29728.25,29734.0,-5.75,-13.0,STOP,1.0,-1.0
1786521600,2026-08-12,1,4.816666666666666,0.6880733944954128,7.040949582744071,BUILDING,PRE-OPEN,18.75,4.816666666666666,9.633333333333333,29753.75,29763.38,9.63,17.77,TARGET,1.1,39.0
1786524360,2026-08-12,1,5.9,0.1746031746031746,1.79460604401416,DEAD-CHOP,PRE-OPEN,8.25,5.9,11.8,29783.0,29794.8,11.8,22.1,TARGET,3.3,31.0
1786525320,2026-08-12,1,4.083333333333333,0.4693877551020408,1.9115664277903983,BUILDING,PRE-OPEN,11.5,4.083333333333333,8.166666666666666,29800.25,29795.75,-4.5,-10.5,STOP,0.7,48.75
1786525740,2026-08-12,1,5.1,0.3617021276595745,3.0473530000630817,BUILDING,PRE-OPEN,12.75,5.1,10.2,29811.0,29805.5,-5.5,-12.5,STOP,8.1,38.0
1786526520,2026-08-12,1,4.733333333333333,0.4615384615384615,2.608894259362307,BUILDING,PRE-OPEN,12.0,4.733333333333333,9.466666666666667,29817.0,29811.5,-5.5,-12.5,STOP,0.2,32.0
1786526700,2026-08-12,1,7.65,0.4261603375527426,2.256158963389972,BUILDING,PRE-OPEN,25.25,7.65,15.3,29835.75,29827.75,-8.0,-17.5,STOP,1.6,3.5
1786528200,2026-08-12,-1,5.733333333333333,0.2028985507246377,-1.6123902163414878,BUILDING,PRE-OPEN,-7.0,5.733333333333333,11.466666666666667,29825.75,29814.28,11.47,21.43,TARGET,0.5,23.25
1786531680,2026-08-12,-1,5.816666666666666,0.4814814814814814,-9.038095879818512,BUILDING,PRE-OPEN,-22.75,5.816666666666666,11.633333333333333,29808.5,29796.87,11.63,21.77,TARGET,0.0,26.25
1786533900,2026-08-12,-1,6.5,0.2946428571428571,-2.5069646673664794,BUILDING,PRE-OPEN,-16.5,6.5,13.0,29817.25,29824.0,-6.75,-15.0,STOP,8.2,11.25
1786536060,2026-08-12,1,6.366666666666666,0.7701149425287356,1.5163526180359954,BUILDING,PRE-OPEN,33.5,6.366666666666666,12.733333333333333,29856.5,29849.75,-6.75,-15.0,STOP,1.9,93.5
1786537560,2026-08-12,1,9.033333333333331,0.2567567567567567,1.66266826622668,BUILDING,PRE-OPEN,19.0,9.033333333333331,18.066666666666663,29851.5,29869.57,18.07,34.63,TARGET,2.0,98.5
1786537740,2026-08-12,1,13.666666666666666,0.6551724137931034,10.96927174289922,CLEAN-TREND,PRE-OPEN,76.0,13.666666666666666,27.333333333333332,29906.0,29933.33,27.33,53.17,TARGET,0.0,44.0
1786538880,2026-08-12,1,15.883333333333333,0.1447368421052631,1.874619887714004,VIOLENT-WHIPSAW,PRE-OPEN,16.5,15.883333333333333,31.766666666666666,29912.75,29944.52,31.77,62.03,TARGET,27.2,43.5
1786541220,2026-08-12,1,10.033333333333331,0.719626168224299,3.275672691637821,BUILDING,PRE-OPEN,57.75,10.033333333333331,20.066666666666663,29983.0,29972.5,-10.5,-22.5,STOP,0.7,18.5
1786541700,2026-08-12,-1,24.016666666666666,0.3635250917992656,-6.129047311650484,BUILDING,US,-74.25,24.016666666666666,48.03333333333333,29897.5,29922.0,-24.5,-50.5,STOP,0.3,49.25
1786541880,2026-08-12,-1,30.3,0.2858536585365853,-1.768438253118035,BUILDING,US,-73.25,30.3,60.6,29894.75,29925.5,-30.75,-63.0,STOP,8.7,46.5
1786542480,2026-08-12,1,33.71666666666667,0.2032967032967033,3.3468139724062533,BUILDING,US,55.5,33.71666666666667,67.43333333333334,29967.25,29933.25,-34.0,-69.5,STOP,2.4,2.0
1786542960,2026-08-12,-1,29.416666666666668,0.0961737331954498,-1.7971754985173611,VIOLENT-WHIPSAW,US,-23.25,29.416666666666668,58.833333333333336,29863.5,29893.25,-29.75,-61.0,STOP,1.1,15.25
1786543320,2026-08-12,-1,30.73333333333333,0.1415182755388941,-2.570928577871977,VIOLENT-WHIPSAW,US,-37.75,30.73333333333333,61.46666666666666,29877.5,29908.5,-31.0,-63.5,STOP,4.1,41.75
1786543800,2026-08-12,1,26.53333333333333,0.1111111111111111,2.3556249667563125,VIOLENT-WHIPSAW,US,24.0,26.53333333333333,53.06666666666666,29925.75,29898.75,-27.0,-55.5,STOP,2.2,20.5
1786544760,2026-08-12,1,22.466666666666665,0.1165980795610425,2.3452877325874364,VIOLENT-WHIPSAW,US,21.25,22.466666666666665,44.93333333333333,29942.5,29919.75,-22.75,-47.0,STOP,2.1,1.75
1786545720,2026-08-12,-1,26.316666666666663,0.197389885807504,-1.8259943049980256,VIOLENT-WHIPSAW,US,-30.25,26.316666666666663,52.633333333333326,29904.25,29931.0,-26.75,-55.0,STOP,3.4,65.5
1786548720,2026-08-12,-1,15.966666666666669,0.3558558558558558,-2.994026308628888,BUILDING,US,-39.5,15.966666666666669,31.933333333333337,29843.5,29859.75,-16.25,-34.0,STOP,29.2,24.75
1786552800,2026-08-12,1,10.366666666666667,0.0643274853801169,1.79546032179886,NORMAL-CHOP,US,5.5,10.366666666666667,20.733333333333334,29890.5,29879.75,-10.75,-23.0,STOP,5.2,34.0
1786553280,2026-08-12,1,9.933333333333334,0.4494773519163763,1.5604670409344703,BUILDING,US,32.25,9.933333333333334,19.866666666666667,29893.0,29912.87,19.87,38.23,TARGET,1.7,31.5
1786554240,2026-08-12,1,8.366666666666667,0.3949579831932773,1.668599973957827,BUILDING,US,23.5,8.366666666666667,16.733333333333334,29919.5,29910.75,-8.75,-19.0,STOP,4.7,5.0
1786554900,2026-08-12,-1,8.3,0.2191235059760956,-1.5739376811477157,BUILDING,US,-13.75,8.3,16.6,29895.5,29904.25,-8.75,-19.0,STOP,4.4,7.25
1786555980,2026-08-12,1,8.15,0.2936170212765957,1.6578228623504654,BUILDING,US,17.25,8.15,16.3,29911.0,29902.5,-8.5,-18.5,STOP,21.4,13.0
1786558260,2026-08-12,1,7.083333333333333,0.1643192488262911,1.609736195852973,DEAD-CHOP,US,8.75,7.083333333333333,14.166666666666666,29916.25,29908.75,-7.5,-16.5,STOP,2.6,12.5
1786560060,2026-08-12,1,6.8,0.4351851851851852,3.2104073438688183,BUILDING,US,23.5,6.8,13.6,29925.75,29918.5,-7.25,-16.0,STOP,1.7,1.75
1786561020,2026-08-12,-1,7.233333333333333,0.5276752767527675,-2.131282659043748,BUILDING,US,-35.75,7.233333333333333,14.466666666666667,29886.5,29894.0,-7.5,-16.5,STOP,0.2,29.5
1786561800,2026-08-12,-1,8.133333333333333,0.2426470588235294,-1.7756164411932351,BUILDING,US,-16.5,8.133333333333333,16.266666666666666,29885.0,29893.5,-8.5,-18.5,STOP,5.5,41.5
1786562400,2026-08-12,-1,8.033333333333333,0.4838709677419355,-2.391966584415151,BUILDING,US,-22.5,8.033333333333333,16.066666666666666,29876.75,29860.68,16.07,30.63,TARGET,6.6,45.0
1786563600,2026-08-12,-1,8.7,0.25,-1.7323549356780965,BUILDING,US,-17.0,8.7,17.4,29852.25,29834.85,17.4,33.3,TARGET,2.2,26.75
1786563900,2026-08-12,-1,8.983333333333333,0.1538461538461538,-1.6842740688249682,DEAD-CHOP,US,-10.0,8.983333333333333,17.966666666666665,29845.5,29854.75,-9.25,-20.0,STOP,1.7,20.0
1786564200,2026-08-12,-1,11.0,0.1331592689295039,-1.8034330353614327,NORMAL-CHOP,US,-12.75,11.0,22.0,29848.25,29859.5,-11.25,-24.0,STOP,2.9,22.75
1786565100,2026-08-12,1,16.3,0.3395872420262664,3.762067059160872,BUILDING,OVERNIGHT,45.25,16.3,32.6,29895.0,29878.25,-16.75,-35.0,STOP,0.8,1.0
1786572960,2026-08-12,-1,7.85,0.4035087719298245,-3.0273216766354487,BUILDING,OVERNIGHT,-17.25,7.85,15.7,29799.75,29784.05,15.7,29.9,TARGET,10.0,19.25
1786573860,2026-08-12,-1,7.083333333333333,0.227906976744186,-3.304526964114568,BUILDING,OVERNIGHT,-12.25,7.083333333333333,14.166666666666666,29786.25,29793.75,-7.5,-16.5,STOP,11.0,5.75
1786574760,2026-08-12,1,5.516666666666667,0.4809160305343511,2.374006749542036,BUILDING,OVERNIGHT,15.75,5.516666666666667,11.033333333333333,29802.0,29795.75,-6.25,-14.0,STOP,0.1,15.25
1786576320,2026-08-12,1,5.0,0.3577981651376147,3.479593235345349,BUILDING,OVERNIGHT,9.75,5.0,10.0,29810.0,29804.75,-5.25,-12.0,STOP,6.0,6.25
1786577160,2026-08-12,-1,4.4,0.1623931623931624,-1.6092147642239716,DEAD-CHOP,OVERNIGHT,-4.75,4.4,8.8,29802.5,29807.25,-4.75,-11.0,STOP,1.4,10.0
1786577520,2026-08-12,-1,4.3,0.2835820895522388,-2.1626788682482783,BUILDING,OVERNIGHT,-9.5,4.3,8.6,29795.75,29800.5,-4.75,-11.0,STOP,1.0,2.75
1786577940,2026-08-12,1,5.133333333333334,0.119047619047619,1.9028323532898848,DEAD-CHOP,OVERNIGHT,5.0,5.133333333333334,10.266666666666667,29812.75,29807.25,-5.5,-12.5,STOP,0.8,51.5
1786578360,2026-08-12,-1,6.533333333333333,0.1485148514851485,-2.738132823070456,DEAD-CHOP,OVERNIGHT,-7.5,6.533333333333333,13.066666666666666,29798.25,29805.25,-7.0,-15.5,STOP,4.7,5.25
1786579020,2026-08-12,-1,6.383333333333334,0.1910112359550561,-2.632995962695498,DEAD-CHOP,OVERNIGHT,-8.5,6.383333333333334,12.766666666666667,29799.5,29806.25,-6.75,-15.0,STOP,1.3,3.0
1786579260,2026-08-13,1,8.533333333333333,0.6144578313253012,6.204757425087121,BUILDING,OVERNIGHT,38.25,8.533333333333333,17.066666666666666,29836.5,29853.57,17.07,32.63,TARGET,1.4,30.0
1786581720,2026-08-13,-1,9.483333333333333,0.2941176470588235,-1.6292881898268357,BUILDING,OVERNIGHT,-13.75,9.483333333333333,18.966666666666665,29833.0,29842.75,-9.75,-21.0,STOP,1.3,11.75
1786582860,2026-08-13,-1,8.95,0.1764705882352941,-3.198986328071193,DEAD-CHOP,OVERNIGHT,-12.0,8.95,17.9,29829.0,29838.25,-9.25,-20.0,STOP,3.9,20.75
1786583400,2026-08-13,1,9.333333333333334,0.2159468438538206,2.9314349599356007,BUILDING,OVERNIGHT,16.25,9.333333333333334,18.666666666666668,29848.75,29839.0,-9.75,-21.0,STOP,1.4,3.0
1786584300,2026-08-13,-1,8.3,0.4360902255639097,-2.432926474646841,BUILDING,OVERNIGHT,-29.0,8.3,16.6,29820.5,29829.25,-8.75,-19.0,STOP,7.3,12.25
1786586040,2026-08-13,1,7.7,0.2489795918367346,2.951308582862907,BUILDING,OVERNIGHT,15.25,7.7,15.4,29855.0,29870.4,15.4,29.3,TARGET,8.7,17.0
1786587720,2026-08-13,1,4.866666666666666,0.1703703703703703,1.590754059171175,DEAD-CHOP,OVERNIGHT,5.75,4.866666666666666,9.733333333333333,29864.75,29859.5,-5.25,-12.0,STOP,6.3,13.0
1786588200,2026-08-13,-1,5.45,0.1891891891891892,-1.5112074319589732,DEAD-CHOP,OVERNIGHT,-8.75,5.45,10.9,29852.75,29841.85,10.9,20.3,TARGET,2.3,21.75
1786588920,2026-08-13,1,9.0,0.1164383561643835,2.1188238373130672,DEAD-CHOP,OVERNIGHT,8.5,9.0,18.0,29873.0,29869.25,-3.75,-9.0,TIME,30.0,4.75
1786591980,2026-08-13,-1,3.966666666666667,0.2580645161290322,-1.8645306357286635,BUILDING,OVERNIGHT,-8.0,3.966666666666667,7.933333333333334,29868.25,29872.5,-4.25,-10.0,STOP,0.2,0.25
1786593780,2026-08-13,1,2.75,0.3548387096774194,6.238796251033213,BUILDING,OVERNIGHT,5.5,2.75,5.5,29882.0,29887.5,5.5,9.5,TARGET,2.6,10.25
1786594800,2026-08-13,-1,4.883333333333334,0.3742331288343558,-2.5536740214669584,BUILDING,OVERNIGHT,-15.25,4.883333333333334,9.766666666666667,29870.0,29860.23,9.77,18.03,TARGET,0.9,16.0
1786595040,2026-08-13,-1,6.383333333333334,0.3562231759656652,-2.570067446985413,BUILDING,OVERNIGHT,-20.75,6.383333333333334,12.766666666666667,29867.5,29874.25,-6.75,-15.0,STOP,0.1,-0.0
1786595760,2026-08-13,1,6.783333333333333,0.5181818181818182,2.0269142877689896,BUILDING,OVERNIGHT,28.5,6.783333333333333,13.566666666666666,29890.25,29883.0,-7.25,-16.0,STOP,2.7,7.75
1786596540,2026-08-13,1,6.233333333333333,0.0909090909090909,1.5039475622215972,DEAD-CHOP,OVERNIGHT,3.25,6.233333333333333,12.466666666666667,29889.75,29883.25,-6.5,-14.5,STOP,9.2,31.75
1786597440,2026-08-13,1,5.966666666666667,0.0927835051546391,1.9426654713493343,DEAD-CHOP,OVERNIGHT,4.5,5.966666666666667,11.933333333333334,29894.75,29906.68,11.93,22.37,TARGET,8.1,29.5
1786599540,2026-08-13,-1,6.8,0.0829694323144104,-2.5198463494469987,DEAD-CHOP,OVERNIGHT,-4.75,6.8,13.6,29907.0,29893.4,13.6,25.7,TARGET,19.5,38.5
1786602720,2026-08-13,1,7.1,0.1711711711711711,1.6549203237977717,DEAD-CHOP,OVERNIGHT,9.5,7.1,14.2,29901.25,29893.75,-7.5,-16.5,STOP,1.0,1.75
1786603140,2026-08-13,-1,7.95,0.4328358208955223,-1.74020325509316,BUILDING,OVERNIGHT,-29.0,7.95,15.9,29876.0,29860.1,15.9,30.3,TARGET,7.0,30.5
1786604400,2026-08-13,1,6.683333333333334,0.5634517766497462,1.7277993587934986,BUILDING,PRE-OPEN,27.75,6.683333333333334,13.366666666666667,29890.75,29883.75,-7.0,-15.5,STOP,0.1,-0.25
1786604820,2026-08-13,-1,8.933333333333334,0.2066666666666666,-4.153637472865138,BUILDING,PRE-OPEN,-15.5,8.933333333333334,17.866666666666667,29849.0,29858.25,-9.25,-20.0,STOP,7.3,5.25
1786608000,2026-08-13,-1,6.666666666666667,0.2325581395348837,-3.642346970956485,BUILDING,PRE-OPEN,-10.0,6.666666666666667,13.333333333333334,29864.75,29871.75,-7.0,-15.5,STOP,0.5,37.25
1786608120,2026-08-13,-1,7.75,0.3152173913043478,-2.527679122310019,BUILDING,PRE-OPEN,-14.5,7.75,15.5,29851.75,29836.25,15.5,29.5,TARGET,0.7,24.25
1786609500,2026-08-13,1,10.816666666666666,0.1666666666666666,1.781352053214654,NORMAL-CHOP,PRE-OPEN,13.5,10.816666666666666,21.633333333333333,29857.25,29846.0,-11.25,-24.0,STOP,11.6,18.0
1786610580,2026-08-13,1,7.066666666666666,0.1014492753623188,1.515402947198353,DEAD-CHOP,PRE-OPEN,5.25,7.066666666666666,14.133333333333333,29863.0,29855.5,-7.5,-16.5,STOP,3.5,12.25
1786611060,2026-08-13,1,6.166666666666667,0.4035087719298245,2.788284607767593,BUILDING,PRE-OPEN,23.0,6.166666666666667,12.333333333333334,29873.5,29866.75,-6.75,-15.0,STOP,0.9,1.75
1786616520,2026-08-13,1,4.35,0.4845360824742268,2.532075369038177,BUILDING,PRE-OPEN,11.75,4.35,8.7,29884.0,29879.25,-4.75,-11.0,STOP,0.3,2.25
1786618800,2026-08-13,1,5.033333333333333,0.3205128205128205,5.705087692134772,BUILDING,PRE-OPEN,12.5,5.033333333333333,10.066666666666666,29888.5,29883.0,-5.5,-12.5,STOP,0.8,3.75
1786619820,2026-08-13,-1,5.85,0.3666666666666666,-1.8165305996909056,BUILDING,PRE-OPEN,-16.5,5.85,11.7,29866.5,29872.75,-6.25,-14.0,STOP,17.0,11.25
1786621500,2026-08-13,1,6.65,0.6881720430107527,4.031942231051246,BUILDING,PRE-OPEN,32.0,6.65,13.3,29893.75,29886.75,-7.0,-15.5,STOP,2.9,0.75
1786621740,2026-08-13,1,5.766666666666667,0.365079365079365,1.96070607011294,BUILDING,PRE-OPEN,17.25,5.766666666666667,11.533333333333333,29888.25,29882.0,-6.25,-14.0,STOP,0.4,0.75
1786622400,2026-08-13,-1,7.716666666666667,0.4896551724137931,-3.350731311959714,BUILDING,PRE-OPEN,-35.5,7.716666666666667,15.433333333333334,29857.5,29842.07,15.43,29.37,TARGET,2.7,44.5
1786623000,2026-08-13,-1,8.416666666666666,0.6739130434782609,-1.726204273678317,BUILDING,PRE-OPEN,-46.5,8.416666666666666,16.833333333333332,29838.75,29847.5,-8.75,-19.0,STOP,0.9,25.75
1786623480,2026-08-13,-1,8.983333333333333,0.3,-2.5717736275349603,BUILDING,PRE-OPEN,-21.0,8.983333333333333,17.966666666666665,29819.75,29829.0,-9.25,-20.0,STOP,4.2,6.75
1786624200,2026-08-13,1,14.316666666666666,0.1133501259445843,3.916110293930665,NORMAL-CHOP,PRE-OPEN,11.25,14.316666666666666,28.633333333333333,29851.25,29836.5,-14.75,-31.0,STOP,0.2,41.0
1786624440,2026-08-13,1,16.616666666666667,0.2441613588110403,1.8152437967034405,BUILDING,PRE-OPEN,28.75,16.616666666666667,33.233333333333334,29846.5,29879.73,33.23,64.97,TARGET,20.9,64.25
1786625940,2026-08-13,1,10.5,0.371900826446281,1.7704721413454905,BUILDING,PRE-OPEN,33.75,10.5,21.0,29880.5,29901.5,21.0,40.5,TARGET,3.6,40.5
1786627800,2026-08-13,-1,9.3,0.1557788944723618,-4.905798114452666,DEAD-CHOP,US,-7.75,9.3,18.6,29893.75,29903.5,-9.75,-21.0,STOP,0.3,31.0
1786628040,2026-08-13,1,17.566666666666666,0.2548330404217926,9.888516150923042,BUILDING,US,36.25,17.566666666666666,35.13333333333333,29945.25,29980.38,35.13,68.77,TARGET,1.0,241.0
1786628340,2026-08-13,1,24.33333333333333,0.5733041575492341,3.8919556286119343,CLEAN-TREND,US,131.0,24.33333333333333,48.66666666666666,30039.5,30014.75,-24.75,-51.0,STOP,1.9,150.75
1786628700,2026-08-13,1,32.45,0.4996265870052278,2.208194395339091,CLEAN-TREND,US,167.25,32.45,64.9,30064.5,30129.4,64.9,128.3,TARGET,3.2,150.0
1786629240,2026-08-13,1,27.98333333333333,0.3916211293260473,1.72095612169138,BUILDING,US,107.5,27.98333333333333,55.96666666666666,30147.0,30202.97,55.97,110.43,TARGET,16.5,72.0
1786631280,2026-08-13,1,14.683333333333334,0.3377926421404682,5.115120728980373,BUILDING,US,25.25,14.683333333333334,29.366666666666667,30231.0,30260.37,29.37,57.23,TARGET,3.8,36.0
1786632300,2026-08-13,-1,12.666666666666666,0.154228855721393,-3.1783543014625493,NORMAL-CHOP,US,-15.5,12.666666666666666,25.333333333333332,30219.75,30232.75,-13.0,-27.5,STOP,0.5,25.75
1786632900,2026-08-13,-1,15.916666666666666,0.4071146245059288,-2.2288298843852874,CLEAN-TREND,US,-51.5,15.916666666666666,31.833333333333332,30204.75,30221.0,-16.25,-34.0,STOP,4.8,10.75
1786633680,2026-08-13,-1,16.916666666666668,0.0963455149501661,-1.6373607715310443,VIOLENT-WHIPSAW,US,-14.5,16.916666666666668,33.833333333333336,30204.25,30221.5,-17.25,-36.0,STOP,1.7,75.75
1786635120,2026-08-13,-1,17.85,0.3692946058091286,-1.979846401415804,BUILDING,US,-44.5,17.85,35.7,30168.75,30133.05,35.7,69.9,TARGET,3.5,64.75
1786636260,2026-08-13,-1,15.15,0.1608133086876155,-1.7459209882816522,NORMAL-CHOP,US,-21.75,15.15,30.3,30120.25,30135.75,-15.5,-32.5,STOP,5.4,16.25
1786638300,2026-08-13,1,12.116666666666667,0.2171428571428571,2.2885762680988435,BUILDING,US,19.0,12.116666666666667,24.233333333333334,30184.75,30172.25,-12.5,-26.5,STOP,13.7,18.75
1786640400,2026-08-13,1,7.65,0.35,1.7582330781521147,BUILDING,US,21.0,7.65,15.3,30209.5,30224.8,15.3,29.1,TARGET,4.8,40.75
1786642920,2026-08-13,-1,7.133333333333334,0.4150943396226415,-1.6675968798894647,BUILDING,US,-22.0,7.133333333333334,14.266666666666667,30220.5,30228.0,-7.5,-16.5,STOP,2.9,31.25
1786645200,2026-08-13,-1,8.416666666666666,0.2935323383084577,-1.92983821343506,BUILDING,US,-14.75,8.416666666666666,16.833333333333332,30198.0,30181.17,16.83,32.17,TARGET,3.8,17.0
1786645920,2026-08-13,1,8.483333333333333,0.073015873015873,1.5527691316746506,DEAD-CHOP,US,5.75,8.483333333333333,16.966666666666665,30207.75,30224.72,16.97,32.43,TARGET,7.1,47.25
1786647600,2026-08-13,1,6.716666666666667,0.4619883040935672,3.834989480030209,BUILDING,US,19.75,6.716666666666667,13.433333333333334,30253.75,30246.75,-7.0,-15.5,STOP,3.3,19.5
1786648080,2026-08-13,1,7.95,0.4545454545454545,3.3975540338982086,BUILDING,US,26.25,7.95,15.9,30268.75,30260.5,-8.25,-18.0,STOP,1.7,4.5
1786648380,2026-08-13,-1,9.433333333333334,0.092063492063492,-2.2498234775675647,DEAD-CHOP,US,-7.25,9.433333333333334,18.866666666666667,30235.0,30244.75,-9.75,-21.0,STOP,6.9,27.25
1786649100,2026-08-13,-1,9.866666666666667,0.4642857142857143,-1.7911929132164293,BUILDING,US,-39.0,9.866666666666667,19.733333333333334,30222.75,30203.02,19.73,37.97,TARGET,18.8,49.25
1786650600,2026-08-13,-1,9.416666666666666,0.4015151515151515,-3.996313768048316,BUILDING,US,-26.5,9.416666666666666,18.833333333333332,30189.75,30199.5,-9.75,-21.0,STOP,3.1,48.75
1786650900,2026-08-13,-1,11.683333333333334,0.5384615384615384,-7.601095903464275,BUILDING,US,-40.25,11.683333333333334,23.366666666666667,30180.0,30192.0,-12.0,-25.5,STOP,3.3,39.0
1786659660,2026-08-13,-1,6.816666666666666,0.1397849462365591,-2.1693694616563604,DEAD-CHOP,OVERNIGHT,-6.5,6.816666666666666,13.633333333333333,30195.75,30203.0,-7.25,-16.0,STOP,8.2,1.25
1786662840,2026-08-13,1,4.233333333333333,0.6058394160583942,8.890057022898004,BUILDING,OVERNIGHT,20.75,4.233333333333333,8.466666666666667,30225.25,30220.75,-4.5,-10.5,STOP,0.2,2.0
1786663320,2026-08-13,-1,5.883333333333334,0.1182795698924731,-2.047117689432104,DEAD-CHOP,OVERNIGHT,-5.5,5.883333333333334,11.766666666666667,30208.75,30196.98,11.77,22.03,TARGET,0.9,20.0
1786665900,2026-08-14,1,7.3,0.4948453608247423,2.6736619212550927,BUILDING,OVERNIGHT,24.0,7.3,14.6,30217.0,30209.25,-7.75,-17.0,STOP,0.6,4.5
1786666140,2026-08-14,1,9.966666666666669,0.1806451612903225,2.323446466503294,DEAD-CHOP,OVERNIGHT,14.0,9.966666666666669,19.933333333333337,30211.25,30201.0,-10.25,-22.0,STOP,1.7,2.25
1786666560,2026-08-14,-1,11.533333333333331,0.4606060606060606,-7.669569833500801,BUILDING,OVERNIGHT,-38.0,11.533333333333331,23.066666666666663,30180.75,30182.75,-2.0,-5.5,TIME,30.0,7.0
1786668480,2026-08-14,-1,5.783333333333333,0.2167832167832167,-1.6716086710882907,BUILDING,OVERNIGHT,-7.75,5.783333333333333,11.566666666666666,30175.0,30181.25,-6.25,-14.0,STOP,2.0,50.75
1786669320,2026-08-14,-1,7.833333333333333,0.6075471698113207,-5.14126886186842,BUILDING,OVERNIGHT,-40.25,7.833333333333333,15.666666666666666,30140.5,30148.75,-8.25,-18.0,STOP,3.8,16.25
1786671780,2026-08-14,1,6.55,0.1655629139072847,1.5709932588435704,DEAD-CHOP,OVERNIGHT,6.25,6.55,13.1,30158.75,30151.75,-7.0,-15.5,STOP,10.0,14.5
1786672980,2026-08-14,1,7.4,0.1358024691358024,2.39971567013469,DEAD-CHOP,OVERNIGHT,8.25,7.4,14.8,30169.75,30162.0,-7.75,-17.0,STOP,5.0,7.25
1786674720,2026-08-14,1,5.65,0.2837837837837837,2.973590898275964,BUILDING,OVERNIGHT,10.5,5.65,11.3,30172.25,30166.25,-6.0,-13.5,STOP,14.0,8.75
1786678080,2026-08-14,1,3.966666666666667,0.5272727272727272,1.7578001525895293,BUILDING,OVERNIGHT,14.5,3.966666666666667,7.933333333333334,30178.5,30186.43,7.93,14.37,TARGET,1.0,9.75
1786682100,2026-08-14,-1,5.216666666666667,0.4074074074074074,-5.5097756448170045,BUILDING,OVERNIGHT,-13.75,5.216666666666667,10.433333333333334,30143.5,30149.25,-5.75,-13.0,STOP,1.9,8.75
1786685640,2026-08-14,1,4.8,0.4081632653061224,3.3653887523610413,BUILDING,OVERNIGHT,10.0,4.8,9.6,30152.75,30162.35,9.6,17.7,TARGET,0.7,31.25
1786686240,2026-08-14,1,5.683333333333334,0.3828571428571428,2.196375974123915,BUILDING,OVERNIGHT,16.75,5.683333333333334,11.366666666666667,30167.0,30178.37,11.37,21.23,TARGET,10.3,17.0
1786688100,2026-08-14,-1,6.35,0.5048543689320388,-3.202558901398576,BUILDING,OVERNIGHT,-26.0,6.35,12.7,30149.5,30156.25,-6.75,-15.0,STOP,3.3,1.25
1786690140,2026-08-14,1,3.966666666666667,0.4049586776859504,2.67688289969981,BUILDING,OVERNIGHT,12.25,3.966666666666667,7.933333333333334,30167.25,30175.18,7.93,14.37,TARGET,2.5,27.25
1786690980,2026-08-14,1,5.15,0.7062937062937062,5.431857116871398,BUILDING,PRE-OPEN,25.25,5.15,10.3,30192.75,30187.25,-5.5,-12.5,STOP,0.6,1.75
1786691100,2026-08-14,1,5.933333333333334,0.1525423728813559,2.722461732888509,DEAD-CHOP,PRE-OPEN,6.75,5.933333333333334,11.866666666666667,30179.25,30191.12,11.87,22.23,TARGET,3.0,15.25
1786693440,2026-08-14,1,4.6,0.6235294117647059,5.471860651938699,BUILDING,PRE-OPEN,26.5,4.6,9.2,30203.5,30198.5,-5.0,-11.5,STOP,1.0,31.5
1786694340,2026-08-14,-1,5.05,0.2117647058823529,-7.372447298206646,BUILDING,PRE-OPEN,-9.0,5.05,10.1,30194.25,30199.75,-5.5,-12.5,STOP,0.1,7.25
1786694580,2026-08-14,1,8.233333333333333,0.1132686084142394,1.5222983586332328,DEAD-CHOP,PRE-OPEN,8.75,8.233333333333333,16.466666666666665,30209.75,30226.22,16.47,31.43,TARGET,1.6,28.25
1786695720,2026-08-14,-1,9.633333333333333,0.3076923076923077,-5.743770713889464,BUILDING,PRE-OPEN,-22.0,9.633333333333333,19.266666666666666,30206.0,30216.0,-10.0,-21.5,STOP,4.4,-0.0
1786697340,2026-08-14,1,5.35,0.1076923076923077,1.9742703607710996,DEAD-CHOP,PRE-OPEN,3.5,5.35,10.7,30236.5,30230.75,-5.75,-13.0,STOP,0.4,0.25
1786698000,2026-08-14,-1,5.616666666666666,0.3098591549295774,-2.033151839068387,BUILDING,PRE-OPEN,-11.0,5.616666666666666,11.233333333333333,30219.75,30225.75,-6.0,-13.5,STOP,23.3,9.0
1786703460,2026-08-14,-1,4.583333333333333,0.2428571428571428,-1.5617891918461548,BUILDING,PRE-OPEN,-8.5,4.583333333333333,9.166666666666666,30229.5,30234.5,-5.0,-11.5,STOP,2.0,6.0
1786704300,2026-08-14,1,5.55,0.2235294117647059,2.4759934312613767,BUILDING,PRE-OPEN,9.5,5.55,11.1,30240.0,30233.75,-6.25,-14.0,STOP,0.8,22.25
1786704780,2026-08-14,1,5.25,0.3465346534653465,2.3496766648720957,BUILDING,PRE-OPEN,17.5,5.25,10.5,30246.0,30240.5,-5.5,-12.5,STOP,1.8,16.25
1786708080,2026-08-14,1,6.116666666666666,0.2705882352941176,1.574912688636226,BUILDING,PRE-OPEN,11.5,6.116666666666666,12.233333333333333,30261.5,30273.73,12.23,22.97,TARGET,14.9,18.75
1786709520,2026-08-14,-1,8.4,0.3098591549295774,-3.7228699521815782,BUILDING,PRE-OPEN,-22.0,8.4,16.8,30240.25,30223.45,16.8,32.1,TARGET,0.5,33.5
1786712700,2026-08-14,1,6.766666666666667,0.2521739130434782,2.590173613183285,BUILDING,PRE-OPEN,14.5,6.766666666666667,13.533333333333333,30281.0,30273.5,-7.5,-16.5,STOP,0.1,-0.25
1786714080,2026-08-14,-1,9.616666666666667,0.25,-1.7228894585711632,BUILDING,PRE-OPEN,-17.5,9.616666666666667,19.233333333333334,30242.5,30252.5,-10.0,-21.5,STOP,1.2,72.5
1786714380,2026-08-14,-1,16.7,0.4173669467787115,-4.536795342540827,CLEAN-TREND,US,-37.25,16.7,33.4,30213.25,30179.85,33.4,65.3,TARGET,3.0,43.25
1786714800,2026-08-14,-1,23.6,0.2876712328767123,-2.783667067117652,BUILDING,US,-42.0,23.6,47.2,30207.25,30231.25,-24.0,-49.5,STOP,0.7,14.25
1786715040,2026-08-14,1,27.916666666666668,0.1078561917443408,1.5243945251323898,VIOLENT-WHIPSAW,US,20.25,27.916666666666668,55.833333333333336,30261.0,30232.75,-28.25,-58.0,STOP,2.0,19.75
1786715280,2026-08-14,1,26.58333333333333,0.280593325092707,2.4422508356151607,BUILDING,US,56.75,26.58333333333333,53.16666666666666,30270.25,30243.25,-27.0,-55.5,STOP,0.4,4.5
1786715460,2026-08-14,1,28.916666666666668,0.3713620488940629,1.6924821174319729,BUILDING,US,79.75,28.916666666666668,57.833333333333336,30259.0,30229.75,-29.25,-60.0,STOP,1.4,13.25
1786715820,2026-08-14,-1,26.23333333333333,0.1211717709720372,-3.2753165714436925,VIOLENT-WHIPSAW,US,-22.75,26.23333333333333,52.46666666666666,30216.75,30243.25,-26.5,-54.5,STOP,4.5,73.75
1786716240,2026-08-14,1,22.416666666666668,0.1128107074569789,2.129663632651873,VIOLENT-WHIPSAW,US,14.75,22.416666666666668,44.833333333333336,30255.0,30232.25,-22.75,-47.0,STOP,4.8,17.25
1786716960,2026-08-14,-1,19.716666666666665,0.1098696461824953,-2.5786141927887845,VIOLENT-WHIPSAW,US,-14.75,19.716666666666665,39.43333333333333,30207.5,30168.07,39.43,77.37,TARGET,2.5,78.5
1786717800,2026-08-14,-1,22.2,0.5829528158295282,-1.822053478283816,CLEAN-TREND,US,-95.75,22.2,44.4,30131.75,30154.25,-22.5,-46.5,STOP,1.2,11.25
1786719540,2026-08-14,-1,13.666666666666666,0.2935560859188544,-2.482821883052349,BUILDING,US,-30.75,13.666666666666666,27.333333333333332,30123.5,30137.5,-14.0,-29.5,STOP,1.0,91.0
1786720320,2026-08-14,-1,14.3,0.4206128133704735,-1.6007386860499608,CLEAN-TREND,US,-37.75,14.3,28.6,30104.75,30076.15,28.6,55.7,TARGET,9.5,76.25
1786725120,2026-08-14,-1,8.666666666666666,0.1925925925925926,-2.293190929997156,DEAD-CHOP,US,-13.0,8.666666666666666,17.333333333333332,30071.5,30080.5,-9.0,-19.5,STOP,2.7,19.25
1786727220,2026-08-14,1,8.766666666666667,0.2072072072072072,1.6627022500487236,BUILDING,US,11.5,8.766666666666667,17.533333333333335,30071.25,30062.0,-9.25,-20.0,STOP,8.2,8.5
1786728300,2026-08-14,-1,10.083333333333334,0.0961538461538461,-1.9099796372218156,DEAD-CHOP,US,-7.5,10.083333333333334,20.166666666666668,30058.5,30069.0,-10.5,-22.5,STOP,6.0,8.5
1786729980,2026-08-14,1,8.0,0.3386454183266932,1.732584180730903,BUILDING,US,21.25,8.0,16.0,30074.25,30066.0,-8.25,-18.0,STOP,1.2,19.25
1786730220,2026-08-14,1,7.55,0.4033613445378151,2.0676479638348253,BUILDING,US,24.0,7.55,15.1,30078.75,30076.5,-2.25,-6.0,TIME,30.0,14.75
1786732080,2026-08-14,-1,7.016666666666667,0.3127753303964757,-5.037180474473204,BUILDING,US,-17.75,7.016666666666667,14.033333333333333,30067.25,30074.75,-7.5,-16.5,STOP,1.5,4.75
1786733400,2026-08-14,1,6.166666666666667,0.6230366492146597,2.865608888001771,BUILDING,US,29.75,6.166666666666667,12.333333333333334,30098.5,30092.0,-6.5,-14.5,STOP,2.5,5.5
1786734000,2026-08-14,-1,6.916666666666667,0.1052631578947368,-2.016440792460073,DEAD-CHOP,US,-6.0,6.916666666666667,13.833333333333334,30078.5,30085.75,-7.25,-16.0,STOP,0.9,3.5
1786736400,2026-08-14,1,7.083333333333333,0.3396226415094339,1.7357105393699237,BUILDING,US,18.0,7.083333333333333,14.166666666666666,30109.0,30101.5,-7.5,-16.5,STOP,6.0,44.0
1786737000,2026-08-14,1,7.9,0.3189655172413793,5.461536693259889,BUILDING,US,18.5,7.9,15.8,30122.75,30114.5,-8.25,-18.0,STOP,5.4,30.25
