ts,day,dir,atr,er,fz,regime,session,ext,stop_pt,targ_pt,entry,exit,pts,net,reason,held_min,mfe
1783293000,2026-07-05,-1,9.366666666666667,0.3361702127659574,-2.5644496982825906,BUILDING,OVERNIGHT,-19.75,9.366666666666667,18.733333333333334,29931.0,29940.75,-9.75,-21.0,STOP,1.1,2.25
1783296000,2026-07-06,-1,15.25,0.2415349887133182,-2.785634804127876,BUILDING,OVERNIGHT,-26.75,15.25,30.5,29947.25,29916.75,30.5,59.5,TARGET,0.9,102.25
1783296780,2026-07-06,1,22.05,0.0703448275862069,2.108483360822917,VIOLENT-WHIPSAW,OVERNIGHT,-12.75,22.05,44.1,29975.75,29953.25,-22.5,-46.5,STOP,10.2,29.25
1783297740,2026-07-06,-1,18.83333333333333,0.6311605723370429,-2.942731658978124,CLEAN-TREND,OVERNIGHT,-99.25,18.83333333333333,37.66666666666666,29882.25,29901.5,-19.25,-40.0,STOP,2.2,37.25
1783299000,2026-07-06,-1,15.866666666666667,0.3763440860215054,-2.3542276837599574,BUILDING,OVERNIGHT,52.5,15.866666666666667,31.733333333333334,29938.5,29906.77,31.73,61.97,TARGET,9.2,80.5
1783301160,2026-07-06,-1,19.116666666666667,0.4975206611570248,-2.787290612763065,CLEAN-TREND,OVERNIGHT,-75.25,19.116666666666667,38.233333333333334,29797.25,29816.75,-19.5,-40.5,STOP,3.0,46.5
1783303260,2026-07-06,-1,19.016666666666666,0.0131147540983606,-4.099023230359261,VIOLENT-WHIPSAW,OVERNIGHT,-2.0,19.016666666666666,38.03333333333333,29796.0,29815.5,-19.5,-40.5,STOP,2.1,72.0
1783304340,2026-07-06,-1,18.3,0.5424836601307189,-3.590106964048836,CLEAN-TREND,OVERNIGHT,-62.25,18.3,36.6,29755.5,29774.25,-18.75,-39.0,STOP,0.7,62.5
1783306260,2026-07-06,-1,15.166666666666666,0.3767441860465116,-2.620140402191993,BUILDING,OVERNIGHT,-40.5,15.166666666666666,30.333333333333332,29697.75,29713.25,-15.5,-32.5,STOP,2.4,5.75
1783309860,2026-07-06,1,15.7,0.6028622540250447,2.3909283498824125,CLEAN-TREND,OVERNIGHT,-84.25,15.7,31.4,29717.5,29701.5,-16.0,-33.5,STOP,2.3,80.25
1783311540,2026-07-06,1,9.683333333333334,0.5555555555555556,10.336879791879168,BUILDING,OVERNIGHT,61.25,9.683333333333334,19.366666666666667,29791.5,29781.5,-10.0,-21.5,STOP,7.8,44.25
1783316160,2026-07-06,1,11.2,0.2348993288590604,2.0213226960550164,BUILDING,OVERNIGHT,-17.5,11.2,22.4,29772.25,29794.65,22.4,43.3,TARGET,6.6,35.75
1783316820,2026-07-06,-1,11.3,0.04,-2.129268107907816,NORMAL-CHOP,OVERNIGHT,3.5,11.3,22.6,29769.5,29781.25,-11.75,-25.0,STOP,3.4,13.0
1783319700,2026-07-06,1,10.183333333333334,0.647887323943662,5.123459797015366,BUILDING,OVERNIGHT,69.0,10.183333333333334,20.366666666666667,29829.25,29849.62,20.37,39.23,TARGET,4.5,31.75
1783323780,2026-07-06,1,7.15,0.4193548387096774,2.5730995100019136,BUILDING,PRE-OPEN,32.5,7.15,14.3,29867.5,29860.0,-7.5,-16.5,STOP,9.6,13.75
1783324800,2026-07-06,-1,5.083333333333333,0.2108108108108108,-5.5451850373459335,BUILDING,PRE-OPEN,-9.75,5.083333333333333,10.166666666666666,29860.75,29868.75,-8.0,-17.5,STOP,0.0,68.5
1783327080,2026-07-06,1,6.433333333333334,0.1078431372549019,2.3303168543039874,DEAD-CHOP,PRE-OPEN,5.5,6.433333333333334,12.866666666666667,29816.5,29829.37,12.87,24.23,TARGET,0.9,55.0
1783327920,2026-07-06,1,6.85,0.6190476190476191,2.272150209905728,BUILDING,PRE-OPEN,35.75,6.85,13.7,29851.5,29865.2,13.7,25.9,TARGET,2.3,20.0
1783338240,2026-07-06,-1,8.683333333333334,0.0297872340425531,-2.7899834638921,DEAD-CHOP,PRE-OPEN,1.75,8.683333333333334,17.366666666666667,29882.75,29891.75,-9.0,-19.5,STOP,0.6,8.0
1783339320,2026-07-06,-1,6.016666666666667,,-2.782024682500008,UNKNOWN,PRE-OPEN,0.0,6.016666666666667,12.033333333333333,29885.0,29891.5,-6.5,-14.5,STOP,0.1,6.5
1783340640,2026-07-06,-1,8.8,0.5,-2.5168572233946764,BUILDING,PRE-OPEN,-38.0,8.8,17.6,29880.5,29889.75,-9.25,-20.0,STOP,1.9,1.5
1783340820,2026-07-06,1,8.716666666666667,0.6621621621621622,2.1676648892618475,BUILDING,PRE-OPEN,-49.0,8.716666666666667,17.433333333333334,29892.25,29909.68,17.43,33.37,TARGET,8.1,42.0
1783344720,2026-07-06,1,26.966666666666665,,2.049996748360245,UNKNOWN,US,0.0,26.966666666666665,53.93333333333333,29912.25,29885.0,-27.25,-56.0,STOP,0.4,96.25
1783344840,2026-07-06,1,29.73333333333333,0.4363636363636363,5.199121094481864,CLEAN-TREND,US,84.0,29.73333333333333,59.46666666666666,29926.0,29896.0,-30.0,-61.5,STOP,0.2,82.5
1783344960,2026-07-06,-1,39.18333333333333,0.0636042402826855,-3.559527024075932,VIOLENT-WHIPSAW,US,-18.0,39.18333333333333,78.36666666666666,29824.25,29863.75,-39.5,-80.5,STOP,0.1,31.0
1783345140,2026-07-06,1,50.38333333333333,0.1481246026700572,5.847158120156234,VIOLENT-WHIPSAW,US,58.25,50.38333333333333,100.76666666666667,29897.5,29846.75,-50.75,-103.0,STOP,2.5,111.0
1783345500,2026-07-06,1,56.55,0.2036441586280814,3.083093487957546,BUILDING,US,95.0,56.55,113.1,29955.25,29898.25,-57.0,-115.5,STOP,1.0,77.0
1783345980,2026-07-06,-1,49.5,0.3436979455857856,-3.730150006834783,BUILDING,US,154.75,49.5,99.0,29971.0,30020.75,-49.75,-101.0,STOP,19.9,69.0
1783347780,2026-07-06,1,24.75,0.3663003663003663,2.1408695137135245,BUILDING,US,50.0,24.75,49.5,30035.25,30010.25,-25.0,-51.5,STOP,0.9,33.0
1783348320,2026-07-06,1,24.45,0.0674157303370786,2.565925923283835,VIOLENT-WHIPSAW,US,12.0,24.45,48.9,30049.25,30024.5,-24.75,-51.0,STOP,2.7,19.0
1783348860,2026-07-06,-1,22.683333333333334,0.1062271062271062,-2.455545122491348,VIOLENT-WHIPSAW,US,-14.5,22.683333333333334,45.36666666666667,30005.5,30028.5,-23.0,-47.5,STOP,1.6,18.5
1783349400,2026-07-06,1,21.716666666666665,0.1258992805755395,2.6142597086497745,VIOLENT-WHIPSAW,US,17.5,21.716666666666665,43.43333333333333,30059.75,30037.75,-22.0,-45.5,STOP,1.1,1.0
1783350060,2026-07-06,1,23.9,0.0379084967320261,2.333095813305819,VIOLENT-WHIPSAW,US,-7.25,23.9,47.8,30030.75,30006.5,-24.25,-50.0,STOP,6.0,42.75
1783351320,2026-07-06,1,23.6,0.0325318246110325,2.301865110051841,VIOLENT-WHIPSAW,US,-5.75,23.6,47.2,29999.25,30046.45,47.2,92.9,TARGET,6.5,85.75
1783355880,2026-07-06,-1,13.216666666666669,0.5170278637770898,-2.687745414752498,CLEAN-TREND,US,-41.75,13.216666666666669,26.433333333333337,30006.0,30019.5,-13.5,-28.5,STOP,0.4,31.5
1783356900,2026-07-06,-1,13.966666666666669,0.3554987212276215,-4.029933450081909,BUILDING,US,-34.75,13.966666666666669,27.933333333333337,29993.25,30007.5,-14.25,-30.0,STOP,1.8,29.0
1783359180,2026-07-06,-1,16.616666666666667,0.6435185185185185,-2.516356319133527,CLEAN-TREND,US,-69.5,16.616666666666667,33.233333333333334,29930.0,29896.77,33.23,64.97,TARGET,8.5,48.25
1783361160,2026-07-06,1,14.883333333333333,0.1392405063291139,2.6243120537565106,NORMAL-CHOP,US,16.5,14.883333333333333,29.766666666666666,29945.0,29974.77,29.77,58.03,TARGET,9.0,54.75
1783364160,2026-07-06,1,12.166666666666666,0.3186813186813186,2.2332759760252,BUILDING,US,21.75,12.166666666666666,24.333333333333332,29997.5,29985.0,-12.5,-26.5,STOP,2.4,54.5
1783365120,2026-07-06,1,11.933333333333334,0.3090909090909091,2.288886905642104,BUILDING,US,25.5,11.933333333333334,23.866666666666667,30023.0,30010.75,-12.25,-26.0,STOP,1.6,29.0
1783366260,2026-07-06,-1,12.566666666666666,0.0034602076124567,-2.186464602823338,NORMAL-CHOP,US,-0.25,12.566666666666666,25.133333333333333,30018.0,30031.0,-13.0,-27.5,STOP,3.0,86.5
1783367400,2026-07-06,-1,14.35,0.2882703777335984,-5.092818989901308,BUILDING,US,-36.25,14.35,28.7,29986.25,29957.55,28.7,55.9,TARGET,4.0,54.75
1783376100,2026-07-06,1,9.533333333333331,0.0716981132075471,2.462856144946158,DEAD-CHOP,OVERNIGHT,-4.75,9.533333333333331,19.066666666666663,29963.5,29953.5,-10.0,-21.5,STOP,11.2,10.5
1783377600,2026-07-06,1,7.183333333333334,0.1,2.165090268822544,DEAD-CHOP,OVERNIGHT,4.5,7.183333333333334,14.366666666666667,29965.25,29957.75,-7.5,-16.5,STOP,2.1,4.5
1783378380,2026-07-06,-1,9.666666666666666,0.5406976744186046,-2.960843860118477,BUILDING,OVERNIGHT,-46.5,9.666666666666666,19.333333333333332,29907.75,29917.75,-10.0,-21.5,STOP,7.5,35.75
1783379940,2026-07-06,-1,8.916666666666666,0.6653386454183267,-2.3775637203486863,BUILDING,OVERNIGHT,-41.75,8.916666666666666,17.833333333333332,29878.0,29887.25,-9.25,-20.0,STOP,2.0,27.25
1783380900,2026-07-06,1,7.916666666666667,0.2231404958677686,2.2401699788578155,BUILDING,OVERNIGHT,13.5,7.916666666666667,15.833333333333334,29891.75,29883.5,-8.25,-18.0,STOP,0.9,0.0
1783381260,2026-07-06,-1,7.9,0.4177215189873418,-2.5735877090981587,BUILDING,OVERNIGHT,-24.75,7.9,15.8,29873.5,29881.75,-8.25,-18.0,STOP,2.0,39.75
1783381680,2026-07-06,1,9.166666666666666,0.4492753623188406,2.234268298630675,BUILDING,OVERNIGHT,-31.0,9.166666666666666,18.333333333333332,29856.25,29846.75,-9.5,-20.5,STOP,1.3,25.25
1783382820,2026-07-07,1,13.816666666666666,0.2837837837837837,3.759644848212997,BUILDING,OVERNIGHT,21.0,13.816666666666666,27.633333333333333,29879.25,29865.0,-14.25,-30.0,STOP,0.9,37.5
1783383120,2026-07-07,-1,15.433333333333334,0.0554089709762532,-2.548350783092522,VIOLENT-WHIPSAW,OVERNIGHT,-5.25,15.433333333333334,30.866666666666667,29838.25,29854.0,-15.75,-33.0,STOP,6.5,30.25
1783383780,2026-07-07,1,17.516666666666666,0.3543307086614173,2.383686570085859,BUILDING,OVERNIGHT,45.0,17.516666666666666,35.03333333333333,29908.5,29890.5,-18.0,-37.5,STOP,1.0,8.25
1783386180,2026-07-07,1,16.15,0.1747967479674796,2.2665558973699227,VIOLENT-WHIPSAW,OVERNIGHT,-21.5,16.15,32.3,29824.0,29807.5,-16.5,-34.5,STOP,0.4,4.25
1783386960,2026-07-07,-1,14.25,0.1825396825396825,-3.764307314345141,NORMAL-CHOP,OVERNIGHT,-11.5,14.25,28.5,29804.0,29775.5,28.5,55.5,TARGET,4.7,87.0
1783387620,2026-07-07,1,13.083333333333334,0.8826979472140762,2.446919172782189,CLEAN-TREND,OVERNIGHT,-75.25,13.083333333333334,26.166666666666668,29743.25,29729.75,-13.5,-28.5,STOP,1.6,78.5
1783392720,2026-07-07,1,12.183333333333334,0.1715039577836411,2.1589103563303484,NORMAL-CHOP,OVERNIGHT,16.25,12.183333333333334,24.366666666666667,29764.25,29751.75,-12.5,-26.5,STOP,5.2,20.75
1783394160,2026-07-07,-1,11.433333333333334,0.1026392961876832,-3.85003525380576,NORMAL-CHOP,OVERNIGHT,-8.75,11.433333333333334,22.866666666666667,29740.75,29752.5,-11.75,-25.0,STOP,0.8,104.25
1783394820,2026-07-07,-1,11.866666666666667,0.6023054755043228,-2.1297566850559906,BUILDING,OVERNIGHT,-52.25,11.866666666666667,23.733333333333334,29713.0,29689.27,23.73,45.97,TARGET,1.5,84.5
1783395060,2026-07-07,1,14.1,0.4623115577889447,3.250489918068524,CLEAN-TREND,OVERNIGHT,-46.0,14.1,28.2,29694.25,29679.75,-14.5,-30.5,STOP,10.0,14.25
1783395780,2026-07-07,-1,14.966666666666669,0.3191489361702128,-4.1055151396333605,BUILDING,OVERNIGHT,-33.75,14.966666666666669,29.933333333333337,29669.0,29639.07,29.93,58.37,TARGET,2.4,40.5
1783396020,2026-07-07,1,13.816666666666666,0.4829268292682926,2.091021610989481,CLEAN-TREND,OVERNIGHT,-49.5,13.816666666666666,27.633333333333333,29651.25,29636.75,-14.5,-30.5,STOP,0.4,29.5
1783397100,2026-07-07,1,13.983333333333333,0.323943661971831,2.201700317197324,BUILDING,OVERNIGHT,28.75,13.983333333333333,27.966666666666665,29679.0,29664.75,-14.25,-30.0,STOP,1.4,1.75
1783397820,2026-07-07,-1,12.4,0.3314447592067989,-2.2889830874619403,BUILDING,OVERNIGHT,-29.25,12.4,24.8,29627.75,29640.5,-12.75,-27.0,STOP,10.3,12.0
1783400520,2026-07-07,-1,8.6,0.2650176678445229,-2.4497652247697013,BUILDING,OVERNIGHT,-18.75,8.6,17.2,29600.75,29583.55,17.2,32.9,TARGET,12.6,43.25
1783403100,2026-07-07,1,12.983333333333333,0.5574229691876751,2.449776426099465,CLEAN-TREND,OVERNIGHT,49.75,12.983333333333333,25.966666666666665,29664.5,29651.0,-13.5,-28.5,STOP,1.6,39.75
1783405200,2026-07-07,1,11.383333333333333,0.1393939393939394,4.415167301595755,NORMAL-CHOP,OVERNIGHT,-11.5,11.383333333333333,22.766666666666666,29659.25,29647.5,-11.75,-25.0,STOP,9.4,25.25
1783407660,2026-07-07,1,9.116666666666667,0.4113207547169811,2.699980780920735,BUILDING,PRE-OPEN,27.25,9.116666666666667,18.233333333333334,29698.0,29716.23,18.23,34.97,TARGET,3.6,46.0
1783408560,2026-07-07,1,13.4,0.3063291139240506,2.8523904752963163,BUILDING,PRE-OPEN,30.25,13.4,26.8,29727.5,29713.75,-13.75,-29.0,STOP,3.0,16.5
1783409700,2026-07-07,-1,10.666666666666666,0.3040935672514619,-2.7030206178727614,BUILDING,PRE-OPEN,-26.0,10.666666666666666,21.333333333333332,29698.75,29677.42,21.33,41.17,TARGET,16.3,57.5
1783411440,2026-07-07,-1,11.716666666666669,0.3333333333333333,-2.686134940852963,BUILDING,PRE-OPEN,-29.5,11.716666666666669,23.433333333333337,29659.0,29671.0,-12.0,-25.5,STOP,6.5,13.25
1783412280,2026-07-07,1,12.033333333333331,0.6266666666666667,2.820737014209579,BUILDING,PRE-OPEN,47.0,12.033333333333331,24.066666666666663,29694.25,29681.75,-12.5,-26.5,STOP,9.0,15.5
1783414380,2026-07-07,-1,9.45,0.2592592592592592,-2.3299171654442814,BUILDING,PRE-OPEN,-19.25,9.45,18.9,29668.5,29649.6,18.9,36.3,TARGET,6.4,26.25
1783415280,2026-07-07,1,10.833333333333334,0.1861198738170347,2.815514001459541,NORMAL-CHOP,PRE-OPEN,14.75,10.833333333333334,21.666666666666668,29684.25,29673.0,-11.25,-24.0,STOP,0.7,9.5
1783416900,2026-07-07,-1,9.066666666666666,0.7092511013215859,-3.114428504133354,BUILDING,PRE-OPEN,-40.25,9.066666666666666,18.133333333333333,29638.5,29648.0,-9.5,-20.5,STOP,3.8,16.25
1783417620,2026-07-07,-1,11.016666666666667,0.1830985915492957,-2.473689660193865,NORMAL-CHOP,PRE-OPEN,-16.25,11.016666666666667,22.033333333333335,29628.75,29640.25,-11.5,-24.5,STOP,3.1,2.25
1783418460,2026-07-07,1,9.85,0.5064102564102564,3.83262740275148,BUILDING,PRE-OPEN,39.5,9.85,19.7,29676.75,29666.5,-10.25,-22.0,STOP,2.6,12.75
1783419240,2026-07-07,-1,11.483333333333333,0.2204724409448819,-2.616386779145015,BUILDING,PRE-OPEN,-14.0,11.483333333333333,22.966666666666665,29648.25,29660.0,-11.75,-25.0,STOP,2.4,4.5
1783419480,2026-07-07,1,11.316666666666666,0.0988372093023255,3.445956213440272,NORMAL-CHOP,PRE-OPEN,8.5,11.316666666666666,22.633333333333333,29687.0,29675.25,-11.75,-25.0,STOP,1.7,0.0
1783422300,2026-07-07,1,12.783333333333331,0.2136752136752136,2.5528057241452795,BUILDING,PRE-OPEN,-25.0,12.783333333333331,25.566666666666663,29612.25,29637.82,25.57,49.63,TARGET,12.8,38.75
1783423920,2026-07-07,-1,10.316666666666666,0.2680115273775216,-3.5838296828193936,BUILDING,PRE-OPEN,-23.25,10.316666666666666,20.633333333333333,29604.75,29615.5,-10.75,-23.0,STOP,11.7,13.5
1783424940,2026-07-07,1,11.816666666666666,0.4760147601476014,2.0358111268948647,BUILDING,PRE-OPEN,32.25,11.816666666666666,23.633333333333333,29633.75,29621.5,-12.25,-26.0,STOP,1.9,82.5
1783425600,2026-07-07,1,11.516666666666667,0.2707182320441988,2.8579911474715067,BUILDING,PRE-OPEN,24.5,11.516666666666667,23.033333333333335,29648.75,29671.78,23.03,44.57,TARGET,4.6,67.5
1783426020,2026-07-07,1,14.0,0.6421052631578947,3.218985152477718,CLEAN-TREND,PRE-OPEN,76.25,14.0,28.0,29691.75,29677.5,-14.25,-30.0,STOP,9.6,24.5
1783426800,2026-07-07,-1,13.866666666666667,0.0605326876513317,-2.126916924007741,NORMAL-CHOP,PRE-OPEN,-6.25,13.866666666666667,27.733333333333334,29671.25,29685.5,-14.25,-30.0,STOP,6.4,35.0
1783428960,2026-07-07,1,14.433333333333334,0.5042016806722689,2.192580113819557,CLEAN-TREND,PRE-OPEN,-60.0,14.433333333333334,28.866666666666667,29630.0,29615.25,-14.75,-31.0,STOP,8.6,25.75
1783430700,2026-07-07,-1,14.3,0.42997542997543,-5.177793207139026,CLEAN-TREND,PRE-OPEN,-43.75,14.3,28.6,29591.75,29606.5,-14.75,-31.0,STOP,3.2,165.75
1783431000,2026-07-07,1,20.75,0.0267175572519083,9.869371081686603,VIOLENT-WHIPSAW,US,3.5,20.75,41.5,29635.0,29614.0,-21.0,-43.5,STOP,0.4,26.75
1783431120,2026-07-07,-1,27.78333333333333,0.062111801242236,-6.537807750613098,VIOLENT-WHIPSAW,US,-10.0,27.78333333333333,55.56666666666666,29608.25,29552.68,55.57,109.63,TARGET,0.8,188.0
1783431240,2026-07-07,-1,33.63333333333333,0.4044823906083244,-3.5035882620157683,CLEAN-TREND,US,-94.75,33.63333333333333,67.26666666666667,29529.0,29563.0,-34.0,-69.5,STOP,2.0,108.75
1783431480,2026-07-07,-1,42.31666666666667,0.4065743944636678,-9.179325351616438,CLEAN-TREND,US,-117.5,42.31666666666667,84.63333333333334,29498.5,29541.25,-42.75,-87.0,STOP,0.6,85.0
1783431720,2026-07-07,-1,53.71666666666667,0.0702113156100886,-2.9280878326180706,VIOLENT-WHIPSAW,US,-25.75,53.71666666666667,107.43333333333334,29563.0,29455.57,107.43,213.37,TARGET,11.1,195.5
1783432740,2026-07-07,1,41.333333333333336,0.4889103182256509,4.619893371678022,CLEAN-TREND,US,-126.75,41.333333333333336,82.66666666666667,29470.0,29428.25,-41.75,-85.0,STOP,4.6,35.25
1783433460,2026-07-07,-1,40.16666666666666,0.2142064372918979,-2.928760576466176,BUILDING,US,-48.25,40.16666666666666,80.33333333333331,29391.0,29310.67,80.33,159.17,TARGET,3.4,164.0
1783434900,2026-07-07,-1,31.683333333333334,0.413516609392898,-2.7979343613089216,CLEAN-TREND,US,-90.25,31.683333333333334,63.36666666666667,29248.25,29280.25,-32.0,-65.5,STOP,1.0,38.5
1783435260,2026-07-07,-1,31.9,0.1506550218340611,-2.2334681342669733,VIOLENT-WHIPSAW,US,-34.5,31.9,63.8,29228.25,29260.5,-32.25,-66.0,STOP,3.5,18.5
1783436460,2026-07-07,-1,27.4,0.193717277486911,-2.5875918934272057,VIOLENT-WHIPSAW,US,27.75,27.4,54.8,29300.25,29328.0,-27.75,-57.0,STOP,3.4,29.25
1783439100,2026-07-07,1,24.383333333333333,0.3174061433447099,2.2839085710309885,BUILDING,US,46.5,24.383333333333333,48.766666666666666,29351.75,29400.52,48.77,96.03,TARGET,14.8,118.5
1783441140,2026-07-07,1,20.266666666666666,0.3576642335766423,2.4864983459689123,BUILDING,US,49.0,20.266666666666666,40.53333333333333,29468.75,29509.28,40.53,79.57,TARGET,2.9,89.75
1783448340,2026-07-07,-1,13.55,0.0956521739130434,-3.224305251640652,NORMAL-CHOP,US,-8.25,13.55,27.1,29542.75,29556.75,-14.0,-29.5,STOP,3.4,124.0
1783449000,2026-07-07,-1,14.333333333333334,0.5448275862068965,-5.259883864310644,CLEAN-TREND,US,-39.5,14.333333333333334,28.666666666666668,29515.75,29530.5,-14.75,-31.0,STOP,1.0,151.75
1783450140,2026-07-07,-1,18.73333333333333,0.4474226804123711,-7.309614635430606,CLEAN-TREND,US,-54.25,18.73333333333333,37.46666666666666,29451.5,29414.03,37.47,73.43,TARGET,1.4,181.0
1783450800,2026-07-07,-1,23.15,0.6774193548387096,-2.0479102913319687,CLEAN-TREND,US,-94.5,23.15,46.3,29372.0,29395.5,-23.5,-48.5,STOP,4.7,101.5
1783462500,2026-07-07,1,14.316666666666666,0.5603217158176944,2.192146609554337,CLEAN-TREND,OVERNIGHT,52.25,14.316666666666666,28.633333333333333,29381.75,29367.0,-14.75,-31.0,STOP,10.7,20.25
1783463580,2026-07-07,1,7.933333333333334,0.03862660944206,2.483557486861774,DEAD-CHOP,OVERNIGHT,-2.25,7.933333333333334,15.866666666666667,29378.0,29393.87,15.87,30.23,TARGET,0.4,24.0
1783464000,2026-07-07,1,8.25,0.4976744186046511,3.627030805576908,BUILDING,OVERNIGHT,26.75,8.25,16.5,29397.75,29389.25,-8.5,-18.5,STOP,0.2,0.0
1783465380,2026-07-07,-1,10.133333333333333,0.2888888888888888,-5.231239240946203,BUILDING,OVERNIGHT,-26.0,10.133333333333333,20.266666666666666,29368.0,29378.5,-10.5,-22.5,STOP,1.6,11.75
1783467120,2026-07-07,-1,9.083333333333334,0.0341880341880341,-2.1001435108872264,DEAD-CHOP,OVERNIGHT,-2.0,9.083333333333334,18.166666666666668,29387.0,29368.83,18.17,34.83,TARGET,3.1,121.0
1783467480,2026-07-07,-1,10.65,0.6428571428571429,-2.43967644331405,BUILDING,OVERNIGHT,-45.0,10.65,21.3,29348.75,29359.75,-11.0,-23.5,STOP,6.3,82.75
1783468860,2026-07-08,1,16.35,0.4560669456066946,2.5413258118466877,CLEAN-TREND,OVERNIGHT,-54.5,16.35,32.7,29282.5,29315.2,32.7,63.9,TARGET,2.1,195.75
1783469100,2026-07-08,-1,19.966666666666665,0.1733333333333333,-3.5284490430791973,VIOLENT-WHIPSAW,OVERNIGHT,29.25,19.966666666666665,39.93333333333333,29360.25,29380.5,-20.25,-42.0,STOP,0.6,1.5
1783470120,2026-07-08,1,24.35,0.3656509695290859,3.165703363430874,BUILDING,OVERNIGHT,66.0,24.35,48.7,29430.5,29479.2,48.7,95.9,TARGET,17.0,106.75
1783471500,2026-07-08,1,18.466666666666665,0.4971428571428571,2.5444004726074416,CLEAN-TREND,OVERNIGHT,87.0,18.466666666666665,36.93333333333333,29530.5,29511.75,-18.75,-39.0,STOP,19.7,27.5
1783474020,2026-07-08,-1,13.9,0.4739130434782608,-2.1141471224946797,CLEAN-TREND,OVERNIGHT,-54.5,13.9,27.8,29490.25,29462.45,27.8,54.1,TARGET,5.5,64.25
1783475100,2026-07-08,1,20.48333333333333,0.0213333333333333,2.3102046619158183,VIOLENT-WHIPSAW,OVERNIGHT,-4.0,20.48333333333333,40.96666666666666,29474.25,29453.5,-20.75,-43.0,STOP,5.9,11.5
1783477140,2026-07-08,1,17.066666666666666,0.1139240506329113,2.822338343170234,VIOLENT-WHIPSAW,OVERNIGHT,15.75,17.066666666666666,34.13333333333333,29425.0,29407.5,-17.5,-36.5,STOP,12.2,50.5
1783478760,2026-07-08,-1,12.25,0.4782608695652174,-2.237467768095055,BUILDING,OVERNIGHT,44.0,12.25,24.5,29461.0,29473.5,-12.5,-26.5,STOP,1.1,15.75
1783480980,2026-07-08,1,10.25,0.3206106870229007,5.29961164077573,BUILDING,OVERNIGHT,21.0,10.25,20.5,29497.0,29517.5,20.5,39.5,TARGET,4.2,35.0
1783481520,2026-07-08,-1,10.533333333333331,0.3664596273291925,-2.068606640664325,BUILDING,OVERNIGHT,29.5,10.533333333333331,21.066666666666663,29512.75,29491.68,21.07,40.63,TARGET,7.7,60.75
1783483200,2026-07-08,-1,9.25,0.5426008968609866,-2.659753037092298,BUILDING,OVERNIGHT,-30.25,9.25,18.5,29456.25,29465.75,-9.5,-20.5,STOP,1.2,28.0
1783484580,2026-07-08,1,10.533333333333331,0.0945945945945946,2.40158830082146,NORMAL-CHOP,OVERNIGHT,-7.0,10.533333333333331,21.066666666666663,29456.25,29445.25,-11.0,-23.5,STOP,3.2,8.0
1783486500,2026-07-08,-1,12.6,0.2887828162291169,-2.088774744298726,BUILDING,OVERNIGHT,-30.25,12.6,25.2,29381.5,29394.5,-13.0,-27.5,STOP,0.7,-0.5
1783486800,2026-07-08,1,13.716666666666669,0.2430278884462151,2.7705289017180585,BUILDING,OVERNIGHT,30.5,13.716666666666669,27.433333333333337,29431.75,29417.75,-14.0,-29.5,STOP,0.8,15.5
1783490580,2026-07-08,-1,13.2,0.1519274376417233,-2.449590311979265,NORMAL-CHOP,OVERNIGHT,16.75,13.2,26.4,29341.0,29354.5,-13.5,-28.5,STOP,0.7,40.75
1783490700,2026-07-08,-1,14.183333333333334,0.171806167400881,-2.332808212932688,NORMAL-CHOP,OVERNIGHT,19.5,14.183333333333334,28.366666666666667,29341.5,29356.0,-14.5,-30.5,STOP,1.5,45.0
1783491000,2026-07-08,-1,12.983333333333333,0.045045045045045,-6.3149834621406855,NORMAL-CHOP,OVERNIGHT,3.75,12.983333333333333,25.966666666666665,29344.5,29357.75,-13.25,-28.0,STOP,14.0,50.25
1783492440,2026-07-08,-1,15.033333333333331,0.3381995133819951,-3.1374317261606315,BUILDING,OVERNIGHT,-34.75,15.033333333333331,30.066666666666663,29303.25,29318.75,-15.5,-32.5,STOP,15.0,20.5
1783494180,2026-07-08,1,12.95,0.1420612813370473,2.0305991971743107,NORMAL-CHOP,PRE-OPEN,-12.75,12.95,25.9,29303.5,29290.25,-13.25,-28.0,STOP,1.9,83.25
1783495020,2026-07-08,1,15.066666666666666,0.1858407079646017,2.6852136905360084,NORMAL-CHOP,PRE-OPEN,-15.75,15.066666666666666,30.133333333333333,29286.0,29316.13,30.13,58.77,TARGET,4.8,123.25
1783498620,2026-07-08,-1,25.25,0.3739669421487603,-5.7901986375348375,BUILDING,PRE-OPEN,-90.5,25.25,50.5,29271.5,29297.0,-25.5,-52.5,STOP,0.5,313.75
1783498800,2026-07-08,-1,30.8,0.3721163490471414,-2.719104256279568,BUILDING,PRE-OPEN,-92.75,30.8,61.6,29264.25,29202.65,61.6,121.7,TARGET,2.8,306.5
1783499220,2026-07-08,1,40.266666666666666,0.7700258397932817,6.28004040783679,CLEAN-TREND,PRE-OPEN,-298.0,40.266666666666666,80.53333333333333,29102.75,29062.0,-40.75,-83.0,STOP,2.1,16.25
1783499640,2026-07-08,-1,38.2,0.6189669771380186,-2.036972169203227,CLEAN-TREND,PRE-OPEN,-182.75,38.2,76.4,29085.5,29009.1,76.4,151.3,TARGET,2.5,127.75
1783501680,2026-07-08,-1,25.8,0.7043941411451398,-2.8402028997674207,CLEAN-TREND,PRE-OPEN,-132.25,25.8,51.6,28952.5,28979.0,-26.5,-54.5,STOP,21.7,42.25
1783508640,2026-07-08,-1,15.15,0.375,-5.708007697137407,BUILDING,PRE-OPEN,-48.0,15.15,30.3,28994.25,29009.75,-15.5,-32.5,STOP,0.7,21.25
1783510980,2026-07-08,1,21.03333333333333,0.6041979010494752,9.44516041185218,CLEAN-TREND,PRE-OPEN,100.75,21.03333333333333,42.06666666666666,29091.75,29070.25,-21.5,-44.5,STOP,2.5,91.5
1783511820,2026-07-08,1,30.9,0.2906976744186046,2.275095695433305,BUILDING,PRE-OPEN,75.0,30.9,61.8,29078.75,29140.55,61.8,122.1,TARGET,7.9,104.5
1783515900,2026-07-08,1,22.516666666666666,0.0348101265822784,5.099992256679891,VIOLENT-WHIPSAW,PRE-OPEN,-5.5,22.516666666666666,45.03333333333333,29183.5,29160.5,-23.0,-47.5,STOP,0.4,147.5
1783516320,2026-07-08,1,22.9,0.1952662721893491,3.3066890368136206,VIOLENT-WHIPSAW,PRE-OPEN,33.0,22.9,45.8,29210.5,29187.25,-23.25,-48.0,STOP,9.1,175.0
1783517100,2026-07-08,-1,18.866666666666667,0.0136157337367624,-2.1117081204442862,VIOLENT-WHIPSAW,PRE-OPEN,-2.25,18.866666666666667,37.733333333333334,29172.25,29191.5,-19.25,-40.0,STOP,1.8,5.5
1783517280,2026-07-08,1,19.45,0.009933774834437,2.418226371814,VIOLENT-WHIPSAW,PRE-OPEN,1.5,19.45,38.9,29205.75,29186.0,-19.75,-41.0,STOP,0.4,193.25
1783517400,2026-07-08,1,24.766666666666666,0.2764786795048143,10.517537145111003,BUILDING,US,50.25,24.766666666666666,49.53333333333333,29255.5,29230.25,-25.25,-52.0,STOP,0.1,143.5
1783517520,2026-07-08,1,30.166666666666668,0.4305239179954442,3.009891186168621,CLEAN-TREND,US,94.5,30.166666666666668,60.333333333333336,29314.25,29283.75,-30.5,-62.5,STOP,0.7,84.75
1783517700,2026-07-08,-1,35.483333333333334,0.4744027303754266,-4.7763637853638095,CLEAN-TREND,US,104.25,35.483333333333334,70.96666666666667,29309.5,29345.25,-35.75,-73.0,STOP,4.1,55.5
1783518120,2026-07-08,-1,51.05,0.4091971940763835,-2.393796227098366,CLEAN-TREND,US,131.25,51.05,102.1,29336.0,29387.5,-51.5,-104.5,STOP,2.8,90.75
1783518360,2026-07-08,1,45.95,0.3392539964476021,2.92282572459604,BUILDING,US,95.5,45.95,91.9,29392.25,29346.0,-46.25,-94.0,STOP,2.0,6.75
1783518540,2026-07-08,-1,46.266666666666666,0.0122699386503067,-3.254389456102744,VIOLENT-WHIPSAW,US,4.0,46.266666666666666,92.53333333333333,29303.0,29349.75,-46.75,-95.0,STOP,1.2,68.0
1783519020,2026-07-08,1,38.75,0.0080160320641282,2.3600538836976552,VIOLENT-WHIPSAW,US,2.0,38.75,77.5,29338.0,29299.0,-39.0,-79.5,STOP,5.4,57.0
1783519800,2026-07-08,-1,36.16666666666666,0.0814814814814814,-2.2654664261240938,VIOLENT-WHIPSAW,US,-19.25,36.16666666666666,72.33333333333331,29286.25,29322.75,-36.5,-74.5,STOP,9.8,51.25
1783520460,2026-07-08,1,43.18333333333333,0.1433536055603822,2.9119903142048824,VIOLENT-WHIPSAW,US,41.25,43.18333333333333,86.36666666666666,29367.75,29324.25,-43.5,-88.5,STOP,2.2,2.25
1783520820,2026-07-08,-1,45.96666666666667,0.2368647717484927,-3.325529100087634,BUILDING,US,68.75,45.96666666666667,91.93333333333334,29321.5,29229.57,91.93,182.37,TARGET,15.2,170.25
1783522380,2026-07-08,1,39.38333333333333,0.0381282495667244,2.79342783283688,VIOLENT-WHIPSAW,US,-11.0,39.38333333333333,78.76666666666667,29263.5,29223.75,-39.75,-81.0,STOP,3.3,28.25
1783526700,2026-07-08,1,25.616666666666667,0.3871951219512195,2.972524116709597,BUILDING,US,63.5,25.616666666666667,51.233333333333334,29151.75,29125.75,-26.0,-53.5,STOP,2.4,179.25
1783528200,2026-07-08,1,23.883333333333333,0.6077348066298343,2.2321534002414527,CLEAN-TREND,US,110.0,23.883333333333333,47.766666666666666,29310.75,29286.5,-24.25,-50.0,STOP,3.6,66.5
1783528500,2026-07-08,1,25.616666666666667,0.1294498381877022,3.277817958141405,VIOLENT-WHIPSAW,US,20.0,25.616666666666667,51.233333333333334,29281.25,29255.25,-26.0,-53.5,STOP,1.3,96.0
1783528740,2026-07-08,1,26.316666666666663,0.249626307922272,3.458766969420448,BUILDING,US,41.75,26.316666666666663,52.633333333333326,29298.0,29350.63,52.63,103.77,TARGET,9.6,92.0
1783531260,2026-07-08,1,19.75,0.1650853889943074,2.575822114949629,VIOLENT-WHIPSAW,US,21.75,19.75,39.5,29399.0,29438.5,39.5,77.5,TARGET,3.1,59.5
1783533600,2026-07-08,1,22.03333333333333,0.0493827160493827,2.145277873939533,VIOLENT-WHIPSAW,US,8.0,22.03333333333333,44.06666666666666,29374.0,29418.07,44.07,86.63,TARGET,3.2,51.25
1783539060,2026-07-08,-1,16.616666666666667,0.1371681415929203,-2.6891480758632698,VIOLENT-WHIPSAW,US,15.5,16.616666666666667,33.233333333333334,29403.0,29420.0,-17.0,-35.5,STOP,4.9,20.75
1783539900,2026-07-08,1,14.433333333333334,0.1404494382022472,2.5249834612214697,NORMAL-CHOP,US,12.5,14.433333333333334,28.866666666666667,29411.0,29396.25,-14.75,-31.0,STOP,1.2,89.0
1783540440,2026-07-08,1,19.116666666666667,0.3447619047619047,2.9032370192123333,BUILDING,US,45.25,19.116666666666667,38.233333333333334,29460.25,29498.48,38.23,74.97,TARGET,4.4,39.75
1783550040,2026-07-08,1,11.15,0.0965732087227414,3.972061479752888,NORMAL-CHOP,OVERNIGHT,7.75,11.15,22.3,29433.5,29421.75,-11.75,-25.0,STOP,0.5,4.25
1783551960,2026-07-08,1,9.266666666666667,0.5357142857142857,5.742543675650814,BUILDING,OVERNIGHT,37.5,9.266666666666667,18.533333333333335,29449.75,29440.0,-9.75,-21.0,STOP,9.0,38.25
1783552620,2026-07-08,-1,9.4,0.1582491582491582,-4.481741695299074,DEAD-CHOP,OVERNIGHT,-11.75,9.4,18.8,29414.0,29395.2,18.8,36.1,TARGET,2.4,19.0
1783553580,2026-07-08,1,11.566666666666666,0.2235872235872235,3.1985655627566936,BUILDING,OVERNIGHT,22.75,11.566666666666666,23.133333333333333,29439.25,29462.38,23.13,44.77,TARGET,1.6,93.5
1783553760,2026-07-08,1,16.35,0.345565749235474,3.141665014121907,BUILDING,OVERNIGHT,56.5,16.35,32.7,29459.5,29442.75,-16.75,-35.0,STOP,1.6,82.0
1783555260,2026-07-09,-1,15.283333333333331,0.3677419354838709,-3.138569416408265,BUILDING,OVERNIGHT,28.5,15.283333333333331,30.566666666666663,29505.25,29521.25,-16.0,-33.5,STOP,0.6,5.75
1783555440,2026-07-09,1,16.733333333333334,0.4005037783375315,2.0338366403933925,CLEAN-TREND,OVERNIGHT,39.75,16.733333333333334,33.46666666666667,29527.0,29560.47,33.47,65.43,TARGET,8.1,55.5
1783556460,2026-07-09,1,16.9,0.0743405275779376,2.709602721100417,VIOLENT-WHIPSAW,OVERNIGHT,7.75,16.9,33.8,29545.75,29528.5,-17.25,-36.0,STOP,4.2,36.75
1783561380,2026-07-09,1,15.083333333333334,0.0467706013363029,2.7180063646085197,NORMAL-CHOP,OVERNIGHT,-5.25,15.083333333333334,30.166666666666668,29517.0,29501.5,-15.5,-32.5,STOP,9.0,20.75
1783562100,2026-07-09,-1,15.6,0.3636363636363636,-2.45182822627823,BUILDING,OVERNIGHT,-42.0,15.6,31.2,29467.0,29435.8,31.2,60.9,TARGET,6.1,40.75
1783562940,2026-07-09,-1,19.466666666666665,0.2207293666026871,-2.588594732058686,BUILDING,OVERNIGHT,28.75,19.466666666666665,38.93333333333333,29506.25,29526.0,-19.75,-41.0,STOP,2.0,26.0
1783563660,2026-07-09,1,19.08333333333333,0.7235494880546075,5.031563238074688,CLEAN-TREND,OVERNIGHT,106.0,19.08333333333333,38.16666666666666,29565.75,29546.0,-19.75,-41.0,STOP,1.2,1.25
1783565460,2026-07-09,-1,14.8,0.5073891625615764,-2.293614037975932,CLEAN-TREND,OVERNIGHT,-51.5,14.8,29.6,29439.25,29409.65,29.6,57.7,TARGET,9.4,43.25
1783567080,2026-07-09,-1,15.6,0.0954773869346733,-3.7129146951995744,VIOLENT-WHIPSAW,OVERNIGHT,-9.5,15.6,31.2,29405.0,29421.0,-16.0,-33.5,STOP,2.1,9.0
1783571520,2026-07-09,1,12.066666666666666,0.2224938875305623,2.1823095914325368,BUILDING,OVERNIGHT,22.75,12.066666666666666,24.133333333333333,29527.25,29514.75,-12.5,-26.5,STOP,0.9,34.75
1783573560,2026-07-09,1,10.9,0.3049645390070922,2.5956730658678158,BUILDING,OVERNIGHT,-21.5,10.9,21.8,29517.75,29539.55,21.8,42.1,TARGET,4.3,79.5
1783574160,2026-07-09,-1,18.366666666666667,0.0419906687402799,-4.602115686491025,VIOLENT-WHIPSAW,OVERNIGHT,-6.75,18.366666666666667,36.733333333333334,29546.0,29509.27,36.73,71.97,TARGET,13.2,71.75
1783576680,2026-07-09,1,12.45,0.7766749379652605,2.067301090726116,CLEAN-TREND,OVERNIGHT,78.25,12.45,24.9,29605.25,29592.5,-12.75,-27.0,STOP,4.0,38.0
1783581240,2026-07-09,1,15.15,0.4214463840399002,3.827664446568054,CLEAN-TREND,PRE-OPEN,42.25,15.15,30.3,29656.25,29640.75,-15.5,-32.5,STOP,7.0,27.75
1783582800,2026-07-09,-1,10.216666666666669,0.0661764705882353,-2.236092233549196,NORMAL-CHOP,PRE-OPEN,-4.5,10.216666666666669,20.433333333333337,29643.0,29653.5,-10.5,-22.5,STOP,0.9,1.5
1783583580,2026-07-09,-1,11.083333333333334,0.6109422492401215,-2.1908194410099218,BUILDING,PRE-OPEN,50.25,11.083333333333334,22.166666666666668,29698.25,29676.08,22.17,42.83,TARGET,4.0,34.25
1783584000,2026-07-09,-1,10.283333333333331,0.085173501577287,-3.022672007721822,NORMAL-CHOP,PRE-OPEN,-6.75,10.283333333333331,20.566666666666663,29669.5,29680.25,-10.75,-23.0,STOP,0.9,3.5
1783584300,2026-07-09,-1,12.95,0.2570194384449244,-3.066695892563483,BUILDING,PRE-OPEN,29.75,12.95,25.9,29726.25,29700.35,25.9,50.3,TARGET,13.0,58.5
1783586640,2026-07-09,1,11.616666666666667,0.25,2.461973271721347,BUILDING,PRE-OPEN,-21.0,11.616666666666667,23.233333333333334,29678.5,29666.5,-12.0,-25.5,STOP,0.5,3.5
1783590060,2026-07-09,-1,13.85,0.3916083916083916,-5.731637825720588,BUILDING,PRE-OPEN,-28.0,13.85,27.7,29623.0,29637.25,-14.25,-30.0,STOP,10.0,8.0
1783593900,2026-07-09,-1,9.683333333333334,0.1555555555555555,-3.746278541975612,DEAD-CHOP,PRE-OPEN,-8.75,9.683333333333334,19.366666666666667,29631.0,29611.63,19.37,37.23,TARGET,0.4,67.0
1783594320,2026-07-09,-1,12.266666666666667,0.7616822429906542,-6.635491075541001,BUILDING,PRE-OPEN,-81.5,12.266666666666667,24.533333333333335,29574.0,29587.0,-13.0,-27.5,STOP,5.5,10.0
1783595040,2026-07-09,-1,14.4,0.1148936170212766,-2.2557350616750407,NORMAL-CHOP,PRE-OPEN,13.5,14.4,28.8,29617.75,29588.95,28.8,56.1,TARGET,2.7,39.25
1783596600,2026-07-09,-1,14.25,0.3251231527093596,-3.011288696352452,BUILDING,PRE-OPEN,33.0,14.25,28.5,29631.5,29646.0,-14.5,-30.5,STOP,0.4,-0.0
1783597020,2026-07-09,1,15.05,0.3333333333333333,4.231331810020419,BUILDING,PRE-OPEN,37.75,15.05,30.1,29651.25,29681.35,30.1,58.7,TARGET,5.6,69.5
1783597500,2026-07-09,-1,14.866666666666667,0.4796116504854369,-2.201578756219387,CLEAN-TREND,PRE-OPEN,61.75,14.866666666666667,29.733333333333334,29691.75,29707.0,-15.25,-32.0,STOP,4.7,17.25
1783598760,2026-07-09,1,13.85,0.1863636363636363,2.3890928323660456,NORMAL-CHOP,PRE-OPEN,-20.5,13.85,27.7,29694.75,29722.45,27.7,53.9,TARGET,1.8,83.0
1783599900,2026-07-09,1,11.416666666666666,0.2170542635658914,2.0752981174353877,BUILDING,PRE-OPEN,14.0,11.416666666666666,22.833333333333332,29735.5,29758.33,22.83,44.17,TARGET,6.0,51.0
1783600980,2026-07-09,-1,12.916666666666666,0.1428571428571428,-2.418120721276209,NORMAL-CHOP,PRE-OPEN,14.75,12.916666666666666,25.833333333333332,29751.0,29725.17,25.83,50.17,TARGET,2.6,35.5
1783603500,2026-07-09,1,11.8,0.0031746031746031,3.136399375000788,NORMAL-CHOP,PRE-OPEN,0.25,11.8,23.6,29737.25,29725.0,-12.25,-26.0,STOP,4.1,173.25
1783603920,2026-07-09,-1,22.133333333333333,0.4186046511627907,-2.4398798288519306,CLEAN-TREND,US,-54.0,22.133333333333333,44.266666666666666,29697.0,29719.5,-22.5,-46.5,STOP,0.2,5.25
1783604040,2026-07-09,1,27.05,0.1914357682619647,7.394069525358059,VIOLENT-WHIPSAW,US,38.0,27.05,54.1,29777.5,29831.6,54.1,106.7,TARGET,2.9,145.5
1783604520,2026-07-09,1,37.81666666666667,0.3526011560693641,3.413448977349145,BUILDING,US,106.75,37.81666666666667,75.63333333333334,29864.75,29826.5,-38.25,-78.0,STOP,5.8,58.25
1783605060,2026-07-09,1,32.6,0.2598290598290598,21.25494807351677,BUILDING,US,76.0,32.6,65.2,29881.25,29848.25,-33.0,-67.5,STOP,17.9,41.75
1783607460,2026-07-09,-1,41.95,0.081081081081081,-2.099907208761268,VIOLENT-WHIPSAW,US,-25.5,41.95,83.9,29703.75,29746.0,-42.25,-86.0,STOP,1.0,6.5
1783615200,2026-07-09,1,14.266666666666667,0.0641025641025641,2.1367425979772734,NORMAL-CHOP,US,7.5,14.266666666666667,28.533333333333335,29909.5,29894.75,-14.75,-31.0,STOP,6.0,60.0
1783616760,2026-07-09,1,11.05,0.3901639344262295,8.276665398158482,BUILDING,US,29.75,11.05,22.1,29937.0,29959.1,22.1,42.7,TARGET,3.6,56.25
1783619880,2026-07-09,-1,9.083333333333334,0.1924882629107981,-5.954689563554647,DEAD-CHOP,US,-10.25,9.083333333333334,18.166666666666668,29964.75,29974.25,-9.5,-20.5,STOP,0.9,22.75
1783623300,2026-07-09,-1,9.083333333333334,0.1764705882352941,-2.22348402417582,DEAD-CHOP,US,-9.75,9.083333333333334,18.166666666666668,29935.75,29917.58,18.17,34.83,TARGET,5.2,31.25
1783623960,2026-07-09,1,11.35,0.2521739130434782,3.1396158858102505,BUILDING,US,-21.75,11.35,22.7,29930.75,29919.0,-11.75,-25.0,STOP,1.5,27.0
1783624620,2026-07-09,1,12.133333333333333,0.1402439024390244,2.0892701270602365,NORMAL-CHOP,US,11.5,12.133333333333333,24.266666666666666,29932.75,29957.02,24.27,47.03,TARGET,3.7,25.0
1783625100,2026-07-09,-1,12.15,0.1804123711340206,-2.038853159695613,NORMAL-CHOP,US,17.5,12.15,24.3,29935.25,29910.95,24.3,47.1,TARGET,7.7,41.25
1783626600,2026-07-09,-1,11.6,0.0662824207492795,-3.33608606739504,NORMAL-CHOP,US,-5.75,11.6,23.2,29923.25,29900.05,23.2,44.9,TARGET,3.2,29.25
1783626900,2026-07-09,1,14.466666666666669,0.0484581497797356,4.817102067995748,NORMAL-CHOP,US,-5.5,14.466666666666669,28.933333333333337,29927.5,29956.43,28.93,56.37,TARGET,4.7,46.25
1783635540,2026-07-09,-1,11.416666666666666,0.2700296735905044,-13.152730405333244,BUILDING,OVERNIGHT,-22.75,11.416666666666666,22.833333333333332,29917.75,29920.75,-3.0,-7.5,TIME,30.0,13.75
1783638060,2026-07-09,-1,7.383333333333334,0.0761421319796954,-2.764920120857193,DEAD-CHOP,OVERNIGHT,-3.75,7.383333333333334,14.766666666666667,29913.75,29921.5,-7.75,-17.0,STOP,2.1,6.5
1783639080,2026-07-09,1,7.15,0.5025380710659898,2.353432813433515,BUILDING,OVERNIGHT,24.75,7.15,14.3,29942.5,29956.8,14.3,27.1,TARGET,5.7,22.25
1783641240,2026-07-09,1,8.433333333333334,0.096045197740113,2.4595098815411647,DEAD-CHOP,OVERNIGHT,-4.25,8.433333333333334,16.866666666666667,29950.0,29941.25,-8.75,-19.0,STOP,3.5,8.0
1783641660,2026-07-10,-1,12.883333333333333,0.3411078717201166,-2.642506306063248,BUILDING,OVERNIGHT,-29.25,12.883333333333333,25.766666666666666,29906.75,29880.98,25.77,50.03,TARGET,5.8,86.25
1783642200,2026-07-10,-1,20.916666666666668,0.5555555555555556,-3.844333793145799,CLEAN-TREND,OVERNIGHT,-90.0,20.916666666666668,41.833333333333336,29860.75,29882.0,-21.25,-44.0,STOP,3.0,57.25
1783642980,2026-07-10,-1,19.08333333333333,0.2295345104333868,-2.692920789782229,BUILDING,OVERNIGHT,-35.75,19.08333333333333,38.16666666666666,29847.5,29809.33,38.17,74.83,TARGET,9.8,44.0
1783645260,2026-07-10,-1,11.966666666666669,0.1376146788990825,-2.470338945217305,NORMAL-CHOP,OVERNIGHT,15.0,11.966666666666669,23.933333333333337,29844.5,29820.57,23.93,46.37,TARGET,8.0,28.25
1783650600,2026-07-10,1,10.45,0.1475409836065573,2.061408177058164,NORMAL-CHOP,OVERNIGHT,13.5,10.45,20.9,29888.25,29909.15,20.9,40.3,TARGET,8.7,64.5
1783651620,2026-07-10,1,9.133333333333333,0.5338983050847458,4.408434054920789,BUILDING,OVERNIGHT,31.5,9.133333333333333,18.266666666666666,29925.75,29944.02,18.27,35.03,TARGET,3.2,38.0
1783652340,2026-07-10,1,9.533333333333331,0.574750830564784,2.112674195841655,BUILDING,OVERNIGHT,43.25,9.533333333333331,19.066666666666663,29952.25,29942.25,-10.0,-21.5,STOP,12.8,11.5
1783659000,2026-07-10,-1,7.716666666666667,0.2037914691943128,-3.165931785318654,BUILDING,OVERNIGHT,-10.75,7.716666666666667,15.433333333333334,29901.5,29886.07,15.43,29.37,TARGET,3.0,35.75
1783660440,2026-07-10,1,8.45,0.0150753768844221,2.0093492829236896,DEAD-CHOP,OVERNIGHT,0.75,8.45,16.9,29882.75,29874.0,-8.75,-19.0,STOP,5.6,14.25
1783661400,2026-07-10,-1,9.483333333333333,0.4545454545454545,-3.835253955967987,BUILDING,OVERNIGHT,-28.75,9.483333333333333,18.966666666666665,29866.0,29875.75,-9.75,-21.0,STOP,1.5,27.75
1783662120,2026-07-10,-1,10.583333333333334,0.096551724137931,-6.293951884644918,NORMAL-CHOP,OVERNIGHT,-7.0,10.583333333333334,21.166666666666668,29865.5,29844.33,21.17,40.83,TARGET,13.7,45.5
1783663320,2026-07-10,-1,9.35,0.232258064516129,-2.042785880092488,BUILDING,OVERNIGHT,-18.0,9.35,18.7,29851.25,29832.55,18.7,35.9,TARGET,3.4,75.75
1783664460,2026-07-10,-1,10.5,0.5642857142857143,-5.5219291632817376,BUILDING,OVERNIGHT,-39.5,10.5,21.0,29794.0,29804.75,-10.75,-23.0,STOP,8.1,18.5
1783665240,2026-07-10,1,12.3,0.0121065375302663,2.0688432329301203,NORMAL-CHOP,OVERNIGHT,-1.25,12.3,24.6,29812.5,29799.75,-12.75,-27.0,STOP,2.2,20.0
1783665480,2026-07-10,1,11.766666666666667,0.0880829015544041,2.0415501936818257,NORMAL-CHOP,OVERNIGHT,8.5,11.766666666666667,23.533333333333335,29797.75,29821.28,23.53,45.57,TARGET,6.7,34.75
1783666800,2026-07-10,-1,7.95,0.2489082969432314,-2.0732515931381363,BUILDING,PRE-OPEN,-14.25,7.95,15.9,29806.5,29815.0,-8.5,-18.5,STOP,2.9,15.75
1783667820,2026-07-10,1,12.116666666666667,0.1011764705882353,2.433618766887708,NORMAL-CHOP,PRE-OPEN,10.75,12.116666666666667,24.233333333333334,29823.5,29811.0,-12.5,-26.5,STOP,1.3,2.5
1783669980,2026-07-10,-1,8.35,0.678391959798995,-3.020018826484685,BUILDING,PRE-OPEN,-33.75,8.35,16.7,29772.25,29781.0,-8.75,-19.0,STOP,6.1,29.0
1783670700,2026-07-10,-1,11.316666666666666,0.6312056737588653,-3.175677046724707,BUILDING,PRE-OPEN,-44.5,11.316666666666666,22.633333333333333,29746.75,29758.5,-11.75,-25.0,STOP,1.5,3.5
1783671660,2026-07-10,-1,12.283333333333331,0.1973969631236442,-2.229001817224167,NORMAL-CHOP,PRE-OPEN,22.75,12.283333333333331,24.566666666666663,29768.0,29780.75,-12.75,-27.0,STOP,14.0,15.25
1783674060,2026-07-10,-1,13.016666666666667,0.5081206496519721,-12.257782917179291,CLEAN-TREND,PRE-OPEN,-54.75,13.016666666666667,26.033333333333335,29734.75,29748.25,-13.5,-28.5,STOP,0.1,0.25
1783678920,2026-07-10,-1,7.983333333333333,0.2555555555555555,-8.974838336967977,BUILDING,PRE-OPEN,-11.5,7.983333333333333,15.966666666666667,29819.5,29827.75,-8.25,-18.0,STOP,1.7,4.5
1783681560,2026-07-10,1,7.716666666666667,0.5,2.374422716275379,BUILDING,PRE-OPEN,25.5,7.716666666666667,15.433333333333334,29867.25,29882.68,15.43,29.37,TARGET,8.9,20.5
1783684560,2026-07-10,-1,9.983333333333333,0.3229571984435798,-2.3982657212674288,BUILDING,PRE-OPEN,-20.75,9.983333333333333,19.966666666666665,29812.0,29822.25,-10.25,-22.0,STOP,4.6,41.0
1783685040,2026-07-10,-1,11.15,0.5058823529411764,-2.4267009489302054,BUILDING,PRE-OPEN,-43.0,11.15,22.3,29784.75,29796.25,-11.5,-24.5,STOP,6.1,13.75
1783685580,2026-07-10,1,18.1,0.3596358118361153,29.08017197105196,BUILDING,PRE-OPEN,59.25,18.1,36.2,29874.75,29856.25,-18.5,-38.5,STOP,0.1,1.75
1783690200,2026-07-10,-1,17.4,0.4721189591078067,-2.722719808096861,CLEAN-TREND,US,63.5,17.4,34.8,29874.5,29892.25,-17.75,-37.0,STOP,0.2,78.0
1783690740,2026-07-10,-1,32.06666666666667,0.1488912354804646,-2.276493128698236,VIOLENT-WHIPSAW,US,35.25,32.06666666666667,64.13333333333334,29865.0,29800.87,64.13,126.77,TARGET,0.9,68.5
1783690920,2026-07-10,1,39.3,0.1502008032128514,4.4657828493646985,VIOLENT-WHIPSAW,US,46.75,39.3,78.6,29863.75,29942.35,78.6,155.7,TARGET,6.3,104.75
1783691520,2026-07-10,1,37.55,0.1916264090177133,3.517629308766681,VIOLENT-WHIPSAW,US,59.5,37.55,75.1,29962.0,29924.0,-38.0,-77.5,STOP,2.1,4.75
1783692900,2026-07-10,-1,26.216666666666665,0.0184921763869132,-3.294121207295899,VIOLENT-WHIPSAW,US,3.25,26.216666666666665,52.43333333333333,29920.5,29947.0,-26.5,-54.5,STOP,1.8,243.0
1783693080,2026-07-10,-1,27.566666666666663,0.1525885558583106,-2.375855614608521,VIOLENT-WHIPSAW,US,-28.0,27.566666666666663,55.133333333333326,29918.75,29863.62,55.13,108.77,TARGET,2.8,241.25
1783693920,2026-07-10,-1,43.03333333333333,0.4349617422012948,-5.629363052207207,CLEAN-TREND,US,-184.75,43.03333333333333,86.06666666666666,29760.25,29804.0,-43.75,-89.0,STOP,0.5,82.75
1783707000,2026-07-10,1,10.583333333333334,0.1181102362204724,3.1984668216902903,NORMAL-CHOP,US,7.5,10.583333333333334,21.166666666666668,30058.25,30047.25,-11.0,-23.5,STOP,2.4,8.25
1783707900,2026-07-10,1,11.466666666666669,0.0,2.9266955486512,NORMAL-CHOP,US,0.0,11.466666666666669,22.933333333333337,30059.0,30047.25,-11.75,-25.0,STOP,2.0,3.75
1783711920,2026-07-10,1,10.166666666666666,0.1652892561983471,6.03682611644847,DEAD-CHOP,US,10.0,10.166666666666666,20.333333333333332,30055.0,30044.5,-10.5,-22.5,STOP,20.5,12.25
1783898100,2026-07-12,-1,9.983333333333333,0.2028985507246377,-2.444698666515225,BUILDING,OVERNIGHT,-14.0,9.983333333333333,19.966666666666665,29872.75,29883.0,-10.25,-22.0,STOP,0.2,1.75
1783899960,2026-07-12,-1,9.35,0.4852941176470588,-2.731716331979385,BUILDING,OVERNIGHT,-33.0,9.35,18.7,29854.25,29864.0,-9.75,-21.0,STOP,0.6,10.5
1783901160,2026-07-13,-1,23.08333333333333,0.5819209039548022,-2.954823681461965,CLEAN-TREND,OVERNIGHT,103.0,23.08333333333333,46.16666666666666,29994.75,30018.25,-23.5,-48.5,STOP,3.2,84.75
1783901820,2026-07-13,-1,24.566666666666663,0.1819645732689211,-2.0718377399498547,VIOLENT-WHIPSAW,OVERNIGHT,28.25,24.566666666666663,49.133333333333326,29982.75,30007.75,-25.0,-51.5,STOP,5.6,133.75
1783903020,2026-07-13,-1,17.75,0.6291161178509532,-4.119824302129883,CLEAN-TREND,OVERNIGHT,-90.75,17.75,35.5,29902.25,29866.75,35.5,69.5,TARGET,3.1,97.25
1783903920,2026-07-13,-1,23.366666666666667,0.4318471337579618,-2.6280913935804247,CLEAN-TREND,OVERNIGHT,-84.75,23.366666666666667,46.733333333333334,29816.5,29840.25,-23.75,-49.0,STOP,2.9,28.0
1783904940,2026-07-13,-1,20.28333333333333,0.2868525896414343,-3.157696822555144,BUILDING,OVERNIGHT,-36.0,20.28333333333333,40.56666666666666,29797.5,29818.25,-20.75,-43.0,STOP,3.1,9.0
1783905300,2026-07-13,1,20.65,0.1649122807017544,2.3863683185756424,VIOLENT-WHIPSAW,OVERNIGHT,23.5,20.65,41.3,29842.5,29821.5,-21.0,-43.5,STOP,1.3,5.5
1783905900,2026-07-13,-1,17.233333333333334,0.0330188679245283,-2.237830820919166,VIOLENT-WHIPSAW,OVERNIGHT,3.5,17.233333333333334,34.46666666666667,29805.5,29823.0,-17.5,-36.5,STOP,10.5,65.25
1783907280,2026-07-13,-1,16.233333333333334,0.1218390804597701,-3.040406890760536,VIOLENT-WHIPSAW,OVERNIGHT,-13.25,16.233333333333334,32.46666666666667,29782.0,29798.5,-16.5,-34.5,STOP,0.4,53.25
1783911420,2026-07-13,-1,12.283333333333331,0.196078431372549,-2.408346476200331,NORMAL-CHOP,OVERNIGHT,-20.0,12.283333333333331,24.566666666666663,29732.5,29707.93,24.57,47.63,TARGET,5.1,50.0
1783914300,2026-07-13,1,11.533333333333331,0.0496453900709219,2.1459524557784704,NORMAL-CHOP,OVERNIGHT,-5.25,11.533333333333331,23.066666666666663,29701.75,29724.82,23.07,44.63,TARGET,4.2,23.5
1783914900,2026-07-13,-1,11.733333333333333,0.2071611253196931,-2.5437876962590957,BUILDING,OVERNIGHT,-20.25,11.733333333333333,23.466666666666665,29696.75,29673.28,23.47,45.43,TARGET,4.2,47.5
1783916760,2026-07-13,-1,10.766666666666667,0.1698113207547169,-2.1455089259604407,NORMAL-CHOP,OVERNIGHT,-11.25,10.766666666666667,21.533333333333335,29648.0,29626.47,21.53,41.57,TARGET,15.0,35.0
1783919280,2026-07-13,1,12.116666666666667,0.65625,3.5273874892914576,BUILDING,OVERNIGHT,42.0,12.116666666666667,24.233333333333334,29660.25,29684.48,24.23,46.97,TARGET,2.0,33.25
1783920000,2026-07-13,-1,14.25,0.0989010989010989,-2.767238379469536,NORMAL-CHOP,OVERNIGHT,-11.25,14.25,28.5,29633.75,29605.25,28.5,55.5,TARGET,2.3,87.25
1783920600,2026-07-13,-1,15.483333333333333,0.8660508083140878,-5.625897056629693,CLEAN-TREND,OVERNIGHT,-93.75,15.483333333333333,30.966666666666665,29573.0,29588.75,-15.75,-33.0,STOP,2.7,11.5
1783929960,2026-07-13,1,13.583333333333334,0.3779264214046823,2.2186415831343984,BUILDING,PRE-OPEN,28.25,13.583333333333334,27.166666666666668,29676.5,29703.67,27.17,52.83,TARGET,7.5,64.75
1783930740,2026-07-13,-1,15.15,0.4372093023255814,-2.673831913706695,CLEAN-TREND,PRE-OPEN,47.0,15.15,30.3,29717.0,29732.5,-15.5,-32.5,STOP,4.2,17.0
1783932720,2026-07-13,1,9.033333333333331,0.679324894514768,2.5066074916536825,BUILDING,PRE-OPEN,40.25,9.033333333333331,18.066666666666663,29748.5,29738.75,-9.75,-21.0,STOP,3.0,8.5
1783937100,2026-07-13,-1,7.033333333333333,0.01,-2.3012522965421445,DEAD-CHOP,PRE-OPEN,0.5,7.033333333333333,14.066666666666666,29756.25,29742.18,14.07,26.63,TARGET,2.0,19.25
1783940400,2026-07-13,1,9.183333333333334,0.5892255892255892,17.137153051133126,BUILDING,PRE-OPEN,43.75,9.183333333333334,18.366666666666667,29785.5,29776.0,-9.5,-20.5,STOP,1.0,14.5
1783940760,2026-07-13,1,11.566666666666666,0.3175853018372703,2.702032943026714,BUILDING,PRE-OPEN,30.25,11.566666666666666,23.133333333333333,29785.75,29773.75,-12.0,-25.5,STOP,1.9,8.0
1783941060,2026-07-13,-1,12.816666666666666,0.0776255707762557,-2.1038397669059448,NORMAL-CHOP,PRE-OPEN,8.5,12.816666666666666,25.633333333333333,29759.5,29772.75,-13.25,-28.0,STOP,1.8,18.0
1783944540,2026-07-13,-1,12.716666666666669,0.1393034825870646,-2.2179153553298665,NORMAL-CHOP,PRE-OPEN,-14.0,12.716666666666669,25.433333333333337,29728.5,29741.5,-13.0,-27.5,STOP,0.9,73.25
1783944720,2026-07-13,-1,16.716666666666665,0.1285714285714285,-3.674402154671335,VIOLENT-WHIPSAW,PRE-OPEN,-18.0,16.716666666666665,33.43333333333333,29712.0,29729.0,-17.0,-35.5,STOP,1.0,56.75
1783948620,2026-07-13,-1,10.733333333333333,0.6425531914893617,-2.097760217568608,BUILDING,PRE-OPEN,-37.75,10.733333333333333,21.466666666666665,29704.0,29715.0,-11.0,-23.5,STOP,7.1,167.75
1783949220,2026-07-13,-1,11.95,0.3705583756345177,-4.390956598940329,BUILDING,PRE-OPEN,-36.5,11.95,23.9,29685.5,29697.75,-12.25,-26.0,STOP,0.4,167.75
1783949400,2026-07-13,-1,18.58333333333333,0.0127659574468085,-6.257504846673093,VIOLENT-WHIPSAW,US,-1.5,18.58333333333333,37.16666666666666,29717.0,29736.0,-19.0,-39.5,STOP,1.5,199.25
1783949580,2026-07-13,-1,25.58333333333333,0.2252836304700162,-4.265141375570387,BUILDING,US,-34.75,25.58333333333333,51.16666666666666,29672.75,29621.58,51.17,100.83,TARGET,3.3,155.0
1783949880,2026-07-13,1,36.71666666666667,0.140913508260447,2.245170415731075,VIOLENT-WHIPSAW,US,-36.25,36.71666666666667,73.43333333333334,29654.0,29617.0,-37.0,-75.5,STOP,1.0,9.0
1783950060,2026-07-13,1,42.31666666666667,0.4375,3.6981331450740567,CLEAN-TREND,US,-136.5,42.31666666666667,84.63333333333334,29572.75,29530.0,-42.75,-87.0,STOP,9.3,90.25
1783952160,2026-07-13,-1,39.43333333333333,0.2188317349607672,-6.777834518005308,BUILDING,US,-62.75,39.43333333333333,78.86666666666666,29558.75,29598.75,-40.0,-81.5,STOP,2.6,65.5
1783952640,2026-07-13,1,47.88333333333333,0.1815616180620884,4.41943421951066,VIOLENT-WHIPSAW,US,48.25,47.88333333333333,95.76666666666667,29667.0,29618.75,-48.25,-98.0,STOP,20.4,57.0
1783960140,2026-07-13,-1,17.383333333333333,0.5150115473441108,-2.69665632567086,CLEAN-TREND,US,-55.75,17.383333333333333,34.766666666666666,29558.5,29523.73,34.77,68.03,TARGET,1.0,98.25
1783960500,2026-07-13,-1,19.53333333333333,0.7153846153846154,-4.763710499849609,CLEAN-TREND,US,-93.0,19.53333333333333,39.06666666666666,29482.75,29502.75,-20.0,-41.5,STOP,3.0,22.5
1783960740,2026-07-13,1,23.683333333333334,0.2990936555891239,3.495905612619824,BUILDING,US,-49.5,23.683333333333334,47.36666666666667,29518.25,29494.25,-24.0,-49.5,STOP,10.4,53.75
1783967400,2026-07-13,-1,16.033333333333335,0.4564315352697095,-2.3311035353919,CLEAN-TREND,US,-55.0,16.033333333333335,32.06666666666667,29456.5,29473.0,-16.5,-34.5,STOP,0.8,2.5
1783970400,2026-07-13,-1,14.566666666666666,0.6847545219638242,-3.430865123421686,CLEAN-TREND,US,-66.25,14.566666666666666,29.133333333333333,29450.0,29420.87,29.13,56.77,TARGET,2.7,55.0
1783970820,2026-07-13,-1,14.616666666666667,0.574750830564784,-2.3642891331197085,CLEAN-TREND,US,-43.25,14.616666666666667,29.233333333333334,29412.75,29427.75,-15.0,-31.5,STOP,2.3,17.75
1783971180,2026-07-13,-1,16.966666666666665,0.2361516034985422,-2.3779549229082564,BUILDING,US,-20.25,16.966666666666665,33.93333333333333,29439.25,29405.32,33.93,66.37,TARGET,2.5,44.25
1783971480,2026-07-13,-1,17.383333333333333,0.3177083333333333,-2.089994174660987,BUILDING,US,-30.5,17.383333333333333,34.766666666666666,29399.75,29417.5,-17.75,-37.0,STOP,1.9,2.75
1783972200,2026-07-13,1,15.683333333333334,0.5212355212355212,2.851606683453716,CLEAN-TREND,US,67.5,15.683333333333334,31.366666666666667,29484.25,29468.25,-16.0,-33.5,STOP,3.7,20.75
1783972740,2026-07-13,-1,19.45,0.0932203389830508,-3.001723765677475,VIOLENT-WHIPSAW,US,16.5,19.45,38.9,29465.5,29426.6,38.9,76.3,TARGET,15.9,79.0
1783981320,2026-07-13,-1,8.733333333333333,0.3168724279835391,-2.5274060716380107,BUILDING,OVERNIGHT,-19.25,8.733333333333333,17.466666666666665,29452.25,29434.78,17.47,33.43,TARGET,6.4,36.5
1783983000,2026-07-13,-1,8.033333333333333,0.0288065843621399,-2.661709144224851,DEAD-CHOP,OVERNIGHT,-1.75,8.033333333333333,16.066666666666666,29430.5,29414.43,16.07,30.63,TARGET,3.9,62.75
1783983300,2026-07-13,-1,10.083333333333334,0.4097421203438395,-3.875283096987114,BUILDING,OVERNIGHT,-35.75,10.083333333333334,20.166666666666668,29400.75,29380.58,20.17,38.83,TARGET,8.1,33.0
1783985700,2026-07-13,1,9.7,0.277027027027027,3.985479268732582,BUILDING,OVERNIGHT,-20.5,9.7,19.4,29366.5,29356.5,-10.0,-21.5,STOP,2.3,84.0
1783986060,2026-07-13,-1,10.166666666666666,0.5859872611464968,-3.63265600720785,BUILDING,OVERNIGHT,-46.0,10.166666666666666,20.333333333333332,29344.5,29355.0,-10.5,-22.5,STOP,10.2,19.5
1783987080,2026-07-13,1,16.3,0.7806788511749347,3.07461705434046,CLEAN-TREND,OVERNIGHT,74.75,16.3,32.6,29412.75,29445.35,32.6,63.7,TARGET,2.1,63.5
1783987320,2026-07-14,-1,20.633333333333333,0.4561101549053356,-2.1894647571128587,CLEAN-TREND,OVERNIGHT,66.25,20.633333333333333,41.266666666666666,29404.25,29362.98,41.27,81.03,TARGET,1.5,79.25
1783987860,2026-07-14,-1,32.766666666666666,0.1406113537117904,-4.375740020805888,VIOLENT-WHIPSAW,OVERNIGHT,40.25,32.766666666666666,65.53333333333333,29424.75,29458.0,-33.25,-68.0,STOP,2.5,54.75
1783989240,2026-07-14,1,28.55,0.2688413948256468,2.590995566744894,BUILDING,OVERNIGHT,59.75,28.55,57.1,29457.75,29428.75,-29.0,-59.5,STOP,7.7,83.25
1783989840,2026-07-14,1,26.7,0.0235131396957123,2.087573129681707,VIOLENT-WHIPSAW,OVERNIGHT,-4.25,26.7,53.4,29418.75,29472.15,53.4,105.3,TARGET,5.3,122.25
1783992660,2026-07-14,-1,18.15,0.1293103448275862,-2.653183796723858,VIOLENT-WHIPSAW,OVERNIGHT,-15.0,18.15,36.3,29488.75,29452.45,36.3,71.1,TARGET,9.0,58.75
1783998180,2026-07-14,-1,14.066666666666666,0.6705336426914154,-4.097644246190043,CLEAN-TREND,OVERNIGHT,-72.25,14.066666666666666,28.133333333333333,29362.5,29334.37,28.13,54.77,TARGET,9.3,59.25
1783999020,2026-07-14,-1,12.616666666666667,0.7117117117117117,-2.359183658441136,CLEAN-TREND,OVERNIGHT,-59.25,12.616666666666667,25.233333333333334,29307.75,29320.75,-13.0,-27.5,STOP,0.9,4.5
1783999800,2026-07-14,-1,17.383333333333333,0.3580645161290323,-2.896805480918794,BUILDING,OVERNIGHT,55.5,17.383333333333333,34.766666666666666,29385.25,29403.0,-17.75,-37.0,STOP,1.1,51.25
1784000940,2026-07-14,-1,20.383333333333333,0.1813084112149532,-2.05524562037382,VIOLENT-WHIPSAW,OVERNIGHT,24.25,20.383333333333333,40.766666666666666,29384.5,29405.25,-20.75,-43.0,STOP,1.7,12.75
1784001180,2026-07-14,-1,19.666666666666668,0.391304347826087,-2.809738815486948,BUILDING,OVERNIGHT,54.0,19.666666666666668,39.333333333333336,29420.25,29440.25,-20.0,-41.5,STOP,9.5,48.5
1784004720,2026-07-14,-1,10.333333333333334,0.2177121771217712,-2.3720870462445838,BUILDING,OVERNIGHT,14.75,10.333333333333334,20.666666666666668,29489.25,29500.0,-10.75,-23.0,STOP,2.5,11.5
1784006040,2026-07-14,1,11.333333333333334,0.4897959183673469,2.237696592352213,BUILDING,OVERNIGHT,36.0,11.333333333333334,22.666666666666668,29546.0,29568.67,22.67,43.83,TARGET,6.7,86.25
1784007360,2026-07-14,-1,12.85,0.2537313432835821,-2.5669565474742786,BUILDING,OVERNIGHT,25.5,12.85,25.7,29598.5,29611.75,-13.25,-28.0,STOP,25.0,21.0
1784009760,2026-07-14,-1,11.0,0.2384341637010676,-3.064924239436635,BUILDING,OVERNIGHT,16.75,11.0,22.0,29626.5,29637.75,-11.25,-24.0,STOP,1.9,44.25
1784014920,2026-07-14,1,14.216666666666669,0.3367875647668393,2.974102013689787,BUILDING,PRE-OPEN,-32.5,14.216666666666669,28.433333333333337,29576.5,29562.0,-14.5,-30.5,STOP,3.1,33.25
1784016000,2026-07-14,1,13.833333333333334,0.1032028469750889,2.4245069155502352,NORMAL-CHOP,PRE-OPEN,7.25,13.833333333333334,27.666666666666668,29573.5,29601.17,27.67,53.83,TARGET,1.6,58.5
1784016180,2026-07-14,1,16.316666666666666,0.1793611793611793,2.640479731868838,VIOLENT-WHIPSAW,PRE-OPEN,-18.25,16.316666666666666,32.63333333333333,29570.0,29553.25,-16.75,-35.0,STOP,3.8,62.0
1784017980,2026-07-14,-1,11.933333333333334,0.1641791044776119,-2.6530515892748547,NORMAL-CHOP,PRE-OPEN,11.0,11.933333333333334,23.866666666666667,29619.0,29631.25,-12.25,-26.0,STOP,2.8,61.25
1784019240,2026-07-14,1,10.966666666666669,0.336986301369863,2.0254629847649963,BUILDING,PRE-OPEN,-30.75,10.966666666666669,21.933333333333337,29591.5,29580.0,-11.5,-24.5,STOP,2.3,37.75
1784019600,2026-07-14,-1,11.55,0.3061224489795918,-2.3004143630246223,BUILDING,PRE-OPEN,-30.0,11.55,23.1,29572.25,29584.25,-12.0,-25.5,STOP,1.0,3.0
1784019840,2026-07-14,1,12.033333333333331,0.1666666666666666,3.438463035926585,NORMAL-CHOP,PRE-OPEN,16.0,12.033333333333331,24.066666666666663,29599.25,29586.75,-12.5,-26.5,STOP,1.6,30.0
1784020680,2026-07-14,1,12.733333333333333,0.0971128608923884,2.699593375181887,NORMAL-CHOP,PRE-OPEN,9.25,12.733333333333333,25.466666666666665,29596.75,29583.5,-13.25,-28.0,STOP,9.0,25.75
1784025360,2026-07-14,1,10.333333333333334,0.208955223880597,2.4203684662144243,BUILDING,PRE-OPEN,14.0,10.333333333333334,20.666666666666668,29609.0,29629.67,20.67,39.83,TARGET,1.0,24.0
1784026380,2026-07-14,-1,9.216666666666669,0.2105263157894736,-2.675526456074813,BUILDING,PRE-OPEN,-14.0,9.216666666666669,18.433333333333337,29604.0,29613.5,-9.5,-20.5,STOP,6.0,50.0
1784027640,2026-07-14,-1,21.03333333333333,0.0086655112651646,-3.704644275413248,VIOLENT-WHIPSAW,PRE-OPEN,1.25,21.03333333333333,42.06666666666666,29606.5,29628.0,-21.5,-44.5,STOP,0.6,2.5
1784027880,2026-07-14,1,19.4,0.330812854442344,2.7420675519540523,BUILDING,PRE-OPEN,43.75,19.4,38.8,29615.75,29654.55,38.8,76.1,TARGET,5.8,54.75
1784030580,2026-07-14,-1,11.216666666666669,0.3819241982507289,-2.7271032412446083,BUILDING,PRE-OPEN,-32.75,11.216666666666669,22.433333333333337,29614.5,29592.07,22.43,43.37,TARGET,1.4,44.5
1784032200,2026-07-14,1,31.28333333333333,0.872133425990271,26.13358433221332,CLEAN-TREND,PRE-OPEN,313.75,31.28333333333333,62.56666666666666,29904.25,29872.5,-31.75,-65.0,STOP,0.1,17.75
1784032560,2026-07-14,-1,42.91666666666666,0.616580310880829,-2.2099101729512736,CLEAN-TREND,PRE-OPEN,238.0,42.91666666666666,85.83333333333331,29848.0,29762.17,85.83,170.17,TARGET,19.1,94.5
1784035800,2026-07-14,-1,20.15,0.0151515151515151,-4.2377848113655725,VIOLENT-WHIPSAW,US,2.5,20.15,40.3,29768.75,29789.5,-20.75,-43.0,STOP,0.0,83.75
1784036100,2026-07-14,1,29.9,0.2654867256637168,2.071356978005568,BUILDING,US,-60.0,29.9,59.8,29709.75,29769.55,59.8,118.1,TARGET,1.9,97.25
1784036520,2026-07-14,-1,43.55,0.3252032520325203,-4.13099115564867,BUILDING,US,-100.0,43.55,87.1,29729.5,29773.5,-44.0,-89.5,STOP,2.1,92.25
1784036820,2026-07-14,-1,44.7,0.0607225211375864,-2.6945825962129017,VIOLENT-WHIPSAW,US,19.75,44.7,89.4,29752.25,29797.25,-45.0,-91.5,STOP,6.4,185.0
1784037720,2026-07-14,-1,36.8,0.1562207670720299,-2.215393210027113,VIOLENT-WHIPSAW,US,-41.75,36.8,73.6,29713.25,29639.65,73.6,145.7,TARGET,6.3,146.0
1784038500,2026-07-14,-1,39.35,0.5615514333895447,-3.302895377919653,CLEAN-TREND,US,-166.5,39.35,78.7,29615.25,29655.0,-39.75,-81.0,STOP,4.1,48.0
1784039160,2026-07-14,1,41.06666666666667,0.1241721854304635,2.9724446316578947,VIOLENT-WHIPSAW,US,37.5,41.06666666666667,82.13333333333334,29701.25,29659.75,-41.5,-84.5,STOP,1.2,108.75
1784039520,2026-07-14,1,40.516666666666666,0.3893016344725111,3.43732640613931,BUILDING,US,131.0,40.516666666666666,81.03333333333333,29732.5,29691.5,-41.0,-83.5,STOP,14.2,77.5
1784041440,2026-07-14,1,27.65,0.5795868772782503,7.666883694870781,CLEAN-TREND,US,119.25,27.65,55.3,29805.25,29860.55,55.3,109.1,TARGET,3.8,90.75
1784049300,2026-07-14,-1,12.05,0.1945392491467577,-3.2107952157069546,NORMAL-CHOP,US,-14.25,12.05,24.1,29819.5,29832.0,-12.5,-26.5,STOP,3.4,8.25
1784054220,2026-07-14,-1,11.916666666666666,0.1827242524916943,-3.02987113538033,NORMAL-CHOP,US,-13.75,11.916666666666666,23.833333333333332,29853.5,29829.67,23.83,46.17,TARGET,3.4,73.25
1784054940,2026-07-14,-1,15.066666666666666,0.391304347826087,-2.2296381729280803,BUILDING,US,-45.0,15.066666666666666,30.133333333333333,29816.5,29832.0,-15.5,-32.5,STOP,2.4,36.25
1784055180,2026-07-14,1,14.316666666666666,0.0590809628008752,2.4724584624554664,NORMAL-CHOP,US,-6.75,14.316666666666666,28.633333333333333,29841.25,29826.5,-14.75,-31.0,STOP,1.7,0.5
1784055660,2026-07-14,-1,11.866666666666667,0.2037914691943128,-2.0431563108463493,BUILDING,US,-21.5,11.866666666666667,23.733333333333334,29807.0,29783.27,23.73,45.97,TARGET,5.7,36.0
1784056320,2026-07-14,1,13.333333333333334,0.099502487562189,2.065876128184712,NORMAL-CHOP,US,-10.0,13.333333333333334,26.666666666666668,29811.0,29837.67,26.67,51.83,TARGET,9.9,27.25
1784057340,2026-07-14,-1,10.883333333333333,0.2044817927170868,-2.305359499282673,BUILDING,US,-18.25,10.883333333333333,21.766666666666666,29797.5,29775.73,21.77,42.03,TARGET,1.1,26.5
1784058240,2026-07-14,1,14.633333333333333,0.1474530831099195,2.366717955086891,NORMAL-CHOP,US,13.75,14.633333333333333,29.266666666666666,29811.25,29796.25,-15.0,-31.5,STOP,5.0,24.5
1784058840,2026-07-14,-1,13.216666666666669,0.1413881748071979,-2.8739314783300114,NORMAL-CHOP,US,13.75,13.216666666666669,26.433333333333337,29804.75,29818.25,-13.5,-28.5,STOP,3.7,36.75
1784059140,2026-07-14,-1,15.183333333333334,0.2236286919831223,-2.573291720623976,BUILDING,US,-26.5,15.183333333333334,30.366666666666667,29787.0,29802.5,-15.5,-32.5,STOP,5.7,22.5
1784067840,2026-07-14,1,10.85,0.2335329341317365,3.482764342776217,BUILDING,OVERNIGHT,19.5,10.85,21.7,29793.25,29782.0,-11.25,-24.0,STOP,13.8,3.25
1784070300,2026-07-14,1,8.166666666666666,0.0948275862068965,2.5885233860242987,DEAD-CHOP,OVERNIGHT,5.5,8.166666666666666,16.333333333333332,29783.75,29800.08,16.33,31.17,TARGET,15.5,98.25
1784071500,2026-07-14,1,10.016666666666667,0.7068062827225131,8.177289573679188,BUILDING,OVERNIGHT,67.5,10.016666666666667,20.033333333333335,29851.75,29841.25,-10.5,-22.5,STOP,0.1,44.0
1784071680,2026-07-14,1,11.9,0.4933920704845815,2.366470845161972,BUILDING,OVERNIGHT,56.0,11.9,23.8,29851.75,29875.55,23.8,46.1,TARGET,2.1,48.25
1784073240,2026-07-14,1,10.783333333333331,0.3648648648648648,3.057620214078196,BUILDING,OVERNIGHT,27.0,10.783333333333331,21.566666666666663,29891.25,29880.0,-11.25,-24.0,STOP,2.8,42.25
1784073660,2026-07-15,1,14.066666666666666,0.100502512562814,2.580555474174357,NORMAL-CHOP,OVERNIGHT,10.0,14.066666666666666,28.133333333333333,29866.25,29851.75,-14.5,-30.5,STOP,3.5,67.25
1784074380,2026-07-15,1,20.183333333333334,0.1275167785234899,2.562264043072099,VIOLENT-WHIPSAW,OVERNIGHT,19.0,20.183333333333334,40.36666666666667,29898.0,29877.5,-20.5,-42.5,STOP,22.8,35.5
1784077200,2026-07-15,-1,13.733333333333333,0.2008830022075055,-2.1896867563189457,BUILDING,OVERNIGHT,22.75,13.733333333333333,27.466666666666665,29897.5,29870.03,27.47,53.43,TARGET,2.4,37.25
1784077440,2026-07-15,1,14.8,0.0457038391224862,2.4875562212070434,NORMAL-CHOP,OVERNIGHT,6.25,14.8,29.6,29887.25,29872.0,-15.25,-32.0,STOP,2.3,54.25
1784078760,2026-07-15,1,13.483333333333333,0.5374449339207048,3.4256661329085625,CLEAN-TREND,OVERNIGHT,61.0,13.483333333333333,26.966666666666665,29932.75,29919.0,-13.75,-29.0,STOP,2.4,11.75
1784080680,2026-07-15,1,11.716666666666669,0.4946808510638298,2.4726975771623803,BUILDING,OVERNIGHT,46.5,11.716666666666669,23.433333333333337,29952.75,29976.18,23.43,45.37,TARGET,13.5,30.25
1784083080,2026-07-15,1,8.033333333333333,0.3428571428571428,2.331453255118043,BUILDING,OVERNIGHT,12.0,8.033333333333333,16.066666666666666,29978.5,29970.0,-8.5,-18.5,STOP,11.5,8.75
1784085360,2026-07-15,1,7.983333333333333,0.174496644295302,2.3439928107973977,DEAD-CHOP,OVERNIGHT,13.0,7.983333333333333,15.966666666666667,29972.25,29988.22,15.97,30.43,TARGET,13.4,29.5
1784086860,2026-07-15,1,7.066666666666666,0.4841628959276018,3.2885963061367747,BUILDING,OVERNIGHT,26.75,7.066666666666666,14.133333333333333,30000.0,29992.25,-7.75,-17.0,STOP,0.5,19.5
1784088960,2026-07-15,1,5.933333333333334,0.2422360248447205,2.958033551683525,BUILDING,OVERNIGHT,-9.75,5.933333333333334,11.866666666666667,30005.5,29999.25,-6.25,-14.0,STOP,11.6,7.75
1784089740,2026-07-15,-1,6.116666666666666,0.270440251572327,-2.01407962567086,BUILDING,OVERNIGHT,-10.75,6.116666666666666,12.233333333333333,29989.75,29996.25,-6.5,-14.5,STOP,3.2,6.75
1784091540,2026-07-15,1,6.3,0.3801169590643274,4.430383822747777,BUILDING,OVERNIGHT,16.25,6.3,12.6,30022.25,30034.85,12.6,23.7,TARGET,0.0,36.25
1784091720,2026-07-15,1,12.683333333333334,0.1977715877437326,2.450682470218688,NORMAL-CHOP,OVERNIGHT,17.75,12.683333333333334,25.366666666666667,30029.5,30016.25,-13.25,-28.0,STOP,0.7,6.25
1784092380,2026-07-15,1,19.116666666666667,0.0634146341463414,2.8709974456722245,VIOLENT-WHIPSAW,OVERNIGHT,-9.75,19.116666666666667,38.233333333333334,30007.75,29988.25,-19.5,-40.5,STOP,11.2,17.5
1784094960,2026-07-15,1,9.483333333333333,0.3356401384083045,2.5482354944432544,BUILDING,OVERNIGHT,24.25,9.483333333333333,18.966666666666665,30023.0,30041.97,18.97,36.43,TARGET,5.8,27.0
1784099160,2026-07-15,-1,12.933333333333334,0.3333333333333333,-2.7952246441007707,BUILDING,PRE-OPEN,32.0,12.933333333333334,25.866666666666667,30048.25,30022.38,25.87,50.23,TARGET,9.5,120.0
1784099880,2026-07-15,-1,12.016666666666667,0.1080459770114942,-2.117885044598914,NORMAL-CHOP,PRE-OPEN,-11.75,12.016666666666667,24.033333333333335,30014.75,29990.72,24.03,46.57,TARGET,5.3,86.5
1784101080,2026-07-15,1,15.316666666666666,0.099601593625498,2.001346857792794,VIOLENT-WHIPSAW,PRE-OPEN,-12.5,15.316666666666666,30.633333333333333,29979.75,29964.0,-15.75,-33.0,STOP,23.9,25.25
1784102700,2026-07-15,1,12.516666666666667,0.6255506607929515,2.14375443049948,CLEAN-TREND,PRE-OPEN,-71.0,12.516666666666667,25.033333333333335,29931.0,29918.0,-13.0,-27.5,STOP,4.2,8.75
1784103120,2026-07-15,1,15.0,0.524008350730689,6.054503860470085,CLEAN-TREND,PRE-OPEN,-62.75,15.0,30.0,29924.0,29908.75,-15.25,-32.0,STOP,0.9,8.75
1784103420,2026-07-15,1,15.45,0.5555555555555556,2.220933090928181,CLEAN-TREND,PRE-OPEN,-57.5,15.45,30.9,29905.0,29889.25,-15.75,-33.0,STOP,4.8,38.75
1784103780,2026-07-15,1,15.233333333333333,0.5178571428571429,2.401375519570564,CLEAN-TREND,PRE-OPEN,-58.0,15.233333333333333,30.466666666666665,29879.25,29909.72,30.47,59.43,TARGET,5.1,64.5
1784104920,2026-07-15,-1,10.833333333333334,0.0676691729323308,-5.847893143788769,NORMAL-CHOP,PRE-OPEN,4.5,10.833333333333334,21.666666666666668,29904.5,29915.75,-11.25,-24.0,STOP,0.5,1.0
1784109180,2026-07-15,-1,8.583333333333334,0.2810457516339869,-2.320031589344318,BUILDING,PRE-OPEN,-21.5,8.583333333333334,17.166666666666668,29926.25,29935.25,-9.0,-19.5,STOP,17.6,25.5
1784111400,2026-07-15,1,11.166666666666666,0.5827814569536424,2.7641316987886437,BUILDING,PRE-OPEN,-44.0,11.166666666666666,22.333333333333332,29901.75,29890.25,-11.5,-24.5,STOP,0.9,52.0
1784112960,2026-07-15,1,6.833333333333333,0.456221198156682,2.460125308246623,BUILDING,PRE-OPEN,24.75,6.833333333333333,13.666666666666666,29932.0,29924.75,-7.25,-16.0,STOP,0.8,21.75
1784113140,2026-07-15,1,7.716666666666667,0.3929961089494163,4.160959701793745,BUILDING,PRE-OPEN,25.25,7.716666666666667,15.433333333333334,29926.75,29942.18,15.43,29.37,TARGET,0.3,27.0
1784113680,2026-07-15,-1,10.783333333333331,0.2122762148337595,-2.2088533131590062,BUILDING,PRE-OPEN,20.75,10.783333333333331,21.566666666666663,29936.5,29914.93,21.57,41.63,TARGET,22.3,25.5
1784115180,2026-07-15,-1,8.183333333333334,0.3160621761658031,-2.005524794544737,BUILDING,PRE-OPEN,-15.25,8.183333333333334,16.366666666666667,29922.5,29931.0,-8.5,-18.5,STOP,0.7,21.5
1784117880,2026-07-15,1,10.25,0.2393442622950819,2.1738137857919955,BUILDING,PRE-OPEN,-18.25,10.25,20.5,29886.25,29875.75,-10.5,-22.5,STOP,2.5,87.5
1784118600,2026-07-15,1,15.833333333333334,0.3150684931506849,6.681365136715384,BUILDING,PRE-OPEN,34.5,15.833333333333334,31.666666666666668,29925.75,29957.42,31.67,61.83,TARGET,4.9,69.75
1784119020,2026-07-15,-1,19.8,0.6397058823529411,-3.3570116342402003,CLEAN-TREND,PRE-OPEN,87.0,19.8,39.6,29947.0,29967.25,-20.25,-42.0,STOP,4.4,23.0
1784122140,2026-07-15,1,11.066666666666666,0.1784511784511784,3.842160399373831,NORMAL-CHOP,PRE-OPEN,13.25,11.066666666666666,22.133333333333333,29957.25,29945.75,-11.5,-24.5,STOP,0.1,21.0
1784122320,2026-07-15,-1,17.266666666666666,0.2417582417582417,-4.803980935130117,BUILDING,US,-22.0,17.266666666666666,34.53333333333333,29931.0,29948.75,-17.75,-37.0,STOP,1.7,176.0
1784122500,2026-07-15,-1,22.816666666666663,0.1634980988593156,-10.389432867770108,VIOLENT-WHIPSAW,US,-21.5,22.816666666666663,45.633333333333326,29918.0,29941.25,-23.25,-48.0,STOP,1.1,163.0
1784122680,2026-07-15,-1,29.366666666666667,0.3639947437582129,-3.0923762930581318,BUILDING,US,-69.25,29.366666666666667,58.733333333333334,29873.75,29815.02,58.73,115.97,TARGET,7.1,118.75
1784123280,2026-07-15,1,37.6,0.459866220735786,2.41831016313145,CLEAN-TREND,US,-137.5,37.6,75.2,29791.25,29866.45,75.2,148.9,TARGET,14.4,101.0
1784124360,2026-07-15,1,32.06666666666667,0.5035460992907801,3.724900166793942,CLEAN-TREND,US,124.25,32.06666666666667,64.13333333333334,29887.25,29854.75,-32.5,-66.5,STOP,2.9,5.0
1784124840,2026-07-15,-1,28.58333333333333,0.0824858757062146,-2.641728092100496,VIOLENT-WHIPSAW,US,-18.25,28.58333333333333,57.16666666666666,29806.5,29749.33,57.17,112.83,TARGET,6.4,269.75
1784125380,2026-07-15,-1,32.75,0.6800766283524904,-2.933069361862815,CLEAN-TREND,US,-177.5,32.75,65.5,29701.5,29734.5,-33.0,-67.5,STOP,6.6,164.75
1784125920,2026-07-15,-1,38.46666666666667,0.5056967572304996,-2.2520227509334174,CLEAN-TREND,US,-144.25,38.46666666666667,76.93333333333334,29673.75,29712.5,-38.75,-79.0,STOP,1.0,137.0
1784126160,2026-07-15,-1,40.38333333333333,0.4407652685798381,-3.056122693389546,CLEAN-TREND,US,-149.75,40.38333333333333,80.76666666666667,29618.75,29537.98,80.77,160.03,TARGET,5.9,82.0
1784133960,2026-07-15,1,24.95,0.1781609195402299,13.679757145010084,VIOLENT-WHIPSAW,US,31.0,24.95,49.9,29495.25,29470.0,-25.25,-52.0,STOP,0.9,66.0
1784141160,2026-07-15,-1,15.45,0.7283950617283951,-2.1615785325784302,CLEAN-TREND,US,-88.5,15.45,30.9,29636.25,29652.0,-15.75,-33.0,STOP,0.0,41.25
1784141400,2026-07-15,-1,16.85,0.5357142857142857,-2.376635428707253,CLEAN-TREND,US,-67.5,16.85,33.7,29644.75,29611.05,33.7,65.9,TARGET,0.8,51.5
1784141700,2026-07-15,1,19.3,0.4454072790294627,2.87822954244163,CLEAN-TREND,US,-64.25,19.3,38.6,29628.0,29608.25,-19.75,-41.0,STOP,0.7,41.0
1784142240,2026-07-15,1,20.133333333333333,0.0938511326860841,2.1237834732802745,VIOLENT-WHIPSAW,US,14.5,20.133333333333333,40.266666666666666,29656.75,29636.25,-20.5,-42.5,STOP,3.6,12.25
1784142720,2026-07-15,1,20.316666666666663,0.1511254019292604,4.438145087186622,VIOLENT-WHIPSAW,US,23.5,20.316666666666663,40.633333333333326,29647.75,29627.0,-20.75,-43.0,STOP,5.4,39.5
1784143200,2026-07-15,-1,17.566666666666666,0.4063157894736842,-3.642336316089483,CLEAN-TREND,US,-48.25,17.566666666666666,35.13333333333333,29605.25,29623.25,-18.0,-37.5,STOP,6.1,16.25
1784143800,2026-07-15,1,15.416666666666666,0.1923076923076923,2.3916457600185552,VIOLENT-WHIPSAW,US,22.5,15.416666666666666,30.833333333333332,29660.75,29645.0,-15.75,-33.0,STOP,1.4,55.25
1784145000,2026-07-15,1,15.433333333333334,0.3254156769596199,3.772743534965989,BUILDING,US,34.25,15.433333333333334,30.866666666666667,29668.25,29699.12,30.87,60.23,TARGET,4.1,69.25
1784146140,2026-07-15,-1,17.35,0.0992063492063492,-2.0155044543178517,VIOLENT-WHIPSAW,OVERNIGHT,12.5,17.35,34.7,29691.25,29709.0,-17.75,-37.0,STOP,9.8,4.5
1784153640,2026-07-15,-1,10.566666666666666,,-2.192521716964793,UNKNOWN,OVERNIGHT,0.0,10.566666666666666,21.133333333333333,29728.5,29707.37,21.13,40.77,TARGET,19.1,44.75
1784154900,2026-07-15,-1,6.866666666666666,0.5035460992907801,-2.8117065288858907,BUILDING,OVERNIGHT,-17.75,6.866666666666666,13.733333333333333,29705.5,29691.77,13.73,25.97,TARGET,0.3,27.75
1784156040,2026-07-15,1,9.5,0.0038610038610038,9.610538012297576,DEAD-CHOP,OVERNIGHT,0.25,9.5,19.0,29690.75,29681.0,-9.75,-21.0,STOP,0.5,46.25
1784156160,2026-07-15,1,12.4,0.2604166666666667,2.54908957016822,BUILDING,OVERNIGHT,25.0,12.4,24.8,29720.5,29707.75,-12.75,-27.0,STOP,18.3,16.5
1784157480,2026-07-15,-1,9.45,0.3445945945945945,-3.082109353717569,BUILDING,OVERNIGHT,-25.5,9.45,18.9,29701.75,29711.5,-9.75,-21.0,STOP,2.1,6.75
1784158980,2026-07-15,1,7.566666666666666,0.0855018587360594,2.432430845738521,DEAD-CHOP,OVERNIGHT,-5.75,7.566666666666666,15.133333333333333,29715.0,29707.0,-8.0,-17.5,STOP,3.2,37.25
1784160120,2026-07-16,1,13.633333333333333,0.2892156862745098,3.9265475120346633,BUILDING,OVERNIGHT,29.5,13.633333333333333,27.266666666666666,29737.75,29723.75,-14.0,-29.5,STOP,0.8,27.5
1784160780,2026-07-16,1,18.03333333333333,0.4989473684210526,3.964206637343012,CLEAN-TREND,OVERNIGHT,59.25,18.03333333333333,36.06666666666666,29745.75,29727.25,-18.5,-38.5,STOP,2.1,19.5
1784161560,2026-07-16,-1,17.05,0.3777777777777777,-2.974051423321342,BUILDING,OVERNIGHT,-51.0,17.05,34.1,29676.5,29694.0,-17.5,-36.5,STOP,7.8,54.25
1784163600,2026-07-16,1,16.466666666666665,0.2394366197183098,2.431223874220005,BUILDING,OVERNIGHT,29.75,16.466666666666665,32.93333333333333,29653.75,29637.0,-16.75,-35.0,STOP,0.7,15.25
1784168100,2026-07-16,1,10.883333333333333,0.0308641975308641,2.6380542686700865,NORMAL-CHOP,OVERNIGHT,2.5,10.883333333333333,21.766666666666666,29645.25,29634.0,-11.25,-24.0,STOP,1.1,62.0
1784169720,2026-07-16,-1,9.6,0.0678733031674208,-3.105966223271809,DEAD-CHOP,OVERNIGHT,-3.75,9.6,19.2,29685.75,29695.75,-10.0,-21.5,STOP,5.7,13.75
1784170140,2026-07-16,-1,11.116666666666667,0.0723404255319148,-3.676934567465716,NORMAL-CHOP,OVERNIGHT,4.25,11.116666666666667,22.233333333333334,29702.25,29714.0,-11.75,-25.0,STOP,3.4,2.5
1784172120,2026-07-16,1,8.6,0.1774193548387097,2.362390348840845,DEAD-CHOP,OVERNIGHT,-11.0,8.6,17.2,29729.5,29720.5,-9.0,-19.5,STOP,1.1,17.25
1784173500,2026-07-16,-1,10.466666666666669,0.2781456953642384,-4.225871057699554,BUILDING,OVERNIGHT,-21.0,10.466666666666669,20.933333333333337,29712.5,29723.25,-10.75,-23.0,STOP,4.8,6.0
1784175240,2026-07-16,-1,8.85,0.1729323308270676,-2.1008533240446656,DEAD-CHOP,OVERNIGHT,11.5,8.85,17.7,29754.75,29737.05,17.7,33.9,TARGET,1.7,59.0
1784175660,2026-07-16,-1,10.183333333333334,0.27,-2.336405819531077,BUILDING,OVERNIGHT,-27.0,10.183333333333334,20.366666666666667,29714.0,29724.5,-10.5,-22.5,STOP,3.0,18.25
1784178600,2026-07-16,-1,8.666666666666666,0.0042553191489361,-2.0823370299663213,DEAD-CHOP,OVERNIGHT,-0.25,8.666666666666666,17.333333333333332,29712.75,29722.0,-9.25,-20.0,STOP,0.2,45.75
1784178780,2026-07-16,1,10.066666666666666,0.3865814696485623,2.054188143132702,BUILDING,OVERNIGHT,30.25,10.066666666666666,20.133333333333333,29741.75,29761.88,20.13,38.77,TARGET,1.4,54.75
1784179500,2026-07-16,1,11.983333333333333,0.5352112676056338,2.9542174676232547,BUILDING,OVERNIGHT,57.0,11.983333333333333,23.966666666666665,29770.75,29758.5,-12.25,-26.0,STOP,2.7,25.75
1784179800,2026-07-16,1,11.433333333333334,0.2348284960422163,10.8519099864926,BUILDING,OVERNIGHT,22.25,11.433333333333334,22.866666666666667,29781.5,29769.75,-11.75,-25.0,STOP,0.1,3.0
1784180040,2026-07-16,-1,13.983333333333333,0.2747252747252747,-2.5149794225662103,BUILDING,OVERNIGHT,-37.5,13.983333333333333,27.966666666666665,29711.5,29683.53,27.97,54.43,TARGET,0.3,44.5
1784180580,2026-07-16,1,21.55,0.2434456928838951,2.2392889564481613,BUILDING,OVERNIGHT,-48.75,21.55,43.1,29709.75,29687.75,-22.0,-45.5,STOP,2.6,29.5
1784181600,2026-07-16,1,12.283333333333331,0.3333333333333333,3.2730006710520736,BUILDING,OVERNIGHT,29.75,12.283333333333331,24.566666666666663,29725.25,29712.5,-12.75,-27.0,STOP,1.1,23.5
1784182080,2026-07-16,1,22.316666666666663,0.081351689612015,9.984480986095964,VIOLENT-WHIPSAW,OVERNIGHT,16.25,22.316666666666663,44.633333333333326,29709.5,29686.75,-22.75,-47.0,STOP,18.6,39.25
1784189460,2026-07-16,-1,15.7,0.4036511156186612,-2.096111034357409,CLEAN-TREND,PRE-OPEN,-49.75,15.7,31.4,29502.75,29519.0,-16.25,-34.0,STOP,5.8,24.75
1784195040,2026-07-16,-1,10.033333333333331,0.3774834437086092,-2.041514933063609,BUILDING,PRE-OPEN,-28.5,10.033333333333331,20.066666666666663,29584.25,29564.18,20.07,38.63,TARGET,5.1,69.5
1784195700,2026-07-16,1,11.533333333333331,0.5076923076923077,6.919516885922295,BUILDING,PRE-OPEN,-41.25,11.533333333333331,23.066666666666663,29556.5,29544.5,-12.0,-25.5,STOP,2.4,5.5
1784197800,2026-07-16,1,11.1,0.0027548209366391,3.506903921020762,NORMAL-CHOP,PRE-OPEN,0.25,11.1,22.2,29544.0,29532.25,-11.75,-25.0,STOP,5.1,11.75
1784199000,2026-07-16,-1,10.116666666666667,0.5058823529411764,-2.0406444132626795,BUILDING,PRE-OPEN,-32.25,10.116666666666667,20.233333333333334,29504.75,29515.25,-10.5,-22.5,STOP,0.7,57.5
1784200620,2026-07-16,1,14.05,0.2058111380145278,5.879477351226225,BUILDING,PRE-OPEN,-21.25,14.05,28.1,29468.0,29453.5,-14.5,-30.5,STOP,0.6,33.5
1784201340,2026-07-16,-1,14.816666666666666,0.101639344262295,-2.6965165656451475,NORMAL-CHOP,PRE-OPEN,-15.5,14.816666666666666,29.633333333333333,29471.75,29442.12,29.63,57.77,TARGET,1.9,118.25
1784201520,2026-07-16,-1,13.65,0.1458333333333333,-2.111483146338714,NORMAL-CHOP,PRE-OPEN,-21.0,13.65,27.3,29446.5,29460.5,-14.0,-29.5,STOP,1.8,93.0
1784202540,2026-07-16,-1,19.98333333333333,0.4735294117647058,-44.40553465508359,CLEAN-TREND,PRE-OPEN,-80.5,19.98333333333333,39.96666666666666,29384.25,29404.5,-20.25,-42.0,STOP,0.0,2.5
1784208600,2026-07-16,1,18.48333333333333,0.4500941619585687,3.361712034897824,CLEAN-TREND,US,59.75,18.48333333333333,36.96666666666666,29507.75,29489.0,-18.75,-39.0,STOP,0.1,21.75
1784208840,2026-07-16,-1,28.75,0.1118279569892473,-2.6638973473670817,VIOLENT-WHIPSAW,US,-26.0,28.75,57.5,29431.75,29460.75,-29.0,-59.5,STOP,2.1,174.0
1784209200,2026-07-16,1,40.91666666666666,0.2020725388601036,2.0068071552861824,BUILDING,US,-58.5,40.91666666666666,81.83333333333331,29398.0,29356.75,-41.25,-84.0,STOP,0.9,97.0
1784209680,2026-07-16,-1,43.41666666666666,0.6815286624203821,-3.193167636170901,CLEAN-TREND,US,-187.25,43.41666666666666,86.83333333333331,29284.0,29327.75,-43.75,-89.0,STOP,3.1,26.25
1784210100,2026-07-16,-1,42.766666666666666,0.4176706827309236,-2.7188211555014625,CLEAN-TREND,US,-104.0,42.766666666666666,85.53333333333333,29294.25,29337.5,-43.25,-88.0,STOP,1.0,5.0
1784210700,2026-07-16,1,44.11666666666667,0.458008658008658,3.142861636083101,CLEAN-TREND,US,132.25,44.11666666666667,88.23333333333333,29426.25,29479.0,52.75,104.0,TIME,30.0,75.0
1784213400,2026-07-16,-1,27.7,0.4575342465753425,-2.4850732059038365,CLEAN-TREND,US,-83.5,27.7,55.4,29397.0,29425.0,-28.0,-57.5,STOP,7.3,61.25
1784215500,2026-07-16,1,25.25,0.1948717948717948,2.08965789650454,VIOLENT-WHIPSAW,US,38.0,25.25,50.5,29425.25,29399.75,-25.5,-52.5,STOP,2.6,41.0
1784216460,2026-07-16,-1,27.916666666666668,0.1912168344007319,-2.5239083984392527,VIOLENT-WHIPSAW,US,-52.25,27.916666666666668,55.833333333333336,29391.0,29419.25,-28.25,-58.0,STOP,9.0,84.5
1784221200,2026-07-16,-1,21.1,0.0774410774410774,-2.111364786742416,VIOLENT-WHIPSAW,US,11.5,21.1,42.2,29295.0,29316.5,-21.5,-44.5,STOP,0.9,20.5
1784223600,2026-07-16,-1,19.45,0.2145110410094637,-7.03097084931461,BUILDING,US,-34.0,19.45,38.9,29252.25,29251.25,1.0,0.5,TIME,30.0,33.0
1784225460,2026-07-16,1,18.48333333333333,0.2937853107344633,2.141198325945761,BUILDING,US,26.0,18.48333333333333,36.96666666666666,29263.75,29245.0,-18.75,-39.0,STOP,2.7,40.5
1784225760,2026-07-16,1,21.98333333333333,0.1151079136690647,2.3302268676588755,VIOLENT-WHIPSAW,US,16.0,21.98333333333333,43.96666666666666,29269.5,29247.25,-22.25,-46.0,STOP,13.3,34.75
1784227200,2026-07-16,-1,19.216666666666665,0.4990791896869245,-4.42535386220839,CLEAN-TREND,US,-67.75,19.216666666666665,38.43333333333333,29205.5,29225.0,-19.5,-40.5,STOP,1.6,28.0
1784228820,2026-07-16,-1,20.216666666666665,0.1850828729281768,-2.858867286139986,VIOLENT-WHIPSAW,US,-33.5,20.216666666666665,40.43333333333333,29192.25,29151.82,40.43,79.37,TARGET,9.9,75.0
1784231400,2026-07-16,1,21.183333333333334,0.0105263157894736,6.091736577033033,VIOLENT-WHIPSAW,US,2.0,21.183333333333334,42.36666666666667,29135.25,29177.62,42.37,83.23,TARGET,4.0,99.75
1784241840,2026-07-16,1,9.783333333333331,0.1164179104477611,4.533212517654135,DEAD-CHOP,OVERNIGHT,9.75,9.783333333333331,19.566666666666663,29149.0,29138.75,-10.25,-22.0,STOP,3.1,2.75
1784244360,2026-07-16,-1,8.816666666666666,0.3380782918149466,-4.188553144611033,BUILDING,OVERNIGHT,-23.75,8.816666666666666,17.633333333333333,29088.0,29097.25,-9.25,-20.0,STOP,0.3,27.5
1784244720,2026-07-16,-1,10.066666666666666,0.627906976744186,-2.283597944141704,BUILDING,OVERNIGHT,-47.25,10.066666666666666,20.133333333333333,29071.5,29082.0,-10.5,-22.5,STOP,1.1,11.0
1784245200,2026-07-16,1,14.633333333333333,0.2885375494071146,2.9667348360457293,BUILDING,OVERNIGHT,36.5,14.633333333333333,29.266666666666666,29125.25,29110.25,-15.0,-31.5,STOP,3.1,0.75
1784246400,2026-07-17,1,14.833333333333334,0.2219679633867277,2.098308793058368,BUILDING,OVERNIGHT,24.25,14.833333333333334,29.666666666666668,29121.0,29105.75,-15.25,-32.0,STOP,0.5,3.0
1784246820,2026-07-17,-1,17.95,0.3087719298245614,-2.139846184620083,BUILDING,OVERNIGHT,-44.0,17.95,35.9,29060.5,29024.6,35.9,70.3,TARGET,18.9,63.5
1784248500,2026-07-17,-1,16.0,0.4942528735632184,-6.146104493267684,CLEAN-TREND,OVERNIGHT,-53.75,16.0,32.0,29001.5,29017.75,-16.25,-34.0,STOP,2.7,8.0
1784249400,2026-07-17,1,14.0,0.4615384615384615,2.5325388894893752,CLEAN-TREND,OVERNIGHT,51.0,14.0,28.0,29053.5,29081.5,28.0,54.5,TARGET,4.3,53.0
1784251980,2026-07-17,-1,15.333333333333334,0.2757009345794392,-4.244520998894869,BUILDING,OVERNIGHT,-29.5,15.333333333333334,30.666666666666668,28998.5,28967.83,30.67,59.83,TARGET,10.3,52.25
1784254680,2026-07-17,-1,10.816666666666666,0.4501718213058419,-2.807749432122064,BUILDING,OVERNIGHT,-32.75,10.816666666666666,21.633333333333333,28946.25,28924.62,21.63,41.77,TARGET,7.4,42.25
1784255640,2026-07-17,-1,10.8,0.4107142857142857,-2.357609959965526,BUILDING,OVERNIGHT,-34.5,10.8,21.6,28912.25,28923.5,-11.25,-24.0,STOP,1.5,18.5
1784256180,2026-07-17,1,11.85,0.004524886877828,6.2554172381667135,NORMAL-CHOP,OVERNIGHT,-0.5,11.85,23.7,28936.75,28924.5,-12.25,-26.0,STOP,1.8,24.0
1784256900,2026-07-17,-1,12.466666666666669,0.1650485436893204,-3.1470130637149154,NORMAL-CHOP,OVERNIGHT,-17.0,12.466666666666669,24.933333333333337,28907.75,28920.5,-12.75,-27.0,STOP,1.3,1.75
1784258520,2026-07-17,1,9.083333333333334,0.9242424242424242,4.598763391605279,BUILDING,OVERNIGHT,61.0,9.083333333333334,18.166666666666668,29015.25,29005.75,-9.5,-20.5,STOP,0.5,11.25
1784259600,2026-07-17,-1,13.25,0.3953488372093023,-2.342560804551076,BUILDING,OVERNIGHT,-46.75,13.25,26.5,28955.5,28929.0,26.5,51.5,TARGET,9.8,109.75
1784263260,2026-07-17,1,14.583333333333334,0.320754716981132,2.938480172384284,BUILDING,OVERNIGHT,-29.75,14.583333333333334,29.166666666666668,28792.75,28821.92,29.17,56.83,TARGET,4.3,48.5
1784264220,2026-07-17,-1,12.066666666666666,0.0539956803455723,-3.063416841350603,NORMAL-CHOP,OVERNIGHT,6.25,12.066666666666666,24.133333333333333,28813.5,28789.37,24.13,46.77,TARGET,4.4,29.75
1784266440,2026-07-17,-1,14.166666666666666,0.446064139941691,-4.332138606256367,CLEAN-TREND,OVERNIGHT,-38.25,14.166666666666666,28.333333333333332,28772.5,28744.17,28.33,55.17,TARGET,2.4,46.0
1784268360,2026-07-17,-1,15.133333333333333,0.0041493775933609,-2.2477708451235388,NORMAL-CHOP,OVERNIGHT,-0.5,15.133333333333333,30.266666666666666,28748.75,28764.25,-15.5,-32.5,STOP,5.6,26.75
1784272260,2026-07-17,-1,15.483333333333333,0.0603015075376884,-2.512895191477849,VIOLENT-WHIPSAW,PRE-OPEN,-6.0,15.483333333333333,30.966666666666665,28732.0,28747.75,-15.75,-33.0,STOP,2.6,28.0
1784272980,2026-07-17,1,15.216666666666669,0.1246819338422391,2.133068143168709,NORMAL-CHOP,PRE-OPEN,-12.25,15.216666666666669,30.433333333333337,28724.5,28754.93,30.43,59.37,TARGET,6.1,35.25
1784274300,2026-07-17,-1,14.016666666666667,0.5989010989010989,-7.309635507785607,CLEAN-TREND,PRE-OPEN,-54.5,14.016666666666667,28.033333333333335,28698.5,28713.25,-14.75,-31.0,STOP,5.2,37.75
1784275200,2026-07-17,1,15.55,0.005524861878453,3.299355295098285,VIOLENT-WHIPSAW,PRE-OPEN,0.5,15.55,31.1,28698.75,28729.85,31.1,60.7,TARGET,2.1,36.75
1784275800,2026-07-17,-1,21.05,0.1929824561403508,-2.0846804088788047,VIOLENT-WHIPSAW,PRE-OPEN,-35.75,21.05,42.1,28677.0,28634.9,42.1,82.7,TARGET,5.3,114.0
1784276280,2026-07-17,1,22.0,0.4671445639187574,2.9248883081693564,CLEAN-TREND,PRE-OPEN,-97.75,22.0,44.0,28604.5,28582.25,-22.25,-46.0,STOP,0.4,29.0
1784276820,2026-07-17,1,22.716666666666665,0.3412073490813648,2.476315031362384,BUILDING,PRE-OPEN,-65.0,22.716666666666665,45.43333333333333,28614.0,28590.25,-23.75,-49.0,STOP,3.6,33.75
1784277480,2026-07-17,-1,17.733333333333334,0.3507462686567164,-2.4737224740776904,BUILDING,PRE-OPEN,-47.0,17.733333333333334,35.46666666666667,28568.25,28586.25,-18.0,-37.5,STOP,5.2,13.5
1784281140,2026-07-17,1,13.433333333333334,0.3611111111111111,2.2878963211290166,BUILDING,PRE-OPEN,39.0,13.433333333333334,26.866666666666667,28707.25,28693.5,-13.75,-29.0,STOP,0.7,35.5
1784283120,2026-07-17,1,15.85,0.3861386138613861,3.8906993450836262,BUILDING,PRE-OPEN,29.25,15.85,31.7,28737.5,28769.2,31.7,61.9,TARGET,1.7,88.5
1784283960,2026-07-17,-1,17.6,0.0352941176470588,-2.9835549301483653,VIOLENT-WHIPSAW,PRE-OPEN,4.5,17.6,35.2,28750.25,28768.25,-18.0,-37.5,STOP,2.2,4.5
1784284860,2026-07-17,1,13.383333333333333,0.6490384615384616,2.0509585798434773,CLEAN-TREND,PRE-OPEN,67.5,13.383333333333333,26.766666666666666,28817.0,28803.25,-13.75,-29.0,STOP,0.6,1.25
1784286840,2026-07-17,-1,15.783333333333331,0.1666666666666666,-2.012947381633303,VIOLENT-WHIPSAW,PRE-OPEN,-24.0,15.783333333333331,31.566666666666663,28758.75,28727.18,31.57,61.63,TARGET,28.1,41.25
1784289780,2026-07-17,-1,12.233333333333333,0.3871733966745843,-2.668675345355861,BUILDING,PRE-OPEN,-40.75,12.233333333333333,24.466666666666665,28703.5,28679.03,24.47,47.43,TARGET,7.8,42.5
1784290320,2026-07-17,-1,13.516666666666667,0.4844868735083532,-4.1576456832226825,CLEAN-TREND,PRE-OPEN,-50.75,13.516666666666667,27.033333333333335,28688.5,28661.47,27.03,52.57,TARGET,17.4,37.25
1784291760,2026-07-17,1,12.666666666666666,0.0515463917525773,2.12796612381358,NORMAL-CHOP,PRE-OPEN,-5.0,12.666666666666666,25.333333333333332,28681.25,28668.25,-13.0,-27.5,STOP,0.3,11.0
1784292240,2026-07-17,1,13.883333333333333,0.0187667560321715,3.8064506843720025,NORMAL-CHOP,PRE-OPEN,-1.75,13.883333333333333,27.766666666666666,28675.0,28660.75,-14.25,-30.0,STOP,4.4,17.25
1784292600,2026-07-17,-1,14.583333333333334,0.1606714628297362,-2.203750142110076,NORMAL-CHOP,PRE-OPEN,-16.75,14.583333333333334,29.166666666666668,28654.0,28669.0,-15.0,-31.5,STOP,2.5,43.25
1784292900,2026-07-17,1,13.583333333333334,0.0962099125364431,2.624485825372052,NORMAL-CHOP,PRE-OPEN,8.25,13.583333333333334,27.166666666666668,28670.5,28656.5,-14.0,-29.5,STOP,4.1,15.75
1784293680,2026-07-17,1,13.416666666666666,0.5807560137457045,2.5854553976383983,CLEAN-TREND,PRE-OPEN,-42.25,13.416666666666666,26.833333333333332,28629.5,28615.75,-13.75,-29.0,STOP,10.6,56.0
1784294700,2026-07-17,1,13.866666666666667,0.0988505747126436,8.375915428244559,NORMAL-CHOP,PRE-OPEN,10.75,13.866666666666667,27.733333333333334,28640.5,28626.25,-14.25,-30.0,STOP,1.7,45.0
1784295000,2026-07-17,1,23.9,0.1083123425692695,9.966149861418309,VIOLENT-WHIPSAW,US,21.5,23.9,47.8,28645.5,28621.25,-24.25,-50.0,STOP,2.1,94.0
1784295600,2026-07-17,1,43.56666666666667,0.4510344827586207,4.449382440336964,CLEAN-TREND,US,-163.5,43.56666666666667,87.13333333333334,28475.75,28431.75,-44.0,-89.5,STOP,2.0,387.25
1784295900,2026-07-17,1,44.66666666666666,0.5580898075552387,2.114454656729349,CLEAN-TREND,US,-195.75,44.66666666666666,89.33333333333331,28449.0,28538.33,89.33,177.17,TARGET,5.1,414.0
1784296320,2026-07-17,1,43.583333333333336,0.1510791366906475,2.9016466615505423,VIOLENT-WHIPSAW,US,42.0,43.583333333333336,87.16666666666667,28551.75,28638.92,87.17,172.83,TARGET,3.9,333.75
1784296800,2026-07-17,1,44.16666666666666,0.9180457052797478,3.796598199075098,CLEAN-TREND,US,291.25,44.16666666666666,88.33333333333331,28737.0,28825.33,88.33,175.17,TARGET,9.2,150.5
1784297520,2026-07-17,-1,41.93333333333333,0.41625,-3.069519391242216,CLEAN-TREND,US,166.5,41.93333333333333,83.86666666666666,28813.0,28855.25,-42.25,-86.0,STOP,4.0,52.75
1784298900,2026-07-17,1,38.53333333333333,0.0454545454545454,3.636213106570746,VIOLENT-WHIPSAW,US,11.5,38.53333333333333,77.06666666666666,28844.5,28805.5,-39.0,-79.5,STOP,7.7,51.5
1784299620,2026-07-17,1,37.95,0.2359963269054178,2.75421390303882,BUILDING,US,64.25,37.95,75.9,28839.0,28800.75,-38.25,-78.0,STOP,0.7,6.75
1784304060,2026-07-17,-1,27.4,0.2691315563198624,-3.023165084981692,BUILDING,US,78.25,27.4,54.8,28887.75,28915.5,-27.75,-57.0,STOP,7.8,42.25
1784307060,2026-07-17,1,22.15,0.5270655270655271,3.1388860889138472,CLEAN-TREND,US,92.5,22.15,44.3,29020.5,28998.0,-22.5,-46.5,STOP,2.1,26.5
1784312580,2026-07-17,1,17.833333333333332,0.2433734939759036,2.389888688706621,BUILDING,US,-25.25,17.833333333333332,35.666666666666664,28856.5,28838.25,-18.25,-38.0,STOP,0.3,34.75
1784313000,2026-07-17,1,19.55,0.1403812824956672,3.0036902783038477,VIOLENT-WHIPSAW,US,20.25,19.55,39.1,28875.25,28855.25,-20.0,-41.5,STOP,1.0,11.0
1784313600,2026-07-17,-1,21.166666666666668,0.0590277777777777,-2.501198220554045,VIOLENT-WHIPSAW,US,-8.5,21.166666666666668,42.333333333333336,28818.0,28839.5,-21.5,-44.5,STOP,6.6,21.25
1784314800,2026-07-17,-1,19.73333333333333,0.2721202003338898,-3.162789481064633,BUILDING,US,40.75,19.73333333333333,39.46666666666666,28852.75,28813.28,39.47,77.43,TARGET,7.8,134.25
1784315640,2026-07-17,1,18.08333333333333,0.7294332723948812,3.369449346123264,CLEAN-TREND,US,-99.75,18.08333333333333,36.16666666666666,28762.0,28743.5,-18.5,-38.5,STOP,1.8,82.0
1784316480,2026-07-17,1,20.65,0.09375,2.3061868394893805,VIOLENT-WHIPSAW,US,16.5,20.65,41.3,28791.25,28832.55,41.3,81.1,TARGET,1.3,62.5
1784317560,2026-07-17,-1,24.75,0.1326053042121684,-2.9668397709380234,VIOLENT-WHIPSAW,US,-21.25,24.75,49.5,28798.25,28823.25,-25.0,-51.5,STOP,1.1,85.75
1784318040,2026-07-17,-1,25.466666666666665,0.4536585365853658,-2.7621976605401968,CLEAN-TREND,US,69.75,25.466666666666665,50.93333333333333,28837.75,28786.82,50.93,100.37,TARGET,4.7,125.25
1784856900,2026-07-24,-1,17.033333333333335,0.0881801125703564,-2.2648221462368854,VIOLENT-WHIPSAW,OVERNIGHT,11.75,17.033333333333335,34.06666666666667,28675.5,28641.43,34.07,66.63,TARGET,14.0,79.25
1784858280,2026-07-24,-1,12.983333333333333,0.6051948051948052,-2.638071909898124,CLEAN-TREND,OVERNIGHT,-58.25,12.983333333333333,25.966666666666665,28617.0,28630.25,-13.25,-28.0,STOP,12.8,30.75
1784861280,2026-07-24,-1,11.233333333333333,0.4551282051282051,-2.458678698492433,BUILDING,OVERNIGHT,-35.5,11.233333333333333,22.466666666666665,28535.75,28547.25,-11.5,-24.5,STOP,1.8,19.5
1784861880,2026-07-24,-1,12.35,0.3497267759562841,-5.677002808128576,BUILDING,OVERNIGHT,-32.0,12.35,24.7,28522.75,28535.5,-12.75,-27.0,STOP,1.8,5.75
1784863140,2026-07-24,-1,12.683333333333334,0.0617977528089887,-3.485174036150522,NORMAL-CHOP,OVERNIGHT,-5.5,12.683333333333334,25.366666666666667,28531.25,28544.25,-13.0,-27.5,STOP,5.9,37.5
1784864160,2026-07-24,-1,14.266666666666667,0.1750741839762611,-2.242298058927892,NORMAL-CHOP,OVERNIGHT,-14.75,14.266666666666667,28.533333333333335,28518.5,28533.25,-14.75,-31.0,STOP,2.3,52.25
1784864640,2026-07-24,-1,13.583333333333334,0.5470383275261324,-2.611563415385409,CLEAN-TREND,OVERNIGHT,-39.25,13.583333333333334,27.166666666666668,28504.25,28518.25,-14.0,-29.5,STOP,2.1,38.0
1784865600,2026-07-24,-1,10.683333333333334,0.3519163763066202,-3.658099171813818,BUILDING,OVERNIGHT,-25.25,10.683333333333334,21.366666666666667,28476.75,28487.75,-11.0,-23.5,STOP,4.4,10.5
1784869020,2026-07-24,-1,12.116666666666667,0.5561959654178674,-2.652586213442522,BUILDING,OVERNIGHT,48.25,12.116666666666667,24.233333333333334,28569.25,28581.75,-12.5,-26.5,STOP,9.2,21.5
1784873520,2026-07-24,-1,9.833333333333334,0.4693877551020408,-2.023224126600798,BUILDING,OVERNIGHT,-28.75,9.833333333333334,19.666666666666668,28517.0,28527.25,-10.25,-22.0,STOP,3.5,14.25
1784874000,2026-07-24,1,11.866666666666667,0.3812154696132597,2.0149741617557693,BUILDING,OVERNIGHT,34.5,11.866666666666667,23.733333333333334,28555.75,28543.5,-12.25,-26.0,STOP,7.2,20.5
1784876460,2026-07-24,1,12.816666666666666,0.4952561669829222,2.0868240729810634,CLEAN-TREND,PRE-OPEN,65.25,12.816666666666666,25.633333333333333,28563.75,28589.38,25.63,49.77,TARGET,7.4,99.75
1784877120,2026-07-24,1,14.8,0.8089668615984406,2.316279209727782,CLEAN-TREND,PRE-OPEN,103.75,14.8,29.6,28624.25,28653.85,29.6,57.7,TARGET,4.9,39.25
1784877780,2026-07-24,-1,14.1,0.5291479820627802,-2.541698647276589,CLEAN-TREND,PRE-OPEN,59.0,14.1,28.2,28636.0,28650.5,-14.5,-30.5,STOP,1.7,26.0
1784878080,2026-07-24,-1,13.55,0.2236503856041131,-2.706102243935848,BUILDING,PRE-OPEN,21.75,13.55,27.1,28647.75,28620.65,27.1,52.7,TARGET,12.3,37.75
1784879340,2026-07-24,1,10.233333333333333,0.2348484848484848,3.862302226409208,BUILDING,PRE-OPEN,-15.5,10.233333333333333,20.466666666666665,28629.5,28619.0,-10.5,-22.5,STOP,0.7,4.25
1784880180,2026-07-24,-1,10.2,0.2979591836734694,-2.7418990720682905,BUILDING,PRE-OPEN,-18.25,10.2,20.4,28602.75,28582.35,20.4,39.3,TARGET,1.3,45.75
1784881140,2026-07-24,-1,14.216666666666669,0.0111358574610244,-2.2246804035641614,NORMAL-CHOP,PRE-OPEN,1.25,14.216666666666669,28.433333333333337,28593.75,28608.25,-14.5,-30.5,STOP,6.6,12.75
1784883300,2026-07-24,1,10.083333333333334,0.0,2.0440499552160456,DEAD-CHOP,PRE-OPEN,0.0,10.083333333333334,20.166666666666668,28630.0,28619.5,-10.5,-22.5,STOP,0.8,51.5
1784884140,2026-07-24,1,14.166666666666666,0.4015151515151515,4.821786428419242,CLEAN-TREND,PRE-OPEN,53.0,14.166666666666666,28.333333333333332,28677.5,28663.0,-14.5,-30.5,STOP,1.5,15.75
1784885100,2026-07-24,1,12.966666666666669,0.0118577075098814,2.16368576587975,NORMAL-CHOP,PRE-OPEN,-1.5,12.966666666666669,25.933333333333337,28672.75,28698.68,25.93,50.37,TARGET,16.8,30.0
1784887260,2026-07-24,1,8.7,0.0717703349282296,2.1165807785656137,DEAD-CHOP,PRE-OPEN,-3.75,8.7,17.4,28693.0,28684.0,-9.0,-19.5,STOP,1.7,1.75
1784890260,2026-07-24,-1,9.25,0.2907801418439716,-3.022810640228145,BUILDING,PRE-OPEN,-20.5,9.25,18.5,28635.75,28645.25,-9.5,-20.5,STOP,3.6,4.0
1784890860,2026-07-24,-1,10.4,0.0033898305084745,-2.662698792701527,NORMAL-CHOP,PRE-OPEN,0.25,10.4,20.8,28649.5,28660.25,-10.75,-23.0,STOP,1.3,20.75
1784891700,2026-07-24,1,10.316666666666666,0.1836734693877551,2.183654368975465,NORMAL-CHOP,PRE-OPEN,13.5,10.316666666666666,20.633333333333333,28653.0,28642.25,-10.75,-23.0,STOP,7.0,10.75
1784892660,2026-07-24,-1,10.783333333333331,0.2831325301204819,-3.500137831640094,BUILDING,PRE-OPEN,-23.5,10.783333333333331,21.566666666666663,28629.25,28640.75,-11.5,-24.5,STOP,4.9,28.25
1784893020,2026-07-24,1,12.083333333333334,0.1062801932367149,2.5506700363947457,NORMAL-CHOP,PRE-OPEN,-11.0,12.083333333333334,24.166666666666668,28629.5,28617.0,-12.5,-26.5,STOP,2.6,69.5
1784893620,2026-07-24,-1,10.983333333333333,0.2009685230024213,-2.129938959058808,BUILDING,PRE-OPEN,-20.75,10.983333333333333,21.966666666666665,28609.5,28621.0,-11.5,-24.5,STOP,3.5,8.5
1784894280,2026-07-24,1,14.7,0.2873563218390804,5.290057129782604,BUILDING,PRE-OPEN,43.75,14.7,29.4,28676.0,28661.0,-15.0,-31.5,STOP,1.2,23.0
1784895480,2026-07-24,1,15.066666666666666,0.3925925925925926,2.0663282625660333,BUILDING,PRE-OPEN,53.0,15.066666666666666,30.133333333333333,28693.75,28678.25,-15.5,-32.5,STOP,0.8,1.25
1784895900,2026-07-24,-1,14.683333333333334,0.1150895140664961,-11.065566316778476,NORMAL-CHOP,PRE-OPEN,11.25,14.683333333333334,29.366666666666667,28679.5,28650.13,29.37,57.23,TARGET,8.6,76.75
1784899020,2026-07-24,1,10.733333333333333,0.0967741935483871,3.281429407773976,NORMAL-CHOP,PRE-OPEN,8.25,10.733333333333333,21.466666666666665,28605.5,28594.5,-11.0,-23.5,STOP,3.0,16.75
1784899500,2026-07-24,1,12.416666666666666,0.0967741935483871,2.630322154940898,NORMAL-CHOP,PRE-OPEN,9.0,12.416666666666666,24.833333333333332,28595.5,28582.75,-12.75,-27.0,STOP,1.2,26.75
1784899800,2026-07-24,1,17.883333333333333,0.4735042735042735,7.752014894676038,CLEAN-TREND,US,-69.25,17.883333333333333,35.766666666666666,28530.0,28511.75,-18.25,-38.0,STOP,0.2,92.25
1784899920,2026-07-24,-1,21.45,0.2904238618524333,-2.373670853325329,BUILDING,US,-46.25,21.45,42.9,28556.0,28577.75,-21.75,-45.0,STOP,0.1,250.75
1784900340,2026-07-24,-1,36.93333333333333,0.2684210526315789,-3.30805396109714,BUILDING,US,-76.5,36.93333333333333,73.86666666666666,28527.5,28453.63,73.87,146.23,TARGET,6.1,222.25
1784900820,2026-07-24,1,36.96666666666667,0.3680078508341511,3.723962131759508,BUILDING,US,-93.75,36.96666666666667,73.93333333333334,28465.75,28428.5,-37.25,-76.0,STOP,2.5,44.5
1784901780,2026-07-24,-1,42.18333333333333,0.2941176470588235,-2.336509157502923,BUILDING,US,-96.25,42.18333333333333,84.36666666666666,28363.25,28405.75,-42.5,-86.5,STOP,4.3,64.25
1784902440,2026-07-24,1,40.083333333333336,0.3611374407582938,2.509714032621456,BUILDING,US,95.25,40.083333333333336,80.16666666666667,28421.25,28380.75,-40.5,-82.5,STOP,0.9,11.0
1784903940,2026-07-24,-1,33.766666666666666,0.4165067178502879,-2.742578545041262,CLEAN-TREND,US,-108.5,33.766666666666666,67.53333333333333,28282.0,28316.25,-34.25,-70.0,STOP,9.5,27.75
1784905020,2026-07-24,1,34.9,0.4367726920093095,2.060111268425882,CLEAN-TREND,US,140.75,34.9,69.8,28415.75,28380.5,-35.25,-72.0,STOP,9.0,141.0
1784905800,2026-07-24,1,34.483333333333334,0.1622769753610875,5.147961468643185,VIOLENT-WHIPSAW,US,47.75,34.483333333333334,68.96666666666667,28423.5,28492.47,68.97,136.43,TARGET,3.6,153.5
1784906100,2026-07-24,1,42.85,0.2373775433308214,3.6759677509976143,BUILDING,US,78.75,42.85,85.7,28547.0,28503.75,-43.25,-88.0,STOP,1.7,30.0
1784907660,2026-07-24,-1,28.216666666666665,0.106060606060606,-2.144435730703456,VIOLENT-WHIPSAW,US,24.5,28.216666666666665,56.43333333333333,28533.25,28561.75,-28.5,-58.5,STOP,14.1,43.75
1784912760,2026-07-24,-1,18.85,0.1782477341389728,-2.66244531224268,VIOLENT-WHIPSAW,US,-14.75,18.85,37.7,28462.5,28481.75,-19.25,-40.0,STOP,11.7,35.5
1784914920,2026-07-24,-1,16.283333333333335,0.3688699360341151,-2.161472702781322,BUILDING,US,-43.25,16.283333333333335,32.56666666666667,28471.0,28487.75,-16.75,-35.0,STOP,7.6,46.75
1784917680,2026-07-24,1,15.133333333333333,0.9488636363636364,2.24014504504046,CLEAN-TREND,US,-83.5,15.133333333333333,30.266666666666666,28343.75,28328.25,-15.5,-32.5,STOP,2.1,11.25
1784917980,2026-07-24,-1,17.216666666666665,0.9322033898305084,-3.3350785611973683,CLEAN-TREND,US,-110.0,17.216666666666665,34.43333333333333,28305.75,28271.32,34.43,67.37,TARGET,7.5,46.75
1784920020,2026-07-24,-1,22.516666666666666,0.4847020933977455,-3.347463586575934,CLEAN-TREND,US,-75.25,22.516666666666666,45.03333333333333,28240.5,28263.5,-23.0,-47.5,STOP,21.6,28.0
1784921700,2026-07-24,1,17.7,0.4448979591836735,2.8747342015182142,CLEAN-TREND,US,54.5,17.7,35.4,28295.25,28277.25,-18.0,-37.5,STOP,3.8,8.25
1784922600,2026-07-24,1,23.933333333333334,0.3106159895150721,3.190097032047819,BUILDING,US,-59.25,23.933333333333334,47.86666666666667,28236.25,28284.12,47.87,94.23,TARGET,8.9,84.5
1785114780,2026-07-27,1,18.316666666666663,0.1923076923076923,2.213771445610271,VIOLENT-WHIPSAW,OVERNIGHT,-35.0,18.316666666666663,36.633333333333326,28574.25,28555.5,-18.75,-39.0,STOP,3.0,47.25
1785115740,2026-07-27,-1,16.55,0.3567839195979899,-2.5291946596863104,BUILDING,OVERNIGHT,-35.5,16.55,33.1,28538.5,28555.5,-17.0,-35.5,STOP,1.2,3.25
1785118740,2026-07-27,1,13.783333333333331,0.4645669291338583,2.0078096535705194,CLEAN-TREND,OVERNIGHT,29.5,13.783333333333331,27.566666666666663,28624.75,28610.5,-14.25,-30.0,STOP,1.0,33.5
1785123660,2026-07-27,1,10.85,0.0304568527918781,3.2973606007081733,NORMAL-CHOP,OVERNIGHT,-3.0,10.85,21.7,28627.5,28615.75,-11.75,-25.0,STOP,3.9,9.25
1785126840,2026-07-27,-1,10.8,0.0278637770897832,-2.264614699032217,NORMAL-CHOP,OVERNIGHT,2.25,10.8,21.6,28641.0,28652.25,-11.25,-24.0,STOP,6.3,7.5
1785129120,2026-07-27,-1,9.416666666666666,0.1968503937007874,-2.2963123099955443,DEAD-CHOP,OVERNIGHT,12.5,9.416666666666666,18.833333333333332,28666.5,28676.25,-9.75,-21.0,STOP,4.8,4.5
1785130500,2026-07-27,1,7.716666666666667,0.1634615384615384,4.157455571965926,DEAD-CHOP,OVERNIGHT,8.5,7.716666666666667,15.433333333333334,28691.75,28683.75,-8.0,-17.5,STOP,8.8,25.5
1785138060,2026-07-27,-1,9.183333333333334,0.2251655629139073,-2.4244657733022894,BUILDING,PRE-OPEN,-17.0,9.183333333333334,18.366666666666667,28691.25,28700.75,-9.5,-20.5,STOP,4.9,32.5
1785138840,2026-07-27,-1,10.55,0.0,-3.1971617880269583,NORMAL-CHOP,PRE-OPEN,0.0,10.55,21.1,28679.75,28690.75,-11.0,-23.5,STOP,6.3,21.0
1785140340,2026-07-27,1,11.083333333333334,0.1908396946564885,2.502492007176929,NORMAL-CHOP,PRE-OPEN,12.5,11.083333333333334,22.166666666666668,28697.0,28719.17,22.17,42.83,TARGET,9.1,47.0
1785141720,2026-07-27,1,9.35,0.4715447154471545,2.897213321021833,BUILDING,PRE-OPEN,29.0,9.35,18.7,28735.75,28726.0,-9.75,-21.0,STOP,9.5,13.25
1785144540,2026-07-27,-1,6.383333333333334,0.0253164556962025,-2.2352115620849173,DEAD-CHOP,PRE-OPEN,1.0,6.383333333333334,12.766666666666667,28725.75,28732.5,-6.75,-15.0,STOP,4.8,7.75
1785145080,2026-07-27,-1,8.733333333333333,0.0277777777777777,-5.618658795907796,DEAD-CHOP,PRE-OPEN,-2.0,8.733333333333333,17.466666666666665,28730.5,28740.0,-9.5,-20.5,STOP,1.1,-0.0
1785145560,2026-07-27,1,8.316666666666666,0.3170731707317073,3.1253840193500264,BUILDING,PRE-OPEN,26.0,8.316666666666666,16.633333333333333,28751.0,28742.25,-8.75,-19.0,STOP,22.8,12.75
1785147000,2026-07-27,-1,6.016666666666667,0.4130434782608695,-2.791184104660458,BUILDING,PRE-OPEN,-19.0,6.016666666666667,12.033333333333333,28732.75,28739.25,-6.5,-14.5,STOP,0.2,6.0
1785148200,2026-07-27,1,6.466666666666667,0.0062111801242236,2.474251418179636,DEAD-CHOP,PRE-OPEN,-0.25,6.466666666666667,12.933333333333334,28740.5,28733.75,-6.75,-15.0,STOP,7.8,18.25
1785148980,2026-07-27,1,6.016666666666667,0.180722891566265,2.21064262420827,DEAD-CHOP,PRE-OPEN,7.5,6.016666666666667,12.033333333333333,28748.25,28741.75,-6.5,-14.5,STOP,2.4,10.5
1785149700,2026-07-27,-1,6.116666666666666,0.3566433566433566,-2.093085958596923,BUILDING,PRE-OPEN,12.75,6.116666666666666,12.233333333333333,28750.75,28738.52,12.23,22.97,TARGET,4.0,57.75
1785150060,2026-07-27,-1,6.9,0.4368932038834951,-2.2623228417873773,BUILDING,PRE-OPEN,-22.5,6.9,13.8,28724.5,28710.7,13.8,26.1,TARGET,8.3,78.75
1785151560,2026-07-27,-1,8.816666666666666,0.5294117647058824,-2.33816852685194,BUILDING,PRE-OPEN,-38.25,8.816666666666666,17.633333333333333,28678.25,28660.62,17.63,33.77,TARGET,3.0,32.5
1785151800,2026-07-27,1,11.966666666666669,0.3263598326359833,2.2677574496391717,BUILDING,PRE-OPEN,-39.0,11.966666666666669,23.933333333333337,28673.25,28661.0,-12.25,-26.0,STOP,2.0,15.75
1785152460,2026-07-27,1,12.766666666666667,0.0363636363636363,2.2928872934035502,NORMAL-CHOP,PRE-OPEN,-4.0,12.766666666666667,25.533333333333335,28675.75,28662.5,-13.25,-28.0,STOP,1.1,22.0
1785154380,2026-07-27,-1,10.616666666666667,0.3529411764705882,-4.141011484108428,BUILDING,PRE-OPEN,-33.0,10.616666666666667,21.233333333333334,28641.25,28652.25,-11.0,-23.5,STOP,14.9,12.5
1785155700,2026-07-27,1,11.283333333333331,0.1818181818181818,2.6425511199388008,NORMAL-CHOP,PRE-OPEN,16.0,11.283333333333331,22.566666666666663,28659.0,28681.57,22.57,43.63,TARGET,10.5,43.75
1785156660,2026-07-27,-1,9.333333333333334,0.208955223880597,-4.284514986956222,BUILDING,PRE-OPEN,14.0,9.333333333333334,18.666666666666668,28673.5,28683.25,-9.75,-21.0,STOP,1.2,40.25
1785157200,2026-07-27,1,10.15,0.1761006289308176,3.018498038058365,DEAD-CHOP,PRE-OPEN,14.0,10.15,20.3,28683.5,28673.0,-10.5,-22.5,STOP,0.3,4.75
1785159000,2026-07-27,1,15.5,0.7981220657276995,2.545464822326224,CLEAN-TREND,US,-85.0,15.5,31.0,28580.75,28565.0,-15.75,-33.0,STOP,0.3,33.25
1785159120,2026-07-27,-1,21.7,0.9320388349514565,-5.502587523257418,CLEAN-TREND,US,-144.0,21.7,43.4,28520.75,28542.75,-22.0,-45.5,STOP,2.1,217.0
1785159360,2026-07-27,1,31.78333333333333,0.1928783382789317,2.398381440515468,VIOLENT-WHIPSAW,US,-48.75,31.78333333333333,63.56666666666666,28589.25,28557.0,-32.25,-66.0,STOP,1.8,19.25
1785159600,2026-07-27,-1,40.21666666666667,0.376061776061776,-3.285110691504096,BUILDING,US,-121.75,40.21666666666667,80.43333333333334,28504.5,28424.07,80.43,159.37,TARGET,7.0,237.5
1785160140,2026-07-27,1,42.583333333333336,0.2223926380368098,2.5129226078378863,BUILDING,US,-72.5,42.583333333333336,85.16666666666667,28459.75,28416.75,-43.0,-87.5,STOP,6.4,44.0
1785160620,2026-07-27,-1,37.56666666666667,0.288169868554095,-2.7017895087768062,BUILDING,US,-71.25,37.56666666666667,75.13333333333334,28386.5,28311.37,75.13,148.77,TARGET,4.0,252.0
1785160980,2026-07-27,-1,38.16666666666666,0.567062818336163,-2.876504951156168,CLEAN-TREND,US,-167.0,38.16666666666666,76.33333333333331,28296.75,28335.25,-38.5,-78.5,STOP,1.0,245.25
1785161400,2026-07-27,-1,37.583333333333336,0.5011037527593819,-3.2666768040116176,CLEAN-TREND,US,-170.25,37.583333333333336,75.16666666666667,28269.75,28194.58,75.17,148.83,TARGET,12.7,283.75
1785162540,2026-07-27,-1,38.16666666666666,0.6053097345132743,-3.783783136963329,CLEAN-TREND,US,-171.0,38.16666666666666,76.33333333333331,28083.0,28006.67,76.33,151.17,TARGET,7.0,144.5
1785163500,2026-07-27,1,43.55,0.32,2.1433121754205176,BUILDING,US,-76.0,43.55,87.1,27996.25,28083.35,87.1,172.7,TARGET,4.4,202.5
1785163980,2026-07-27,-1,44.06666666666667,0.2220496894409938,-2.511291635634503,BUILDING,US,71.5,44.06666666666667,88.13333333333334,28103.75,28148.25,-44.5,-90.5,STOP,3.0,55.75
1785164400,2026-07-27,-1,36.63333333333333,0.6838021338506305,-2.410509957626048,CLEAN-TREND,US,176.25,36.63333333333333,73.26666666666667,28173.5,28100.23,73.27,145.03,TARGET,14.7,129.0
1785169500,2026-07-27,1,30.883333333333333,0.1685185185185185,8.790696521360793,VIOLENT-WHIPSAW,US,45.5,30.883333333333333,61.766666666666666,28192.5,28161.25,-31.25,-64.0,STOP,0.6,12.0
1785177660,2026-07-27,1,19.58333333333333,0.1301482701812191,10.675008890792098,VIOLENT-WHIPSAW,US,-19.75,19.58333333333333,39.16666666666666,28062.25,28101.42,39.17,76.83,TARGET,9.8,170.0
1785178320,2026-07-27,1,23.183333333333334,0.4899328859060403,2.953482432969165,CLEAN-TREND,US,91.25,23.183333333333334,46.36666666666667,28139.5,28185.87,46.37,91.23,TARGET,2.7,92.75
1785181020,2026-07-27,-1,17.65,0.1638655462184874,-2.05730956074104,VIOLENT-WHIPSAW,US,-19.5,17.65,35.3,28203.25,28167.95,35.3,69.1,TARGET,7.8,49.0
1785181800,2026-07-27,1,20.716666666666665,0.407942238267148,2.1383134602332934,CLEAN-TREND,US,-56.5,20.716666666666665,41.43333333333333,28177.5,28218.93,41.43,81.37,TARGET,9.3,42.5
1785190800,2026-07-27,-1,8.683333333333334,0.5732217573221757,-3.90129673452268,BUILDING,OVERNIGHT,-34.25,8.683333333333334,17.366666666666667,28154.75,28163.75,-9.0,-19.5,STOP,0.8,30.5
1785191100,2026-07-27,-1,9.4,0.411371237458194,-3.060773886368608,BUILDING,OVERNIGHT,-30.75,9.4,18.8,28143.0,28152.75,-9.75,-21.0,STOP,9.5,18.75
1785191760,2026-07-27,1,8.966666666666667,0.1891891891891892,3.972239462631295,DEAD-CHOP,OVERNIGHT,-12.25,8.966666666666667,17.933333333333334,28151.75,28142.5,-9.25,-20.0,STOP,0.4,0.5
1785192360,2026-07-27,1,8.933333333333334,0.104602510460251,2.6283889520114525,DEAD-CHOP,OVERNIGHT,-6.25,8.933333333333334,17.866666666666667,28131.25,28149.12,17.87,34.23,TARGET,4.3,21.0
1785193260,2026-07-27,-1,7.566666666666666,0.3523809523809524,-2.2409556203414467,BUILDING,OVERNIGHT,-18.5,7.566666666666666,15.133333333333333,28113.25,28121.25,-8.0,-17.5,STOP,3.6,8.25
1785194400,2026-07-27,1,10.566666666666666,0.0320284697508896,4.015802846396733,NORMAL-CHOP,OVERNIGHT,2.25,10.566666666666666,21.133333333333333,28138.25,28159.38,21.13,40.77,TARGET,7.4,25.25
1785195300,2026-07-27,-1,8.283333333333333,0.0224215246636771,-4.05574195207906,DEAD-CHOP,OVERNIGHT,-1.25,8.283333333333333,16.566666666666666,28140.0,28148.75,-8.75,-19.0,STOP,0.3,19.25
1785196800,2026-07-28,-1,14.983333333333333,0.38544474393531,-3.700685015414365,BUILDING,OVERNIGHT,35.75,14.983333333333333,29.966666666666665,28170.75,28186.0,-15.25,-32.0,STOP,1.2,102.5
1785197100,2026-07-28,-1,19.183333333333334,0.0925925925925925,-3.0577409972814427,VIOLENT-WHIPSAW,OVERNIGHT,12.5,19.183333333333334,38.36666666666667,28142.25,28161.75,-19.5,-40.5,STOP,0.5,82.0
1785197400,2026-07-28,-1,21.966666666666665,0.3480314960629921,-2.2237990823985765,BUILDING,OVERNIGHT,-55.25,21.966666666666665,43.93333333333333,28117.0,28073.07,43.93,86.37,TARGET,15.6,56.75
1785198600,2026-07-28,1,20.066666666666663,0.3783783783783784,3.015099759604888,BUILDING,OVERNIGHT,-56.0,20.066666666666663,40.133333333333326,28074.5,28114.63,40.13,78.77,TARGET,2.8,65.25
1785199200,2026-07-28,1,21.98333333333333,0.0932203389830508,2.430241534061675,VIOLENT-WHIPSAW,OVERNIGHT,16.5,21.98333333333333,43.96666666666666,28110.5,28088.25,-22.25,-46.0,STOP,6.6,28.75
1785201060,2026-07-28,1,19.366666666666667,0.5193798449612403,2.283926811112639,CLEAN-TREND,OVERNIGHT,-67.0,19.366666666666667,38.733333333333334,28003.5,27983.75,-19.75,-41.0,STOP,0.8,93.5
1785201600,2026-07-28,1,16.916666666666668,0.2421441774491682,2.923097546208351,BUILDING,OVERNIGHT,-32.75,16.916666666666668,33.833333333333336,28011.25,27993.75,-17.5,-36.5,STOP,1.8,85.75
1785204720,2026-07-28,-1,12.316666666666666,0.1586206896551724,-2.1791611097486663,NORMAL-CHOP,OVERNIGHT,-11.5,12.316666666666666,24.633333333333333,28004.25,27979.62,24.63,47.77,TARGET,3.3,52.75
1785207000,2026-07-28,-1,14.216666666666669,0.0997150997150997,-3.6027507980542404,NORMAL-CHOP,OVERNIGHT,-8.75,14.216666666666669,28.433333333333337,27961.0,27975.5,-14.5,-30.5,STOP,0.6,28.5
1785207960,2026-07-28,-1,13.7,0.1373493975903614,-5.168721779778589,NORMAL-CHOP,OVERNIGHT,-14.25,13.7,27.4,27958.75,27972.75,-14.0,-29.5,STOP,6.5,26.25
1785209520,2026-07-28,-1,17.033333333333335,0.1654135338345864,-2.054869662376919,VIOLENT-WHIPSAW,OVERNIGHT,-22.0,17.033333333333335,34.06666666666667,27984.5,28002.25,-17.75,-37.0,STOP,0.2,-0.25
1785210000,2026-07-28,1,17.616666666666667,0.1503875968992248,2.12490415729954,VIOLENT-WHIPSAW,OVERNIGHT,24.25,17.616666666666667,35.233333333333334,28056.75,28038.75,-18.0,-37.5,STOP,1.3,14.25
1785216120,2026-07-28,-1,10.133333333333333,0.4036363636363636,-2.4974233649674527,BUILDING,OVERNIGHT,-27.75,10.133333333333333,20.266666666666666,27931.75,27911.48,20.27,39.03,TARGET,7.6,55.0
1785216660,2026-07-28,-1,10.766666666666667,0.7293233082706767,-3.104576858353421,BUILDING,OVERNIGHT,-48.5,10.766666666666667,21.533333333333335,27902.25,27880.72,21.53,41.57,TARGET,3.4,31.0
1785218040,2026-07-28,-1,11.633333333333333,0.0222222222222222,-2.212647305171628,NORMAL-CHOP,OVERNIGHT,-2.0,11.633333333333333,23.266666666666666,27898.25,27874.98,23.27,45.03,TARGET,2.8,59.0
1785218400,2026-07-28,1,11.766666666666667,0.2090395480225988,3.388353166518963,BUILDING,OVERNIGHT,-18.5,11.766666666666667,23.533333333333335,27889.0,27876.75,-12.25,-26.0,STOP,1.5,21.0
1785218640,2026-07-28,-1,13.266666666666667,0.4613466334164589,-2.921679542118252,CLEAN-TREND,OVERNIGHT,-46.25,13.266666666666667,26.533333333333335,27862.5,27876.25,-13.75,-29.0,STOP,17.0,23.25
1785219960,2026-07-28,1,15.383333333333333,0.3319327731092437,2.182203097063795,BUILDING,OVERNIGHT,39.5,15.383333333333333,30.766666666666666,27885.0,27915.77,30.77,60.03,TARGET,8.1,58.75
1785225060,2026-07-28,1,13.95,0.1139240506329113,2.238372604315248,NORMAL-CHOP,PRE-OPEN,-13.5,13.95,27.9,27927.25,27913.0,-14.25,-30.0,STOP,8.3,51.75
1785225660,2026-07-28,1,17.066666666666666,0.0836653386454183,3.855014640919187,VIOLENT-WHIPSAW,PRE-OPEN,-10.5,17.066666666666666,34.13333333333333,27918.25,27900.75,-17.5,-36.5,STOP,7.0,89.75
1785226680,2026-07-28,-1,17.3,0.0627062706270627,-2.416498718465407,VIOLENT-WHIPSAW,PRE-OPEN,9.5,17.3,34.6,27944.5,27962.25,-17.75,-37.0,STOP,0.3,-0.25
1785234600,2026-07-28,-1,11.383333333333333,0.257985257985258,-7.143779552469451,BUILDING,PRE-OPEN,26.25,11.383333333333333,22.766666666666666,27975.0,27952.23,22.77,44.03,TARGET,3.4,70.75
1785234900,2026-07-28,-1,14.566666666666666,0.2213438735177865,-3.072951128689281,BUILDING,PRE-OPEN,-28.0,14.566666666666666,29.133333333333333,27932.5,27947.5,-15.0,-31.5,STOP,1.1,46.25
1785235200,2026-07-28,-1,16.25,0.2129277566539923,-3.024027596441117,BUILDING,PRE-OPEN,-28.0,16.25,32.5,27911.25,27927.75,-16.5,-34.5,STOP,3.1,30.0
1785235980,2026-07-28,1,14.016666666666667,0.0381355932203389,2.0296876904298884,NORMAL-CHOP,PRE-OPEN,4.5,14.016666666666667,28.033333333333335,27942.0,27927.0,-15.0,-31.5,STOP,6.0,16.75
1785236520,2026-07-28,1,14.6,0.2824074074074074,2.02794550165602,BUILDING,PRE-OPEN,-30.5,14.6,29.2,27911.0,27896.0,-15.0,-31.5,STOP,1.0,47.75
1785237300,2026-07-28,1,18.7,0.1322033898305084,7.820042126670762,VIOLENT-WHIPSAW,PRE-OPEN,-19.5,18.7,37.4,27917.75,27955.15,37.4,73.3,TARGET,4.3,41.0
1785238560,2026-07-28,1,17.65,0.1185185185185185,8.771398489021628,VIOLENT-WHIPSAW,PRE-OPEN,-16.0,17.65,35.3,27911.5,27893.5,-18.0,-37.5,STOP,2.0,90.0
1785241620,2026-07-28,1,16.55,0.4632034632034632,2.6830335165310766,CLEAN-TREND,PRE-OPEN,53.5,16.55,33.1,28011.5,27994.5,-17.0,-35.5,STOP,1.0,22.5
1785242760,2026-07-28,1,19.95,0.1348314606741573,3.2553038601276825,VIOLENT-WHIPSAW,PRE-OPEN,18.0,19.95,39.9,28020.0,27999.75,-20.25,-42.0,STOP,3.1,7.5
1785245280,2026-07-28,-1,17.283333333333335,0.4046345811051693,-2.0145213207353256,CLEAN-TREND,PRE-OPEN,-56.75,17.283333333333335,34.56666666666667,27948.75,27966.5,-17.75,-37.0,STOP,1.0,290.25
1785245460,2026-07-28,1,24.416666666666668,0.4936386768447837,3.899248907695516,CLEAN-TREND,US,-97.0,24.416666666666668,48.833333333333336,27906.5,27881.75,-24.75,-51.0,STOP,0.3,19.75
1785245580,2026-07-28,1,27.55,0.6697736351531292,9.160166301392463,CLEAN-TREND,US,-125.75,27.55,55.1,27904.0,27876.0,-28.0,-57.5,STOP,1.0,22.25
1785246060,2026-07-28,1,43.03333333333333,0.5261044176706827,3.719516596101754,CLEAN-TREND,US,-163.75,43.03333333333333,86.06666666666666,27811.5,27768.0,-43.5,-88.5,STOP,0.8,4.5
1785246420,2026-07-28,-1,44.5,0.6040738383195416,-2.442859293061762,CLEAN-TREND,US,-237.25,44.5,89.0,27660.25,27705.0,-44.75,-91.0,STOP,0.2,57.0
1785246540,2026-07-28,1,47.18333333333333,0.2803071859572134,2.3137116271335776,BUILDING,US,-127.75,47.18333333333333,94.36666666666666,27753.75,27706.25,-47.5,-96.5,STOP,1.2,44.0
1785246720,2026-07-28,1,48.083333333333336,0.1921664626682986,2.411916990676297,VIOLENT-WHIPSAW,US,-78.5,48.083333333333336,96.16666666666667,27753.25,27704.75,-48.5,-98.5,STOP,0.3,39.75
1785246900,2026-07-28,-1,50.766666666666666,0.3223529411764705,-3.02120532383849,BUILDING,US,-137.0,50.766666666666666,101.53333333333333,27675.75,27727.0,-51.25,-104.0,STOP,4.7,72.5
1785247560,2026-07-28,-1,49.05,0.1428571428571428,-2.153187017266046,VIOLENT-WHIPSAW,US,53.5,49.05,98.1,27779.75,27681.65,98.1,194.7,TARGET,1.2,176.5
1785247980,2026-07-28,-1,50.31666666666667,0.040590405904059,-2.0412454534536235,VIOLENT-WHIPSAW,US,-16.5,50.31666666666667,100.63333333333334,27652.75,27703.5,-50.75,-103.0,STOP,10.0,49.5
1785249360,2026-07-28,1,44.333333333333336,0.2241112828438949,2.2110031365440617,BUILDING,US,72.5,44.333333333333336,88.66666666666667,27745.75,27701.0,-44.75,-91.0,STOP,2.0,146.75
1785251340,2026-07-28,1,30.08333333333333,0.1332533013205282,2.075455384276803,VIOLENT-WHIPSAW,US,-27.75,30.08333333333333,60.16666666666666,27826.5,27886.67,60.17,118.83,TARGET,8.1,190.75
1785259140,2026-07-28,1,18.1,0.2824427480916031,2.200436375502252,BUILDING,US,-27.75,18.1,36.2,27992.75,28028.95,36.2,70.9,TARGET,0.8,53.0
1785261240,2026-07-28,-1,18.8,0.3589315525876461,-2.0872793512896584,BUILDING,US,-53.75,18.8,37.6,27941.0,27960.25,-19.25,-40.0,STOP,4.0,29.0
1785261600,2026-07-28,1,19.716666666666665,0.2437223042836041,2.0564555314586555,BUILDING,US,41.25,19.716666666666665,39.43333333333333,27991.0,27971.0,-20.0,-41.5,STOP,0.9,3.75
1785266520,2026-07-28,1,16.0,0.1272727272727272,2.4916445338515167,VIOLENT-WHIPSAW,US,15.75,16.0,32.0,28008.5,27992.25,-16.25,-34.0,STOP,3.8,15.5
1785268440,2026-07-28,1,15.4,0.3460620525059666,4.067845156373374,BUILDING,US,36.25,15.4,30.8,27983.25,27967.5,-15.75,-33.0,STOP,0.0,-0.5
1785268740,2026-07-28,1,19.766666666666666,0.2135922330097087,2.398926891142286,BUILDING,US,-33.0,19.766666666666666,39.53333333333333,27922.25,27961.78,39.53,77.57,TARGET,5.0,69.5
1785276900,2026-07-28,1,12.75,0.0166666666666666,2.2856076649841675,NORMAL-CHOP,OVERNIGHT,1.5,12.75,25.5,27973.5,27960.5,-13.0,-27.5,STOP,1.3,-0.5
1785277080,2026-07-28,-1,12.933333333333334,0.6222760290556901,-3.415791233073781,CLEAN-TREND,OVERNIGHT,-64.25,12.933333333333334,25.866666666666667,27929.75,27943.0,-13.25,-28.0,STOP,8.6,115.0
1785277920,2026-07-28,-1,16.816666666666666,0.4395604395604395,-2.312842852228617,CLEAN-TREND,OVERNIGHT,-60.0,16.816666666666666,33.63333333333333,27901.0,27867.37,33.63,65.77,TARGET,6.9,158.5
1785278700,2026-07-28,-1,19.1,0.5196629213483146,-2.882537096967162,CLEAN-TREND,OVERNIGHT,-92.5,19.1,38.2,27843.25,27805.05,38.2,74.9,TARGET,7.3,111.75
1785279540,2026-07-28,-1,20.23333333333333,0.6122448979591837,-2.116715616254305,CLEAN-TREND,OVERNIGHT,-105.0,20.23333333333333,40.46666666666666,27757.5,27778.0,-20.5,-42.5,STOP,4.9,26.0
1785280380,2026-07-28,-1,26.48333333333333,0.2299349240780911,-2.278096332960831,BUILDING,OVERNIGHT,53.0,26.48333333333333,52.96666666666666,27827.5,27854.25,-26.75,-55.0,STOP,0.4,18.75
1785283020,2026-07-28,-1,30.866666666666667,0.6721030042918454,-2.1830511232414924,CLEAN-TREND,OVERNIGHT,195.75,30.866666666666667,61.733333333333334,28093.75,28125.0,-31.25,-64.0,STOP,3.4,23.25
1785283320,2026-07-29,1,28.65,0.4588235294117647,2.628763262356856,CLEAN-TREND,OVERNIGHT,97.5,28.65,57.3,28139.0,28110.0,-29.0,-59.5,STOP,12.4,29.75
1785284460,2026-07-29,1,23.716666666666665,0.0479846449136276,4.078337257413172,VIOLENT-WHIPSAW,OVERNIGHT,6.25,23.716666666666665,47.43333333333333,28152.0,28128.0,-24.0,-49.5,STOP,0.7,3.75
1785284940,2026-07-29,1,26.28333333333333,0.3819742489270386,2.050270115340849,BUILDING,OVERNIGHT,-66.75,26.28333333333333,52.56666666666666,28076.5,28049.75,-26.75,-55.0,STOP,0.7,8.75
1785286680,2026-07-29,-1,20.6,0.3821656050955414,-3.068653085662034,BUILDING,OVERNIGHT,-60.0,20.6,41.2,28011.75,28032.75,-21.0,-43.5,STOP,2.4,115.25
1785289860,2026-07-29,-1,22.116666666666667,0.5868945868945868,-2.093390911495988,CLEAN-TREND,OVERNIGHT,-103.0,22.116666666666667,44.233333333333334,27839.5,27795.27,44.23,86.97,TARGET,5.4,69.5
1785292560,2026-07-29,1,21.516666666666666,0.1398963730569948,2.36050148216812,VIOLENT-WHIPSAW,OVERNIGHT,20.25,21.516666666666666,43.03333333333333,27870.25,27848.0,-22.25,-46.0,STOP,13.2,34.5
1785294360,2026-07-29,1,16.183333333333334,0.3309352517985611,2.313766223360928,BUILDING,OVERNIGHT,-46.0,16.183333333333334,32.36666666666667,27820.25,27852.62,32.37,63.23,TARGET,1.4,61.75
1785296040,2026-07-29,1,17.516666666666666,0.2631578947368421,2.168943548455448,BUILDING,OVERNIGHT,-32.5,17.516666666666666,35.03333333333333,27782.75,27764.75,-18.0,-37.5,STOP,3.9,10.5
1785297060,2026-07-29,-1,17.1,0.4188562596599691,-6.380751840239307,CLEAN-TREND,OVERNIGHT,-67.75,17.1,34.2,27722.0,27687.8,34.2,66.9,TARGET,8.5,74.25
1785298200,2026-07-29,-1,16.183333333333334,0.0646387832699619,-2.2300387185439807,VIOLENT-WHIPSAW,OVERNIGHT,-8.5,16.183333333333334,32.36666666666667,27695.25,27662.88,32.37,63.23,TARGET,5.4,47.5
1785298980,2026-07-29,-1,20.53333333333333,0.0244604316546762,-2.13619119442414,VIOLENT-WHIPSAW,OVERNIGHT,-4.25,20.53333333333333,41.06666666666666,27694.25,27715.25,-21.0,-43.5,STOP,13.7,53.75
1785300300,2026-07-29,-1,19.316666666666663,0.2021660649819494,-2.70989650918085,BUILDING,OVERNIGHT,-28.0,19.316666666666663,38.633333333333326,27662.25,27682.0,-19.75,-41.0,STOP,0.5,8.0
1785301620,2026-07-29,1,21.816666666666663,0.4894217207334274,2.275359085630754,CLEAN-TREND,OVERNIGHT,86.75,21.816666666666663,43.633333333333326,27806.0,27783.75,-22.25,-46.0,STOP,10.3,39.0
1785303360,2026-07-29,1,18.866666666666667,0.4904458598726114,2.051981724509214,CLEAN-TREND,OVERNIGHT,57.75,18.866666666666667,37.733333333333334,27841.0,27821.75,-19.25,-40.0,STOP,4.5,13.75
1785306540,2026-07-29,-1,17.4,0.3344887348353553,-2.6147147560431647,BUILDING,OVERNIGHT,48.25,17.4,34.8,27809.5,27827.25,-17.75,-37.0,STOP,0.1,0.5
1785313800,2026-07-29,1,15.8,0.002004008016032,2.333798103862192,VIOLENT-WHIPSAW,PRE-OPEN,0.25,15.8,31.6,27859.25,27890.85,31.6,61.7,TARGET,1.0,80.5
1785314700,2026-07-29,-1,15.933333333333334,0.5412474849094567,-2.8388970857682505,CLEAN-TREND,PRE-OPEN,67.25,15.933333333333334,31.866666666666667,27922.75,27939.0,-16.25,-34.0,STOP,0.9,27.0
1785317940,2026-07-29,1,13.2,0.080091533180778,4.331791586601724,NORMAL-CHOP,PRE-OPEN,8.75,13.2,26.4,27978.25,28004.65,26.4,51.3,TARGET,3.0,81.75
1785318300,2026-07-29,-1,14.15,0.3466666666666667,-4.090836044413177,BUILDING,PRE-OPEN,39.0,14.15,28.3,28011.25,28025.75,-14.5,-30.5,STOP,2.6,7.75
1785318900,2026-07-29,1,13.966666666666669,0.2149532710280373,3.321279836243656,BUILDING,PRE-OPEN,23.0,13.966666666666669,27.933333333333337,28018.25,28004.0,-14.25,-30.0,STOP,17.5,27.75
1785321420,2026-07-29,-1,13.133333333333333,0.4334975369458128,-2.227007168797229,CLEAN-TREND,PRE-OPEN,-44.0,13.133333333333333,26.266666666666666,27969.5,27983.25,-13.75,-29.0,STOP,3.8,41.0
1785322800,2026-07-29,1,15.433333333333334,0.0346320346320346,4.015100261337015,VIOLENT-WHIPSAW,PRE-OPEN,4.0,15.433333333333334,30.866666666666667,27970.75,27955.0,-15.75,-33.0,STOP,5.3,53.25
1785327240,2026-07-29,-1,15.533333333333331,0.4517958412098298,-5.124923507024557,CLEAN-TREND,PRE-OPEN,-59.75,15.533333333333331,31.066666666666663,27940.75,27909.68,31.07,60.63,TARGET,1.3,96.0
1785327480,2026-07-29,-1,21.45,0.4733893557422969,-2.4101187005052047,CLEAN-TREND,PRE-OPEN,-84.5,21.45,42.9,27896.0,27853.1,42.9,84.3,TARGET,3.2,51.25
1785329700,2026-07-29,1,12.066666666666666,0.5075987841945289,2.192385857033565,BUILDING,PRE-OPEN,41.75,12.066666666666666,24.133333333333333,27927.25,27914.75,-12.5,-26.5,STOP,1.3,4.5
1785331140,2026-07-29,1,12.1,0.1394658753709199,2.830139404438892,NORMAL-CHOP,PRE-OPEN,-11.75,12.1,24.2,27868.75,27856.25,-12.5,-26.5,STOP,0.9,128.25
1785331260,2026-07-29,1,12.55,0.0506666666666666,2.4699889128324517,NORMAL-CHOP,PRE-OPEN,4.75,12.55,25.1,27881.5,27906.6,25.1,48.7,TARGET,3.0,115.5
1785331620,2026-07-29,-1,17.083333333333332,0.2384769539078156,-5.006832706568949,BUILDING,PRE-OPEN,29.75,17.083333333333332,34.166666666666664,27913.0,27930.75,-17.75,-37.0,STOP,2.2,245.25
1785331920,2026-07-29,1,29.466666666666665,0.1336787564766839,5.663477724216232,VIOLENT-WHIPSAW,US,32.25,29.466666666666665,58.93333333333333,27903.75,27962.68,58.93,116.37,TARGET,1.0,93.25
1785332100,2026-07-29,1,36.65,0.3684210526315789,2.655993375025034,BUILDING,US,112.0,36.65,73.3,27978.25,27941.25,-37.0,-75.5,STOP,0.4,1.5
1785332580,2026-07-29,1,49.516666666666666,0.1315240083507307,2.537149476622351,VIOLENT-WHIPSAW,US,-47.25,49.516666666666666,99.03333333333333,27872.75,27822.75,-50.0,-101.5,STOP,3.5,76.25
1785332880,2026-07-29,1,46.66666666666666,0.3967714528462192,2.738923566427716,BUILDING,US,-116.75,46.66666666666666,93.33333333333331,27836.0,27789.0,-47.0,-95.5,STOP,2.0,21.75
1785333600,2026-07-29,1,45.38333333333333,0.3859872611464968,3.598642343288513,BUILDING,US,-151.5,45.38333333333333,90.76666666666667,27753.0,27707.25,-45.75,-93.0,STOP,9.1,74.0
1785334320,2026-07-29,-1,40.98333333333333,0.099502487562189,-2.202461662387792,VIOLENT-WHIPSAW,US,-30.0,40.98333333333333,81.96666666666665,27669.25,27587.28,81.97,162.43,TARGET,12.8,153.5
1785336000,2026-07-29,-1,32.06666666666667,0.1910994764397905,-3.0582996295539573,VIOLENT-WHIPSAW,US,-36.5,32.06666666666667,64.13333333333334,27540.75,27573.25,-32.5,-66.5,STOP,6.6,30.75
1785336600,2026-07-29,1,32.86666666666667,0.18,2.8605470708538268,VIOLENT-WHIPSAW,US,-36.0,32.86666666666667,65.73333333333333,27578.75,27644.48,65.73,129.97,TARGET,12.6,77.5
1785340440,2026-07-29,-1,24.08333333333333,0.2507204610951009,-4.5172606417350485,BUILDING,US,-43.5,24.08333333333333,48.16666666666666,27494.5,27519.0,-24.5,-50.5,STOP,4.9,85.5
1785342180,2026-07-29,1,22.4,0.315112540192926,4.60504308904729,BUILDING,US,49.0,22.4,44.8,27512.0,27556.8,44.8,88.1,TARGET,6.1,74.0
1785348000,2026-07-29,1,25.916666666666668,0.7214700193423598,6.174411546120006,CLEAN-TREND,US,186.5,25.916666666666668,51.833333333333336,27850.75,27824.5,-26.25,-54.0,STOP,0.2,38.25
1785349920,2026-07-29,-1,34.833333333333336,0.18562874251497,-4.11969963647769,VIOLENT-WHIPSAW,US,-38.75,34.833333333333336,69.66666666666667,27753.75,27789.0,-35.25,-72.0,STOP,4.0,30.0
1785350400,2026-07-29,1,45.45,0.5697569756975698,3.23787240536577,CLEAN-TREND,US,158.25,45.45,90.9,27905.75,27996.65,90.9,180.3,TARGET,5.4,194.0
1785350820,2026-07-29,1,48.81666666666667,0.9412780656303972,3.219684299370797,CLEAN-TREND,US,272.5,48.81666666666667,97.63333333333334,28026.75,27977.5,-49.25,-100.0,STOP,16.5,73.0
1785352860,2026-07-29,-1,47.333333333333336,0.5986301369863014,-8.0401566359331,CLEAN-TREND,US,-218.5,47.333333333333336,94.66666666666667,27738.25,27643.58,94.67,187.83,TARGET,4.4,317.0
1785353700,2026-07-29,1,47.23333333333333,0.5694098088113051,2.133866755774945,CLEAN-TREND,US,-171.25,47.23333333333333,94.46666666666665,27601.5,27553.75,-47.75,-97.0,STOP,2.1,29.75
1785354720,2026-07-29,-1,43.93333333333333,0.5626072041166381,-3.002964565079828,CLEAN-TREND,US,-164.0,43.93333333333333,87.86666666666666,27414.75,27326.88,87.87,174.23,TARGET,6.0,214.75
1785363240,2026-07-29,1,33.61666666666667,,2.8545241985289214,UNKNOWN,OVERNIGHT,0.0,33.61666666666667,67.23333333333333,27436.5,27402.5,-34.0,-69.5,STOP,13.5,48.0
1785364560,2026-07-29,1,20.83333333333333,0.0345781466113416,2.384164384365393,VIOLENT-WHIPSAW,OVERNIGHT,6.25,20.83333333333333,41.66666666666666,27456.25,27435.0,-21.25,-44.0,STOP,4.6,29.25
1785366240,2026-07-29,1,13.233333333333333,0.4691358024691358,3.991716557332828,CLEAN-TREND,OVERNIGHT,38.0,13.233333333333333,26.466666666666665,27479.5,27505.97,26.47,51.43,TARGET,3.8,79.75
1785366660,2026-07-29,-1,16.9,0.2675585284280936,-3.656554945388808,BUILDING,OVERNIGHT,40.0,16.9,33.8,27473.25,27490.5,-17.25,-36.0,STOP,0.4,13.5
1785366840,2026-07-29,-1,19.266666666666666,0.150855365474339,-2.2267273605568083,VIOLENT-WHIPSAW,OVERNIGHT,24.25,19.266666666666666,38.53333333333333,27478.25,27498.0,-19.75,-41.0,STOP,2.8,10.0
1785368280,2026-07-29,-1,12.95,0.1662125340599455,-2.593598386051894,NORMAL-CHOP,OVERNIGHT,15.25,12.95,25.9,27534.5,27547.75,-13.25,-28.0,STOP,0.4,62.25
1785368400,2026-07-29,-1,13.816666666666666,0.1246537396121883,-2.78019045040139,NORMAL-CHOP,OVERNIGHT,-11.25,13.816666666666666,27.633333333333333,27515.5,27529.75,-14.25,-30.0,STOP,3.6,43.25
1785368940,2026-07-29,-1,18.1,0.2023121387283237,-2.075757621276036,BUILDING,OVERNIGHT,-26.25,18.1,36.2,27514.0,27532.5,-18.5,-38.5,STOP,3.3,41.75
1785369960,2026-07-30,1,29.83333333333333,0.279395900755124,2.2668689138998026,BUILDING,OVERNIGHT,64.75,29.83333333333333,59.66666666666666,27575.0,27544.75,-30.25,-62.0,STOP,28.3,36.5
1785373560,2026-07-30,1,23.466666666666665,0.5902061855670103,2.484456048478104,CLEAN-TREND,OVERNIGHT,114.5,23.466666666666665,46.93333333333333,27630.0,27606.0,-24.0,-49.5,STOP,2.6,55.75
1785377040,2026-07-30,-1,17.666666666666668,0.2862190812720848,-2.3267578068131844,BUILDING,OVERNIGHT,-40.5,17.666666666666668,35.333333333333336,27640.75,27658.75,-18.0,-37.5,STOP,2.9,55.75
1785379920,2026-07-30,-1,19.4,0.0595419847328244,-2.7734357780641483,VIOLENT-WHIPSAW,OVERNIGHT,9.75,19.4,38.8,27582.25,27602.0,-19.75,-41.0,STOP,2.8,110.75
1785380220,2026-07-30,-1,19.366666666666667,0.1683748169838946,-2.324700672099489,VIOLENT-WHIPSAW,OVERNIGHT,-28.75,19.366666666666667,38.733333333333334,27559.75,27521.02,38.73,75.97,TARGET,11.8,88.25
1785381300,2026-07-30,1,16.983333333333334,0.3169934640522875,2.2224056071898053,BUILDING,OVERNIGHT,-48.5,16.983333333333334,33.96666666666667,27490.0,27472.75,-17.25,-36.0,STOP,3.4,67.5
1785382500,2026-07-30,1,19.316666666666663,0.405189620758483,2.1423290521205622,CLEAN-TREND,OVERNIGHT,50.75,19.316666666666663,38.633333333333326,27540.75,27520.75,-20.0,-41.5,STOP,0.4,22.75
1785382860,2026-07-30,-1,21.95,0.107361963190184,-2.6045731962902665,VIOLENT-WHIPSAW,OVERNIGHT,17.5,21.95,43.9,27523.0,27545.25,-22.25,-46.0,STOP,6.6,40.0
1785383340,2026-07-30,1,19.416666666666668,0.0414201183431952,2.079563532781052,VIOLENT-WHIPSAW,OVERNIGHT,5.25,19.416666666666668,38.833333333333336,27550.25,27530.5,-19.75,-41.0,STOP,8.1,12.5
1785384900,2026-07-30,-1,15.6,0.3672055427251732,-4.259457798850571,BUILDING,OVERNIGHT,-39.75,15.6,31.2,27478.5,27494.5,-16.0,-33.5,STOP,5.4,19.25
1785387600,2026-07-30,-1,16.316666666666666,0.3378076062639821,-2.028371983462939,BUILDING,OVERNIGHT,-37.75,16.316666666666666,32.63333333333333,27449.25,27466.25,-17.0,-35.5,STOP,14.1,28.75
1785390360,2026-07-30,1,17.466666666666665,0.4947916666666667,3.867694169199928,CLEAN-TREND,OVERNIGHT,47.5,17.466666666666665,34.93333333333333,27537.25,27519.5,-17.75,-37.0,STOP,0.8,0.5
1785392760,2026-07-30,1,15.1,0.106290672451193,2.7526554499068787,NORMAL-CHOP,OVERNIGHT,12.25,15.1,30.2,27487.0,27471.5,-15.5,-32.5,STOP,3.5,3.5
1785394740,2026-07-30,-1,15.433333333333334,0.0176817288801571,-2.2138081506913028,VIOLENT-WHIPSAW,OVERNIGHT,-2.25,15.433333333333334,30.866666666666667,27434.75,27450.5,-15.75,-33.0,STOP,0.7,39.5
1785394860,2026-07-30,1,19.78333333333333,0.2988505747126437,7.864063244734138,BUILDING,PRE-OPEN,52.0,19.78333333333333,39.56666666666666,27507.25,27487.0,-20.25,-42.0,STOP,2.9,14.25
1785395520,2026-07-30,1,28.366666666666667,0.2414486921529175,2.553220397675556,BUILDING,PRE-OPEN,60.0,28.366666666666667,56.733333333333334,27493.75,27464.75,-29.0,-59.5,STOP,1.2,4.75
1785396060,2026-07-30,-1,21.03333333333333,0.5225464190981433,-2.177088251463533,CLEAN-TREND,PRE-OPEN,-98.5,21.03333333333333,42.06666666666666,27408.0,27429.5,-21.5,-44.5,STOP,3.0,56.25
1785397020,2026-07-30,1,20.466666666666665,0.1907308377896613,2.0636513421746927,VIOLENT-WHIPSAW,PRE-OPEN,-26.75,20.466666666666665,40.93333333333333,27387.75,27428.68,40.93,80.37,TARGET,2.5,60.5
1785402840,2026-07-30,-1,15.2,0.5661971830985916,-2.311007261501414,CLEAN-TREND,PRE-OPEN,50.25,15.2,30.4,27534.75,27550.25,-15.5,-32.5,STOP,2.8,10.25
1785403260,2026-07-30,1,15.15,0.6256983240223464,2.372999037919923,CLEAN-TREND,PRE-OPEN,56.0,15.15,30.3,27559.75,27544.25,-15.5,-32.5,STOP,8.3,26.25
1785404160,2026-07-30,-1,12.383333333333333,0.264367816091954,-2.3470187632278257,BUILDING,PRE-OPEN,17.25,12.383333333333333,24.766666666666666,27577.25,27552.48,24.77,48.03,TARGET,2.8,89.25
1785405540,2026-07-30,-1,10.333333333333334,0.3557046979865771,-2.25361255507472,BUILDING,PRE-OPEN,-26.5,10.333333333333334,20.666666666666668,27516.25,27495.58,20.67,39.83,TARGET,0.3,28.25
1785406860,2026-07-30,-1,15.283333333333331,0.6495238095238095,-2.8135302978892254,CLEAN-TREND,PRE-OPEN,85.25,15.283333333333331,30.566666666666663,27612.0,27627.75,-15.75,-33.0,STOP,4.1,16.0
1785409200,2026-07-30,1,13.3,0.010752688172043,5.020005457221098,NORMAL-CHOP,PRE-OPEN,1.25,13.3,26.6,27638.5,27665.1,26.6,51.7,TARGET,4.3,85.25
1785410880,2026-07-30,1,12.516666666666667,0.6363636363636364,3.0854585709415865,CLEAN-TREND,PRE-OPEN,49.0,12.516666666666667,25.033333333333335,27710.5,27697.5,-13.0,-27.5,STOP,3.0,34.5
1785411840,2026-07-30,-1,16.583333333333332,0.081081081081081,-2.1591513465543866,VIOLENT-WHIPSAW,PRE-OPEN,-14.25,16.583333333333332,33.166666666666664,27701.0,27718.25,-17.25,-36.0,STOP,0.5,5.5
1785414600,2026-07-30,1,18.85,0.1598513011152416,2.50735295090857,VIOLENT-WHIPSAW,PRE-OPEN,21.5,18.85,37.7,27772.75,27753.5,-19.25,-40.0,STOP,0.4,61.0
1785414720,2026-07-30,-1,21.45,0.0714285714285714,-2.7958081968249475,VIOLENT-WHIPSAW,PRE-OPEN,-12.0,21.45,42.9,27734.5,27756.25,-21.75,-45.0,STOP,2.5,19.5
1785414960,2026-07-30,-1,24.316666666666663,0.2688172043010752,-2.302570780754224,BUILDING,PRE-OPEN,50.0,24.316666666666663,48.633333333333326,27774.5,27800.25,-25.75,-53.0,STOP,5.6,20.25
1785416460,2026-07-30,1,18.433333333333334,0.6395604395604395,2.613486073925976,CLEAN-TREND,PRE-OPEN,72.75,18.433333333333334,36.86666666666667,27847.25,27828.5,-18.75,-39.0,STOP,9.1,45.5
1785417900,2026-07-30,1,14.716666666666669,0.1449814126394052,2.483750021133228,NORMAL-CHOP,PRE-OPEN,9.75,14.716666666666669,29.433333333333337,27842.0,27871.43,29.43,57.37,TARGET,2.0,291.25
1785418140,2026-07-30,1,15.533333333333331,0.5488721804511278,3.0577930996596847,CLEAN-TREND,PRE-OPEN,36.5,15.533333333333331,31.066666666666663,27877.0,27860.75,-16.25,-34.0,STOP,0.0,278.0
1785418260,2026-07-30,1,20.133333333333333,0.4323432343234323,3.909969922175074,CLEAN-TREND,US,32.75,20.133333333333333,40.266666666666666,27880.25,27859.75,-20.5,-42.5,STOP,0.2,288.75
1785418500,2026-07-30,1,29.83333333333333,0.2895622895622896,5.303686810231787,BUILDING,US,43.0,29.83333333333333,59.66666666666666,27892.25,27862.0,-30.25,-62.0,STOP,1.5,291.5
1785418800,2026-07-30,1,42.266666666666666,0.2403100775193798,2.835855658385688,BUILDING,US,38.75,42.266666666666666,84.53333333333333,27882.5,27967.03,84.53,167.57,TARGET,3.0,301.25
1785419100,2026-07-30,1,46.2,0.5704433497536946,4.623447798993564,CLEAN-TREND,US,144.75,46.2,92.4,28013.5,28105.9,92.4,183.3,TARGET,4.9,170.25
1785419640,2026-07-30,1,39.98333333333333,0.6728971962616822,3.101553568068472,CLEAN-TREND,US,216.0,39.98333333333333,79.96666666666665,28105.0,28162.75,57.75,114.0,TIME,30.0,78.75
1785421620,2026-07-30,1,30.25,0.5726495726495726,5.93691905017448,CLEAN-TREND,US,100.5,30.25,60.5,28212.0,28181.5,-30.5,-62.5,STOP,16.1,33.75
1785423780,2026-07-30,1,36.11666666666667,0.1901234567901234,2.870087299285483,VIOLENT-WHIPSAW,US,-57.75,36.11666666666667,72.23333333333333,28104.25,28067.75,-36.5,-74.5,STOP,3.7,33.75
1785424140,2026-07-30,1,38.18333333333333,0.2050078247261345,2.6723074593397422,BUILDING,US,65.5,38.18333333333333,76.36666666666666,28133.75,28095.25,-38.5,-78.5,STOP,0.4,3.25
1785425160,2026-07-30,-1,35.56666666666667,0.0300546448087431,-3.3687412641957244,VIOLENT-WHIPSAW,US,-5.5,35.56666666666667,71.13333333333334,28042.0,28078.0,-36.0,-73.5,STOP,8.0,41.0
1785427440,2026-07-30,1,29.216666666666665,0.142578125,2.2674081536773545,VIOLENT-WHIPSAW,US,36.5,29.216666666666665,58.43333333333333,28151.25,28121.75,-29.5,-60.5,STOP,26.0,41.5
1785430800,2026-07-30,1,19.6,0.3868613138686131,4.603129919133326,BUILDING,US,66.25,19.6,39.2,28159.25,28198.45,39.2,76.9,TARGET,18.7,49.25
1785433320,2026-07-30,1,17.233333333333334,0.0963302752293578,3.866344907138695,VIOLENT-WHIPSAW,US,-10.5,17.233333333333334,34.46666666666667,28173.5,28194.0,20.5,39.5,TIME,30.0,34.0
1785438120,2026-07-30,1,12.3,0.3,2.6150675428056207,BUILDING,US,19.5,12.3,24.6,28202.75,28227.35,24.6,47.7,TARGET,4.1,95.25
1785438540,2026-07-30,1,13.583333333333334,0.802247191011236,3.1120065152759517,CLEAN-TREND,US,89.25,13.583333333333334,27.166666666666668,28254.75,28281.92,27.17,52.83,TARGET,1.1,43.25
1785441060,2026-07-30,-1,15.533333333333331,0.002710027100271,-3.14633171443058,VIOLENT-WHIPSAW,US,-0.25,15.533333333333331,31.066666666666663,28219.25,28235.25,-16.0,-33.5,STOP,2.7,17.0
1785441480,2026-07-30,1,18.866666666666667,0.024390243902439,2.6106003224899106,VIOLENT-WHIPSAW,US,3.0,18.866666666666667,37.733333333333334,28240.25,28221.0,-19.25,-40.0,STOP,0.9,128.75
1785441600,2026-07-30,-1,23.15,0.125,-3.4135039101063285,VIOLENT-WHIPSAW,OVERNIGHT,-16.0,23.15,46.3,28221.25,28244.75,-23.5,-48.5,STOP,0.0,5.75
1785450180,2026-07-30,-1,14.65,0.2166666666666666,-2.1183207228915224,BUILDING,OVERNIGHT,-26.0,14.65,29.3,28360.5,28375.5,-15.0,-31.5,STOP,1.2,28.5
1785451140,2026-07-30,-1,15.1,0.2219959266802444,-2.8268430653796672,BUILDING,OVERNIGHT,27.25,15.1,30.2,28385.75,28401.25,-15.5,-32.5,STOP,4.2,6.0
1785453000,2026-07-30,-1,11.716666666666669,0.2580645161290322,-3.046101397386002,BUILDING,OVERNIGHT,-24.0,11.716666666666669,23.433333333333337,28384.0,28396.0,-12.0,-25.5,STOP,14.4,26.25
1785454860,2026-07-30,1,13.383333333333333,0.3985507246376811,2.291146603109855,BUILDING,OVERNIGHT,27.5,13.383333333333333,26.766666666666666,28409.5,28395.75,-13.75,-29.0,STOP,8.8,48.25
1785455460,2026-07-30,1,14.95,0.2848484848484848,2.272297811890251,BUILDING,OVERNIGHT,35.25,14.95,29.9,28420.75,28405.5,-15.25,-32.0,STOP,9.8,67.5
1785456120,2026-07-31,1,15.55,0.0559440559440559,2.271981805876245,VIOLENT-WHIPSAW,OVERNIGHT,-8.0,15.55,31.1,28407.25,28438.35,31.1,60.7,TARGET,0.9,95.25
1785456360,2026-07-31,1,16.083333333333332,0.1049723756906077,2.1751079231941883,VIOLENT-WHIPSAW,OVERNIGHT,14.25,16.083333333333332,32.166666666666664,28435.5,28467.67,32.17,62.83,TARGET,7.1,74.5
1785457860,2026-07-31,-1,14.633333333333333,0.3191489361702128,-2.593620675629286,BUILDING,OVERNIGHT,33.75,14.633333333333333,29.266666666666666,28491.0,28506.0,-15.0,-31.5,STOP,1.7,22.5
1785458580,2026-07-31,-1,12.666666666666666,0.2263157894736842,-2.1683989816006632,BUILDING,OVERNIGHT,21.5,12.666666666666666,25.333333333333332,28495.25,28469.92,25.33,49.17,TARGET,5.9,26.75
1785459480,2026-07-31,1,12.15,0.1820448877805486,3.4567887955264465,NORMAL-CHOP,OVERNIGHT,18.25,12.15,24.3,28514.25,28538.55,24.3,47.1,TARGET,2.1,65.75
1785459960,2026-07-31,1,11.283333333333331,0.7596371882086168,3.125011644373199,BUILDING,OVERNIGHT,83.75,11.283333333333331,22.566666666666663,28566.75,28555.0,-11.75,-25.0,STOP,7.3,13.25
1785460500,2026-07-31,1,9.733333333333333,0.5634920634920635,3.072276536868588,BUILDING,OVERNIGHT,35.5,9.733333333333333,19.466666666666665,28570.0,28559.75,-10.25,-22.0,STOP,2.5,2.5
1785461520,2026-07-31,1,11.266666666666667,0.4213836477987421,2.053392622269318,BUILDING,OVERNIGHT,-33.5,11.266666666666667,22.533333333333335,28533.0,28521.25,-11.75,-25.0,STOP,2.7,9.0
1785462480,2026-07-31,1,14.5,0.7947214076246334,2.5317690333031533,CLEAN-TREND,OVERNIGHT,-67.75,14.5,29.0,28471.75,28457.0,-14.75,-31.0,STOP,1.5,28.0
1785462720,2026-07-31,1,15.016666666666667,0.361344537815126,3.084944271449242,BUILDING,OVERNIGHT,-32.25,15.016666666666667,30.033333333333335,28480.25,28464.75,-15.5,-32.5,STOP,1.4,19.5
1785463200,2026-07-31,1,15.333333333333334,0.0492505353319057,2.079351999260869,VIOLENT-WHIPSAW,OVERNIGHT,5.75,15.333333333333334,30.666666666666668,28496.25,28480.25,-16.0,-33.5,STOP,1.1,3.5
1785463440,2026-07-31,-1,15.566666666666666,0.1408199643493761,-2.2891003535816177,VIOLENT-WHIPSAW,OVERNIGHT,-19.75,15.566666666666666,31.133333333333333,28446.0,28462.0,-16.0,-33.5,STOP,1.3,45.5
1785465420,2026-07-31,-1,12.316666666666666,0.2903225806451613,-2.0748741852425043,BUILDING,OVERNIGHT,-22.5,12.316666666666666,24.633333333333333,28393.25,28406.0,-12.75,-27.0,STOP,0.2,0.5
1785467760,2026-07-31,1,13.983333333333333,0.1959798994974874,2.759473740920842,NORMAL-CHOP,OVERNIGHT,19.5,13.983333333333333,27.966666666666665,28439.5,28467.47,27.97,54.43,TARGET,4.0,39.25
1785469560,2026-07-31,-1,10.866666666666667,0.4360902255639097,-2.08019031173618,BUILDING,OVERNIGHT,-29.0,10.866666666666667,21.733333333333334,28448.25,28459.5,-11.25,-24.0,STOP,6.9,26.5
1785472380,2026-07-31,1,10.333333333333334,0.6129032258064516,2.1369063114518965,BUILDING,OVERNIGHT,42.75,10.333333333333334,20.666666666666668,28526.25,28546.92,20.67,39.83,TARGET,9.1,30.75
1785473040,2026-07-31,1,8.816666666666666,0.5909090909090909,3.074697524902507,BUILDING,OVERNIGHT,39.0,8.816666666666666,17.633333333333333,28551.0,28541.75,-9.25,-20.0,STOP,5.5,19.0
1785475680,2026-07-31,1,7.2,0.5129533678756477,6.845016716881816,BUILDING,OVERNIGHT,24.75,7.2,14.4,28578.25,28570.75,-7.5,-16.5,STOP,1.8,13.75
1785477180,2026-07-31,1,12.183333333333334,0.3408577878103837,4.576779652525721,BUILDING,OVERNIGHT,37.75,12.183333333333334,24.366666666666667,28586.0,28573.5,-12.5,-26.5,STOP,1.9,26.25
1785477600,2026-07-31,1,11.166666666666666,0.3453453453453453,2.9099566636242917,BUILDING,OVERNIGHT,28.75,11.166666666666666,22.333333333333332,28593.0,28581.5,-11.5,-24.5,STOP,3.2,19.25
1785478140,2026-07-31,1,10.033333333333331,0.1126279863481228,2.515979747991152,DEAD-CHOP,OVERNIGHT,8.25,10.033333333333331,20.066666666666663,28595.5,28585.0,-10.5,-22.5,STOP,14.2,16.75
1785479400,2026-07-31,-1,8.783333333333333,0.5507246376811594,-4.169832353071668,BUILDING,OVERNIGHT,-38.0,8.783333333333333,17.566666666666666,28565.75,28548.18,17.57,33.63,TARGET,2.1,115.5
1785479640,2026-07-31,-1,11.2,0.80440097799511,-2.1906595882940008,BUILDING,OVERNIGHT,-82.25,11.2,22.4,28523.5,28501.1,22.4,43.3,TARGET,0.7,73.25
1785480060,2026-07-31,-1,17.55,0.7259380097879282,-2.057349442762999,CLEAN-TREND,OVERNIGHT,-111.25,17.55,35.1,28477.0,28495.25,-18.25,-38.0,STOP,12.3,26.75
1785484800,2026-07-31,-1,12.85,0.0642673521850899,-2.003817938656153,NORMAL-CHOP,PRE-OPEN,6.25,12.85,25.7,28585.25,28559.55,25.7,49.9,TARGET,0.9,61.5
1785485040,2026-07-31,-1,15.066666666666666,0.0993914807302231,-4.669876127259298,NORMAL-CHOP,PRE-OPEN,-12.25,15.066666666666666,30.133333333333333,28540.75,28556.25,-15.5,-32.5,STOP,2.2,17.0
1785485940,2026-07-31,1,18.183333333333334,0.3413793103448276,2.9608480926575536,BUILDING,PRE-OPEN,49.5,18.183333333333334,36.36666666666667,28593.5,28575.0,-18.5,-38.5,STOP,2.9,17.75
1785488400,2026-07-31,1,12.4,0.472,6.233646974555197,CLEAN-TREND,PRE-OPEN,44.25,12.4,24.8,28616.25,28603.5,-12.75,-27.0,STOP,0.4,25.75
1785490560,2026-07-31,1,10.833333333333334,0.7948717948717948,2.295259882919984,BUILDING,PRE-OPEN,-62.0,10.833333333333334,21.666666666666668,28552.5,28541.25,-11.25,-24.0,STOP,1.5,17.0
1785492000,2026-07-31,-1,11.116666666666667,0.4358974358974359,-2.089919815275572,BUILDING,PRE-OPEN,-38.25,11.116666666666667,22.233333333333334,28523.0,28534.5,-11.5,-24.5,STOP,0.4,3.75
1785493200,2026-07-31,1,10.383333333333333,0.5736677115987461,2.1494353188525537,BUILDING,PRE-OPEN,45.75,10.383333333333333,20.766666666666666,28572.0,28561.25,-10.75,-23.0,STOP,3.6,20.0
1785494940,2026-07-31,-1,9.95,0.208955223880597,-2.3150693126997086,BUILDING,PRE-OPEN,-14.0,9.95,19.9,28553.75,28564.0,-10.25,-22.0,STOP,0.8,-0.25
1785495780,2026-07-31,1,14.55,0.3892473118279569,2.1929961862696907,BUILDING,PRE-OPEN,45.25,14.55,29.1,28613.5,28598.5,-15.0,-31.5,STOP,7.1,12.5
1785496560,2026-07-31,-1,13.916666666666666,0.3421750663129973,-2.8118673738153976,BUILDING,PRE-OPEN,-32.25,13.916666666666666,27.833333333333332,28566.5,28580.75,-14.25,-30.0,STOP,11.0,44.25
1785497340,2026-07-31,-1,14.7,0.4221105527638191,-3.6767670475218326,CLEAN-TREND,PRE-OPEN,-42.0,14.7,29.4,28554.5,28525.1,29.4,57.3,TARGET,3.7,32.25
1785497700,2026-07-31,1,15.416666666666666,0.0,3.499743460849023,VIOLENT-WHIPSAW,PRE-OPEN,0.0,15.416666666666666,30.833333333333332,28560.0,28544.25,-15.75,-33.0,STOP,0.9,1.5
1785499380,2026-07-31,-1,11.083333333333334,0.4556962025316455,-3.2793477251340053,BUILDING,PRE-OPEN,-36.0,11.083333333333334,22.166666666666668,28510.5,28488.33,22.17,42.83,TARGET,6.4,62.75
1785500340,2026-07-31,-1,13.6,0.6766467065868264,-2.2946288437563758,CLEAN-TREND,PRE-OPEN,-56.5,13.6,27.2,28456.0,28470.0,-14.0,-29.5,STOP,1.0,24.0
1785500460,2026-07-31,1,14.15,0.3225806451612903,2.079648640569579,BUILDING,PRE-OPEN,-30.0,14.15,28.3,28481.5,28467.0,-14.5,-30.5,STOP,1.0,26.0
1785500640,2026-07-31,1,15.533333333333331,0.1447963800904977,2.2158696042526795,VIOLENT-WHIPSAW,PRE-OPEN,-16.0,15.533333333333331,31.066666666666663,28484.75,28468.5,-16.25,-34.0,STOP,5.0,22.75
1785501540,2026-07-31,-1,18.78333333333333,0.28,-3.4126644396152908,BUILDING,PRE-OPEN,-31.5,18.78333333333333,37.56666666666666,28452.25,28471.5,-19.25,-40.0,STOP,11.8,20.25
1785502920,2026-07-31,1,14.016666666666667,0.3411764705882353,2.301181716833816,BUILDING,PRE-OPEN,36.25,14.016666666666667,28.033333333333335,28486.5,28514.53,28.03,54.57,TARGET,7.2,180.75
1785504300,2026-07-31,1,11.633333333333333,0.4612794612794613,3.451653312721099,BUILDING,PRE-OPEN,34.25,11.633333333333333,23.266666666666666,28561.25,28549.25,-12.0,-25.5,STOP,1.7,164.5
1785504480,2026-07-31,1,13.516666666666667,0.5855855855855856,3.3897374319997144,CLEAN-TREND,PRE-OPEN,48.75,13.516666666666667,27.033333333333335,28568.75,28554.75,-14.0,-29.5,STOP,1.0,157.0
1785504660,2026-07-31,1,21.33333333333333,0.7063829787234043,2.9356572912897847,CLEAN-TREND,US,83.0,21.33333333333333,42.66666666666666,28627.0,28669.67,42.67,83.83,TARGET,1.1,98.75
1785504840,2026-07-31,1,26.35,0.8554913294797688,4.661007897376174,CLEAN-TREND,US,148.0,26.35,52.7,28683.25,28656.5,-26.75,-55.0,STOP,2.5,42.5
1785505260,2026-07-31,1,46.0,0.0867924528301886,5.2328861708485,VIOLENT-WHIPSAW,US,-28.75,46.0,92.0,28527.25,28481.0,-46.25,-94.0,STOP,0.7,16.0
1785505500,2026-07-31,1,54.46666666666667,0.406913280776228,2.593730837824212,CLEAN-TREND,US,-167.75,54.46666666666667,108.93333333333334,28428.5,28373.75,-54.75,-111.0,STOP,1.8,5.5
1785505680,2026-07-31,-1,57.06666666666667,0.8195033313143549,-3.558846243699097,CLEAN-TREND,US,-338.25,57.06666666666667,114.13333333333334,28350.0,28407.5,-57.5,-116.5,STOP,3.1,270.25
1785506040,2026-07-31,1,59.583333333333336,0.5858138062064597,3.8531221818564334,CLEAN-TREND,US,-231.25,59.583333333333336,119.16666666666667,28331.5,28271.5,-60.0,-121.5,STOP,8.5,84.5
1785506640,2026-07-31,-1,54.21666666666667,0.3065976714100905,-3.779151118283109,BUILDING,US,-118.5,54.21666666666667,108.43333333333334,28243.0,28134.57,108.43,215.37,TARGET,3.6,163.25
1785507060,2026-07-31,1,55.53333333333333,0.624484181568088,2.455721200511147,CLEAN-TREND,US,-227.0,55.53333333333333,111.06666666666666,28167.75,28111.75,-56.0,-113.5,STOP,1.3,128.0
1785507360,2026-07-31,-1,54.43333333333333,0.6230366492146597,-4.058430708341247,CLEAN-TREND,US,-208.25,54.43333333333333,108.86666666666666,28113.25,28168.0,-54.75,-111.0,STOP,1.4,1.75
1785507840,2026-07-31,-1,55.75,0.1130434782608695,-3.8576510353539257,VIOLENT-WHIPSAW,US,42.25,55.75,111.5,28194.75,28250.75,-56.0,-113.5,STOP,3.9,34.75
1785508620,2026-07-31,1,42.21666666666667,0.2121951219512195,2.0157954432067537,BUILDING,US,43.5,42.21666666666667,84.43333333333334,28277.25,28234.75,-42.5,-86.5,STOP,4.0,70.0
1785509100,2026-07-31,-1,35.833333333333336,0.0182207931404072,-2.4603269186490517,VIOLENT-WHIPSAW,US,-4.25,35.833333333333336,71.66666666666667,28249.0,28285.25,-36.25,-74.0,STOP,0.7,34.25
1785510900,2026-07-31,1,38.61666666666667,0.0909090909090909,5.452263079088523,VIOLENT-WHIPSAW,US,22.75,38.61666666666667,77.23333333333333,28307.0,28267.75,-39.25,-80.0,STOP,0.5,3.25
1785517260,2026-07-31,1,19.5,0.4496402877697841,2.107072931284048,CLEAN-TREND,US,62.5,19.5,39.0,28405.25,28385.5,-19.75,-41.0,STOP,4.8,72.5
1785519480,2026-07-31,1,16.333333333333332,0.4285714285714285,2.341444160294758,CLEAN-TREND,US,51.75,16.333333333333332,32.666666666666664,28478.75,28462.0,-16.75,-35.0,STOP,0.8,0.25
1785525780,2026-07-31,-1,14.683333333333334,0.4862385321100917,-2.380100489138539,CLEAN-TREND,US,53.0,14.683333333333334,29.366666666666667,28479.5,28450.13,29.37,57.23,TARGET,6.4,45.25
1785526560,2026-07-31,-1,14.533333333333331,0.1810089020771513,-2.849121644453482,NORMAL-CHOP,US,-15.25,14.533333333333331,29.066666666666663,28470.0,28440.93,29.07,56.63,TARGET,4.2,129.5
1785527040,2026-07-31,1,16.75,0.0199203187250996,2.2265859328120667,VIOLENT-WHIPSAW,US,2.5,16.75,33.5,28477.5,28511.0,33.5,65.5,TARGET,5.0,47.0
1785527640,2026-07-31,-1,20.883333333333333,0.2539267015706806,-2.243107575481879,BUILDING,US,48.5,20.883333333333333,41.766666666666666,28507.0,28465.23,41.77,82.03,TARGET,0.0,166.5
1785527940,2026-07-31,-1,27.33333333333333,0.3083743842364532,-6.919239298179798,BUILDING,US,-78.25,27.33333333333333,54.66666666666666,28402.25,28430.25,-28.0,-57.5,STOP,0.2,61.75
1785531180,2026-07-31,-1,10.383333333333333,0.7880794701986755,-2.424595689240688,BUILDING,OVERNIGHT,-59.5,10.383333333333333,20.766666666666666,28336.75,28347.5,-10.75,-23.0,STOP,0.0,70.75
1785719100,2026-08-03,1,15.233333333333333,0.0865384615384615,2.3999930169230552,NORMAL-CHOP,OVERNIGHT,9.0,15.233333333333333,30.466666666666665,28628.0,28612.5,-15.5,-32.5,STOP,1.8,3.5
1785719580,2026-08-03,-1,15.166666666666666,0.2850241545893719,-3.3339961700926035,BUILDING,OVERNIGHT,-29.5,15.166666666666666,30.333333333333332,28585.75,28601.25,-15.5,-32.5,STOP,11.8,21.75
1785722280,2026-08-03,1,10.55,0.335423197492163,5.0912129836728495,BUILDING,OVERNIGHT,26.75,10.55,21.1,28647.25,28636.25,-11.0,-23.5,STOP,1.6,33.5
1785723780,2026-08-03,-1,10.566666666666666,0.1978319783197832,-2.19703013598134,NORMAL-CHOP,OVERNIGHT,18.25,10.566666666666666,21.133333333333333,28665.5,28644.37,21.13,40.77,TARGET,4.5,31.0
1785729000,2026-08-03,1,7.9,0.6814159292035398,8.522105087630996,BUILDING,OVERNIGHT,38.5,7.9,15.8,28693.25,28685.0,-8.25,-18.0,STOP,0.3,5.0
1785732480,2026-08-03,1,6.05,0.0635838150289017,2.3296621651874423,DEAD-CHOP,OVERNIGHT,2.75,6.05,12.1,28684.75,28678.25,-6.5,-14.5,STOP,1.7,4.75
1785732900,2026-08-03,-1,7.45,0.3063063063063063,-2.8179569942708893,BUILDING,OVERNIGHT,-17.0,7.45,14.9,28653.5,28662.0,-8.5,-18.5,STOP,4.7,31.0
1785733500,2026-08-03,-1,8.983333333333333,0.4983498349834983,-2.90366447030504,BUILDING,OVERNIGHT,-37.75,8.983333333333333,17.966666666666665,28638.0,28647.25,-9.25,-20.0,STOP,5.5,15.5
1785734760,2026-08-03,-1,8.233333333333333,0.1948051948051948,-2.036931098987338,DEAD-CHOP,OVERNIGHT,-11.25,8.233333333333333,16.466666666666665,28645.0,28628.53,16.47,31.43,TARGET,8.2,27.5
1785736800,2026-08-03,1,8.183333333333334,0.1948051948051948,2.4126333863227454,DEAD-CHOP,OVERNIGHT,11.25,8.183333333333334,16.366666666666667,28646.0,28637.25,-8.75,-19.0,STOP,0.4,15.25
1785737160,2026-08-03,-1,9.733333333333333,0.111913357400722,-2.3702463164785126,DEAD-CHOP,OVERNIGHT,7.75,9.733333333333333,19.466666666666665,28640.5,28650.5,-10.0,-21.5,STOP,3.6,22.75
1785738300,2026-08-03,-1,8.9,0.6612021857923497,-3.204796977977978,BUILDING,OVERNIGHT,-30.25,8.9,17.8,28625.75,28635.0,-9.25,-20.0,STOP,5.1,43.75
1785739140,2026-08-03,-1,8.866666666666667,0.1622641509433962,-5.209377865050756,DEAD-CHOP,OVERNIGHT,-10.75,8.866666666666667,17.733333333333334,28621.0,28603.27,17.73,33.97,TARGET,8.4,58.25
1785741420,2026-08-03,-1,16.266666666666666,0.0526315789473684,-3.4359501669796804,VIOLENT-WHIPSAW,PRE-OPEN,-7.25,16.266666666666666,32.53333333333333,28572.5,28589.25,-16.75,-35.0,STOP,0.9,12.5
1785743460,2026-08-03,-1,10.366666666666667,0.2519685039370078,-2.170374885428467,BUILDING,PRE-OPEN,-16.0,10.366666666666667,20.733333333333334,28571.75,28582.75,-11.0,-23.5,STOP,5.6,70.75
1785744180,2026-08-03,-1,12.4,0.3854748603351955,-3.549360784445037,BUILDING,PRE-OPEN,-34.5,12.4,24.8,28539.25,28552.0,-12.75,-27.0,STOP,6.4,67.25
1785749760,2026-08-03,1,11.333333333333334,0.0786516853932584,2.1216844267661337,NORMAL-CHOP,PRE-OPEN,-7.0,11.333333333333334,22.666666666666668,28562.0,28550.25,-11.75,-25.0,STOP,0.8,5.0
1785750540,2026-08-03,1,12.316666666666666,0.1351351351351351,2.5644525256154083,NORMAL-CHOP,PRE-OPEN,-11.25,12.316666666666666,24.633333333333333,28544.5,28531.75,-12.75,-27.0,STOP,1.5,21.5
1785752400,2026-08-03,1,12.8,0.3802083333333333,2.0698423909234718,BUILDING,PRE-OPEN,-36.5,12.8,25.6,28509.25,28496.0,-13.25,-28.0,STOP,3.5,28.0
1785754320,2026-08-03,1,10.833333333333334,0.0177514792899408,2.306678786542602,NORMAL-CHOP,PRE-OPEN,0.75,10.833333333333334,21.666666666666668,28526.25,28515.0,-11.25,-24.0,STOP,7.3,21.5
1785754920,2026-08-03,-1,13.033333333333331,0.3550135501355013,-2.624857444327529,BUILDING,PRE-OPEN,-32.75,13.033333333333331,26.066666666666663,28494.0,28467.93,26.07,50.63,TARGET,3.8,27.5
1785755220,2026-08-03,-1,15.983333333333333,0.3762183235867446,-2.0571018512874137,BUILDING,PRE-OPEN,-48.25,15.983333333333333,31.966666666666665,28477.25,28493.5,-16.25,-34.0,STOP,8.2,10.5
1785756600,2026-08-03,-1,17.483333333333334,0.0830670926517571,-2.0716693459970275,VIOLENT-WHIPSAW,PRE-OPEN,13.0,17.483333333333334,34.96666666666667,28501.5,28466.53,34.97,68.43,TARGET,7.9,100.5
1785757680,2026-08-03,-1,13.583333333333334,0.4977578475336323,-2.7562193471966068,CLEAN-TREND,PRE-OPEN,-55.5,13.583333333333334,27.166666666666668,28445.5,28459.5,-14.0,-29.5,STOP,0.5,62.75
1785757800,2026-08-03,1,14.983333333333333,0.4887218045112781,2.7325032910979288,CLEAN-TREND,PRE-OPEN,-65.0,14.983333333333333,29.966666666666665,28436.5,28421.25,-15.25,-32.0,STOP,1.8,11.25
1785758580,2026-08-03,1,14.033333333333331,0.5036144578313253,2.1841450956990056,CLEAN-TREND,PRE-OPEN,-52.25,14.033333333333331,28.066666666666663,28393.5,28421.57,28.07,54.63,TARGET,9.3,69.75
1785759660,2026-08-03,1,13.683333333333334,0.5853131749460043,3.2770817182171856,CLEAN-TREND,PRE-OPEN,67.75,13.683333333333334,27.366666666666667,28453.75,28439.75,-14.0,-29.5,STOP,1.6,37.75
1785760020,2026-08-03,-1,14.266666666666667,0.2805429864253393,-2.393785747469928,BUILDING,PRE-OPEN,31.0,14.266666666666667,28.533333333333335,28449.5,28464.25,-14.75,-31.0,STOP,13.7,12.25
1785761580,2026-08-03,-1,14.066666666666666,0.1822660098522167,-2.1821070944543752,NORMAL-CHOP,PRE-OPEN,18.5,14.066666666666666,28.133333333333333,28465.0,28479.5,-14.5,-30.5,STOP,2.5,26.0
1785763080,2026-08-03,1,14.916666666666666,0.328735632183908,2.3190607402289447,BUILDING,PRE-OPEN,35.75,14.916666666666666,29.833333333333332,28489.25,28473.75,-15.5,-32.5,STOP,2.0,51.0
1785763620,2026-08-03,-1,17.766666666666666,0.2840722495894909,-4.575162196517118,BUILDING,PRE-OPEN,-43.25,17.766666666666666,35.53333333333333,28412.25,28430.75,-18.5,-38.5,STOP,2.0,99.25
1785763860,2026-08-03,-1,25.933333333333334,0.592814371257485,-6.290221935521773,CLEAN-TREND,US,-123.75,25.933333333333334,51.86666666666667,28349.75,28376.0,-26.25,-54.0,STOP,2.0,36.75
1785764100,2026-08-03,1,37.0,0.106115107913669,11.779514299105175,VIOLENT-WHIPSAW,US,-29.5,37.0,74.0,28449.5,28523.5,74.0,146.5,TARGET,1.1,180.5
1785764400,2026-08-03,-1,49.45,0.1105919003115264,-2.206025568877502,VIOLENT-WHIPSAW,US,35.5,49.45,98.9,28471.25,28521.0,-49.75,-101.0,STOP,4.1,55.25
1785764760,2026-08-03,-1,54.3,0.2733612273361227,-2.0439114209042946,BUILDING,US,98.0,54.3,108.6,28449.25,28504.0,-54.75,-111.0,STOP,1.0,2.0
1785765600,2026-08-03,-1,41.56666666666667,0.3085182534001431,-2.127456185061339,BUILDING,US,107.75,41.56666666666667,83.13333333333334,28605.0,28647.0,-42.0,-85.5,STOP,20.8,80.0
1785767940,2026-08-03,1,20.45,0.5328467153284672,2.2761988166052163,CLEAN-TREND,US,54.75,20.45,40.9,28717.0,28757.9,40.9,80.3,TARGET,11.3,88.0
1785772380,2026-08-03,1,14.066666666666666,0.6826568265682657,5.062294863661012,CLEAN-TREND,US,46.25,14.066666666666666,28.133333333333333,28807.25,28792.75,-14.5,-30.5,STOP,2.6,40.25
1785777000,2026-08-03,1,10.45,0.392156862745098,3.756857441100879,BUILDING,US,30.0,10.45,20.9,28852.75,28873.65,20.9,40.3,TARGET,11.5,42.25
1785779700,2026-08-03,1,7.2,0.7055214723926381,2.222183447874187,BUILDING,US,28.75,7.2,14.4,28910.0,28924.4,14.4,27.3,TARGET,4.1,55.0
1785780240,2026-08-03,1,8.183333333333334,0.9728506787330315,2.4606211500965927,BUILDING,US,53.75,8.183333333333334,16.366666666666667,28946.0,28962.37,16.37,31.23,TARGET,5.7,19.0
1785780900,2026-08-03,1,11.466666666666669,0.3191489361702128,2.766453563542405,BUILDING,US,26.25,11.466666666666669,22.933333333333337,28950.5,28938.75,-11.75,-25.0,STOP,2.4,9.0
1785781260,2026-08-03,1,12.183333333333334,0.3313432835820895,2.10977342340043,BUILDING,US,-27.75,12.183333333333334,24.366666666666667,28926.75,28914.25,-12.5,-26.5,STOP,3.6,8.0
1785781860,2026-08-03,-1,12.3,0.7151702786377709,-2.027525845309809,BUILDING,US,-57.75,12.3,24.6,28897.25,28910.0,-12.75,-27.0,STOP,12.0,15.0
1785784080,2026-08-03,-1,13.416666666666666,0.0591549295774647,-3.037581359364792,NORMAL-CHOP,US,-5.25,13.416666666666666,26.833333333333332,28915.25,28907.75,7.5,13.5,TIME,30.0,21.0
1785786600,2026-08-03,1,11.483333333333333,0.0666666666666666,6.641921811185983,NORMAL-CHOP,US,4.5,11.483333333333333,22.966666666666665,28921.75,28909.75,-12.0,-25.5,STOP,2.8,14.0
1785787500,2026-08-03,1,17.8,0.1307550644567219,2.8473630579648748,VIOLENT-WHIPSAW,OVERNIGHT,-17.75,17.8,35.6,28901.75,28937.35,35.6,69.7,TARGET,15.4,40.75
1785796440,2026-08-03,-1,6.616666666666666,0.1812865497076023,-4.541245517616135,DEAD-CHOP,OVERNIGHT,7.75,6.616666666666666,13.233333333333333,28950.75,28937.52,13.23,24.97,TARGET,0.7,15.0
1785796800,2026-08-03,1,8.066666666666666,0.316017316017316,2.3042845651835964,BUILDING,OVERNIGHT,18.25,8.066666666666666,16.133333333333333,28961.25,28952.75,-8.5,-18.5,STOP,4.2,0.75
1785798360,2026-08-03,-1,6.65,0.2356020942408377,-2.788076902877848,BUILDING,OVERNIGHT,-11.25,6.65,13.3,28932.0,28939.0,-7.0,-15.5,STOP,3.3,1.5
1785799380,2026-08-03,-1,6.116666666666666,0.5074626865671642,-2.399711870808988,BUILDING,OVERNIGHT,17.0,6.116666666666666,12.233333333333333,28951.5,28958.0,-6.5,-14.5,STOP,10.4,19.5
1785800820,2026-08-03,1,7.783333333333333,0.0875912408759124,4.84367414630177,DEAD-CHOP,OVERNIGHT,6.0,7.783333333333333,15.566666666666666,28959.5,28951.25,-8.25,-18.0,STOP,3.7,19.5
1785801540,2026-08-03,1,8.616666666666667,0.5803571428571429,3.87131237306395,BUILDING,OVERNIGHT,32.5,8.616666666666667,17.233333333333334,28971.25,28962.25,-9.0,-19.5,STOP,0.1,7.75
1785801660,2026-08-04,1,10.45,0.1159420289855072,2.088961323239184,NORMAL-CHOP,OVERNIGHT,8.0,10.45,20.9,28965.5,28954.75,-10.75,-23.0,STOP,5.2,13.5
1785802320,2026-08-04,-1,15.166666666666666,0.2535885167464115,-6.825135935116659,BUILDING,OVERNIGHT,-26.5,15.166666666666666,30.333333333333332,28931.5,28901.17,30.33,59.17,TARGET,10.5,67.5
1785804840,2026-08-04,-1,14.883333333333333,0.1020408163265306,-2.2646554407969965,NORMAL-CHOP,OVERNIGHT,11.25,14.883333333333333,29.766666666666666,28893.25,28863.48,29.77,58.03,TARGET,5.3,61.75
1785806400,2026-08-04,1,14.85,0.2391304347826087,2.134861233949013,BUILDING,OVERNIGHT,27.5,14.85,29.7,28888.25,28873.0,-15.25,-32.0,STOP,5.2,85.25
1785808260,2026-08-04,1,13.65,0.7303822937625755,6.242982737251691,CLEAN-TREND,OVERNIGHT,90.75,13.65,27.3,29011.75,29039.05,27.3,53.1,TARGET,2.5,37.5
1785810060,2026-08-04,-1,14.766666666666667,0.4716981132075472,-2.2818119576801785,CLEAN-TREND,OVERNIGHT,-50.0,14.766666666666667,29.533333333333335,28947.75,28963.0,-15.25,-32.0,STOP,1.6,4.25
1785815880,2026-08-04,1,9.766666666666667,0.6014234875444839,3.969280544736385,BUILDING,OVERNIGHT,42.25,9.766666666666667,19.533333333333335,29004.5,28994.0,-10.5,-22.5,STOP,0.4,12.25
1785816240,2026-08-04,-1,8.933333333333334,0.0187265917602996,-2.149738229909482,DEAD-CHOP,OVERNIGHT,1.25,8.933333333333334,17.866666666666667,28984.25,28993.5,-9.25,-20.0,STOP,2.7,15.75
1785818160,2026-08-04,-1,6.033333333333333,0.0833333333333333,-2.7744613702802843,DEAD-CHOP,OVERNIGHT,-3.5,6.033333333333333,12.066666666666666,28997.5,29004.0,-6.5,-14.5,STOP,2.5,4.5
1785820500,2026-08-04,1,10.666666666666666,0.0986842105263157,2.2589646642318764,NORMAL-CHOP,OVERNIGHT,-7.5,10.666666666666666,21.333333333333332,28997.5,28986.5,-11.0,-23.5,STOP,1.6,77.25
1785821340,2026-08-04,1,10.033333333333331,0.5523465703971119,4.599920587300738,BUILDING,OVERNIGHT,38.25,10.033333333333331,20.066666666666663,29026.25,29046.32,20.07,38.63,TARGET,5.2,48.5
1785830880,2026-08-04,-1,11.533333333333331,0.3836477987421384,-2.256864566912708,BUILDING,PRE-OPEN,30.5,11.533333333333331,23.066666666666663,29117.0,29129.0,-12.0,-25.5,STOP,11.3,57.0
1785832140,2026-08-04,1,10.033333333333331,0.0421686746987951,2.238549088805835,DEAD-CHOP,PRE-OPEN,3.5,10.033333333333331,20.066666666666663,29111.75,29101.25,-10.5,-22.5,STOP,0.2,-0.75
1785833100,2026-08-04,-1,11.383333333333333,0.5411764705882353,-4.0408106371325845,BUILDING,PRE-OPEN,-46.0,11.383333333333333,22.766666666666666,29054.75,29066.5,-11.75,-25.0,STOP,2.9,42.75
1785834360,2026-08-04,-1,10.116666666666667,0.3422818791946309,-3.101094444854415,BUILDING,PRE-OPEN,-25.5,10.116666666666667,20.233333333333334,29035.5,29015.27,20.23,38.97,TARGET,6.6,28.0
1785835140,2026-08-04,1,11.85,0.3109756097560975,3.0125984800389336,BUILDING,PRE-OPEN,-25.5,11.85,23.7,29023.0,29046.7,23.7,45.9,TARGET,10.0,63.0
1785836700,2026-08-04,-1,8.6,0.6306306306306306,-5.585105618720665,BUILDING,PRE-OPEN,35.0,8.6,17.2,29082.5,29065.3,17.2,32.9,TARGET,0.8,24.5
1785838080,2026-08-04,1,8.55,0.5904761904761905,2.2083519499252664,BUILDING,PRE-OPEN,31.0,8.55,17.1,29092.75,29109.85,17.1,32.7,TARGET,3.2,23.0
1785838560,2026-08-04,-1,8.583333333333334,0.3179723502304147,-2.475864839783774,BUILDING,PRE-OPEN,17.25,8.583333333333334,17.166666666666668,29096.25,29105.25,-9.0,-19.5,STOP,4.6,22.75
1785839760,2026-08-04,-1,9.483333333333333,0.395017793594306,-6.120737568457025,BUILDING,PRE-OPEN,-27.75,9.483333333333333,18.966666666666665,29080.0,29089.75,-9.75,-21.0,STOP,0.6,6.5
1785840240,2026-08-04,1,13.633333333333333,0.2179487179487179,8.864979306726724,BUILDING,PRE-OPEN,25.5,13.633333333333333,27.266666666666666,29121.75,29107.75,-14.0,-29.5,STOP,12.2,27.75
1785843780,2026-08-04,1,11.883333333333333,0.2623376623376623,10.7960184960225,BUILDING,PRE-OPEN,25.25,11.883333333333333,23.766666666666666,29194.75,29182.5,-12.25,-26.0,STOP,0.1,51.25
1785848220,2026-08-04,1,9.166666666666666,0.1176470588235294,2.2380577520698326,DEAD-CHOP,PRE-OPEN,-7.0,9.166666666666666,18.333333333333332,29207.25,29197.75,-9.5,-20.5,STOP,2.4,76.75
1785848520,2026-08-04,1,11.683333333333334,0.2597864768683274,3.49429423323744,BUILDING,PRE-OPEN,18.25,11.683333333333334,23.366666666666667,29220.5,29243.87,23.37,45.23,TARGET,17.7,118.75
1785850020,2026-08-04,-1,16.816666666666666,0.0170212765957446,-2.2808697310960997,VIOLENT-WHIPSAW,PRE-OPEN,2.0,16.816666666666666,33.63333333333333,29236.5,29253.75,-17.25,-36.0,STOP,2.4,28.5
1785850560,2026-08-04,-1,28.466666666666665,0.5386199794026777,-2.438557229703471,CLEAN-TREND,US,130.75,28.466666666666665,56.93333333333333,29386.25,29415.0,-28.75,-59.0,STOP,3.0,33.75
1785851040,2026-08-04,-1,38.65,0.52906548933039,-2.269165570789876,CLEAN-TREND,US,179.75,38.65,77.3,29411.25,29450.25,-39.0,-79.5,STOP,0.2,1.0
1785851280,2026-08-04,1,34.68333333333333,0.2808783165599268,2.806879192582497,BUILDING,US,76.75,34.68333333333333,69.36666666666666,29446.25,29515.62,69.37,137.23,TARGET,16.3,100.0
1785853500,2026-08-04,1,23.53333333333333,0.0890756302521008,2.408988004703435,VIOLENT-WHIPSAW,US,13.25,23.53333333333333,47.06666666666666,29535.0,29531.75,-3.25,-8.0,TIME,30.0,44.25
1785855720,2026-08-04,1,16.933333333333334,0.2180094786729857,2.189292985537942,BUILDING,US,23.0,16.933333333333334,33.86666666666667,29578.25,29612.12,33.87,66.23,TARGET,9.8,86.25
1785857880,2026-08-04,1,13.733333333333333,0.1471321695760598,5.9472438781736825,NORMAL-CHOP,US,14.75,13.733333333333333,27.466666666666665,29672.5,29658.5,-14.0,-29.5,STOP,3.1,27.0
1785862800,2026-08-04,1,9.4,0.4307116104868914,2.7492480958973324,BUILDING,US,28.75,9.4,18.8,29761.5,29780.3,18.8,36.1,TARGET,3.5,64.5
1785864360,2026-08-04,1,11.8,0.2923076923076923,2.86976626109459,BUILDING,US,23.75,11.8,23.6,29817.5,29805.25,-12.25,-26.0,STOP,3.5,80.75
1785866400,2026-08-04,-1,17.033333333333335,0.4684512428298279,-4.495849561544723,CLEAN-TREND,US,-61.25,17.033333333333335,34.06666666666667,29819.25,29836.75,-17.5,-36.5,STOP,0.6,9.25
1785866520,2026-08-04,1,18.3,0.2610837438423645,2.466868413334729,BUILDING,US,-39.75,18.3,36.6,29846.25,29827.5,-18.75,-39.0,STOP,1.5,46.75
1785867660,2026-08-04,-1,14.033333333333331,0.4260869565217391,-2.178391694713823,CLEAN-TREND,US,36.75,14.033333333333331,28.066666666666663,29863.0,29877.5,-14.5,-30.5,STOP,0.7,23.0
1785868620,2026-08-04,-1,11.433333333333334,0.125,-2.2734224536438203,NORMAL-CHOP,US,-11.5,11.433333333333334,22.866666666666667,29859.25,29871.0,-11.75,-25.0,STOP,4.9,19.25
1785870000,2026-08-04,1,11.35,0.403076923076923,2.528805153696215,BUILDING,US,32.75,11.35,22.7,29902.25,29924.95,22.7,43.9,TARGET,2.3,43.5
1785871680,2026-08-04,-1,11.85,0.445859872611465,-2.4386814043156533,BUILDING,US,-35.0,11.85,23.7,29893.25,29905.5,-12.25,-26.0,STOP,2.6,42.0
1785873240,2026-08-04,-1,15.983333333333333,0.447191011235955,-3.538560647437425,CLEAN-TREND,US,-49.75,15.983333333333333,31.966666666666665,29871.5,29887.75,-16.25,-34.0,STOP,4.1,113.75
1785874500,2026-08-04,-1,27.466666666666665,0.152963671128107,-2.43330237748376,VIOLENT-WHIPSAW,OVERNIGHT,-40.0,27.466666666666665,54.93333333333333,29821.25,29766.32,54.93,108.37,TARGET,0.6,63.5
1785883380,2026-08-04,-1,9.15,0.528957528957529,-4.11860859492878,BUILDING,OVERNIGHT,-34.25,9.15,18.3,29796.25,29805.75,-9.5,-20.5,STOP,1.8,3.25
1785884580,2026-08-04,1,8.683333333333334,0.3828125,2.547604264575897,BUILDING,OVERNIGHT,24.5,8.683333333333334,17.366666666666667,29828.25,29845.62,17.37,33.23,TARGET,1.0,21.0
1785885840,2026-08-04,-1,6.166666666666667,0.2923076923076923,-2.53614763513589,BUILDING,OVERNIGHT,-9.5,6.166666666666667,12.333333333333334,29828.75,29816.42,12.33,23.17,TARGET,1.4,26.0
1785886380,2026-08-04,-1,8.433333333333334,0.4509803921568627,-2.1924012675293123,BUILDING,OVERNIGHT,-28.75,8.433333333333334,16.866666666666667,29816.5,29825.25,-8.75,-19.0,STOP,6.8,13.75
1785887280,2026-08-04,-1,12.4,0.1473684210526315,-2.5637489400896527,NORMAL-CHOP,OVERNIGHT,14.0,12.4,24.8,29828.75,29841.75,-13.0,-27.5,STOP,1.4,10.0
1785887940,2026-08-04,-1,13.166666666666666,0.0623655913978494,-2.2091737777467384,NORMAL-CHOP,OVERNIGHT,-7.25,13.166666666666666,26.333333333333332,29833.75,29847.25,-13.5,-28.5,STOP,1.8,15.0
1785888360,2026-08-05,1,17.033333333333335,0.1132075471698113,3.954566675035714,VIOLENT-WHIPSAW,OVERNIGHT,15.0,17.033333333333335,34.06666666666667,29861.0,29843.5,-17.5,-36.5,STOP,1.6,16.5
1785890340,2026-08-05,-1,9.816666666666666,0.0188679245283018,-4.818476335083178,DEAD-CHOP,OVERNIGHT,1.0,9.816666666666666,19.633333333333333,29851.75,29832.12,19.63,37.77,TARGET,5.0,39.25
1785890880,2026-08-05,-1,11.383333333333333,0.6796875,-4.588915875193351,BUILDING,OVERNIGHT,-43.5,11.383333333333333,22.766666666666666,29824.25,29836.0,-11.75,-25.0,STOP,2.6,19.5
1785891120,2026-08-05,1,13.366666666666667,0.2750809061488673,3.985022996529995,BUILDING,OVERNIGHT,-21.25,13.366666666666667,26.733333333333334,29845.75,29832.0,-13.75,-29.0,STOP,0.5,15.25
1785892620,2026-08-05,-1,12.216666666666669,0.1266149870801033,-3.34158398489276,NORMAL-CHOP,OVERNIGHT,-12.25,12.216666666666669,24.433333333333337,29816.0,29828.5,-12.5,-26.5,STOP,0.8,19.25
1785893160,2026-08-05,-1,12.783333333333331,0.5238095238095238,-3.2391627979823583,CLEAN-TREND,OVERNIGHT,-52.25,12.783333333333331,25.566666666666663,29806.5,29819.75,-13.25,-28.0,STOP,2.5,6.5
1785895020,2026-08-05,1,9.9,0.4710144927536231,3.206064371852213,BUILDING,OVERNIGHT,32.5,9.9,19.8,29875.5,29865.25,-10.25,-22.0,STOP,0.8,13.5
1785895200,2026-08-05,1,9.466666666666669,0.4262948207171315,2.956129357074212,BUILDING,OVERNIGHT,26.75,9.466666666666669,18.933333333333337,29881.0,29871.25,-9.75,-21.0,STOP,3.9,8.0
1785896760,2026-08-05,-1,6.7,0.5947712418300654,-2.9468820780020124,BUILDING,OVERNIGHT,-22.75,6.7,13.4,29853.5,29860.5,-7.0,-15.5,STOP,7.9,11.25
1785903120,2026-08-05,-1,5.383333333333334,0.1811023622047244,-4.538771964996252,DEAD-CHOP,OVERNIGHT,5.75,5.383333333333334,10.766666666666667,29892.75,29881.98,10.77,20.03,TARGET,2.3,33.5
1785904800,2026-08-05,1,6.383333333333334,0.6380090497737556,5.028582995316759,BUILDING,OVERNIGHT,35.25,6.383333333333334,12.766666666666667,29905.25,29898.5,-6.75,-15.0,STOP,9.1,31.25
1785906360,2026-08-05,1,8.683333333333334,0.5753424657534246,3.4451216484383624,BUILDING,OVERNIGHT,42.0,8.683333333333334,17.366666666666667,29931.75,29922.75,-9.0,-19.5,STOP,23.2,17.25
1785908460,2026-08-05,1,8.833333333333334,0.1026615969581749,2.3402714821452077,DEAD-CHOP,OVERNIGHT,-6.75,8.833333333333334,17.666666666666668,29940.75,29958.42,17.67,33.83,TARGET,9.1,48.5
1785909660,2026-08-05,-1,7.633333333333334,0.4976303317535545,-3.693008539974088,BUILDING,OVERNIGHT,26.25,7.633333333333334,15.266666666666667,29969.25,29977.25,-8.0,-17.5,STOP,5.2,44.0
1785914640,2026-08-05,-1,9.966666666666669,0.4564459930313589,-3.4757381782935304,BUILDING,PRE-OPEN,-32.75,9.966666666666669,19.933333333333337,29929.5,29909.57,19.93,38.37,TARGET,3.3,45.5
1785917400,2026-08-05,-1,11.983333333333333,0.1625,-4.6383165308359855,NORMAL-CHOP,PRE-OPEN,-13.0,11.983333333333333,23.966666666666665,29881.75,29857.78,23.97,46.43,TARGET,3.5,80.25
1785918900,2026-08-05,-1,15.216666666666669,0.1207920792079207,-2.044360785103976,NORMAL-CHOP,PRE-OPEN,-15.25,15.216666666666669,30.433333333333337,29839.75,29809.32,30.43,59.37,TARGET,2.9,43.0
1785919260,2026-08-05,-1,15.583333333333334,0.1146245059288537,-3.1507880941058573,VIOLENT-WHIPSAW,PRE-OPEN,-14.5,15.583333333333334,31.166666666666668,29814.25,29830.25,-16.0,-33.5,STOP,5.8,17.5
1785924480,2026-08-05,1,9.05,0.0610328638497652,2.0061688695232016,DEAD-CHOP,PRE-OPEN,-3.25,9.05,18.1,29860.75,29851.25,-9.5,-20.5,STOP,0.8,11.25
1785925560,2026-08-05,1,7.683333333333334,0.6455696202531646,2.088561354409701,BUILDING,PRE-OPEN,25.5,7.683333333333334,15.366666666666667,29862.5,29854.25,-8.25,-18.0,STOP,1.9,9.5
1785926700,2026-08-05,1,9.8,0.1530944625407166,2.8402005781846147,DEAD-CHOP,PRE-OPEN,-11.75,9.8,19.6,29839.25,29858.85,19.6,37.7,TARGET,7.0,82.0
1785927600,2026-08-05,1,10.966666666666669,0.485254691689008,8.860896827896724,BUILDING,PRE-OPEN,45.25,10.966666666666669,21.933333333333337,29884.0,29905.93,21.93,42.37,TARGET,4.6,39.25
1785929580,2026-08-05,1,10.333333333333334,0.243076923076923,3.186510525982626,BUILDING,PRE-OPEN,19.75,10.333333333333334,20.666666666666668,29923.0,29912.25,-10.75,-23.0,STOP,11.0,20.75
1785931020,2026-08-05,1,11.633333333333333,0.0917874396135265,2.2248745987565264,NORMAL-CHOP,PRE-OPEN,-9.5,11.633333333333333,23.266666666666666,29918.5,29906.5,-12.0,-25.5,STOP,6.8,21.25
1785932100,2026-08-05,1,13.05,0.0918114143920595,2.298025484825574,NORMAL-CHOP,PRE-OPEN,-9.25,13.05,26.1,29907.25,29933.35,26.1,50.7,TARGET,6.2,39.75
1785932760,2026-08-05,-1,14.583333333333334,0.0758293838862559,-4.948552884340994,NORMAL-CHOP,PRE-OPEN,8.0,14.583333333333334,29.166666666666668,29918.5,29933.5,-15.0,-31.5,STOP,0.3,30.0
1785933120,2026-08-05,-1,14.783333333333331,0.0727650727650727,-3.473561157087596,NORMAL-CHOP,PRE-OPEN,-8.75,14.783333333333331,29.566666666666663,29898.75,29914.0,-15.25,-32.0,STOP,1.7,3.0
1785935100,2026-08-05,1,9.783333333333331,0.0833333333333333,2.969205963425832,DEAD-CHOP,PRE-OPEN,7.5,9.783333333333331,19.566666666666663,29946.25,29936.0,-10.25,-22.0,STOP,1.8,76.75
1785936060,2026-08-05,-1,9.9,0.5736434108527132,-2.411625858826992,BUILDING,PRE-OPEN,-37.0,9.9,19.8,29910.0,29920.25,-10.25,-22.0,STOP,3.0,14.25
1785936360,2026-08-05,1,11.0,0.2152777777777778,2.2658406524869283,BUILDING,PRE-OPEN,-15.5,11.0,22.0,29926.5,29948.5,22.0,42.5,TARGET,1.0,146.75
1785936660,2026-08-05,-1,17.2,0.5506958250497018,-3.364784829262557,CLEAN-TREND,US,69.25,17.2,34.4,29984.0,29949.6,34.4,67.3,TARGET,0.3,74.5
1785936900,2026-08-05,1,26.466666666666665,0.4532019704433497,2.854949771536656,CLEAN-TREND,US,92.0,26.466666666666665,52.93333333333333,30008.75,29982.0,-26.75,-55.0,STOP,0.2,64.5
1785937080,2026-08-05,1,37.18333333333333,0.2098569157392686,5.612919724454509,BUILDING,US,66.0,37.18333333333333,74.36666666666666,29973.0,30047.37,74.37,147.23,TARGET,4.6,100.25
1785937800,2026-08-05,-1,46.48333333333333,0.0131362889983579,-5.363405539102254,VIOLENT-WHIPSAW,US,4.0,46.48333333333333,92.96666666666665,30012.75,29919.78,92.97,184.43,TARGET,11.5,94.75
1785938700,2026-08-05,1,44.516666666666666,0.103161397670549,3.530444479797227,VIOLENT-WHIPSAW,US,-31.0,44.516666666666666,89.03333333333333,29978.75,29933.75,-45.0,-91.5,STOP,16.5,52.25
1785939780,2026-08-05,-1,34.333333333333336,0.3378995433789954,-3.368111148287745,BUILDING,US,-74.0,34.333333333333336,68.66666666666667,29922.0,29956.75,-34.75,-71.0,STOP,0.5,134.25
1785940200,2026-08-05,-1,35.7,0.4699029126213592,-2.297206548344531,CLEAN-TREND,US,-121.0,35.7,71.4,29892.0,29820.6,71.4,141.3,TARGET,22.7,104.25
1785943080,2026-08-05,-1,26.65,0.2216066481994459,-3.1670562995500218,BUILDING,US,-40.0,26.65,53.3,29796.25,29823.25,-27.0,-55.5,STOP,0.5,8.0
1785945360,2026-08-05,-1,20.516666666666666,0.5645161290322581,-2.628611608279932,CLEAN-TREND,US,-87.5,20.516666666666666,41.03333333333333,29752.0,29710.97,41.03,80.57,TARGET,5.4,50.25
1785953700,2026-08-05,-1,15.166666666666666,0.1711711711711711,-2.047147148390994,NORMAL-CHOP,US,19.0,15.166666666666666,30.333333333333332,29780.75,29750.42,30.33,59.17,TARGET,14.5,53.75
1785954660,2026-08-05,-1,12.4,0.3831775700934579,-3.2348249926062884,BUILDING,US,-41.0,12.4,24.8,29735.0,29747.75,-12.75,-27.0,STOP,3.9,17.0
1785956160,2026-08-05,-1,11.433333333333334,0.1929824561403508,-2.836845511002043,NORMAL-CHOP,US,-13.75,11.433333333333334,22.866666666666667,29727.5,29739.25,-11.75,-25.0,STOP,1.2,9.5
1785956400,2026-08-05,-1,12.416666666666666,0.23125,-2.3740744373043787,BUILDING,US,-18.5,12.416666666666666,24.833333333333332,29739.25,29752.0,-12.75,-27.0,STOP,0.7,3.5
1785956640,2026-08-05,1,12.516666666666667,0.0581717451523545,2.696912215613936,NORMAL-CHOP,US,5.25,12.516666666666667,25.033333333333335,29760.5,29747.5,-13.0,-27.5,STOP,26.3,19.5
1785958500,2026-08-05,-1,12.55,0.5049019607843137,-2.7203529434486167,CLEAN-TREND,US,-51.5,12.55,25.1,29717.0,29730.0,-13.0,-27.5,STOP,1.1,186.25
1785959160,2026-08-05,-1,14.166666666666666,0.4657534246575342,-6.849198182306531,CLEAN-TREND,US,-51.0,14.166666666666666,28.333333333333332,29692.5,29707.0,-14.5,-30.5,STOP,0.7,161.75
1785959400,2026-08-05,1,14.783333333333331,0.0385487528344671,3.718149014830923,NORMAL-CHOP,US,-4.25,14.783333333333331,29.566666666666663,29716.0,29700.75,-15.25,-32.0,STOP,2.6,8.0
1785959820,2026-08-05,1,16.433333333333334,0.4408163265306122,2.165486481988298,CLEAN-TREND,US,-54.0,16.433333333333334,32.86666666666667,29673.25,29656.5,-16.75,-35.0,STOP,1.1,1.5
1785960120,2026-08-05,-1,25.066666666666663,0.6692913385826772,-2.5523368266271507,CLEAN-TREND,OVERNIGHT,-127.5,25.066666666666663,50.133333333333326,29580.75,29606.25,-25.5,-52.5,STOP,1.4,50.0
1785968220,2026-08-05,-1,12.0,0.0622950819672131,-3.31042611394898,NORMAL-CHOP,OVERNIGHT,-4.75,12.0,24.0,29582.75,29595.0,-12.25,-26.0,STOP,0.9,-0.75
1785968460,2026-08-05,1,10.6,0.4450867052023121,2.7113818850119564,BUILDING,OVERNIGHT,38.5,10.6,21.2,29609.75,29630.95,21.2,40.9,TARGET,1.1,69.0
1785970020,2026-08-05,1,8.666666666666666,0.2017543859649122,3.119458404505843,BUILDING,OVERNIGHT,11.5,8.666666666666666,17.333333333333332,29668.0,29659.0,-9.0,-19.5,STOP,0.3,0.25
1785970200,2026-08-05,-1,9.466666666666669,0.3660377358490566,-3.4162857131316624,BUILDING,OVERNIGHT,-24.25,9.466666666666669,18.933333333333337,29638.75,29619.82,18.93,36.37,TARGET,3.0,27.0
1785972720,2026-08-05,-1,10.583333333333334,0.3161290322580645,-3.185480226604986,BUILDING,OVERNIGHT,-24.5,10.583333333333334,21.166666666666668,29601.75,29580.58,21.17,40.83,TARGET,4.5,55.5
1785973500,2026-08-05,-1,14.916666666666666,0.4889434889434889,-2.0029204494298,CLEAN-TREND,OVERNIGHT,-49.75,14.916666666666666,29.833333333333332,29578.25,29548.42,29.83,58.17,TARGET,15.6,32.0
1785974880,2026-08-06,1,16.133333333333333,0.0926365795724465,2.0521660994565845,VIOLENT-WHIPSAW,OVERNIGHT,9.75,16.133333333333333,32.266666666666666,29592.5,29576.0,-16.5,-34.5,STOP,1.6,16.25
1785976620,2026-08-06,1,14.283333333333331,0.2668329177057356,2.5245939564212585,BUILDING,OVERNIGHT,-26.75,14.283333333333331,28.566666666666663,29564.25,29549.5,-14.75,-31.0,STOP,13.8,23.0
1785977520,2026-08-06,-1,14.1,0.1417624521072797,-4.374753219985555,NORMAL-CHOP,OVERNIGHT,-18.5,14.1,28.2,29545.25,29517.05,28.2,54.9,TARGET,8.3,72.0
1785979200,2026-08-06,-1,14.0,0.1923076923076923,-3.5068397666345885,NORMAL-CHOP,OVERNIGHT,-25.0,14.0,28.0,29480.25,29494.5,-14.25,-30.0,STOP,10.0,26.0
1785981000,2026-08-06,1,14.116666666666667,0.239766081871345,2.6597533490262046,BUILDING,OVERNIGHT,30.75,14.116666666666667,28.233333333333334,29507.25,29492.75,-14.5,-30.5,STOP,7.3,56.75
1785982200,2026-08-06,1,13.35,0.3161592505854801,3.626964591549713,BUILDING,OVERNIGHT,33.75,13.35,26.7,29544.0,29530.25,-13.75,-29.0,STOP,2.9,42.0
1785985620,2026-08-06,-1,9.383333333333333,0.3511450381679389,-2.53959269100534,BUILDING,OVERNIGHT,-23.0,9.383333333333333,18.766666666666666,29579.5,29560.73,18.77,36.03,TARGET,9.9,56.75
1785987180,2026-08-06,-1,10.65,0.3617021276595745,-3.1095893768487364,BUILDING,OVERNIGHT,-25.5,10.65,21.3,29536.25,29547.25,-11.0,-23.5,STOP,1.9,4.25
1785988740,2026-08-06,1,11.633333333333333,0.362126245847176,3.3334648967547698,BUILDING,OVERNIGHT,27.25,11.633333333333333,23.266666666666666,29581.0,29569.0,-12.0,-25.5,STOP,0.3,16.75
1785994440,2026-08-06,1,9.983333333333333,0.1927272727272727,2.1294219282091897,DEAD-CHOP,OVERNIGHT,-13.25,9.983333333333333,19.966666666666665,29565.25,29555.0,-10.25,-22.0,STOP,2.0,19.0
1785995040,2026-08-06,-1,12.15,0.0276923076923076,-2.10056318469434,NORMAL-CHOP,OVERNIGHT,2.25,12.15,24.3,29582.25,29557.95,24.3,47.1,TARGET,2.8,83.25
1785996360,2026-08-06,-1,13.333333333333334,0.0496453900709219,-3.625102457811084,NORMAL-CHOP,OVERNIGHT,-5.25,13.333333333333334,26.666666666666668,29539.75,29513.08,26.67,51.83,TARGET,6.8,55.75
1785996840,2026-08-06,-1,12.316666666666666,0.8651026392961877,-3.5994392859985824,BUILDING,OVERNIGHT,-73.75,12.316666666666666,24.633333333333333,29506.25,29519.0,-12.75,-27.0,STOP,9.5,22.25
1785997860,2026-08-06,-1,12.85,0.1139240506329113,-2.2591002816038994,NORMAL-CHOP,OVERNIGHT,13.5,12.85,25.7,29519.0,29532.25,-13.25,-28.0,STOP,3.6,32.75
1785998220,2026-08-06,-1,11.216666666666669,0.0,-2.288740741398952,NORMAL-CHOP,OVERNIGHT,0.0,11.216666666666669,22.433333333333337,29510.75,29488.32,22.43,43.37,TARGET,10.7,24.5
1785999960,2026-08-06,-1,11.4,0.5313531353135313,-2.220897144357189,BUILDING,PRE-OPEN,40.25,11.4,22.8,29545.0,29556.75,-11.75,-25.0,STOP,5.9,24.75
1786001760,2026-08-06,-1,9.65,0.4329501915708812,-2.433375202453794,BUILDING,PRE-OPEN,-28.25,9.65,19.3,29521.5,29502.2,19.3,37.1,TARGET,2.6,59.5
1786002600,2026-08-06,1,9.7,0.1300813008130081,2.0946378929750864,DEAD-CHOP,PRE-OPEN,-8.0,9.7,19.4,29522.5,29512.5,-10.0,-21.5,STOP,0.9,3.0
1786003800,2026-08-06,-1,17.166666666666668,0.4085470085470085,-6.418192915313028,CLEAN-TREND,PRE-OPEN,-59.75,17.166666666666668,34.333333333333336,29449.75,29467.25,-17.5,-36.5,STOP,5.1,5.25
1786004460,2026-08-06,1,16.433333333333334,0.1981351981351981,2.032412465363742,VIOLENT-WHIPSAW,PRE-OPEN,-21.25,16.433333333333334,32.86666666666667,29477.5,29510.37,32.87,64.23,TARGET,6.7,55.25
1786006200,2026-08-06,1,10.633333333333333,0.1753246753246753,3.7012177611769648,NORMAL-CHOP,PRE-OPEN,-13.5,10.633333333333333,21.266666666666666,29503.75,29492.75,-11.0,-23.5,STOP,10.8,20.75
1786007700,2026-08-06,-1,12.033333333333331,0.3638443935926773,-2.7217477085118515,BUILDING,PRE-OPEN,-39.75,12.033333333333331,24.066666666666663,29463.5,29476.25,-12.75,-27.0,STOP,1.4,5.75
1786010520,2026-08-06,1,8.716666666666667,0.2716049382716049,3.179832390296033,BUILDING,PRE-OPEN,22.0,8.716666666666667,17.433333333333334,29531.75,29522.75,-9.0,-19.5,STOP,0.9,2.75
1786011540,2026-08-06,1,7.716666666666667,0.173469387755102,3.0626384386387104,DEAD-CHOP,PRE-OPEN,-8.5,7.716666666666667,15.433333333333334,29509.5,29501.5,-8.0,-17.5,STOP,2.1,17.0
1786014180,2026-08-06,1,15.8,0.6753246753246753,2.9532761793031077,CLEAN-TREND,PRE-OPEN,-104.0,15.8,31.6,29386.0,29369.75,-16.25,-34.0,STOP,2.7,118.0
1786015080,2026-08-06,-1,16.566666666666666,0.4981949458483754,-2.121658465636946,CLEAN-TREND,PRE-OPEN,69.0,16.566666666666666,33.13333333333333,29453.5,29470.5,-17.0,-35.5,STOP,7.2,10.25
1786015740,2026-08-06,1,11.6,0.5873925501432665,2.8629931465370646,BUILDING,PRE-OPEN,51.25,11.6,23.2,29469.5,29492.7,23.2,44.9,TARGET,1.0,46.5
1786016880,2026-08-06,-1,14.95,0.3193473193473193,-4.541629698466878,BUILDING,PRE-OPEN,-34.25,14.95,29.9,29461.75,29431.85,29.9,58.3,TARGET,12.9,73.5
1786017840,2026-08-06,1,15.316666666666666,0.2157894736842105,2.263082485727963,BUILDING,PRE-OPEN,-20.5,15.316666666666666,30.633333333333333,29438.0,29422.25,-15.75,-33.0,STOP,3.8,13.75
1786019400,2026-08-06,1,14.533333333333331,0.2186046511627907,3.552083304399752,BUILDING,PRE-OPEN,23.5,14.533333333333331,29.066666666666663,29444.0,29429.0,-15.0,-31.5,STOP,13.0,18.75
1786021200,2026-08-06,-1,12.4,0.4597156398104265,-2.6891277106766585,CLEAN-TREND,PRE-OPEN,-48.5,12.4,24.8,29376.75,29389.5,-12.75,-27.0,STOP,0.8,58.75
1786021320,2026-08-06,-1,13.366666666666667,0.175,-2.6217873443287822,NORMAL-CHOP,PRE-OPEN,-21.0,13.366666666666667,26.733333333333334,29399.75,29373.02,26.73,51.97,TARGET,2.2,138.5
1786021620,2026-08-06,-1,13.616666666666667,0.4761061946902655,-4.712079213378384,CLEAN-TREND,PRE-OPEN,-67.25,13.616666666666667,27.233333333333334,29358.0,29330.77,27.23,52.97,TARGET,17.6,117.0
1786022820,2026-08-06,-1,15.366666666666667,0.1366459627329192,-2.333756392605528,VIOLENT-WHIPSAW,PRE-OPEN,-11.0,15.366666666666667,30.733333333333334,29347.5,29363.25,-15.75,-33.0,STOP,2.0,106.5
1786023120,2026-08-06,1,23.133333333333333,0.6084656084656085,4.66091524023833,CLEAN-TREND,US,-86.25,23.133333333333333,46.266666666666666,29263.25,29309.52,46.27,91.03,TARGET,1.7,295.25
1786023300,2026-08-06,-1,32.13333333333333,0.0792996910401647,-2.539433905954496,VIOLENT-WHIPSAW,US,19.25,32.13333333333333,64.26666666666667,29369.5,29402.0,-32.5,-66.5,STOP,0.4,2.5
1786023420,2026-08-06,1,35.85,0.2553956834532374,3.653448068406601,BUILDING,US,71.0,35.85,71.7,29421.5,29385.25,-36.25,-74.0,STOP,1.3,157.5
1786023600,2026-08-06,1,42.2,0.3040847201210287,2.6076986583376893,BUILDING,US,100.5,42.2,84.4,29436.5,29520.9,84.4,167.3,TARGET,7.1,161.0
1786024260,2026-08-06,1,35.55,0.5153846153846153,2.390237429440032,CLEAN-TREND,US,134.0,35.55,71.1,29548.25,29512.25,-36.0,-73.5,STOP,0.9,107.5
1786024440,2026-08-06,-1,35.2,0.4025735294117647,-2.319698285768762,CLEAN-TREND,US,109.5,35.2,70.4,29502.25,29537.75,-35.5,-72.5,STOP,1.2,16.0
1786024740,2026-08-06,-1,32.7,0.342534504391468,-2.437946655512475,BUILDING,US,68.25,32.7,65.4,29527.25,29560.25,-33.0,-67.5,STOP,7.1,39.5
1786026240,2026-08-06,-1,25.3,0.3042328042328042,-2.5339961660825807,BUILDING,US,57.5,25.3,50.6,29632.75,29582.15,50.6,99.7,TARGET,1.5,100.0
1786027080,2026-08-06,-1,32.03333333333333,0.361344537815126,-2.0709174155117056,BUILDING,US,-75.25,32.03333333333333,64.06666666666666,29574.5,29607.0,-32.5,-66.5,STOP,3.1,41.75
1786032960,2026-08-06,-1,22.0,0.1273996509598604,-2.694646757996283,VIOLENT-WHIPSAW,US,-18.25,22.0,44.0,29482.75,29505.0,-22.25,-46.0,STOP,2.0,34.0
1786036440,2026-08-06,-1,17.233333333333334,0.2774193548387096,-2.481592168266488,BUILDING,US,-32.25,17.233333333333334,34.46666666666667,29524.25,29541.75,-17.5,-36.5,STOP,3.7,31.0
1786037940,2026-08-06,-1,16.133333333333333,0.1111111111111111,-2.431861879860859,VIOLENT-WHIPSAW,US,-11.75,16.133333333333333,32.266666666666666,29511.5,29528.0,-16.5,-34.5,STOP,12.9,18.25
1786040160,2026-08-06,-1,17.366666666666667,0.3987473903966597,-5.42091992237715,BUILDING,US,47.75,17.366666666666667,34.733333333333334,29567.25,29532.52,34.73,67.97,TARGET,17.5,66.5
1786044600,2026-08-06,-1,16.316666666666666,0.0700389105058365,-2.191981138105119,VIOLENT-WHIPSAW,US,-9.0,16.316666666666666,32.63333333333333,29520.0,29536.75,-16.75,-35.0,STOP,1.1,45.0
1786045800,2026-08-06,-1,13.266666666666667,0.4569536423841059,-5.3562022165781125,CLEAN-TREND,US,-51.75,13.266666666666667,26.533333333333335,29480.25,29494.0,-13.75,-29.0,STOP,2.5,5.25
1786046340,2026-08-06,-1,19.366666666666667,0.0269413629160063,-2.5160901010953323,VIOLENT-WHIPSAW,US,-4.25,19.366666666666667,38.733333333333334,29497.75,29517.5,-19.75,-41.0,STOP,0.1,15.0
1786055040,2026-08-06,1,9.0,0.1083333333333333,2.414040563195408,DEAD-CHOP,OVERNIGHT,6.5,9.0,18.0,29555.75,29546.5,-9.25,-20.0,STOP,3.6,14.25
1786055520,2026-08-06,-1,9.45,0.6015325670498084,-2.046841347156391,BUILDING,OVERNIGHT,-39.25,9.45,18.9,29532.5,29542.25,-9.75,-21.0,STOP,1.4,3.25
1786056060,2026-08-06,1,8.583333333333334,0.1013215859030837,2.4893541189127064,DEAD-CHOP,OVERNIGHT,-5.75,8.583333333333334,17.166666666666668,29556.0,29547.0,-9.0,-19.5,STOP,0.9,15.0
1786057380,2026-08-06,-1,5.65,0.3384615384615385,-2.4733238994168394,BUILDING,OVERNIGHT,11.0,5.65,11.3,29563.75,29569.75,-6.0,-13.5,STOP,14.8,10.0
1786058340,2026-08-06,1,6.883333333333334,0.1216931216931216,3.8759759129354414,DEAD-CHOP,OVERNIGHT,5.75,6.883333333333334,13.766666666666667,29572.75,29586.52,13.77,26.03,TARGET,4.4,24.75
1786058700,2026-08-06,1,7.883333333333334,0.6405529953917051,2.881240801549428,BUILDING,OVERNIGHT,34.75,7.883333333333334,15.766666666666667,29595.0,29586.75,-8.25,-18.0,STOP,0.6,9.0
1786058820,2026-08-06,-1,9.483333333333333,0.2579505300353357,-2.021618495331269,BUILDING,OVERNIGHT,18.25,9.483333333333333,18.966666666666665,29574.25,29584.0,-9.75,-21.0,STOP,5.6,12.0
1786059420,2026-08-06,-1,8.733333333333333,0.0561797752808988,-3.7377570868230103,DEAD-CHOP,OVERNIGHT,-3.75,8.733333333333333,17.466666666666665,29574.25,29583.25,-9.0,-19.5,STOP,6.3,12.0
1786059900,2026-08-06,-1,8.683333333333334,0.0207468879668049,-2.253813226085889,DEAD-CHOP,OVERNIGHT,-1.25,8.683333333333334,17.366666666666667,29575.0,29584.0,-9.0,-19.5,STOP,0.1,31.25
1786060140,2026-08-06,1,9.2,0.1119402985074626,2.208453512021295,DEAD-CHOP,OVERNIGHT,7.5,9.2,18.4,29595.75,29586.25,-9.5,-20.5,STOP,7.1,23.5
1786060800,2026-08-07,-1,9.633333333333333,0.1647509578544061,-2.713448819095533,DEAD-CHOP,OVERNIGHT,10.75,9.633333333333333,19.266666666666666,29585.75,29596.0,-10.25,-22.0,STOP,0.9,89.5
1786061520,2026-08-07,-1,15.033333333333331,0.165266106442577,-2.311545142181472,NORMAL-CHOP,OVERNIGHT,-14.75,15.033333333333331,30.066666666666663,29577.0,29546.93,30.07,58.63,TARGET,3.0,80.75
1786061760,2026-08-07,-1,16.9,0.4840085287846482,-2.5068557820746133,CLEAN-TREND,OVERNIGHT,-56.75,16.9,33.8,29539.5,29505.7,33.8,66.1,TARGET,3.3,43.25
1786062720,2026-08-07,-1,16.45,0.0448343079922027,-3.261365146700984,VIOLENT-WHIPSAW,OVERNIGHT,5.75,16.45,32.9,29536.5,29553.25,-16.75,-35.0,STOP,1.3,33.25
1786064400,2026-08-07,1,19.166666666666668,0.2245557350565428,3.188792741321964,BUILDING,OVERNIGHT,34.75,19.166666666666668,38.333333333333336,29572.0,29552.5,-19.5,-40.5,STOP,9.5,4.25
1786065240,2026-08-07,1,15.4,0.3438202247191011,3.290883967416027,BUILDING,OVERNIGHT,-38.25,15.4,30.8,29525.5,29509.75,-15.75,-33.0,STOP,2.1,56.0
1786065600,2026-08-07,-1,16.283333333333335,0.6259541984732825,-6.304074408910403,CLEAN-TREND,OVERNIGHT,-82.0,16.283333333333335,32.56666666666667,29486.75,29503.5,-16.75,-35.0,STOP,5.5,3.75
1786068180,2026-08-07,1,13.45,0.3141486810551558,4.089634489166941,BUILDING,OVERNIGHT,32.75,13.45,26.9,29543.0,29529.0,-14.0,-29.5,STOP,1.8,5.5
1786070340,2026-08-07,-1,12.083333333333334,0.4906542056074766,-2.9565125760409763,BUILDING,OVERNIGHT,-52.5,12.083333333333334,24.166666666666668,29485.75,29498.25,-12.5,-26.5,STOP,3.8,9.75
1786073040,2026-08-07,1,8.916666666666666,0.6086956521739131,2.694598126437866,BUILDING,OVERNIGHT,-35.0,8.916666666666666,17.833333333333332,29507.5,29498.25,-9.25,-20.0,STOP,0.8,15.25
1786075200,2026-08-07,-1,7.8,0.3958333333333333,-2.299267717238895,BUILDING,OVERNIGHT,-19.0,7.8,15.6,29483.0,29491.25,-8.25,-18.0,STOP,5.2,28.0
1786075980,2026-08-07,-1,8.5,0.2254901960784313,-6.989189287503516,BUILDING,OVERNIGHT,-11.5,8.5,17.0,29476.5,29459.5,17.0,32.5,TARGET,2.9,21.5
1786076460,2026-08-07,1,11.6,0.175531914893617,3.172562643169801,NORMAL-CHOP,OVERNIGHT,16.5,11.6,23.2,29509.5,29497.5,-12.0,-25.5,STOP,4.6,16.25
1786077480,2026-08-07,-1,9.866666666666667,0.1073825503355704,-2.1836998475309906,DEAD-CHOP,OVERNIGHT,-8.0,9.866666666666667,19.733333333333334,29503.25,29513.5,-10.25,-22.0,STOP,16.4,14.5
1786078860,2026-08-07,1,7.716666666666667,0.3990610328638497,2.7400707605166934,BUILDING,OVERNIGHT,21.25,7.716666666666667,15.433333333333334,29517.25,29532.68,15.43,29.37,TARGET,5.3,39.75
1786079280,2026-08-07,1,9.716666666666669,0.8217821782178217,6.944108392087021,BUILDING,OVERNIGHT,62.25,9.716666666666669,19.433333333333337,29554.25,29544.25,-10.0,-21.5,STOP,0.6,2.75
1786086000,2026-08-07,-1,6.283333333333333,0.312,-2.234017522292659,BUILDING,PRE-OPEN,9.75,6.283333333333333,12.566666666666666,29553.0,29540.43,12.57,23.63,TARGET,0.7,21.25
1786086360,2026-08-07,-1,9.683333333333334,0.3285714285714285,-2.023979538774852,BUILDING,PRE-OPEN,23.0,9.683333333333334,19.366666666666667,29568.0,29578.0,-10.0,-21.5,STOP,2.6,4.0
1786087680,2026-08-07,1,7.95,0.0292397660818713,2.5544489144839924,DEAD-CHOP,PRE-OPEN,1.25,7.95,15.9,29582.5,29574.25,-8.25,-18.0,STOP,3.6,9.5
1786088460,2026-08-07,1,8.1,0.1304347826086956,5.541809518166922,DEAD-CHOP,PRE-OPEN,6.75,8.1,16.2,29590.5,29581.75,-8.75,-19.0,STOP,0.7,26.75
1786089660,2026-08-07,-1,9.066666666666666,0.2575757575757575,-2.3761106553517006,BUILDING,PRE-OPEN,17.0,9.066666666666666,18.133333333333333,29592.25,29601.75,-9.5,-20.5,STOP,0.3,1.75
1786090380,2026-08-07,1,10.633333333333333,0.3562005277044855,4.345733412570576,BUILDING,PRE-OPEN,33.75,10.633333333333333,21.266666666666666,29619.75,29608.75,-11.0,-23.5,STOP,3.8,27.75
1786091400,2026-08-07,1,9.1,0.0476190476190476,4.717315237319396,DEAD-CHOP,PRE-OPEN,3.0,9.1,18.2,29632.25,29622.5,-9.75,-21.0,STOP,5.5,15.25
1786094640,2026-08-07,1,7.466666666666667,0.1569506726457399,2.59124414511042,DEAD-CHOP,PRE-OPEN,8.75,7.466666666666667,14.933333333333334,29644.25,29636.5,-7.75,-17.0,STOP,2.6,6.25
1786095720,2026-08-07,-1,7.466666666666667,0.1093117408906882,-3.0960110419529907,DEAD-CHOP,PRE-OPEN,-6.75,7.466666666666667,14.933333333333334,29625.75,29633.5,-7.75,-17.0,STOP,2.5,14.75
1786098060,2026-08-07,1,7.233333333333333,0.5025380710659898,2.353423294902644,BUILDING,PRE-OPEN,-24.75,7.233333333333333,14.466666666666667,29598.25,29612.72,14.47,27.43,TARGET,4.7,27.5
1786099980,2026-08-07,-1,6.683333333333334,0.3377483443708609,-2.5059469383152986,BUILDING,PRE-OPEN,-12.75,6.683333333333334,13.366666666666667,29605.0,29612.0,-7.0,-15.5,STOP,6.0,2.75
1786100460,2026-08-07,1,8.133333333333333,0.2694063926940639,3.1221547429039957,BUILDING,PRE-OPEN,14.75,8.133333333333333,16.266666666666666,29631.5,29647.77,16.27,31.03,TARGET,11.0,30.5
1786101900,2026-08-07,1,7.283333333333333,0.2688172043010752,2.6748259775998218,BUILDING,PRE-OPEN,12.5,7.283333333333333,14.566666666666666,29652.25,29666.82,14.57,27.63,TARGET,15.3,17.5
1786103880,2026-08-07,-1,8.033333333333333,0.9292035398230089,-2.0124349702223454,BUILDING,PRE-OPEN,-52.5,8.033333333333333,16.066666666666666,29613.75,29622.25,-8.5,-18.5,STOP,0.4,9.0
1786104000,2026-08-07,-1,10.033333333333331,0.4758620689655172,-4.1550991672946695,BUILDING,PRE-OPEN,-34.5,10.033333333333331,20.066666666666663,29631.0,29641.5,-10.5,-22.5,STOP,0.3,35.0
1786104660,2026-08-07,1,13.183333333333334,0.1503267973856209,2.011222321468562,NORMAL-CHOP,PRE-OPEN,17.25,13.183333333333334,26.366666666666667,29650.75,29677.12,26.37,51.23,TARGET,17.0,157.5
1786105740,2026-08-07,-1,15.633333333333333,0.1496598639455782,-7.771471845877847,VIOLENT-WHIPSAW,PRE-OPEN,11.0,15.633333333333333,31.266666666666666,29670.0,29686.0,-16.0,-33.5,STOP,0.0,22.5
1786105860,2026-08-07,1,24.85,0.5059288537549407,2.246125810797268,CLEAN-TREND,PRE-OPEN,64.0,24.85,49.7,29729.25,29778.95,49.7,97.9,TARGET,6.5,138.0
1786106460,2026-08-07,1,33.733333333333334,0.7717546362339515,5.616713545879875,CLEAN-TREND,PRE-OPEN,135.25,33.733333333333334,67.46666666666667,29797.25,29864.72,67.47,133.43,TARGET,12.4,70.0
1786107300,2026-08-07,-1,16.716666666666665,0.3457556935817805,-3.270677310225638,BUILDING,PRE-OPEN,41.75,16.716666666666665,33.43333333333333,29841.25,29807.82,33.43,65.37,TARGET,5.3,135.0
1786107840,2026-08-07,-1,14.65,0.5658198614318707,-2.694576464699728,CLEAN-TREND,PRE-OPEN,-61.25,14.65,29.3,29785.75,29800.75,-15.0,-31.5,STOP,1.6,102.75
1786108200,2026-08-07,1,16.566666666666666,0.5367647058823529,2.360269085266088,CLEAN-TREND,PRE-OPEN,-73.0,16.566666666666666,33.13333333333333,29766.25,29749.25,-17.0,-35.5,STOP,0.6,46.75
1786109100,2026-08-07,1,15.6,0.432712215320911,2.954709579394648,CLEAN-TREND,PRE-OPEN,-52.25,15.6,31.2,29714.75,29698.75,-16.0,-33.5,STOP,1.7,107.0
1786109400,2026-08-07,1,20.666666666666668,0.0197368421052631,8.79945829515278,VIOLENT-WHIPSAW,US,-3.0,20.666666666666668,41.333333333333336,29726.25,29705.25,-21.0,-43.5,STOP,0.2,95.5
1786109640,2026-08-07,-1,27.433333333333334,0.3785166240409207,-4.122738671729716,BUILDING,US,74.0,27.433333333333334,54.86666666666667,29805.0,29750.13,54.87,108.23,TARGET,0.6,188.5
1786109760,2026-08-07,-1,35.916666666666664,0.0489381348107109,-7.704392055658494,VIOLENT-WHIPSAW,US,-13.25,35.916666666666664,71.83333333333333,29721.75,29758.0,-36.25,-74.0,STOP,1.4,108.25
1786109940,2026-08-07,-1,43.65,0.005259203606311,-3.26530851359568,VIOLENT-WHIPSAW,US,1.75,43.65,87.3,29732.25,29776.25,-44.0,-89.5,STOP,3.9,118.75
1786110360,2026-08-07,-1,49.61666666666667,0.0134874759152215,-8.092423015301586,VIOLENT-WHIPSAW,US,-5.25,49.61666666666667,99.23333333333333,29735.5,29785.5,-50.0,-101.5,STOP,3.9,171.25
1786110960,2026-08-07,-1,38.53333333333333,0.075268817204301,-3.391161027321081,VIOLENT-WHIPSAW,US,-21.0,38.53333333333333,77.06666666666666,29693.75,29616.68,77.07,152.63,TARGET,8.0,129.5
1786111920,2026-08-07,-1,42.63333333333333,0.2237654320987654,-2.3126447727063053,BUILDING,US,-72.5,42.63333333333333,85.26666666666667,29593.0,29636.0,-43.0,-87.5,STOP,3.1,24.75
1786112220,2026-08-07,1,40.333333333333336,0.0798192771084337,2.078235426479704,VIOLENT-WHIPSAW,US,-26.5,40.333333333333336,80.66666666666667,29647.75,29728.42,80.67,159.83,TARGET,2.7,131.25
1786116360,2026-08-07,1,17.15,0.5630630630630631,2.070822858741561,CLEAN-TREND,US,62.5,17.15,34.3,29818.75,29853.05,34.3,67.1,TARGET,5.9,36.25
1786119540,2026-08-07,-1,12.7,0.2336448598130841,-3.245723242976108,BUILDING,US,-18.75,12.7,25.4,29794.0,29807.0,-13.0,-27.5,STOP,0.3,125.0
1786119900,2026-08-07,-1,18.866666666666667,0.7413479052823315,-5.639404945140306,CLEAN-TREND,US,-101.75,18.866666666666667,37.733333333333334,29720.75,29683.02,37.73,73.97,TARGET,4.4,51.75
1786123500,2026-08-07,-1,12.516666666666667,0.2334293948126801,-2.081418976989777,BUILDING,US,-20.25,12.516666666666667,25.033333333333335,29735.75,29748.75,-13.0,-27.5,STOP,3.1,8.75
1786123980,2026-08-07,1,11.9,0.0940766550522648,3.622624794881779,NORMAL-CHOP,US,-6.75,11.9,23.8,29744.5,29749.75,5.25,9.0,TIME,30.0,20.0
1786127700,2026-08-07,-1,12.016666666666667,0.3535911602209944,-2.59142334589978,BUILDING,US,-32.0,12.016666666666667,24.033333333333335,29692.75,29705.25,-12.5,-26.5,STOP,1.2,16.0
1786128240,2026-08-07,-1,10.966666666666669,0.2960893854748603,-2.3823589227691677,BUILDING,US,-26.5,10.966666666666669,21.933333333333337,29680.5,29691.75,-11.25,-24.0,STOP,3.2,3.75
1786129140,2026-08-07,1,11.0,0.4521963824289405,4.752952190940617,BUILDING,US,43.75,11.0,22.0,29724.0,29746.0,22.0,42.5,TARGET,1.3,99.25
1786130100,2026-08-07,1,13.95,0.6489151873767258,2.2224974195234557,CLEAN-TREND,US,82.25,13.95,27.9,29820.75,29806.5,-14.25,-30.0,STOP,1.9,2.5
1786322100,2026-08-10,-1,14.583333333333334,0.3432203389830508,-3.204593772312029,BUILDING,OVERNIGHT,-40.5,14.583333333333334,29.166666666666668,29834.5,29805.33,29.17,56.83,TARGET,6.1,46.5
1786324920,2026-08-10,1,12.683333333333334,0.5472972972972973,2.9889983656741017,CLEAN-TREND,OVERNIGHT,40.5,12.683333333333334,25.366666666666667,29868.25,29855.25,-13.0,-27.5,STOP,8.4,26.75
1786326360,2026-08-10,1,12.316666666666666,0.4465753424657534,2.14380367609332,BUILDING,OVERNIGHT,40.75,12.316666666666666,24.633333333333333,29884.25,29871.5,-12.75,-27.0,STOP,26.7,11.0
1786332060,2026-08-10,-1,7.066666666666666,0.1414141414141414,-2.396939157972608,DEAD-CHOP,OVERNIGHT,7.0,7.066666666666666,14.133333333333333,29880.25,29887.75,-7.5,-16.5,STOP,13.0,9.0
1786333980,2026-08-10,-1,5.583333333333333,0.1653543307086614,-2.1370813010673864,DEAD-CHOP,OVERNIGHT,-5.25,5.583333333333333,11.166666666666666,29888.25,29877.08,11.17,20.83,TARGET,1.2,17.75
1786335000,2026-08-10,-1,8.266666666666667,0.2753623188405797,-2.6732457911427483,BUILDING,OVERNIGHT,19.0,8.266666666666667,16.533333333333335,29891.25,29900.0,-8.75,-19.0,STOP,6.4,27.5
1786336020,2026-08-10,-1,5.05,0.1949685534591195,-2.265448612598245,DEAD-CHOP,OVERNIGHT,7.75,5.05,10.1,29895.75,29885.65,10.1,18.7,TARGET,8.7,32.0
1786338840,2026-08-10,1,7.45,0.7216494845360825,4.941030475375474,BUILDING,OVERNIGHT,35.0,7.45,14.9,29917.25,29909.5,-7.75,-17.0,STOP,13.1,7.0
1786340280,2026-08-10,-1,6.0,0.3798449612403101,-2.0561515119690648,BUILDING,OVERNIGHT,-12.25,6.0,12.0,29910.5,29916.75,-6.25,-14.0,STOP,12.0,11.25
1786341180,2026-08-10,1,5.933333333333334,0.3866666666666666,2.1371950018645056,BUILDING,OVERNIGHT,14.5,5.933333333333334,11.866666666666667,29923.75,29935.62,11.87,22.23,TARGET,6.2,40.0
1786341660,2026-08-10,1,5.95,0.6915422885572139,2.170780864486828,BUILDING,OVERNIGHT,34.75,5.95,11.9,29941.0,29934.75,-6.25,-14.0,STOP,0.4,22.75
1786342080,2026-08-10,1,6.316666666666666,0.3953488372093023,2.401784729178459,BUILDING,OVERNIGHT,21.25,6.316666666666666,12.633333333333333,29945.25,29957.88,12.63,23.77,TARGET,3.7,18.5
1786342860,2026-08-10,1,9.0,0.0297029702970297,6.070663256862601,DEAD-CHOP,OVERNIGHT,2.25,9.0,18.0,29941.75,29932.5,-9.25,-20.0,STOP,0.9,1.75
1786343100,2026-08-10,-1,10.35,0.3107692307692307,-2.093681289747664,BUILDING,OVERNIGHT,-25.25,10.35,20.7,29922.25,29912.75,9.5,17.5,TIME,30.0,18.0
1786345800,2026-08-10,-1,9.033333333333331,0.2044609665427509,-2.9138513398528967,BUILDING,PRE-OPEN,-13.75,9.033333333333331,18.066666666666663,29898.75,29908.25,-9.5,-20.5,STOP,3.0,12.0
1786347900,2026-08-10,1,7.2,0.3422818791946309,7.265918905575418,BUILDING,PRE-OPEN,12.75,7.2,14.4,29966.75,29959.25,-7.5,-16.5,STOP,0.7,14.5
1786349100,2026-08-10,-1,9.216666666666669,0.5727272727272728,-2.0430459431153203,BUILDING,PRE-OPEN,31.5,9.216666666666669,18.433333333333337,29971.5,29953.07,18.43,35.37,TARGET,4.1,32.5
1786356180,2026-08-10,1,7.416666666666667,0.2328767123287671,3.1972480109497767,BUILDING,PRE-OPEN,12.75,7.416666666666667,14.833333333333334,29956.5,29948.75,-7.75,-17.0,STOP,4.3,2.75
1786356660,2026-08-10,-1,8.716666666666667,0.1969111969111969,-2.516128723626464,DEAD-CHOP,PRE-OPEN,-12.75,8.716666666666667,17.433333333333334,29925.75,29934.75,-9.0,-19.5,STOP,8.2,15.75
1786357260,2026-08-10,1,7.366666666666666,0.3148148148148148,2.645626120384489,BUILDING,PRE-OPEN,-17.0,7.366666666666666,14.733333333333333,29936.75,29951.48,14.73,27.97,TARGET,2.9,15.25
1786358100,2026-08-10,1,7.15,0.1475409836065573,2.514154452905035,DEAD-CHOP,PRE-OPEN,-9.0,7.15,14.3,29927.75,29920.25,-7.5,-16.5,STOP,1.2,10.5
1786358400,2026-08-10,-1,7.316666666666666,0.6090909090909091,-4.554958523361793,BUILDING,PRE-OPEN,-33.5,7.316666666666666,14.633333333333333,29914.25,29922.25,-8.0,-17.5,STOP,4.3,41.25
1786359120,2026-08-10,-1,6.266666666666667,0.3246753246753247,-3.491977135702317,BUILDING,PRE-OPEN,12.5,6.266666666666667,12.533333333333333,29933.75,29921.22,12.53,23.57,TARGET,2.9,82.0
1786361520,2026-08-10,1,10.583333333333334,0.3559322033898305,2.3297528258419864,BUILDING,PRE-OPEN,31.5,10.583333333333334,21.166666666666668,29912.25,29901.25,-11.0,-23.5,STOP,4.0,1.5
1786361820,2026-08-10,-1,9.55,0.1389830508474576,-2.1873968238838257,DEAD-CHOP,PRE-OPEN,10.25,9.55,19.1,29897.5,29907.75,-10.25,-22.0,STOP,2.7,52.25
1786362120,2026-08-10,-1,9.816666666666666,0.2363636363636363,-2.234634041185782,BUILDING,PRE-OPEN,-16.25,9.816666666666666,19.633333333333333,29881.5,29861.87,19.63,37.77,TARGET,5.5,36.25
1786363020,2026-08-10,1,12.016666666666667,0.1436950146627566,2.3174052456992333,NORMAL-CHOP,PRE-OPEN,-12.25,12.016666666666667,24.033333333333335,29870.0,29857.5,-12.5,-26.5,STOP,3.7,14.25
1786364160,2026-08-10,-1,11.183333333333334,0.2779220779220779,-2.672839584490115,BUILDING,PRE-OPEN,-26.75,11.183333333333334,22.366666666666667,29835.0,29812.63,22.37,43.23,TARGET,7.4,54.75
1786365240,2026-08-10,-1,9.383333333333333,0.5397489539748954,-2.7789077116183574,BUILDING,PRE-OPEN,-32.25,9.383333333333333,18.766666666666666,29796.75,29806.5,-9.75,-21.0,STOP,1.9,25.75
1786365660,2026-08-10,1,11.5,0.2222222222222222,2.209522560216377,BUILDING,PRE-OPEN,-20.0,11.5,23.0,29802.0,29790.25,-11.75,-25.0,STOP,8.1,14.25
1786366260,2026-08-10,-1,11.066666666666666,0.4125412541254125,-3.1346591062673363,BUILDING,PRE-OPEN,-31.25,11.066666666666666,22.133333333333333,29778.25,29789.75,-11.5,-24.5,STOP,8.2,7.25
1786368420,2026-08-10,-1,13.4,0.1004784688995215,-3.838065150263023,NORMAL-CHOP,PRE-OPEN,-10.5,13.4,26.8,29794.0,29807.75,-13.75,-29.0,STOP,1.7,75.0
1786368660,2026-08-10,-1,17.35,0.0655391120507399,-4.68844552746903,VIOLENT-WHIPSAW,US,7.75,17.35,34.7,29814.0,29831.75,-17.75,-37.0,STOP,0.7,95.0
1786368840,2026-08-10,-1,24.616666666666667,0.3703703703703703,-22.03639974451549,BUILDING,US,-75.0,24.616666666666667,49.233333333333334,29740.5,29765.5,-25.0,-51.5,STOP,0.6,21.5
1786369260,2026-08-10,-1,35.93333333333333,0.2166172106824926,-4.383016482384054,BUILDING,US,-54.75,35.93333333333333,71.86666666666666,29755.25,29791.5,-36.25,-74.0,STOP,3.1,5.25
1786369800,2026-08-10,-1,29.53333333333333,0.1274961597542242,-2.7112119114693733,VIOLENT-WHIPSAW,US,20.75,29.53333333333333,59.06666666666666,29805.25,29835.25,-30.0,-61.5,STOP,14.6,51.0
1786370760,2026-08-10,1,30.28333333333333,0.2757201646090535,2.5887685535702305,BUILDING,US,50.25,30.28333333333333,60.56666666666666,29857.25,29826.5,-30.75,-63.0,STOP,17.2,42.75
1786371900,2026-08-10,-1,22.03333333333333,0.2465483234714004,-3.207739805130299,BUILDING,US,-31.25,22.03333333333333,44.06666666666666,29853.0,29875.5,-22.5,-46.5,STOP,5.7,66.75
1786372440,2026-08-10,-1,22.466666666666665,0.010204081632653,-2.307708671950297,VIOLENT-WHIPSAW,US,-1.5,22.466666666666665,44.93333333333333,29860.5,29884.25,-23.75,-49.0,STOP,0.6,89.5
1786382880,2026-08-10,-1,8.716666666666667,0.3302325581395349,-2.335884773195543,BUILDING,US,-17.75,8.716666666666667,17.433333333333334,29784.0,29793.0,-9.0,-19.5,STOP,1.8,39.75
1786383420,2026-08-10,-1,8.25,0.5178571428571429,-2.1713928254877106,BUILDING,US,-29.0,8.25,16.5,29765.25,29773.75,-8.5,-18.5,STOP,1.5,21.0
1786384680,2026-08-10,1,9.766666666666667,0.0224215246636771,3.570281010050877,DEAD-CHOP,US,-1.25,9.766666666666667,19.533333333333335,29764.5,29754.25,-10.25,-22.0,STOP,2.2,7.75
1786385280,2026-08-10,1,9.233333333333333,0.2857142857142857,2.7509834298648057,BUILDING,US,15.0,9.233333333333333,18.466666666666665,29768.0,29758.5,-9.5,-20.5,STOP,3.9,4.25
1786387320,2026-08-10,1,7.95,0.4007782101167315,2.573120600386233,BUILDING,US,25.75,7.95,15.9,29771.75,29763.5,-8.25,-18.0,STOP,6.3,21.5
1786388220,2026-08-10,1,7.533333333333333,0.1931330472103004,2.048494065995233,DEAD-CHOP,US,11.25,7.533333333333333,15.066666666666666,29783.0,29784.25,1.25,1.0,TIME,30.0,13.5
1786391220,2026-08-10,-1,8.266666666666667,0.0978723404255319,-2.921238700827458,DEAD-CHOP,US,-5.75,8.266666666666667,16.533333333333335,29774.25,29783.0,-8.75,-19.0,STOP,1.8,51.5
1786391400,2026-08-10,-1,10.633333333333333,0.2578313253012048,-10.648571629532167,BUILDING,US,-26.75,10.633333333333333,21.266666666666666,29748.5,29727.23,21.27,41.03,TARGET,7.6,25.75
1786391940,2026-08-10,1,14.866666666666667,0.2666666666666666,2.514730258296094,BUILDING,US,-32.0,14.866666666666667,29.733333333333334,29743.0,29751.25,8.25,15.0,TIME,30.0,12.0
1786400220,2026-08-10,-1,7.083333333333333,0.5238095238095238,-2.303919890568195,BUILDING,OVERNIGHT,-22.0,7.083333333333333,14.166666666666666,29756.75,29742.58,14.17,26.83,TARGET,3.5,36.5
1786400700,2026-08-10,1,6.333333333333333,0.3401015228426396,2.395160301531053,BUILDING,OVERNIGHT,-16.75,6.333333333333333,12.666666666666666,29742.0,29735.25,-6.75,-15.0,STOP,5.2,8.25
1786401420,2026-08-10,1,6.45,0.2238805970149253,2.755076553123096,BUILDING,OVERNIGHT,-11.25,6.45,12.9,29729.5,29722.75,-6.75,-15.0,STOP,5.9,7.25
1786402860,2026-08-10,-1,5.05,0.0059880239520958,-5.551778811336549,DEAD-CHOP,OVERNIGHT,-0.25,5.05,10.1,29726.0,29731.5,-5.5,-12.5,STOP,0.2,23.5
1786404000,2026-08-10,-1,4.266666666666667,0.5555555555555556,-10.10559644600012,BUILDING,OVERNIGHT,-15.0,4.266666666666667,8.533333333333333,29713.75,29719.0,-5.25,-12.0,STOP,0.0,12.0
1786405620,2026-08-10,1,5.816666666666666,0.4528301886792453,2.965036054677848,BUILDING,OVERNIGHT,12.0,5.816666666666666,11.633333333333333,29718.0,29711.75,-6.25,-14.0,STOP,3.8,35.75
1786405920,2026-08-10,-1,6.6,0.1186440677966101,-4.192643850530507,DEAD-CHOP,OVERNIGHT,-3.5,6.6,13.2,29707.25,29694.05,13.2,24.9,TARGET,1.9,41.25
1786406100,2026-08-10,-1,7.9,0.4923857868020304,-4.004634946405577,BUILDING,OVERNIGHT,-24.25,7.9,15.8,29685.0,29693.25,-8.25,-18.0,STOP,2.9,19.0
1786406520,2026-08-11,-1,11.7,0.4576271186440678,-3.4196683545748585,BUILDING,OVERNIGHT,-47.25,11.7,23.4,29671.0,29683.0,-12.0,-25.5,STOP,1.4,3.5
1786407120,2026-08-11,-1,16.966666666666665,0.4828767123287671,-3.265543020901021,CLEAN-TREND,OVERNIGHT,70.5,16.966666666666665,33.93333333333333,29749.0,29766.25,-17.25,-36.0,STOP,17.1,24.25
1786408560,2026-08-11,1,10.383333333333333,0.0498533724340175,2.819661160262321,NORMAL-CHOP,OVERNIGHT,4.25,10.383333333333333,20.766666666666666,29758.0,29778.77,20.77,40.03,TARGET,7.4,40.5
1786410000,2026-08-11,1,7.083333333333333,0.0978260869565217,3.3474569882716763,DEAD-CHOP,OVERNIGHT,4.5,7.083333333333333,14.166666666666666,29795.0,29787.5,-7.5,-16.5,STOP,0.2,44.75
1786410120,2026-08-11,-1,8.616666666666667,0.1721311475409836,-2.66415735018983,DEAD-CHOP,OVERNIGHT,-10.5,8.616666666666667,17.233333333333334,29775.25,29784.25,-9.0,-19.5,STOP,6.8,11.0
1786410600,2026-08-11,1,10.733333333333333,0.0956521739130434,2.5728985008788023,NORMAL-CHOP,OVERNIGHT,8.25,10.733333333333333,21.466666666666665,29799.0,29820.47,21.47,41.43,TARGET,2.6,40.75
1786416360,2026-08-11,1,6.15,0.2932330827067669,3.1193851848358385,BUILDING,OVERNIGHT,9.75,6.15,12.3,29839.25,29832.75,-6.5,-14.5,STOP,1.8,1.0
1786418820,2026-08-11,1,6.066666666666666,0.4318181818181818,2.702656420812011,BUILDING,OVERNIGHT,19.0,6.066666666666666,12.133333333333333,29846.25,29839.75,-6.5,-14.5,STOP,1.0,1.25
1786419120,2026-08-11,-1,5.933333333333334,0.3333333333333333,-2.703338588368253,BUILDING,OVERNIGHT,13.25,5.933333333333334,11.866666666666667,29835.0,29841.25,-6.25,-14.0,STOP,5.6,8.75
1786422660,2026-08-11,1,4.75,0.3875,2.6961317251055488,BUILDING,OVERNIGHT,15.5,4.75,9.5,29861.25,29856.25,-5.0,-11.5,STOP,1.0,0.25
1786424040,2026-08-11,-1,4.266666666666667,0.4214876033057851,-2.3304996607729294,BUILDING,OVERNIGHT,-12.75,4.266666666666667,8.533333333333333,29835.75,29840.5,-4.75,-11.0,STOP,4.5,20.5
1786424400,2026-08-11,1,4.0,0.05,2.828570456061083,DEAD-CHOP,OVERNIGHT,-1.0,4.0,8.0,29841.25,29837.0,-4.25,-10.0,STOP,1.4,13.75
1786425480,2026-08-11,1,5.9,0.1256830601092896,2.481331955490202,DEAD-CHOP,OVERNIGHT,-5.75,5.9,11.8,29832.5,29826.25,-6.25,-14.0,STOP,1.4,0.25
1786426260,2026-08-11,1,7.3,0.8640776699029126,2.516829047209924,BUILDING,OVERNIGHT,-44.5,7.3,14.6,29802.75,29817.35,14.6,27.7,TARGET,3.0,26.75
1786427460,2026-08-11,-1,7.533333333333333,0.7282608695652174,-3.153535920520804,BUILDING,OVERNIGHT,-33.5,7.533333333333333,15.066666666666666,29789.5,29797.5,-8.0,-17.5,STOP,3.6,9.5
1786428600,2026-08-11,1,7.083333333333333,0.4077669902912621,3.546998193651812,BUILDING,OVERNIGHT,21.0,7.083333333333333,14.166666666666666,29820.5,29813.0,-7.5,-16.5,STOP,6.0,7.0
1786429320,2026-08-11,1,8.116666666666667,0.3992395437262357,5.345793996455599,BUILDING,OVERNIGHT,-26.25,8.116666666666667,16.233333333333334,29786.25,29777.75,-8.5,-18.5,STOP,1.3,3.25
1786429920,2026-08-11,1,10.533333333333331,0.6813186813186813,2.2878745361484936,BUILDING,OVERNIGHT,-62.0,10.533333333333331,21.066666666666663,29746.25,29735.25,-11.0,-23.5,STOP,1.0,43.25
1786430400,2026-08-11,-1,13.15,0.0695443645083932,-3.691875440104672,NORMAL-CHOP,OVERNIGHT,7.25,13.15,26.3,29781.25,29754.95,26.3,51.1,TARGET,11.6,47.75
1786432980,2026-08-11,-1,10.25,0.1951219512195122,-3.954262545071408,NORMAL-CHOP,PRE-OPEN,-12.0,10.25,20.5,29736.25,29746.75,-10.5,-22.5,STOP,1.7,1.5
1786434780,2026-08-11,-1,8.216666666666667,0.2625698324022346,-2.3503123096015024,BUILDING,PRE-OPEN,-11.75,8.216666666666667,16.433333333333334,29758.25,29766.75,-8.5,-18.5,STOP,2.7,40.25
1786435740,2026-08-11,-1,13.2,0.086859688195991,-2.062571539777198,NORMAL-CHOP,PRE-OPEN,-9.75,13.2,26.4,29748.0,29721.6,26.4,51.3,TARGET,10.6,30.5
1786439280,2026-08-11,-1,10.4,0.238095238095238,-3.537493434475278,BUILDING,PRE-OPEN,-21.25,10.4,20.8,29736.0,29746.75,-10.75,-23.0,STOP,6.9,17.5
1786440600,2026-08-11,1,9.15,0.2454212454212454,2.9203057913103185,BUILDING,PRE-OPEN,16.75,9.15,18.3,29766.0,29756.5,-9.5,-20.5,STOP,1.8,18.25
1786442700,2026-08-11,-1,6.216666666666667,0.2222222222222222,-3.456670441030754,BUILDING,PRE-OPEN,-6.0,6.216666666666667,12.433333333333334,29762.25,29749.82,12.43,23.37,TARGET,9.9,12.75
1786443420,2026-08-11,1,7.433333333333334,0.1607142857142857,2.309406472182905,DEAD-CHOP,PRE-OPEN,9.0,7.433333333333334,14.866666666666667,29771.75,29786.62,14.87,28.23,TARGET,4.6,61.5
1786443780,2026-08-11,-1,7.933333333333334,0.5389830508474577,-2.252269713744391,BUILDING,PRE-OPEN,39.75,7.933333333333334,15.866666666666667,29801.5,29809.75,-8.25,-18.0,STOP,1.2,6.0
1786443960,2026-08-11,1,9.533333333333331,0.7560975609756098,4.015593233739858,BUILDING,PRE-OPEN,62.0,9.533333333333331,19.066666666666663,29818.0,29808.0,-10.0,-21.5,STOP,5.2,15.25
1786446060,2026-08-11,1,8.333333333333334,0.6595744680851063,5.757238496737261,BUILDING,PRE-OPEN,54.25,8.333333333333334,16.666666666666668,29873.25,29864.5,-8.75,-19.0,STOP,0.1,13.75
1786447920,2026-08-11,-1,7.85,0.5935828877005348,-2.9845838181152717,BUILDING,PRE-OPEN,-27.75,7.85,15.7,29822.5,29830.75,-8.25,-18.0,STOP,9.5,12.0
1786450920,2026-08-11,-1,9.716666666666669,0.0736842105263157,-11.667074217822488,DEAD-CHOP,PRE-OPEN,5.25,9.716666666666669,19.433333333333337,29843.75,29824.32,19.43,37.37,TARGET,0.9,24.0
1786454220,2026-08-11,1,8.866666666666667,0.2251655629139073,3.0595730888696893,BUILDING,PRE-OPEN,-17.0,8.866666666666667,17.733333333333334,29832.5,29823.25,-9.25,-20.0,STOP,6.2,13.5
1786454880,2026-08-11,1,9.516666666666667,0.2319391634980988,2.1371654497977643,BUILDING,PRE-OPEN,15.25,9.516666666666667,19.033333333333335,29844.25,29834.25,-10.0,-21.5,STOP,1.0,-0.5
1786455180,2026-08-11,1,19.15,0.636986301369863,4.240794175545116,CLEAN-TREND,US,-93.0,19.15,38.3,29737.0,29717.5,-19.5,-40.5,STOP,1.4,32.0
1786455420,2026-08-11,1,26.4,0.5455650060753341,3.6128950892863214,CLEAN-TREND,US,-112.25,26.4,52.8,29722.0,29695.25,-26.75,-55.0,STOP,0.4,65.75
1786455900,2026-08-11,-1,35.53333333333333,0.4011976047904191,-2.847281659154045,CLEAN-TREND,US,-100.5,35.53333333333333,71.06666666666666,29682.75,29718.75,-36.0,-73.5,STOP,13.5,46.75
1786456860,2026-08-11,1,29.2,0.4232121922626026,3.380578209822451,CLEAN-TREND,US,90.25,29.2,58.4,29755.0,29746.25,-8.75,-19.0,TIME,30.0,38.0
1786460880,2026-08-11,-1,15.483333333333333,0.541371158392435,-2.4135015655867,CLEAN-TREND,US,-57.25,15.483333333333333,30.966666666666665,29726.75,29695.78,30.97,60.43,TARGET,25.0,60.5
1786462440,2026-08-11,-1,15.25,0.2407732864674868,-2.0619364986548194,BUILDING,US,-34.25,15.25,30.5,29673.75,29689.25,-15.5,-32.5,STOP,3.2,26.75
1786464060,2026-08-11,-1,11.183333333333334,0.1705882352941176,-2.030320478409546,NORMAL-CHOP,US,-14.5,11.183333333333334,22.366666666666667,29657.25,29668.75,-11.5,-24.5,STOP,3.9,35.25
1786465500,2026-08-11,-1,12.633333333333333,0.4418604651162791,-4.463927988172316,CLEAN-TREND,US,-42.75,12.633333333333333,25.266666666666666,29634.75,29647.75,-13.0,-27.5,STOP,4.1,18.75
1786471560,2026-08-11,-1,9.216666666666669,0.4063604240282685,-2.25003642927271,BUILDING,US,-28.75,9.216666666666669,18.433333333333337,29605.5,29615.0,-9.5,-20.5,STOP,6.4,72.0
1786472820,2026-08-11,-1,10.366666666666667,0.6395759717314488,-7.731736111076831,BUILDING,US,-45.25,10.366666666666667,20.733333333333334,29561.75,29541.02,20.73,39.97,TARGET,1.9,28.25
1786473000,2026-08-11,1,11.9,0.5590551181102362,2.242495976744576,BUILDING,US,-53.25,11.9,23.8,29552.75,29576.55,23.8,46.1,TARGET,6.5,46.75
1786476600,2026-08-11,1,9.2,0.44,2.185134321649714,BUILDING,US,27.5,9.2,18.4,29631.75,29650.15,18.4,35.3,TARGET,6.3,28.5
1786477500,2026-08-11,-1,10.066666666666666,0.0921501706484641,-2.47147808933867,DEAD-CHOP,US,-6.75,10.066666666666666,20.133333333333333,29625.25,29635.75,-10.5,-22.5,STOP,8.7,18.5
1786486440,2026-08-11,1,10.55,,2.1553160862725163,UNKNOWN,OVERNIGHT,0.0,10.55,21.1,29659.0,29648.0,-11.0,-23.5,STOP,16.7,8.25
1786487520,2026-08-11,-1,5.35,0.1156462585034013,-2.3602976757877965,DEAD-CHOP,OVERNIGHT,-4.25,5.35,10.7,29648.5,29654.25,-5.75,-13.0,STOP,0.4,14.75
1786488180,2026-08-11,-1,6.766666666666667,0.2669683257918552,-2.5713197893966875,BUILDING,OVERNIGHT,-14.75,6.766666666666667,13.533333333333333,29640.0,29647.25,-7.25,-16.0,STOP,3.5,6.25
1786488780,2026-08-11,1,5.5,0.09,2.715616051393819,DEAD-CHOP,OVERNIGHT,-4.5,5.5,11.0,29648.75,29643.0,-5.75,-13.0,STOP,11.8,6.25
1786491240,2026-08-11,-1,4.416666666666667,0.0891089108910891,-2.959828167336359,DEAD-CHOP,OVERNIGHT,-2.25,4.416666666666667,8.833333333333334,29640.5,29645.25,-4.75,-11.0,STOP,15.3,15.5
1786492800,2026-08-12,1,7.9,0.4426229508196721,4.2735174977146055,BUILDING,OVERNIGHT,20.25,7.9,15.8,29659.5,29651.0,-8.5,-18.5,STOP,0.1,16.5
1786493760,2026-08-12,1,12.433333333333334,0.2782874617737003,2.506891626589085,BUILDING,OVERNIGHT,22.75,12.433333333333334,24.866666666666667,29656.75,29666.0,9.25,17.0,TIME,30.0,24.75
1786499100,2026-08-12,-1,7.683333333333334,0.256,-3.064987648000268,BUILDING,OVERNIGHT,16.0,7.683333333333334,15.366666666666667,29671.5,29679.5,-8.0,-17.5,STOP,2.3,25.5
1786499400,2026-08-12,1,8.1,0.5193798449612403,2.957161712648245,BUILDING,OVERNIGHT,33.5,8.1,16.2,29682.25,29673.75,-8.5,-18.5,STOP,0.9,1.5
1786501800,2026-08-12,1,6.733333333333333,0.4560669456066946,5.980151827814709,BUILDING,OVERNIGHT,27.25,6.733333333333333,13.466666666666667,29683.5,29696.97,13.47,25.43,TARGET,17.2,27.0
1786505040,2026-08-12,-1,4.566666666666666,0.0476190476190476,-2.829575617358722,DEAD-CHOP,OVERNIGHT,-1.5,4.566666666666666,9.133333333333333,29696.25,29701.25,-5.0,-11.5,STOP,1.3,12.25
1786506780,2026-08-12,-1,4.75,0.2436974789915966,-2.4579509889399107,BUILDING,OVERNIGHT,-7.25,4.75,9.5,29688.25,29693.25,-5.0,-11.5,STOP,3.7,2.0
1786510020,2026-08-12,1,4.8,0.4558823529411764,3.504965850989985,BUILDING,OVERNIGHT,15.5,4.8,9.6,29704.0,29713.6,9.6,17.7,TARGET,0.8,12.75
1786510620,2026-08-12,1,4.583333333333333,0.6869565217391305,2.336182238651064,BUILDING,OVERNIGHT,19.75,4.583333333333333,9.166666666666666,29714.0,29709.0,-5.0,-11.5,STOP,4.4,1.75
1786511700,2026-08-12,-1,5.9,0.492822966507177,-5.9178786862508455,BUILDING,OVERNIGHT,-25.75,5.9,11.8,29685.25,29691.5,-6.25,-14.0,STOP,0.6,17.25
1786512000,2026-08-12,-1,6.316666666666666,0.4537037037037037,-4.656711705833674,BUILDING,OVERNIGHT,-24.5,6.316666666666666,12.633333333333333,29676.0,29682.75,-6.75,-15.0,STOP,4.2,8.0
1786514400,2026-08-12,1,4.6,0.6058394160583942,2.3933907786844038,BUILDING,OVERNIGHT,20.75,4.6,9.2,29721.0,29716.0,-5.0,-11.5,STOP,3.0,3.5
1786516680,2026-08-12,1,5.583333333333333,0.6352201257861635,3.5704560985964835,BUILDING,OVERNIGHT,25.25,5.583333333333333,11.166666666666666,29724.5,29718.5,-6.0,-13.5,STOP,2.0,30.25
1786517220,2026-08-12,1,6.15,0.3246753246753247,2.44268803070398,BUILDING,OVERNIGHT,12.5,6.15,12.3,29725.5,29737.8,12.3,23.1,TARGET,12.0,29.25
1786518180,2026-08-12,1,5.65,0.3333333333333333,2.085241629977229,BUILDING,PRE-OPEN,13.75,5.65,11.3,29741.25,29752.55,11.3,21.1,TARGET,2.4,13.5
1786521600,2026-08-12,1,4.816666666666666,0.6880733944954128,7.040949582744071,BUILDING,PRE-OPEN,18.75,4.816666666666666,9.633333333333333,29753.75,29763.38,9.63,17.77,TARGET,1.1,39.0
1786525740,2026-08-12,1,5.1,0.3617021276595745,3.0473530000630817,BUILDING,PRE-OPEN,12.75,5.1,10.2,29811.0,29805.5,-5.5,-12.5,STOP,8.1,38.0
1786526520,2026-08-12,1,4.733333333333333,0.4615384615384615,2.608894259362307,BUILDING,PRE-OPEN,12.0,4.733333333333333,9.466666666666667,29817.0,29811.5,-5.5,-12.5,STOP,0.2,32.0
1786526640,2026-08-12,-1,6.983333333333333,0.72,-3.7811219319356617,BUILDING,PRE-OPEN,36.0,6.983333333333333,13.966666666666667,29844.75,29830.78,13.97,26.43,TARGET,2.0,41.25
1786528860,2026-08-12,-1,6.9,0.0434782608695652,-2.70405864712164,DEAD-CHOP,PRE-OPEN,2.25,6.9,13.8,29824.25,29831.5,-7.25,-16.0,STOP,8.5,6.0
1786531680,2026-08-12,-1,5.816666666666666,0.4814814814814814,-9.038095879818512,BUILDING,PRE-OPEN,-22.75,5.816666666666666,11.633333333333333,29808.5,29796.87,11.63,21.77,TARGET,0.0,26.25
1786533360,2026-08-12,1,6.9,0.3113207547169811,2.07306185521996,BUILDING,PRE-OPEN,-16.5,6.9,13.8,29810.0,29823.8,13.8,26.1,TARGET,17.2,22.0
1786536960,2026-08-12,1,7.316666666666666,0.5234042553191489,2.173048403453024,BUILDING,PRE-OPEN,-30.75,7.316666666666666,14.633333333333333,29825.5,29840.13,14.63,27.77,TARGET,7.3,124.5
1786537620,2026-08-12,1,9.683333333333334,0.2413793103448276,3.309219094141616,BUILDING,PRE-OPEN,17.5,9.683333333333334,19.366666666666667,29855.0,29874.37,19.37,37.23,TARGET,1.4,95.0
1786537800,2026-08-12,-1,26.78333333333333,0.0055710306406685,-5.802376312424246,VIOLENT-WHIPSAW,PRE-OPEN,-1.0,26.78333333333333,53.56666666666666,29834.75,29862.0,-27.25,-56.0,STOP,0.8,13.75
1786539900,2026-08-12,1,9.516666666666667,0.4757281553398058,2.070792219675353,BUILDING,PRE-OPEN,24.5,9.516666666666667,19.033333333333335,29931.0,29950.03,19.03,36.57,TARGET,11.3,70.5
1786540980,2026-08-12,-1,7.9,0.5532646048109966,-2.130807866253685,BUILDING,PRE-OPEN,40.25,7.9,15.8,29970.5,29979.0,-8.5,-18.5,STOP,3.7,117.25
1786541400,2026-08-12,-1,13.066666666666666,0.3386243386243386,-5.969078323421255,BUILDING,US,32.0,13.066666666666666,26.133333333333333,29975.0,29948.87,26.13,50.77,TARGET,0.1,121.75
1786541580,2026-08-12,1,20.25,0.2462908011869436,4.2321848676243,BUILDING,US,-41.5,20.25,40.5,29910.25,29889.75,-20.5,-42.5,STOP,0.5,59.75
1786541700,2026-08-12,-1,24.016666666666666,0.3635250917992656,-6.129047311650484,BUILDING,US,-74.25,24.016666666666666,48.03333333333333,29897.5,29922.0,-24.5,-50.5,STOP,0.3,49.25
1786542120,2026-08-12,1,34.46666666666667,0.3434163701067615,4.648344855519816,BUILDING,US,-96.5,34.46666666666667,68.93333333333334,29888.0,29956.93,68.93,136.37,TARGET,5.9,82.0
1786542720,2026-08-12,-1,29.53333333333333,0.0122630992196209,-2.3991497831651305,VIOLENT-WHIPSAW,US,2.75,29.53333333333333,59.06666666666666,29912.75,29853.68,59.07,116.63,TARGET,12.0,64.5
1786543800,2026-08-12,1,26.53333333333333,0.1111111111111111,2.3556249667563125,VIOLENT-WHIPSAW,US,24.0,26.53333333333333,53.06666666666666,29925.75,29898.75,-27.0,-55.5,STOP,2.2,20.5
1786544640,2026-08-12,1,22.066666666666663,0.0385756676557863,2.016360961214952,VIOLENT-WHIPSAW,US,6.5,22.066666666666663,44.133333333333326,29922.75,29900.25,-22.5,-46.5,STOP,6.2,23.5
1786548720,2026-08-12,-1,15.966666666666669,0.3558558558558558,-2.994026308628888,BUILDING,US,-39.5,15.966666666666669,31.933333333333337,29843.5,29859.75,-16.25,-34.0,STOP,29.2,24.75
1786553400,2026-08-12,1,9.95,0.7125382262996942,3.3560674351117696,BUILDING,US,58.25,9.95,19.9,29911.75,29901.5,-10.25,-22.0,STOP,20.7,12.75
1786556400,2026-08-12,-1,7.016666666666667,0.0705882352941176,-2.0978507471683967,DEAD-CHOP,US,3.0,7.016666666666667,14.033333333333333,29917.0,29902.97,14.03,26.57,TARGET,14.4,26.0
1786560060,2026-08-12,1,6.8,0.4351851851851852,3.2104073438688183,BUILDING,US,23.5,6.8,13.6,29925.75,29918.5,-7.25,-16.0,STOP,1.7,1.75
1786561020,2026-08-12,-1,7.233333333333333,0.5276752767527675,-2.131282659043748,BUILDING,US,-35.75,7.233333333333333,14.466666666666667,29886.5,29894.0,-7.5,-16.5,STOP,0.2,29.5
1786561860,2026-08-12,-1,8.25,0.176,-2.740171644128114,DEAD-CHOP,US,-11.0,8.25,16.5,29884.25,29892.75,-8.5,-18.5,STOP,3.5,40.75
1786562400,2026-08-12,-1,8.033333333333333,0.4838709677419355,-2.391966584415151,BUILDING,US,-22.5,8.033333333333333,16.066666666666666,29876.75,29860.68,16.07,30.63,TARGET,6.6,45.0
1786564020,2026-08-12,1,9.883333333333333,0.0696202531645569,2.2114402505364974,DEAD-CHOP,US,-5.5,9.883333333333333,19.766666666666666,29857.0,29846.75,-10.25,-22.0,STOP,2.0,49.0
1786564500,2026-08-12,1,14.35,0.167608286252354,6.365875188613548,NORMAL-CHOP,US,-22.25,14.35,28.7,29829.5,29858.2,28.7,55.9,TARGET,3.8,76.5
1786565100,2026-08-12,1,16.3,0.3395872420262664,3.762067059160872,BUILDING,OVERNIGHT,45.25,16.3,32.6,29895.0,29878.25,-16.75,-35.0,STOP,0.8,1.0
1786572960,2026-08-12,-1,7.85,0.4035087719298245,-3.0273216766354487,BUILDING,OVERNIGHT,-17.25,7.85,15.7,29799.75,29784.05,15.7,29.9,TARGET,10.0,19.25
1786573860,2026-08-12,-1,7.083333333333333,0.227906976744186,-3.304526964114568,BUILDING,OVERNIGHT,-12.25,7.083333333333333,14.166666666666666,29786.25,29793.75,-7.5,-16.5,STOP,11.0,5.75
1786574760,2026-08-12,1,5.516666666666667,0.4809160305343511,2.374006749542036,BUILDING,OVERNIGHT,15.75,5.516666666666667,11.033333333333333,29802.0,29795.75,-6.25,-14.0,STOP,0.1,15.25
1786576320,2026-08-12,1,5.0,0.3577981651376147,3.479593235345349,BUILDING,OVERNIGHT,9.75,5.0,10.0,29810.0,29804.75,-5.25,-12.0,STOP,6.0,6.25
1786577520,2026-08-12,-1,4.3,0.2835820895522388,-2.1626788682482783,BUILDING,OVERNIGHT,-9.5,4.3,8.6,29795.75,29800.5,-4.75,-11.0,STOP,1.0,2.75
1786577880,2026-08-12,1,5.066666666666666,0.0059880239520958,2.159062744687569,DEAD-CHOP,OVERNIGHT,-0.25,5.066666666666666,10.133333333333333,29810.25,29804.75,-5.5,-12.5,STOP,1.8,54.0
1786578360,2026-08-12,-1,6.533333333333333,0.1485148514851485,-2.738132823070456,DEAD-CHOP,OVERNIGHT,-7.5,6.533333333333333,13.066666666666666,29798.25,29805.25,-7.0,-15.5,STOP,4.7,5.25
1786579020,2026-08-12,-1,6.383333333333334,0.1910112359550561,-2.632995962695498,DEAD-CHOP,OVERNIGHT,-8.5,6.383333333333334,12.766666666666667,29799.5,29806.25,-6.75,-15.0,STOP,1.3,3.0
1786579260,2026-08-13,1,8.533333333333333,0.6144578313253012,6.204757425087121,BUILDING,OVERNIGHT,38.25,8.533333333333333,17.066666666666666,29836.5,29853.57,17.07,32.63,TARGET,1.4,30.0
1786582800,2026-08-13,1,9.033333333333331,0.0505050505050505,2.3017641627315584,DEAD-CHOP,OVERNIGHT,-3.75,9.033333333333331,18.066666666666663,29829.25,29847.32,18.07,34.63,TARGET,9.3,23.0
1786584300,2026-08-13,-1,8.3,0.4360902255639097,-2.432926474646841,BUILDING,OVERNIGHT,-29.0,8.3,16.6,29820.5,29829.25,-8.75,-19.0,STOP,7.3,12.25
1786586040,2026-08-13,1,7.7,0.2489795918367346,2.951308582862907,BUILDING,OVERNIGHT,15.25,7.7,15.4,29855.0,29870.4,15.4,29.3,TARGET,8.7,17.0
1786588380,2026-08-13,-1,7.1,0.4778761061946903,-2.578595121721396,BUILDING,OVERNIGHT,-27.0,7.1,14.2,29837.25,29844.75,-7.5,-16.5,STOP,3.7,3.5
1786588920,2026-08-13,1,9.0,0.1164383561643835,2.1188238373130672,DEAD-CHOP,OVERNIGHT,8.5,9.0,18.0,29873.0,29869.25,-3.75,-9.0,TIME,30.0,4.75
1786593780,2026-08-13,1,2.75,0.3548387096774194,6.238796251033213,BUILDING,OVERNIGHT,5.5,2.75,5.5,29882.0,29887.5,5.5,9.5,TARGET,2.6,10.25
1786594800,2026-08-13,-1,4.883333333333334,0.3742331288343558,-2.5536740214669584,BUILDING,OVERNIGHT,-15.25,4.883333333333334,9.766666666666667,29870.0,29860.23,9.77,18.03,TARGET,0.9,16.0
1786595040,2026-08-13,-1,6.383333333333334,0.3562231759656652,-2.570067446985413,BUILDING,OVERNIGHT,-20.75,6.383333333333334,12.766666666666667,29867.5,29874.25,-6.75,-15.0,STOP,0.1,-0.0
1786595760,2026-08-13,1,6.783333333333333,0.5181818181818182,2.0269142877689896,BUILDING,OVERNIGHT,28.5,6.783333333333333,13.566666666666666,29890.25,29883.0,-7.25,-16.0,STOP,2.7,7.75
1786598340,2026-08-13,-1,4.5,0.4744525547445255,-2.085822875179826,BUILDING,OVERNIGHT,16.25,4.5,9.0,29909.75,29914.5,-4.75,-11.0,STOP,0.4,13.0
1786599000,2026-08-13,1,5.3,0.037037037037037,2.95440841192963,DEAD-CHOP,OVERNIGHT,1.75,5.3,10.6,29919.25,29913.25,-6.0,-13.5,STOP,1.8,5.0
1786599540,2026-08-13,-1,6.8,0.0829694323144104,-2.5198463494469987,DEAD-CHOP,OVERNIGHT,-4.75,6.8,13.6,29907.0,29893.4,13.6,25.7,TARGET,19.5,38.5
1786603320,2026-08-13,-1,7.95,0.4532374100719424,-6.383509313366529,BUILDING,OVERNIGHT,-31.5,7.95,15.9,29863.25,29871.5,-8.25,-18.0,STOP,10.7,19.5
1786604340,2026-08-13,-1,6.366666666666666,0.5463917525773195,-2.5481172252086344,BUILDING,OVERNIGHT,26.5,6.366666666666666,12.733333333333333,29888.0,29875.27,12.73,23.97,TARGET,2.6,44.25
1786604820,2026-08-13,-1,8.933333333333334,0.2066666666666666,-4.153637472865138,BUILDING,PRE-OPEN,-15.5,8.933333333333334,17.866666666666667,29849.0,29858.25,-9.25,-20.0,STOP,7.3,5.25
1786608000,2026-08-13,-1,6.666666666666667,0.2325581395348837,-3.642346970956485,BUILDING,PRE-OPEN,-10.0,6.666666666666667,13.333333333333334,29864.75,29871.75,-7.0,-15.5,STOP,0.5,37.25
1786608120,2026-08-13,-1,7.75,0.3152173913043478,-2.527679122310019,BUILDING,PRE-OPEN,-14.5,7.75,15.5,29851.75,29836.25,15.5,29.5,TARGET,0.7,24.25
1786611060,2026-08-13,1,6.166666666666667,0.4035087719298245,2.788284607767593,BUILDING,PRE-OPEN,23.0,6.166666666666667,12.333333333333334,29873.5,29866.75,-6.75,-15.0,STOP,0.9,1.75
1786612500,2026-08-13,1,7.783333333333333,0.7403846153846154,2.556107976811942,BUILDING,PRE-OPEN,-38.5,7.783333333333333,15.566666666666666,29828.75,29844.32,15.57,29.63,TARGET,7.4,34.5
1786616520,2026-08-13,1,4.35,0.4845360824742268,2.532075369038177,BUILDING,PRE-OPEN,11.75,4.35,8.7,29884.0,29879.25,-4.75,-11.0,STOP,0.3,2.25
1786618800,2026-08-13,1,5.033333333333333,0.3205128205128205,5.705087692134772,BUILDING,PRE-OPEN,12.5,5.033333333333333,10.066666666666666,29888.5,29883.0,-5.5,-12.5,STOP,0.8,3.75
1786619100,2026-08-13,-1,5.466666666666667,0.0222222222222222,-2.666525764843066,DEAD-CHOP,PRE-OPEN,0.75,5.466666666666667,10.933333333333334,29876.75,29882.5,-5.75,-13.0,STOP,0.6,21.5
1786620840,2026-08-13,1,5.733333333333333,0.3223140495867768,4.9671053980955415,BUILDING,PRE-OPEN,9.75,5.733333333333333,11.466666666666667,29871.25,29882.72,11.47,21.43,TARGET,3.1,23.75
1786621500,2026-08-13,1,6.65,0.6881720430107527,4.031942231051246,BUILDING,PRE-OPEN,32.0,6.65,13.3,29893.75,29886.75,-7.0,-15.5,STOP,2.9,0.75
1786622400,2026-08-13,-1,7.716666666666667,0.4896551724137931,-3.350731311959714,BUILDING,PRE-OPEN,-35.5,7.716666666666667,15.433333333333334,29857.5,29842.07,15.43,29.37,TARGET,2.7,44.5
1786622760,2026-08-13,1,7.1,0.488,2.1163195031654825,BUILDING,PRE-OPEN,-30.5,7.1,14.2,29847.25,29839.75,-7.5,-16.5,STOP,3.7,46.75
1786623480,2026-08-13,-1,8.983333333333333,0.3,-2.5717736275349603,BUILDING,PRE-OPEN,-21.0,8.983333333333333,17.966666666666665,29819.75,29829.0,-9.25,-20.0,STOP,4.2,6.75
1786624200,2026-08-13,1,14.316666666666666,0.1133501259445843,3.916110293930665,NORMAL-CHOP,PRE-OPEN,11.25,14.316666666666666,28.633333333333333,29851.25,29836.5,-14.75,-31.0,STOP,0.2,41.0
1786624920,2026-08-13,1,19.366666666666667,0.1682419659735349,5.877015722791311,VIOLENT-WHIPSAW,PRE-OPEN,22.25,19.366666666666667,38.733333333333334,29858.0,29838.25,-19.75,-41.0,STOP,0.7,63.0
1786626120,2026-08-13,1,11.166666666666666,0.3888888888888889,2.3728446171178086,BUILDING,PRE-OPEN,42.0,11.166666666666666,22.333333333333332,29896.75,29919.08,22.33,43.17,TARGET,6.9,24.25
1786626960,2026-08-13,-1,8.016666666666667,0.2816326530612245,-2.1557435951165465,BUILDING,PRE-OPEN,17.25,8.016666666666667,16.033333333333335,29903.25,29911.75,-8.5,-18.5,STOP,3.8,40.5
1786627800,2026-08-13,-1,9.3,0.1557788944723618,-4.905798114452666,DEAD-CHOP,US,-7.75,9.3,18.6,29893.75,29903.5,-9.75,-21.0,STOP,0.3,31.0
1786628040,2026-08-13,1,17.566666666666666,0.2548330404217926,9.888516150923042,BUILDING,US,36.25,17.566666666666666,35.13333333333333,29945.25,29980.38,35.13,68.77,TARGET,1.0,241.0
1786628340,2026-08-13,1,24.33333333333333,0.5733041575492341,3.8919556286119343,CLEAN-TREND,US,131.0,24.33333333333333,48.66666666666666,30039.5,30014.75,-24.75,-51.0,STOP,1.9,150.75
1786628580,2026-08-13,-1,29.516666666666666,0.3214890016920473,-2.0888200563444723,BUILDING,US,95.0,29.516666666666666,59.03333333333333,30007.5,30037.5,-30.0,-61.5,STOP,1.2,12.0
1786628760,2026-08-13,1,32.083333333333336,0.6607669616519174,5.69501940712539,CLEAN-TREND,US,224.0,32.083333333333336,64.16666666666667,30095.5,30159.67,64.17,126.83,TARGET,11.1,120.5
1786630260,2026-08-13,1,17.916666666666668,0.449438202247191,2.5173261368764472,CLEAN-TREND,US,60.0,17.916666666666668,35.833333333333336,30209.0,30190.75,-18.25,-38.0,STOP,8.2,58.0
1786631280,2026-08-13,1,14.683333333333334,0.3377926421404682,5.115120728980373,BUILDING,US,25.25,14.683333333333334,29.366666666666667,30231.0,30260.37,29.37,57.23,TARGET,3.8,36.0
1786632300,2026-08-13,-1,12.666666666666666,0.154228855721393,-3.1783543014625493,NORMAL-CHOP,US,-15.5,12.666666666666666,25.333333333333332,30219.75,30232.75,-13.0,-27.5,STOP,0.5,25.75
1786632900,2026-08-13,-1,15.916666666666666,0.4071146245059288,-2.2288298843852874,CLEAN-TREND,US,-51.5,15.916666666666666,31.833333333333332,30204.75,30221.0,-16.25,-34.0,STOP,4.8,10.75
1786634400,2026-08-13,1,15.316666666666666,0.0603674540682414,3.092317918926901,VIOLENT-WHIPSAW,US,5.75,15.316666666666666,30.633333333333333,30225.25,30209.5,-15.75,-33.0,STOP,5.3,13.5
1786634820,2026-08-13,-1,16.233333333333334,0.0761670761670761,-4.700073009801387,VIOLENT-WHIPSAW,US,-7.75,16.233333333333334,32.46666666666667,30207.75,30175.28,32.47,63.43,TARGET,4.2,103.75
1786638300,2026-08-13,1,12.116666666666667,0.2171428571428571,2.2885762680988435,BUILDING,US,19.0,12.116666666666667,24.233333333333334,30184.75,30172.25,-12.5,-26.5,STOP,13.7,18.75
1786645800,2026-08-13,1,9.1,0.0148367952522255,2.934146587191758,DEAD-CHOP,US,-1.25,9.1,18.2,30202.75,30220.95,18.2,34.9,TARGET,5.0,52.25
1786647600,2026-08-13,1,6.716666666666667,0.4619883040935672,3.834989480030209,BUILDING,US,19.75,6.716666666666667,13.433333333333334,30253.75,30246.75,-7.0,-15.5,STOP,3.3,19.5
1786648080,2026-08-13,1,7.95,0.4545454545454545,3.3975540338982086,BUILDING,US,26.25,7.95,15.9,30268.75,30260.5,-8.25,-18.0,STOP,1.7,4.5
1786648380,2026-08-13,-1,9.433333333333334,0.092063492063492,-2.2498234775675647,DEAD-CHOP,US,-7.25,9.433333333333334,18.866666666666667,30235.0,30244.75,-9.75,-21.0,STOP,6.9,27.25
1786649160,2026-08-13,-1,10.266666666666667,0.4658753709198813,-2.0364582857776394,BUILDING,US,-39.25,10.266666666666667,20.533333333333335,30220.75,30231.5,-10.75,-23.0,STOP,1.5,47.25
1786649400,2026-08-13,-1,9.866666666666667,0.1904761904761904,-2.8499339795259946,DEAD-CHOP,US,-14.0,9.866666666666667,19.733333333333334,30224.75,30205.02,19.73,37.97,TARGET,13.6,51.25
1786650600,2026-08-13,-1,9.416666666666666,0.4015151515151515,-3.996313768048316,BUILDING,US,-26.5,9.416666666666666,18.833333333333332,30189.75,30199.5,-9.75,-21.0,STOP,3.1,48.75
1786650900,2026-08-13,-1,11.683333333333334,0.5384615384615384,-7.601095903464275,BUILDING,US,-40.25,11.683333333333334,23.366666666666667,30180.0,30192.0,-12.0,-25.5,STOP,3.3,39.0
1786651260,2026-08-13,-1,16.316666666666666,0.0693641618497109,-2.335071255848908,VIOLENT-WHIPSAW,OVERNIGHT,-6.0,16.316666666666666,32.63333333333333,30196.75,30213.5,-16.75,-35.0,STOP,0.9,8.5
1786659420,2026-08-13,1,7.783333333333333,0.1489361702127659,2.1559533945391123,DEAD-CHOP,OVERNIGHT,-8.75,7.783333333333333,15.566666666666666,30200.5,30191.75,-8.75,-19.0,STOP,3.8,9.5
1786660200,2026-08-13,1,4.966666666666667,0.3055555555555556,2.0001351830882688,BUILDING,OVERNIGHT,11.0,4.966666666666667,9.933333333333334,30202.5,30203.25,0.75,0.0,TIME,29.9,7.5
1786662120,2026-08-13,-1,3.433333333333333,0.0263157894736842,-2.1056374305047414,DEAD-CHOP,OVERNIGHT,0.5,3.433333333333333,6.866666666666666,30201.75,30205.5,-3.75,-9.0,STOP,1.7,9.5
1786662840,2026-08-13,1,4.233333333333333,0.6058394160583942,8.890057022898004,BUILDING,OVERNIGHT,20.75,4.233333333333333,8.466666666666667,30225.25,30220.75,-4.5,-10.5,STOP,0.2,2.0
1786663320,2026-08-13,-1,5.883333333333334,0.1182795698924731,-2.047117689432104,DEAD-CHOP,OVERNIGHT,-5.5,5.883333333333334,11.766666666666667,30208.75,30196.98,11.77,22.03,TARGET,0.9,20.0
1786664580,2026-08-13,1,4.3,0.037037037037037,2.0432066145122008,DEAD-CHOP,OVERNIGHT,0.75,4.3,8.6,30199.25,30193.5,-5.75,-13.0,STOP,1.2,33.25
1786665900,2026-08-14,1,7.3,0.4948453608247423,2.6736619212550927,BUILDING,OVERNIGHT,24.0,7.3,14.6,30217.0,30209.25,-7.75,-17.0,STOP,0.6,4.5
1786666140,2026-08-14,1,9.966666666666669,0.1806451612903225,2.323446466503294,DEAD-CHOP,OVERNIGHT,14.0,9.966666666666669,19.933333333333337,30211.25,30201.0,-10.25,-22.0,STOP,1.7,2.25
1786666560,2026-08-14,-1,11.533333333333331,0.4606060606060606,-7.669569833500801,BUILDING,OVERNIGHT,-38.0,11.533333333333331,23.066666666666663,30180.75,30182.75,-2.0,-5.5,TIME,30.0,7.0
1786669320,2026-08-14,-1,7.833333333333333,0.6075471698113207,-5.14126886186842,BUILDING,OVERNIGHT,-40.25,7.833333333333333,15.666666666666666,30140.5,30148.75,-8.25,-18.0,STOP,3.8,16.25
1786670580,2026-08-14,1,8.066666666666666,0.0621468926553672,2.490164304060744,DEAD-CHOP,OVERNIGHT,2.75,8.066666666666666,16.133333333333333,30148.5,30140.0,-8.5,-18.5,STOP,1.1,20.0
1786672980,2026-08-14,1,7.4,0.1358024691358024,2.39971567013469,DEAD-CHOP,OVERNIGHT,8.25,7.4,14.8,30169.75,30162.0,-7.75,-17.0,STOP,5.0,7.25
1786674720,2026-08-14,1,5.65,0.2837837837837837,2.973590898275964,BUILDING,OVERNIGHT,10.5,5.65,11.3,30172.25,30166.25,-6.0,-13.5,STOP,14.0,8.75
1786678200,2026-08-14,1,4.766666666666667,0.3109243697478991,6.964453263863059,BUILDING,OVERNIGHT,9.25,4.766666666666667,9.533333333333333,30176.0,30170.75,-5.25,-12.0,STOP,0.7,1.0
1786682100,2026-08-14,-1,5.216666666666667,0.4074074074074074,-5.5097756448170045,BUILDING,OVERNIGHT,-13.75,5.216666666666667,10.433333333333334,30143.5,30149.25,-5.75,-13.0,STOP,1.9,8.75
1786684740,2026-08-14,-1,5.7,0.1636363636363636,-2.297685526984712,DEAD-CHOP,OVERNIGHT,6.75,5.7,11.4,30142.5,30148.5,-6.0,-13.5,STOP,2.3,2.5
1786685640,2026-08-14,1,4.8,0.4081632653061224,3.3653887523610413,BUILDING,OVERNIGHT,10.0,4.8,9.6,30152.75,30162.35,9.6,17.7,TARGET,0.7,31.25
1786686240,2026-08-14,1,5.683333333333334,0.3828571428571428,2.196375974123915,BUILDING,OVERNIGHT,16.75,5.683333333333334,11.366666666666667,30167.0,30178.37,11.37,21.23,TARGET,10.3,17.0
1786688100,2026-08-14,-1,6.35,0.5048543689320388,-3.202558901398576,BUILDING,OVERNIGHT,-26.0,6.35,12.7,30149.5,30156.25,-6.75,-15.0,STOP,3.3,1.25
1786689360,2026-08-14,-1,5.116666666666666,0.0259740259740259,-2.730649462914895,DEAD-CHOP,OVERNIGHT,-1.0,5.116666666666666,10.233333333333333,30152.0,30157.5,-5.5,-12.5,STOP,0.4,-0.5
1786690140,2026-08-14,1,3.966666666666667,0.4049586776859504,2.67688289969981,BUILDING,OVERNIGHT,12.25,3.966666666666667,7.933333333333334,30167.25,30175.18,7.93,14.37,TARGET,2.5,27.25
1786690980,2026-08-14,1,5.15,0.7062937062937062,5.431857116871398,BUILDING,PRE-OPEN,25.25,5.15,10.3,30192.75,30187.25,-5.5,-12.5,STOP,0.6,1.75
1786691100,2026-08-14,1,5.933333333333334,0.1525423728813559,2.722461732888509,DEAD-CHOP,PRE-OPEN,6.75,5.933333333333334,11.866666666666667,30179.25,30191.12,11.87,22.23,TARGET,3.0,15.25
1786693440,2026-08-14,1,4.6,0.6235294117647059,5.471860651938699,BUILDING,PRE-OPEN,26.5,4.6,9.2,30203.5,30198.5,-5.0,-11.5,STOP,1.0,31.5
1786694340,2026-08-14,-1,5.05,0.2117647058823529,-7.372447298206646,BUILDING,PRE-OPEN,-9.0,5.05,10.1,30194.25,30199.75,-5.5,-12.5,STOP,0.1,7.25
1786694700,2026-08-14,1,9.833333333333334,0.2298850574712643,6.663957200631179,BUILDING,PRE-OPEN,20.0,9.833333333333334,19.666666666666668,30220.75,30210.5,-10.25,-22.0,STOP,8.7,17.25
1786695720,2026-08-14,-1,9.633333333333333,0.3076923076923077,-5.743770713889464,BUILDING,PRE-OPEN,-22.0,9.633333333333333,19.266666666666666,30206.0,30216.0,-10.0,-21.5,STOP,4.4,-0.0
1786696440,2026-08-14,-1,8.283333333333333,0.3469387755102041,-2.7701922656869287,BUILDING,PRE-OPEN,21.25,8.283333333333333,16.566666666666666,30231.75,30240.5,-8.75,-19.0,STOP,6.6,21.5
1786698000,2026-08-14,-1,5.616666666666666,0.3098591549295774,-2.033151839068387,BUILDING,PRE-OPEN,-11.0,5.616666666666666,11.233333333333333,30219.75,30225.75,-6.0,-13.5,STOP,23.3,9.0
1786702380,2026-08-14,-1,4.716666666666667,0.3675213675213675,-2.0687497411440825,BUILDING,PRE-OPEN,10.75,4.716666666666667,9.433333333333334,30240.0,30230.57,9.43,17.37,TARGET,6.5,17.5
1786703640,2026-08-14,1,5.116666666666666,0.0,2.206078553195847,DEAD-CHOP,PRE-OPEN,0.0,5.116666666666666,10.233333333333333,30235.0,30229.5,-5.5,-12.5,STOP,0.5,25.5
1786704300,2026-08-14,1,5.55,0.2235294117647059,2.4759934312613767,BUILDING,PRE-OPEN,9.5,5.55,11.1,30240.0,30233.75,-6.25,-14.0,STOP,0.8,22.25
1786704720,2026-08-14,-1,5.166666666666667,0.3265306122448979,-2.184527822687985,BUILDING,PRE-OPEN,16.0,5.166666666666667,10.333333333333334,30244.25,30249.75,-5.5,-12.5,STOP,6.8,5.5
1786706820,2026-08-14,1,5.583333333333333,0.1929824561403508,2.007584613815762,DEAD-CHOP,PRE-OPEN,-8.25,5.583333333333333,11.166666666666666,30247.5,30241.5,-6.0,-13.5,STOP,3.6,20.5
1786708980,2026-08-14,1,5.75,0.5407407407407407,6.401712119129798,BUILDING,PRE-OPEN,18.25,5.75,11.5,30280.25,30274.25,-6.0,-13.5,STOP,0.1,0.0
1786709520,2026-08-14,-1,8.4,0.3098591549295774,-3.7228699521815782,BUILDING,PRE-OPEN,-22.0,8.4,16.8,30240.25,30223.45,16.8,32.1,TARGET,0.5,33.5
1786712700,2026-08-14,1,6.766666666666667,0.2521739130434782,2.590173613183285,BUILDING,PRE-OPEN,14.5,6.766666666666667,13.533333333333333,30281.0,30273.5,-7.5,-16.5,STOP,0.1,-0.25
1786714260,2026-08-14,-1,14.333333333333334,0.0522388059701492,-2.0278568193657227,NORMAL-CHOP,US,-3.5,14.333333333333334,28.666666666666668,30246.5,30217.83,28.67,55.83,TARGET,1.5,76.5
1786714500,2026-08-14,-1,17.866666666666667,0.5596816976127321,-2.420193269238333,CLEAN-TREND,US,-52.75,17.866666666666667,35.733333333333334,30198.0,30216.25,-18.25,-38.0,STOP,3.9,28.0
1786714800,2026-08-14,-1,23.6,0.2876712328767123,-2.783667067117652,BUILDING,US,-42.0,23.6,47.2,30207.25,30231.25,-24.0,-49.5,STOP,0.7,14.25
1786714920,2026-08-14,1,26.966666666666665,0.0224215246636771,2.65976192372114,VIOLENT-WHIPSAW,US,-3.75,26.966666666666665,53.93333333333333,30237.75,30210.5,-27.25,-56.0,STOP,15.0,43.0
1786716240,2026-08-14,1,22.416666666666668,0.1128107074569789,2.129663632651873,VIOLENT-WHIPSAW,US,14.75,22.416666666666668,44.833333333333336,30255.0,30232.25,-22.75,-47.0,STOP,4.8,17.25
1786716960,2026-08-14,-1,19.716666666666665,0.1098696461824953,-2.5786141927887845,VIOLENT-WHIPSAW,US,-14.75,19.716666666666665,39.43333333333333,30207.5,30168.07,39.43,77.37,TARGET,2.5,78.5
1786719540,2026-08-14,-1,13.666666666666666,0.2935560859188544,-2.482821883052349,BUILDING,US,-30.75,13.666666666666666,27.333333333333332,30123.5,30137.5,-14.0,-29.5,STOP,1.0,91.0
1786720860,2026-08-14,-1,12.866666666666667,0.50920245398773,-2.629060694229505,CLEAN-TREND,US,-41.5,12.866666666666667,25.733333333333334,30082.25,30056.52,25.73,49.97,TARGET,2.1,57.25
1786725120,2026-08-14,-1,8.666666666666666,0.1925925925925926,-2.293190929997156,DEAD-CHOP,US,-13.0,8.666666666666666,17.333333333333332,30071.5,30080.5,-9.0,-19.5,STOP,2.7,19.25
1786730220,2026-08-14,1,7.55,0.4033613445378151,2.0676479638348253,BUILDING,US,24.0,7.55,15.1,30078.75,30076.5,-2.25,-6.0,TIME,30.0,14.75
1786732080,2026-08-14,-1,7.016666666666667,0.3127753303964757,-5.037180474473204,BUILDING,US,-17.75,7.016666666666667,14.033333333333333,30067.25,30074.75,-7.5,-16.5,STOP,1.5,4.75
1786733400,2026-08-14,1,6.166666666666667,0.6230366492146597,2.865608888001771,BUILDING,US,29.75,6.166666666666667,12.333333333333334,30098.5,30092.0,-6.5,-14.5,STOP,2.5,5.5
1786734000,2026-08-14,-1,6.916666666666667,0.1052631578947368,-2.016440792460073,DEAD-CHOP,US,-6.0,6.916666666666667,13.833333333333334,30078.5,30085.75,-7.25,-16.0,STOP,0.9,3.5
1786735080,2026-08-14,-1,7.283333333333333,0.09,-3.1308995530904946,DEAD-CHOP,US,4.5,7.283333333333333,14.566666666666666,30090.75,30098.5,-7.75,-17.0,STOP,9.5,10.25
1786736160,2026-08-14,-1,6.466666666666667,0.4715025906735751,-2.8816916545961018,BUILDING,US,22.75,6.466666666666667,12.933333333333334,30104.0,30110.75,-6.75,-15.0,STOP,3.8,7.75
1786737000,2026-08-14,1,7.9,0.3189655172413793,5.461536693259889,BUILDING,US,18.5,7.9,15.8,30122.75,30114.5,-8.25,-18.0,STOP,5.4,30.25
1786737540,2026-08-14,-1,10.2,0.4285714285714285,-2.4670224185115903,BUILDING,US,35.25,10.2,20.4,30144.0,30131.25,12.75,24.0,TIME,30.0,17.5
