ts,day,dir,atr,er,fz,regime,session,ext,stop_pt,targ_pt,entry,exit,pts,net,reason,held_min,mfe
1783293000,2026-07-05,1,9.366666666666667,0.3361702127659574,-2.5644496982825906,BUILDING,OVERNIGHT,-19.75,9.366666666666667,18.733333333333334,29931.5,29950.23,18.73,35.97,TARGET,1.5,78.5
1783296000,2026-07-06,1,15.25,0.2415349887133182,-2.785634804127876,BUILDING,OVERNIGHT,-26.75,15.25,30.5,29947.75,29932.25,-15.5,-32.5,STOP,0.2,57.25
1783296780,2026-07-06,-1,22.05,0.0703448275862069,2.108483360822917,VIOLENT-WHIPSAW,OVERNIGHT,-12.75,22.05,44.1,29975.25,29997.75,-22.5,-46.5,STOP,1.7,130.25
1783297740,2026-07-06,1,18.83333333333333,0.6311605723370429,-2.942731658978124,CLEAN-TREND,OVERNIGHT,-99.25,18.83333333333333,37.66666666666666,29882.75,29863.5,-19.25,-40.0,STOP,0.2,87.0
1783297860,2026-07-06,1,21.58333333333333,0.7623400365630713,-2.880866123972339,CLEAN-TREND,OVERNIGHT,-104.25,21.58333333333333,43.16666666666666,29893.0,29936.17,43.17,84.83,TARGET,10.2,76.75
1783299000,2026-07-06,1,15.866666666666667,0.3763440860215054,-2.3542276837599574,BUILDING,OVERNIGHT,52.5,15.866666666666667,31.733333333333334,29939.0,29922.75,-16.25,-34.0,STOP,1.3,13.0
1783299180,2026-07-06,-1,15.383333333333333,0.1111111111111111,2.7497722531195934,VIOLENT-WHIPSAW,OVERNIGHT,14.75,15.383333333333333,30.766666666666666,29936.75,29905.98,30.77,60.03,TARGET,6.3,95.5
1783301160,2026-07-06,1,19.116666666666667,0.4975206611570248,-2.787290612763065,CLEAN-TREND,OVERNIGHT,-75.25,19.116666666666667,38.233333333333334,29797.75,29778.25,-19.5,-40.5,STOP,0.5,54.25
1783303260,2026-07-06,1,19.016666666666666,0.0131147540983606,-4.099023230359261,VIOLENT-WHIPSAW,OVERNIGHT,-2.0,19.016666666666666,38.03333333333333,29796.5,29777.0,-19.5,-40.5,STOP,8.9,22.25
1783304340,2026-07-06,1,18.3,0.5424836601307189,-3.590106964048836,CLEAN-TREND,OVERNIGHT,-62.25,18.3,36.6,29756.0,29737.25,-18.75,-39.0,STOP,9.1,35.75
1783306260,2026-07-06,1,15.166666666666666,0.3767441860465116,-2.620140402191993,BUILDING,OVERNIGHT,-40.5,15.166666666666666,30.333333333333332,29698.25,29728.58,30.33,59.17,TARGET,7.6,93.5
1783309860,2026-07-06,-1,15.7,0.6028622540250447,2.3909283498824125,CLEAN-TREND,OVERNIGHT,-84.25,15.7,31.4,29717.0,29733.0,-16.0,-33.5,STOP,12.3,23.25
1783311540,2026-07-06,-1,9.683333333333334,0.5555555555555556,10.336879791879168,BUILDING,OVERNIGHT,61.25,9.683333333333334,19.366666666666667,29791.0,29801.0,-10.0,-21.5,STOP,10.4,9.25
1783316160,2026-07-06,-1,11.2,0.2348993288590604,2.0213226960550164,BUILDING,OVERNIGHT,-17.5,11.2,22.4,29771.75,29783.25,-11.5,-24.5,STOP,3.2,5.75
1783316580,2026-07-06,-1,11.316666666666666,0.1123595505617977,2.43433459683958,NORMAL-CHOP,OVERNIGHT,10.0,11.316666666666666,22.633333333333333,29791.75,29769.12,22.63,43.77,TARGET,3.6,30.5
1783319700,2026-07-06,-1,10.183333333333334,0.647887323943662,5.123459797015366,BUILDING,OVERNIGHT,69.0,10.183333333333334,20.366666666666667,29828.75,29839.5,-10.75,-23.0,STOP,1.9,4.25
1783323780,2026-07-06,-1,7.15,0.4193548387096774,2.5730995100019136,BUILDING,PRE-OPEN,32.5,7.15,14.3,29867.0,29874.5,-7.5,-16.5,STOP,5.6,57.25
1783324800,2026-07-06,1,5.083333333333333,0.2108108108108108,-5.5451850373459335,BUILDING,PRE-OPEN,-9.75,5.083333333333333,10.166666666666666,29861.25,29871.42,10.17,18.83,TARGET,0.2,20.0
1783327080,2026-07-06,-1,6.433333333333334,0.1078431372549019,2.3303168543039874,DEAD-CHOP,PRE-OPEN,5.5,6.433333333333334,12.866666666666667,29816.0,29824.75,-8.75,-19.0,STOP,0.6,0.25
1783327920,2026-07-06,-1,6.85,0.6190476190476191,2.272150209905728,BUILDING,PRE-OPEN,35.75,6.85,13.7,29851.0,29858.25,-7.25,-16.0,STOP,2.2,5.25
1783338240,2026-07-06,1,8.683333333333334,0.0297872340425531,-2.7899834638921,DEAD-CHOP,PRE-OPEN,1.75,8.683333333333334,17.366666666666667,29883.25,29900.62,17.37,33.23,TARGET,11.6,52.75
1783339320,2026-07-06,1,6.016666666666667,,-2.782024682500008,UNKNOWN,PRE-OPEN,0.0,6.016666666666667,12.033333333333333,29885.5,29897.53,12.03,22.57,TARGET,0.1,50.75
1783340640,2026-07-06,1,8.8,0.5,-2.5168572233946764,BUILDING,PRE-OPEN,-38.0,8.8,17.6,29881.0,29898.6,17.6,33.7,TARGET,6.1,49.5
1783341300,2026-07-06,1,8.533333333333333,0.1277777777777777,-3.786694972466558,DEAD-CHOP,PRE-OPEN,-11.5,8.533333333333333,17.066666666666666,29905.25,29896.25,-9.0,-19.5,STOP,6.3,30.25
1783344720,2026-07-06,-1,26.966666666666665,,2.049996748360245,UNKNOWN,US,0.0,26.966666666666665,53.93333333333333,29911.75,29857.82,53.93,106.37,TARGET,3.4,125.75
1783345140,2026-07-06,-1,50.38333333333333,0.1481246026700572,5.847158120156234,VIOLENT-WHIPSAW,US,58.25,50.38333333333333,100.76666666666667,29897.0,29947.75,-50.75,-103.0,STOP,5.6,51.0
1783345560,2026-07-06,1,57.03333333333333,0.1185258964143426,-5.111992594534987,VIOLENT-WHIPSAW,US,59.5,57.03333333333333,114.06666666666666,29911.0,30025.07,114.07,226.63,TARGET,27.2,126.75
1783347780,2026-07-06,-1,24.75,0.3663003663003663,2.1408695137135245,BUILDING,US,50.0,24.75,49.5,30034.75,30059.75,-25.0,-51.5,STOP,26.5,46.25
1783350060,2026-07-06,-1,23.9,0.0379084967320261,2.333095813305819,VIOLENT-WHIPSAW,US,-7.25,23.9,47.8,30030.25,29982.45,47.8,94.1,TARGET,11.3,89.0
1783351320,2026-07-06,-1,23.6,0.0325318246110325,2.301865110051841,VIOLENT-WHIPSAW,US,-5.75,23.6,47.2,29998.75,30022.75,-24.0,-49.5,STOP,3.1,17.25
1783355880,2026-07-06,1,13.216666666666669,0.5170278637770898,-2.687745414752498,CLEAN-TREND,US,-41.75,13.216666666666669,26.433333333333337,30006.5,30032.93,26.43,51.37,TARGET,2.4,32.5
1783356900,2026-07-06,1,13.966666666666669,0.3554987212276215,-4.029933450081909,BUILDING,US,-34.75,13.966666666666669,27.933333333333337,29993.75,29979.5,-14.25,-30.0,STOP,0.7,42.75
1783359180,2026-07-06,1,16.616666666666667,0.6435185185185185,-2.516356319133527,CLEAN-TREND,US,-69.5,16.616666666666667,33.233333333333334,29930.5,29913.5,-17.0,-35.5,STOP,3.6,8.75
1783359720,2026-07-06,1,16.566666666666666,0.8127853881278538,-2.1384181658920425,CLEAN-TREND,US,-89.0,16.566666666666666,33.13333333333333,29887.0,29920.13,33.13,64.77,TARGET,3.3,81.0
1783361160,2026-07-06,-1,14.883333333333333,0.1392405063291139,2.6243120537565106,NORMAL-CHOP,US,16.5,14.883333333333333,29.766666666666666,29944.5,29959.75,-15.25,-32.0,STOP,1.2,3.25
1783364160,2026-07-06,-1,12.166666666666666,0.3186813186813186,2.2332759760252,BUILDING,US,21.75,12.166666666666666,24.333333333333332,29997.0,30009.5,-12.5,-26.5,STOP,3.1,16.25
1783365120,2026-07-06,-1,11.933333333333334,0.3090909090909091,2.288886905642104,BUILDING,US,25.5,11.933333333333334,23.866666666666667,30022.5,30034.75,-12.25,-26.0,STOP,5.2,25.75
1783366260,2026-07-06,1,12.566666666666666,0.0034602076124567,-2.186464602823338,NORMAL-CHOP,US,-0.25,12.566666666666666,25.133333333333333,30018.5,30005.25,-13.25,-28.0,STOP,4.7,17.75
1783367400,2026-07-06,1,14.35,0.2882703777335984,-5.092818989901308,BUILDING,US,-36.25,14.35,28.7,29986.75,29972.0,-14.75,-31.0,STOP,1.9,9.0
1783367640,2026-07-06,1,15.9,0.2776769509981851,-2.0681346655126704,BUILDING,US,-38.25,15.9,31.8,29965.25,29949.0,-16.25,-34.0,STOP,0.0,15.5
1783376100,2026-07-06,-1,9.533333333333331,0.0716981132075471,2.462856144946158,DEAD-CHOP,OVERNIGHT,-4.75,9.533333333333331,19.066666666666663,29963.0,29973.0,-10.0,-21.5,STOP,5.6,34.25
1783376820,2026-07-06,1,6.033333333333333,0.2955974842767295,-2.964495841792262,BUILDING,OVERNIGHT,-11.75,6.033333333333333,12.066666666666666,29955.0,29948.5,-6.5,-14.5,STOP,2.0,14.75
1783377600,2026-07-06,-1,7.183333333333334,0.1,2.165090268822544,DEAD-CHOP,OVERNIGHT,4.5,7.183333333333334,14.366666666666667,29964.75,29950.38,14.37,27.23,TARGET,2.6,75.75
1783378380,2026-07-06,1,9.666666666666666,0.5406976744186046,-2.960843860118477,BUILDING,OVERNIGHT,-46.5,9.666666666666666,19.333333333333332,29908.25,29898.25,-10.0,-21.5,STOP,1.6,21.5
1783378560,2026-07-06,-1,10.383333333333333,0.8161559888579387,2.080691202709883,BUILDING,OVERNIGHT,-73.25,10.383333333333333,20.766666666666666,29891.25,29902.5,-11.25,-24.0,STOP,1.4,19.25
1783379940,2026-07-06,1,8.916666666666666,0.6653386454183267,-2.3775637203486863,BUILDING,OVERNIGHT,-41.75,8.916666666666666,17.833333333333332,29878.5,29896.33,17.83,34.17,TARGET,4.5,28.75
1783380900,2026-07-06,-1,7.916666666666667,0.2231404958677686,2.2401699788578155,BUILDING,OVERNIGHT,13.5,7.916666666666667,15.833333333333334,29891.25,29875.42,15.83,30.17,TARGET,4.7,57.5
1783381260,2026-07-06,1,7.9,0.4177215189873418,-2.5735877090981587,BUILDING,OVERNIGHT,-24.75,7.9,15.8,29874.0,29865.75,-8.25,-18.0,STOP,0.7,8.25
1783381680,2026-07-06,-1,9.166666666666666,0.4492753623188406,2.234268298630675,BUILDING,OVERNIGHT,-31.0,9.166666666666666,18.333333333333332,29855.75,29837.42,18.33,35.17,TARGET,11.3,39.25
1783382820,2026-07-07,-1,13.816666666666666,0.2837837837837837,3.759644848212997,BUILDING,OVERNIGHT,21.0,13.816666666666666,27.633333333333333,29878.75,29851.12,27.63,53.77,TARGET,3.2,62.25
1783383120,2026-07-07,1,15.433333333333334,0.0554089709762532,-2.548350783092522,VIOLENT-WHIPSAW,OVERNIGHT,-5.25,15.433333333333334,30.866666666666667,29838.75,29823.0,-15.75,-33.0,STOP,2.1,78.0
1783383780,2026-07-07,-1,17.516666666666666,0.3543307086614173,2.383686570085859,BUILDING,OVERNIGHT,45.0,17.516666666666666,35.03333333333333,29908.0,29872.97,35.03,68.57,TARGET,4.8,100.0
1783386180,2026-07-07,-1,16.15,0.1747967479674796,2.2665558973699227,VIOLENT-WHIPSAW,OVERNIGHT,-21.5,16.15,32.3,29823.5,29791.2,32.3,63.1,TARGET,16.2,106.5
1783387260,2026-07-07,1,14.533333333333331,0.618421052631579,-3.56220962885114,CLEAN-TREND,OVERNIGHT,-47.0,14.533333333333331,29.066666666666663,29774.0,29759.0,-15.0,-31.5,STOP,2.9,35.0
1783387620,2026-07-07,-1,13.083333333333334,0.8826979472140762,2.446919172782189,CLEAN-TREND,OVERNIGHT,-75.25,13.083333333333334,26.166666666666668,29742.75,29756.25,-13.5,-28.5,STOP,7.2,25.75
1783392720,2026-07-07,-1,12.183333333333334,0.1715039577836411,2.1589103563303484,NORMAL-CHOP,OVERNIGHT,16.25,12.183333333333334,24.366666666666667,29763.75,29776.25,-12.5,-26.5,STOP,12.0,34.25
1783394160,2026-07-07,1,11.433333333333334,0.1026392961876832,-3.85003525380576,NORMAL-CHOP,OVERNIGHT,-8.75,11.433333333333334,22.866666666666667,29741.25,29729.5,-11.75,-25.0,STOP,4.5,11.0
1783394820,2026-07-07,1,11.866666666666667,0.6023054755043228,-2.1297566850559906,BUILDING,OVERNIGHT,-52.25,11.866666666666667,23.733333333333334,29713.5,29701.25,-12.25,-26.0,STOP,0.6,2.75
1783394940,2026-07-07,1,13.45,0.6820276497695853,-4.691359514374347,CLEAN-TREND,OVERNIGHT,-74.0,13.45,26.9,29685.0,29671.25,-13.75,-29.0,STOP,13.3,23.5
1783396020,2026-07-07,-1,13.816666666666666,0.4829268292682926,2.091021610989481,CLEAN-TREND,OVERNIGHT,-49.5,13.816666666666666,27.633333333333333,29650.75,29665.0,-14.25,-30.0,STOP,11.1,25.75
1783397100,2026-07-07,-1,13.983333333333333,0.323943661971831,2.201700317197324,BUILDING,OVERNIGHT,28.75,13.983333333333333,27.966666666666665,29678.5,29650.53,27.97,54.43,TARGET,6.4,62.75
1783397820,2026-07-07,1,12.4,0.3314447592067989,-2.2889830874619403,BUILDING,OVERNIGHT,-29.25,12.4,24.8,29628.25,29615.5,-12.75,-27.0,STOP,7.8,28.75
1783400520,2026-07-07,1,8.6,0.2650176678445229,-2.4497652247697013,BUILDING,OVERNIGHT,-18.75,8.6,17.2,29601.25,29592.25,-9.0,-19.5,STOP,4.4,32.5
1783403100,2026-07-07,-1,12.983333333333333,0.5574229691876751,2.449776426099465,CLEAN-TREND,OVERNIGHT,49.75,12.983333333333333,25.966666666666665,29664.0,29677.25,-13.25,-28.0,STOP,5.3,32.75
1783405200,2026-07-07,-1,11.383333333333333,0.1393939393939394,4.415167301595755,NORMAL-CHOP,OVERNIGHT,-11.5,11.383333333333333,22.766666666666666,29658.75,29670.5,-11.75,-25.0,STOP,0.9,13.0
1783407660,2026-07-07,-1,9.116666666666667,0.4113207547169811,2.699980780920735,BUILDING,PRE-OPEN,27.25,9.116666666666667,18.233333333333334,29697.5,29707.0,-9.5,-20.5,STOP,0.4,11.0
1783408560,2026-07-07,-1,13.4,0.3063291139240506,2.8523904752963163,BUILDING,PRE-OPEN,30.25,13.4,26.8,29727.0,29740.75,-13.75,-29.0,STOP,5.7,40.0
1783409700,2026-07-07,1,10.666666666666666,0.3040935672514619,-2.7030206178727614,BUILDING,PRE-OPEN,-26.0,10.666666666666666,21.333333333333332,29699.25,29688.25,-11.0,-23.5,STOP,9.4,8.25
1783411440,2026-07-07,1,11.716666666666669,0.3333333333333333,-2.686134940852963,BUILDING,PRE-OPEN,-29.5,11.716666666666669,23.433333333333337,29659.5,29647.25,-12.25,-26.0,STOP,1.4,50.25
1783412280,2026-07-07,-1,12.033333333333331,0.6266666666666667,2.820737014209579,BUILDING,PRE-OPEN,47.0,12.033333333333331,24.066666666666663,29693.75,29706.25,-12.5,-26.5,STOP,4.4,24.25
1783414380,2026-07-07,1,9.45,0.2592592592592592,-2.3299171654442814,BUILDING,PRE-OPEN,-19.25,9.45,18.9,29669.0,29659.25,-9.75,-21.0,STOP,5.3,24.75
1783414800,2026-07-07,1,10.233333333333333,0.5333333333333333,-2.203811762723424,BUILDING,PRE-OPEN,-40.0,10.233333333333333,20.466666666666665,29647.25,29667.72,20.47,39.43,TARGET,3.9,46.5
1783415280,2026-07-07,-1,10.833333333333334,0.1861198738170347,2.815514001459541,NORMAL-CHOP,PRE-OPEN,14.75,10.833333333333334,21.666666666666668,29683.75,29662.08,21.67,41.83,TARGET,19.9,54.0
1783416900,2026-07-07,1,9.066666666666666,0.7092511013215859,-3.114428504133354,BUILDING,PRE-OPEN,-40.25,9.066666666666666,18.133333333333333,29639.0,29657.13,18.13,34.77,TARGET,5.2,50.5
1783417620,2026-07-07,1,11.016666666666667,0.1830985915492957,-2.473689660193865,NORMAL-CHOP,PRE-OPEN,-16.25,11.016666666666667,22.033333333333335,29629.25,29651.28,22.03,42.57,TARGET,3.4,60.25
1783418460,2026-07-07,-1,9.85,0.5064102564102564,3.83262740275148,BUILDING,PRE-OPEN,39.5,9.85,19.7,29676.25,29686.5,-10.25,-22.0,STOP,1.4,42.25
1783419240,2026-07-07,1,11.483333333333333,0.2204724409448819,-2.616386779145015,BUILDING,PRE-OPEN,-14.0,11.483333333333333,22.966666666666665,29648.75,29671.72,22.97,44.43,TARGET,2.7,40.25
1783419480,2026-07-07,-1,11.316666666666666,0.0988372093023255,3.445956213440272,NORMAL-CHOP,PRE-OPEN,8.5,11.316666666666666,22.633333333333333,29686.5,29663.87,22.63,43.77,TARGET,11.8,42.75
1783422300,2026-07-07,-1,12.783333333333331,0.2136752136752136,2.5528057241452795,BUILDING,PRE-OPEN,-25.0,12.783333333333331,25.566666666666663,29611.75,29625.0,-13.25,-28.0,STOP,2.1,20.5
1783423920,2026-07-07,1,10.316666666666666,0.2680115273775216,-3.5838296828193936,BUILDING,PRE-OPEN,-23.25,10.316666666666666,20.633333333333333,29605.25,29594.5,-10.75,-23.0,STOP,2.2,58.5
1783424640,2026-07-07,-1,12.366666666666667,0.121813031161473,3.1169617531085843,NORMAL-CHOP,PRE-OPEN,-10.75,12.366666666666667,24.733333333333334,29621.25,29634.0,-12.75,-27.0,STOP,4.1,21.25
1783425600,2026-07-07,-1,11.516666666666667,0.2707182320441988,2.8579911474715067,BUILDING,PRE-OPEN,24.5,11.516666666666667,23.033333333333335,29648.25,29660.25,-12.0,-25.5,STOP,1.8,6.25
1783426020,2026-07-07,-1,14.0,0.6421052631578947,3.218985152477718,CLEAN-TREND,PRE-OPEN,76.25,14.0,28.0,29691.25,29705.5,-14.25,-30.0,STOP,2.1,33.0
1783426800,2026-07-07,1,13.866666666666667,0.0605326876513317,-2.126916924007741,NORMAL-CHOP,PRE-OPEN,-6.25,13.866666666666667,27.733333333333334,29671.75,29699.48,27.73,53.97,TARGET,19.8,36.5
1783428960,2026-07-07,-1,14.433333333333334,0.5042016806722689,2.192580113819557,CLEAN-TREND,PRE-OPEN,-60.0,14.433333333333334,28.866666666666667,29629.5,29644.25,-14.75,-31.0,STOP,2.9,41.75
1783429200,2026-07-07,1,13.133333333333333,0.3420365535248041,-2.305494848566204,BUILDING,PRE-OPEN,-32.75,13.133333333333333,26.266666666666666,29645.25,29631.75,-13.5,-28.5,STOP,0.2,41.0
1783429440,2026-07-07,1,12.683333333333334,0.323943661971831,-2.48264362670024,BUILDING,PRE-OPEN,-23.0,12.683333333333334,25.366666666666667,29622.5,29647.87,25.37,49.23,TARGET,3.0,63.75
1783430700,2026-07-07,1,14.3,0.42997542997543,-5.177793207139026,CLEAN-TREND,PRE-OPEN,-43.75,14.3,28.6,29592.25,29577.5,-14.75,-31.0,STOP,4.0,94.0
1783431120,2026-07-07,1,27.78333333333333,0.062111801242236,-6.537807750613098,VIOLENT-WHIPSAW,US,-10.0,27.78333333333333,55.56666666666666,29608.75,29580.5,-28.25,-58.0,STOP,0.2,1.5
1783431240,2026-07-07,1,33.63333333333333,0.4044823906083244,-3.5035882620157683,CLEAN-TREND,US,-94.75,33.63333333333333,67.26666666666667,29529.5,29495.5,-34.0,-69.5,STOP,3.7,77.0
1783431540,2026-07-07,-1,46.81666666666667,0.1853512705530642,3.0845370782082058,VIOLENT-WHIPSAW,US,-62.0,46.81666666666667,93.63333333333334,29543.25,29590.5,-47.25,-96.0,STOP,1.1,129.75
1783431720,2026-07-07,1,53.71666666666667,0.0702113156100886,-2.9280878326180706,VIOLENT-WHIPSAW,US,-25.75,53.71666666666667,107.43333333333334,29563.5,29509.5,-54.0,-109.5,STOP,6.7,43.0
1783432260,2026-07-07,1,49.73333333333333,0.1278195488721804,-3.7357297293807736,VIOLENT-WHIPSAW,US,-42.5,49.73333333333333,99.46666666666665,29507.5,29457.5,-50.0,-101.5,STOP,2.1,31.5
1783432740,2026-07-07,-1,41.333333333333336,0.4889103182256509,4.619893371678022,CLEAN-TREND,US,-126.75,41.333333333333336,82.66666666666667,29469.5,29386.83,82.67,163.83,TARGET,11.9,210.0
1783433640,2026-07-07,1,38.71666666666667,0.5397667020148462,-2.487288063489944,CLEAN-TREND,US,-127.25,38.71666666666667,77.43333333333334,29343.25,29304.25,-39.0,-79.5,STOP,8.3,34.75
1783434900,2026-07-07,1,31.683333333333334,0.413516609392898,-2.7979343613089216,CLEAN-TREND,US,-90.25,31.683333333333334,63.36666666666667,29248.75,29216.75,-32.0,-65.5,STOP,6.1,80.75
1783436460,2026-07-07,1,27.4,0.193717277486911,-2.5875918934272057,VIOLENT-WHIPSAW,US,27.75,27.4,54.8,29300.75,29355.55,54.8,108.1,TARGET,11.9,57.0
1783439100,2026-07-07,-1,24.383333333333333,0.3174061433447099,2.2839085710309885,BUILDING,US,46.5,24.383333333333333,48.766666666666666,29351.25,29376.0,-24.75,-51.0,STOP,2.5,19.5
1783441140,2026-07-07,-1,20.266666666666666,0.3576642335766423,2.4864983459689123,BUILDING,US,49.0,20.266666666666666,40.53333333333333,29468.25,29489.0,-20.75,-43.0,STOP,0.1,1.5
1783441320,2026-07-07,-1,21.05,0.5619047619047619,2.068770547657156,CLEAN-TREND,US,103.25,21.05,42.1,29529.5,29551.0,-21.5,-44.5,STOP,7.5,43.5
1783448340,2026-07-07,1,13.55,0.0956521739130434,-3.224305251640652,NORMAL-CHOP,US,-8.25,13.55,27.1,29543.25,29529.25,-14.0,-29.5,STOP,7.9,17.75
1783449000,2026-07-07,1,14.333333333333334,0.5448275862068965,-5.259883864310644,CLEAN-TREND,US,-39.5,14.333333333333334,28.666666666666668,29516.25,29501.5,-14.75,-31.0,STOP,2.7,15.25
1783450140,2026-07-07,1,18.73333333333333,0.4474226804123711,-7.309614635430606,CLEAN-TREND,US,-54.25,18.73333333333333,37.46666666666666,29452.0,29433.0,-19.0,-39.5,STOP,0.6,4.5
1783450260,2026-07-07,1,19.183333333333334,0.5954631379962193,-3.0908288263791053,CLEAN-TREND,US,-78.75,19.183333333333334,38.36666666666667,29423.5,29404.0,-19.5,-40.5,STOP,1.9,4.0
1783450800,2026-07-07,1,23.15,0.6774193548387096,-2.0479102913319687,CLEAN-TREND,US,-94.5,23.15,46.3,29372.5,29349.0,-23.5,-48.5,STOP,7.6,38.25
1783462500,2026-07-07,-1,14.316666666666666,0.5603217158176944,2.192146609554337,CLEAN-TREND,OVERNIGHT,52.25,14.316666666666666,28.633333333333333,29381.25,29396.0,-14.75,-31.0,STOP,24.7,17.75
1783465380,2026-07-07,1,10.133333333333333,0.2888888888888888,-5.231239240946203,BUILDING,OVERNIGHT,-26.0,10.133333333333333,20.266666666666666,29368.5,29388.77,20.27,39.03,TARGET,1.9,38.5
1783467120,2026-07-07,1,9.083333333333334,0.0341880341880341,-2.1001435108872264,DEAD-CHOP,OVERNIGHT,-2.0,9.083333333333334,18.166666666666668,29387.5,29378.0,-9.5,-20.5,STOP,2.2,1.0
1783467480,2026-07-07,1,10.65,0.6428571428571429,-2.43967644331405,BUILDING,OVERNIGHT,-45.0,10.65,21.3,29349.25,29338.25,-11.0,-23.5,STOP,5.2,35.0
1783468860,2026-07-08,-1,16.35,0.4560669456066946,2.5413258118466877,CLEAN-TREND,OVERNIGHT,-54.5,16.35,32.7,29282.0,29299.0,-17.0,-35.5,STOP,1.8,9.0
1783469100,2026-07-08,1,19.966666666666665,0.1733333333333333,-3.5284490430791973,VIOLENT-WHIPSAW,OVERNIGHT,29.25,19.966666666666665,39.93333333333333,29360.75,29400.68,39.93,78.37,TARGET,3.9,117.5
1783470120,2026-07-08,-1,24.35,0.3656509695290859,3.165703363430874,BUILDING,OVERNIGHT,66.0,24.35,48.7,29430.0,29454.75,-24.75,-51.0,STOP,1.3,22.0
1783470480,2026-07-08,1,20.1,0.3460207612456747,-2.7931247905924965,BUILDING,OVERNIGHT,50.0,20.1,40.2,29465.5,29445.0,-20.5,-42.5,STOP,0.8,78.25
1783471500,2026-07-08,-1,18.466666666666665,0.4971428571428571,2.5444004726074416,CLEAN-TREND,OVERNIGHT,87.0,18.466666666666665,36.93333333333333,29530.0,29548.75,-18.75,-39.0,STOP,15.3,35.5
1783474020,2026-07-08,1,13.9,0.4739130434782608,-2.1141471224946797,CLEAN-TREND,OVERNIGHT,-54.5,13.9,27.8,29490.75,29476.5,-14.25,-30.0,STOP,3.2,4.0
1783475100,2026-07-08,-1,20.48333333333333,0.0213333333333333,2.3102046619158183,VIOLENT-WHIPSAW,OVERNIGHT,-4.0,20.48333333333333,40.96666666666666,29473.75,29432.78,40.97,80.43,TARGET,9.1,86.25
1783477140,2026-07-08,-1,17.066666666666666,0.1139240506329113,2.822338343170234,VIOLENT-WHIPSAW,OVERNIGHT,15.75,17.066666666666666,34.13333333333333,29424.5,29442.0,-17.5,-36.5,STOP,4.8,25.5
1783477620,2026-07-08,1,17.233333333333334,0.2536348949919224,-3.884726395831369,BUILDING,OVERNIGHT,39.25,17.233333333333334,34.46666666666667,29441.0,29423.5,-17.5,-36.5,STOP,1.9,34.5
1783478760,2026-07-08,1,12.25,0.4782608695652174,-2.237467768095055,BUILDING,OVERNIGHT,44.0,12.25,24.5,29461.5,29449.0,-12.5,-26.5,STOP,5.1,36.0
1783480980,2026-07-08,-1,10.25,0.3206106870229007,5.29961164077573,BUILDING,OVERNIGHT,21.0,10.25,20.5,29496.5,29507.0,-10.5,-22.5,STOP,2.0,29.0
1783481520,2026-07-08,1,10.533333333333331,0.3664596273291925,-2.068606640664325,BUILDING,OVERNIGHT,29.5,10.533333333333331,21.066666666666663,29513.25,29502.25,-11.0,-23.5,STOP,2.4,4.5
1783481940,2026-07-08,1,10.1,0.0519031141868512,-2.0923870459823144,DEAD-CHOP,OVERNIGHT,3.75,10.1,20.2,29505.5,29495.0,-10.5,-22.5,STOP,0.5,0.75
1783483200,2026-07-08,1,9.25,0.5426008968609866,-2.659753037092298,BUILDING,OVERNIGHT,-30.25,9.25,18.5,29456.75,29447.25,-9.5,-20.5,STOP,10.9,12.5
1783484580,2026-07-08,-1,10.533333333333331,0.0945945945945946,2.40158830082146,NORMAL-CHOP,OVERNIGHT,-7.0,10.533333333333331,21.066666666666663,29455.75,29434.68,21.07,40.63,TARGET,7.1,67.0
1783486500,2026-07-08,1,12.6,0.2887828162291169,-2.088774744298726,BUILDING,OVERNIGHT,-30.25,12.6,25.2,29382.0,29407.2,25.2,48.9,TARGET,2.3,65.25
1783486800,2026-07-08,-1,13.716666666666669,0.2430278884462151,2.7705289017180585,BUILDING,OVERNIGHT,30.5,13.716666666666669,27.433333333333337,29431.25,29403.82,27.43,53.37,TARGET,2.5,62.25
1783490580,2026-07-08,1,13.2,0.1519274376417233,-2.449590311979265,NORMAL-CHOP,OVERNIGHT,16.75,13.2,26.4,29341.5,29328.0,-13.5,-28.5,STOP,16.5,22.75
1783491660,2026-07-08,1,12.016666666666667,0.1154929577464788,-3.07333973084861,NORMAL-CHOP,OVERNIGHT,-10.25,12.016666666666667,24.033333333333335,29333.0,29357.03,24.03,46.57,TARGET,3.1,25.75
1783492440,2026-07-08,1,15.033333333333331,0.3381995133819951,-3.1374317261606315,BUILDING,OVERNIGHT,-34.75,15.033333333333331,30.066666666666663,29303.75,29288.25,-15.5,-32.5,STOP,9.1,48.25
1783494180,2026-07-08,-1,12.95,0.1420612813370473,2.0305991971743107,NORMAL-CHOP,PRE-OPEN,-12.75,12.95,25.9,29303.0,29316.25,-13.25,-28.0,STOP,7.8,22.5
1783495020,2026-07-08,-1,15.066666666666666,0.1858407079646017,2.6852136905360084,NORMAL-CHOP,PRE-OPEN,-15.75,15.066666666666666,30.133333333333333,29285.5,29301.0,-15.5,-32.5,STOP,1.5,4.5
1783498620,2026-07-08,1,25.25,0.3739669421487603,-5.7901986375348375,BUILDING,PRE-OPEN,-90.5,25.25,50.5,29272.0,29246.5,-25.5,-52.5,STOP,2.6,31.0
1783498860,2026-07-08,1,32.3,0.4116541353383459,-2.55047703348688,CLEAN-TREND,PRE-OPEN,-109.5,32.3,64.6,29240.0,29207.25,-32.75,-67.0,STOP,1.6,6.75
1783499220,2026-07-08,-1,40.266666666666666,0.7700258397932817,6.28004040783679,CLEAN-TREND,PRE-OPEN,-298.0,40.266666666666666,80.53333333333333,29102.25,29021.72,80.53,159.57,TARGET,8.1,144.5
1783501680,2026-07-08,1,25.8,0.7043941411451398,-2.8402028997674207,CLEAN-TREND,PRE-OPEN,-132.25,25.8,51.6,28953.0,28926.75,-26.25,-54.0,STOP,5.3,58.25
1783508640,2026-07-08,1,15.15,0.375,-5.708007697137407,BUILDING,PRE-OPEN,-48.0,15.15,30.3,28994.75,28979.0,-15.75,-33.0,STOP,6.8,30.25
1783510980,2026-07-08,-1,21.03333333333333,0.6041979010494752,9.44516041185218,CLEAN-TREND,PRE-OPEN,100.75,21.03333333333333,42.06666666666666,29091.25,29113.25,-22.0,-45.5,STOP,0.2,37.5
1783511820,2026-07-08,-1,30.9,0.2906976744186046,2.275095695433305,BUILDING,PRE-OPEN,75.0,30.9,61.8,29078.25,29109.5,-31.25,-64.0,STOP,6.8,24.5
1783515900,2026-07-08,-1,22.516666666666666,0.0348101265822784,5.099992256679891,VIOLENT-WHIPSAW,PRE-OPEN,-5.5,22.516666666666666,45.03333333333333,29183.0,29206.0,-23.0,-47.5,STOP,6.9,29.5
1783517100,2026-07-08,1,18.866666666666667,0.0136157337367624,-2.1117081204442862,VIOLENT-WHIPSAW,PRE-OPEN,-2.25,18.866666666666667,37.733333333333334,29172.75,29210.48,37.73,73.97,TARGET,2.0,226.25
1783517400,2026-07-08,-1,24.766666666666666,0.2764786795048143,10.517537145111003,BUILDING,US,50.25,24.766666666666666,49.53333333333333,29255.0,29280.25,-25.25,-52.0,STOP,0.6,33.25
1783517520,2026-07-08,-1,30.166666666666668,0.4305239179954442,3.009891186168621,CLEAN-TREND,US,94.5,30.166666666666668,60.333333333333336,29313.75,29344.25,-30.5,-62.5,STOP,7.1,59.75
1783518120,2026-07-08,1,51.05,0.4091971940763835,-2.393796227098366,CLEAN-TREND,US,131.25,51.05,102.1,29336.5,29285.0,-51.5,-104.5,STOP,27.5,62.5
1783520400,2026-07-08,-1,40.23333333333333,0.1516436903499469,3.31216250522034,VIOLENT-WHIPSAW,US,-35.75,40.23333333333333,80.46666666666665,29301.75,29342.25,-40.5,-82.5,STOP,0.3,150.5
1783520820,2026-07-08,1,45.96666666666667,0.2368647717484927,-3.325529100087634,BUILDING,US,68.75,45.96666666666667,91.93333333333334,29322.0,29275.75,-46.25,-94.0,STOP,5.4,14.75
1783521420,2026-07-08,-1,41.61666666666667,0.2405286343612334,2.255604742177309,BUILDING,US,-68.25,41.61666666666667,83.23333333333333,29290.0,29206.77,83.23,164.97,TARGET,9.0,138.75
1783522380,2026-07-08,-1,39.38333333333333,0.0381282495667244,2.79342783283688,VIOLENT-WHIPSAW,US,-11.0,39.38333333333333,78.76666666666667,29263.0,29184.23,78.77,156.03,TARGET,10.3,197.5
1783526700,2026-07-08,-1,25.616666666666667,0.3871951219512195,2.972524116709597,BUILDING,US,63.5,25.616666666666667,51.233333333333334,29151.25,29177.25,-26.0,-53.5,STOP,4.0,25.25
1783528200,2026-07-08,-1,23.883333333333333,0.6077348066298343,2.2321534002414527,CLEAN-TREND,US,110.0,23.883333333333333,47.766666666666666,29310.25,29262.48,47.77,94.03,TARGET,5.4,63.5
1783528740,2026-07-08,-1,26.316666666666663,0.249626307922272,3.458766969420448,BUILDING,US,41.75,26.316666666666663,52.633333333333326,29297.5,29324.25,-26.75,-55.0,STOP,0.7,22.0
1783531260,2026-07-08,-1,19.75,0.1650853889943074,2.575822114949629,VIOLENT-WHIPSAW,US,21.75,19.75,39.5,29398.5,29418.5,-20.0,-41.5,STOP,2.2,52.25
1783533600,2026-07-08,-1,22.03333333333333,0.0493827160493827,2.145277873939533,VIOLENT-WHIPSAW,US,8.0,22.03333333333333,44.06666666666666,29373.5,29396.0,-22.5,-46.5,STOP,0.6,20.5
1783539060,2026-07-08,1,16.616666666666667,0.1371681415929203,-2.6891480758632698,VIOLENT-WHIPSAW,US,15.5,16.616666666666667,33.233333333333334,29403.5,29386.5,-17.0,-35.5,STOP,15.8,96.5
1783540440,2026-07-08,-1,19.116666666666667,0.3447619047619047,2.9032370192123333,BUILDING,US,45.25,19.116666666666667,38.233333333333334,29459.75,29479.25,-19.5,-40.5,STOP,2.1,73.5
1783540740,2026-07-08,1,23.23333333333333,0.2357473035439137,-5.53717363552684,BUILDING,US,38.25,23.23333333333333,46.46666666666666,29459.5,29436.0,-23.5,-48.5,STOP,1.1,9.5
1783550040,2026-07-08,-1,11.15,0.0965732087227414,3.972061479752888,NORMAL-CHOP,OVERNIGHT,7.75,11.15,22.3,29433.0,29410.7,22.3,43.1,TARGET,6.1,27.25
1783551960,2026-07-08,-1,9.266666666666667,0.5357142857142857,5.742543675650814,BUILDING,OVERNIGHT,37.5,9.266666666666667,18.533333333333335,29449.25,29430.72,18.53,35.57,TARGET,9.7,54.25
1783552620,2026-07-08,1,9.4,0.1582491582491582,-4.481741695299074,DEAD-CHOP,OVERNIGHT,-11.75,9.4,18.8,29414.5,29404.75,-9.75,-21.0,STOP,2.0,85.0
1783553580,2026-07-08,-1,11.566666666666666,0.2235872235872235,3.1985655627566936,BUILDING,OVERNIGHT,22.75,11.566666666666666,23.133333333333333,29438.75,29450.75,-12.0,-25.5,STOP,1.5,8.75
1783553760,2026-07-08,-1,16.35,0.345565749235474,3.141665014121907,BUILDING,OVERNIGHT,56.5,16.35,32.7,29459.0,29475.75,-16.75,-35.0,STOP,7.5,16.75
1783555260,2026-07-09,1,15.283333333333331,0.3677419354838709,-3.138569416408265,BUILDING,OVERNIGHT,28.5,15.283333333333331,30.566666666666663,29505.75,29536.32,30.57,59.63,TARGET,2.1,76.75
1783555560,2026-07-09,-1,17.033333333333335,0.6287128712871287,2.0571726593514827,CLEAN-TREND,OVERNIGHT,63.5,17.033333333333335,34.06666666666667,29538.25,29555.75,-17.5,-36.5,STOP,4.6,19.5
1783556460,2026-07-09,-1,16.9,0.0743405275779376,2.709602721100417,VIOLENT-WHIPSAW,OVERNIGHT,7.75,16.9,33.8,29545.25,29562.5,-17.25,-36.0,STOP,7.4,33.75
1783561380,2026-07-09,-1,15.083333333333334,0.0467706013363029,2.7180063646085197,NORMAL-CHOP,OVERNIGHT,-5.25,15.083333333333334,30.166666666666668,29516.5,29532.0,-15.5,-32.5,STOP,0.9,90.25
1783562100,2026-07-09,1,15.6,0.3636363636363636,-2.45182822627823,BUILDING,OVERNIGHT,-42.0,15.6,31.2,29467.5,29451.5,-16.0,-33.5,STOP,0.5,110.75
1783562940,2026-07-09,1,19.466666666666665,0.2207293666026871,-2.588594732058686,BUILDING,OVERNIGHT,28.75,19.466666666666665,38.93333333333333,29506.75,29545.68,38.93,76.37,TARGET,8.7,71.5
1783563660,2026-07-09,-1,19.08333333333333,0.7235494880546075,5.031563238074688,CLEAN-TREND,OVERNIGHT,106.0,19.08333333333333,38.16666666666666,29565.25,29527.08,38.17,74.83,TARGET,4.1,134.25
1783565460,2026-07-09,1,14.8,0.5073891625615764,-2.293614037975932,CLEAN-TREND,OVERNIGHT,-51.5,14.8,29.6,29439.75,29424.5,-15.25,-32.0,STOP,0.7,12.75
1783567080,2026-07-09,1,15.6,0.0954773869346733,-3.7129146951995744,VIOLENT-WHIPSAW,OVERNIGHT,-9.5,15.6,31.2,29405.5,29436.7,31.2,60.9,TARGET,3.5,111.25
1783571520,2026-07-09,-1,12.066666666666666,0.2224938875305623,2.1823095914325368,BUILDING,OVERNIGHT,22.75,12.066666666666666,24.133333333333333,29526.75,29539.25,-12.5,-26.5,STOP,11.5,18.0
1783573560,2026-07-09,-1,10.9,0.3049645390070922,2.5956730658678158,BUILDING,OVERNIGHT,-21.5,10.9,21.8,29517.25,29528.5,-11.25,-24.0,STOP,2.7,43.0
1783573860,2026-07-09,-1,15.233333333333333,0.2791666666666667,19.33821135533582,BUILDING,OVERNIGHT,33.5,15.233333333333333,30.466666666666665,29578.5,29548.03,30.47,59.43,TARGET,5.0,104.25
1783576680,2026-07-09,-1,12.45,0.7766749379652605,2.067301090726116,CLEAN-TREND,OVERNIGHT,78.25,12.45,24.9,29604.75,29579.85,24.9,48.3,TARGET,7.1,32.75
1783581240,2026-07-09,-1,15.15,0.4214463840399002,3.827664446568054,CLEAN-TREND,PRE-OPEN,42.25,15.15,30.3,29655.75,29671.25,-15.5,-32.5,STOP,28.4,17.25
1783583580,2026-07-09,1,11.083333333333334,0.6109422492401215,-2.1908194410099218,BUILDING,PRE-OPEN,50.25,11.083333333333334,22.166666666666668,29698.75,29687.25,-11.5,-24.5,STOP,1.0,37.25
1783584000,2026-07-09,1,10.283333333333331,0.085173501577287,-3.022672007721822,NORMAL-CHOP,PRE-OPEN,-6.75,10.283333333333331,20.566666666666663,29670.0,29690.57,20.57,39.63,TARGET,2.1,66.0
1783584300,2026-07-09,1,12.95,0.2570194384449244,-3.066695892563483,BUILDING,PRE-OPEN,29.75,12.95,25.9,29726.75,29713.5,-13.25,-28.0,STOP,1.9,9.25
1783584900,2026-07-09,-1,14.366666666666667,0.3777777777777777,2.444537331363189,BUILDING,PRE-OPEN,46.75,14.366666666666667,28.733333333333334,29716.25,29731.0,-14.75,-31.0,STOP,1.1,59.0
1783586640,2026-07-09,-1,11.616666666666667,0.25,2.461973271721347,BUILDING,PRE-OPEN,-21.0,11.616666666666667,23.233333333333334,29678.0,29654.77,23.23,44.97,TARGET,1.3,48.75
1783590060,2026-07-09,1,13.85,0.3916083916083916,-5.731637825720588,BUILDING,PRE-OPEN,-28.0,13.85,27.7,29623.5,29651.2,27.7,53.9,TARGET,20.0,33.5
1783593900,2026-07-09,1,9.683333333333334,0.1555555555555555,-3.746278541975612,DEAD-CHOP,PRE-OPEN,-8.75,9.683333333333334,19.366666666666667,29631.5,29621.5,-10.0,-21.5,STOP,0.2,0.0
1783594320,2026-07-09,1,12.266666666666667,0.7616822429906542,-6.635491075541001,BUILDING,PRE-OPEN,-81.5,12.266666666666667,24.533333333333335,29574.5,29599.03,24.53,47.57,TARGET,6.2,62.0
1783595040,2026-07-09,1,14.4,0.1148936170212766,-2.2557350616750407,NORMAL-CHOP,PRE-OPEN,13.5,14.4,28.8,29618.25,29603.25,-15.0,-31.5,STOP,1.2,52.25
1783596600,2026-07-09,1,14.25,0.3251231527093596,-3.011288696352452,BUILDING,PRE-OPEN,33.0,14.25,28.5,29632.0,29660.5,28.5,55.5,TARGET,1.5,88.75
1783597020,2026-07-09,-1,15.05,0.3333333333333333,4.231331810020419,BUILDING,PRE-OPEN,37.75,15.05,30.1,29650.75,29666.25,-15.5,-32.5,STOP,1.6,1.5
1783597380,2026-07-09,-1,15.333333333333334,0.3914590747330961,2.3075503296504003,BUILDING,PRE-OPEN,55.0,15.333333333333334,30.666666666666668,29688.0,29703.75,-15.75,-33.0,STOP,4.8,13.5
1783597740,2026-07-09,1,14.35,0.3678756476683937,-9.698213732045984,BUILDING,PRE-OPEN,35.5,14.35,28.7,29702.0,29687.0,-15.0,-31.5,STOP,10.7,30.5
1783598760,2026-07-09,-1,13.85,0.1863636363636363,2.3890928323660456,NORMAL-CHOP,PRE-OPEN,-20.5,13.85,27.7,29694.25,29708.5,-14.25,-30.0,STOP,1.2,4.0
1783599900,2026-07-09,-1,11.416666666666666,0.2170542635658914,2.0752981174353877,BUILDING,PRE-OPEN,14.0,11.416666666666666,22.833333333333332,29735.0,29746.75,-11.75,-25.0,STOP,1.3,19.5
1783600980,2026-07-09,1,12.916666666666666,0.1428571428571428,-2.418120721276209,NORMAL-CHOP,PRE-OPEN,14.75,12.916666666666666,25.833333333333332,29751.5,29738.25,-13.25,-28.0,STOP,2.1,4.25
1783603500,2026-07-09,-1,11.8,0.0031746031746031,3.136399375000788,NORMAL-CHOP,PRE-OPEN,0.25,11.8,23.6,29736.75,29749.25,-12.5,-26.5,STOP,1.9,65.25
1783603680,2026-07-09,1,13.566666666666666,0.0408719346049046,-4.414500614499395,NORMAL-CHOP,PRE-OPEN,-3.75,13.566666666666666,27.133333333333333,29748.75,29734.75,-14.0,-29.5,STOP,0.2,161.75
1783603800,2026-07-09,1,18.3,0.4074074074074074,-2.9271408141358983,CLEAN-TREND,US,-55.0,18.3,36.6,29693.0,29729.6,36.6,71.7,TARGET,0.5,230.0
1783603920,2026-07-09,1,22.133333333333333,0.4186046511627907,-2.4398798288519306,CLEAN-TREND,US,-54.0,22.133333333333333,44.266666666666666,29697.5,29741.77,44.27,87.03,TARGET,1.0,225.5
1783604160,2026-07-09,1,30.53333333333333,0.3051428571428571,-3.678725204446108,BUILDING,US,66.75,30.53333333333333,61.06666666666666,29804.0,29865.07,61.07,120.63,TARGET,5.6,119.0
1783604700,2026-07-09,-1,34.93333333333333,0.6847826086956522,3.9806849581574713,CLEAN-TREND,US,189.0,34.93333333333333,69.86666666666666,29883.25,29813.38,69.87,138.23,TARGET,3.4,172.75
1783605060,2026-07-09,-1,32.6,0.2598290598290598,21.25494807351677,BUILDING,US,76.0,32.6,65.2,29880.75,29913.75,-33.0,-67.5,STOP,7.9,267.0
1783607460,2026-07-09,1,41.95,0.081081081081081,-2.099907208761268,VIOLENT-WHIPSAW,US,-25.5,41.95,83.9,29704.25,29788.15,83.9,166.3,TARGET,9.6,118.0
1783615200,2026-07-09,-1,14.266666666666667,0.0641025641025641,2.1367425979772734,NORMAL-CHOP,US,7.5,14.266666666666667,28.533333333333335,29909.0,29923.75,-14.75,-31.0,STOP,25.4,23.75
1783617000,2026-07-09,-1,12.65,0.6623376623376623,2.7373393566436928,CLEAN-TREND,US,63.75,12.65,25.3,29961.75,29974.75,-13.0,-27.5,STOP,8.0,10.75
1783619880,2026-07-09,1,9.083333333333334,0.1924882629107981,-5.954689563554647,DEAD-CHOP,US,-10.25,9.083333333333334,18.166666666666668,29965.25,29983.42,18.17,34.83,TARGET,9.3,19.5
1783623300,2026-07-09,1,9.083333333333334,0.1764705882352941,-2.22348402417582,DEAD-CHOP,US,-9.75,9.083333333333334,18.166666666666668,29936.25,29926.75,-9.5,-20.5,STOP,4.4,21.5
1783623960,2026-07-09,-1,11.35,0.2521739130434782,3.1396158858102505,BUILDING,US,-21.75,11.35,22.7,29930.25,29907.55,22.7,43.9,TARGET,8.3,25.75
1783624620,2026-07-09,-1,12.133333333333333,0.1402439024390244,2.0892701270602365,NORMAL-CHOP,US,11.5,12.133333333333333,24.266666666666666,29932.25,29944.75,-12.5,-26.5,STOP,0.5,22.25
1783625100,2026-07-09,1,12.15,0.1804123711340206,-2.038853159695613,NORMAL-CHOP,US,17.5,12.15,24.3,29935.75,29923.25,-12.5,-26.5,STOP,4.0,14.25
1783626600,2026-07-09,1,11.6,0.0662824207492795,-3.33608606739504,NORMAL-CHOP,US,-5.75,11.6,23.2,29923.75,29911.75,-12.0,-25.5,STOP,2.6,50.0
1783626840,2026-07-09,1,12.7,0.4757834757834758,-2.913645853117743,CLEAN-TREND,US,-41.75,12.7,25.4,29898.5,29923.9,25.4,49.3,TARGET,0.0,75.25
1783635540,2026-07-09,1,11.416666666666666,0.2700296735905044,-13.152730405333244,BUILDING,OVERNIGHT,-22.75,11.416666666666666,22.833333333333332,29918.25,29906.5,-11.75,-25.0,STOP,7.2,8.75
1783638060,2026-07-09,1,7.383333333333334,0.0761421319796954,-2.764920120857193,DEAD-CHOP,OVERNIGHT,-3.75,7.383333333333334,14.766666666666667,29914.25,29929.02,14.77,28.03,TARGET,2.5,50.5
1783639080,2026-07-09,-1,7.15,0.5025380710659898,2.353432813433515,BUILDING,OVERNIGHT,24.75,7.15,14.3,29942.0,29949.5,-7.5,-16.5,STOP,0.3,11.75
1783641240,2026-07-09,-1,8.433333333333334,0.096045197740113,2.4595098815411647,DEAD-CHOP,OVERNIGHT,-4.25,8.433333333333334,16.866666666666667,29949.5,29958.25,-8.75,-19.0,STOP,2.0,116.0
1783641660,2026-07-10,1,12.883333333333333,0.3411078717201166,-2.642506306063248,BUILDING,OVERNIGHT,-29.25,12.883333333333333,25.766666666666666,29907.25,29894.0,-13.25,-28.0,STOP,0.1,9.25
1783641840,2026-07-10,-1,14.75,0.2689295039164491,2.5570468381165345,BUILDING,OVERNIGHT,-25.75,14.75,29.5,29907.25,29877.75,29.5,57.5,TARGET,2.9,100.0
1783642200,2026-07-10,1,20.916666666666668,0.5555555555555556,-3.844333793145799,CLEAN-TREND,OVERNIGHT,-90.0,20.916666666666668,41.833333333333336,29861.25,29903.08,41.83,82.17,TARGET,4.2,42.0
1783642980,2026-07-10,1,19.08333333333333,0.2295345104333868,-2.692920789782229,BUILDING,OVERNIGHT,-35.75,19.08333333333333,38.16666666666666,29848.0,29828.5,-19.5,-40.5,STOP,1.2,0.75
1783645260,2026-07-10,1,11.966666666666669,0.1376146788990825,-2.470338945217305,NORMAL-CHOP,OVERNIGHT,15.0,11.966666666666669,23.933333333333337,29845.0,29832.75,-12.25,-26.0,STOP,2.7,32.75
1783650600,2026-07-10,-1,10.45,0.1475409836065573,2.061408177058164,NORMAL-CHOP,OVERNIGHT,13.5,10.45,20.9,29887.75,29898.75,-11.0,-23.5,STOP,2.2,1.25
1783650900,2026-07-10,-1,9.933333333333334,0.2918032786885245,2.645748631785263,BUILDING,OVERNIGHT,22.25,9.933333333333334,19.866666666666667,29890.75,29901.25,-10.5,-22.5,STOP,2.5,0.75
1783651620,2026-07-10,-1,9.133333333333333,0.5338983050847458,4.408434054920789,BUILDING,OVERNIGHT,31.5,9.133333333333333,18.266666666666666,29925.25,29934.75,-9.5,-20.5,STOP,3.0,4.0
1783652340,2026-07-10,-1,9.533333333333331,0.574750830564784,2.112674195841655,BUILDING,OVERNIGHT,43.25,9.533333333333331,19.066666666666663,29951.75,29961.75,-10.0,-21.5,STOP,7.5,30.0
1783659000,2026-07-10,1,7.716666666666667,0.2037914691943128,-3.165931785318654,BUILDING,OVERNIGHT,-10.75,7.716666666666667,15.433333333333334,29902.0,29894.0,-8.0,-17.5,STOP,1.2,0.25
1783660440,2026-07-10,-1,8.45,0.0150753768844221,2.0093492829236896,DEAD-CHOP,OVERNIGHT,0.75,8.45,16.9,29882.25,29891.0,-8.75,-19.0,STOP,0.4,34.75
1783660800,2026-07-10,1,8.883333333333333,0.1551724137931034,-2.3685569382662965,DEAD-CHOP,OVERNIGHT,9.0,8.883333333333333,17.766666666666666,29886.5,29877.25,-9.25,-20.0,STOP,0.5,0.5
1783661400,2026-07-10,1,9.483333333333333,0.4545454545454545,-3.835253955967987,BUILDING,OVERNIGHT,-28.75,9.483333333333333,18.966666666666665,29866.5,29856.75,-9.75,-21.0,STOP,11.4,14.75
1783663320,2026-07-10,1,9.35,0.232258064516129,-2.042785880092488,BUILDING,OVERNIGHT,-18.0,9.35,18.7,29851.75,29841.75,-10.0,-21.5,STOP,1.4,3.25
1783663500,2026-07-10,-1,9.933333333333334,0.1793313069908814,2.257678091177602,DEAD-CHOP,OVERNIGHT,-14.75,9.933333333333334,19.866666666666667,29843.5,29823.63,19.87,38.23,TARGET,5.2,68.0
1783664460,2026-07-10,1,10.5,0.5642857142857143,-5.5219291632817376,BUILDING,OVERNIGHT,-39.5,10.5,21.0,29794.5,29783.75,-10.75,-23.0,STOP,1.8,36.75
1783664700,2026-07-10,-1,9.933333333333334,0.7974683544303798,2.2952808044431774,BUILDING,OVERNIGHT,-47.25,9.933333333333334,19.866666666666667,29784.0,29794.25,-10.25,-22.0,STOP,4.1,3.5
1783665240,2026-07-10,-1,12.3,0.0121065375302663,2.0688432329301203,NORMAL-CHOP,OVERNIGHT,-1.25,12.3,24.6,29812.0,29787.4,24.6,47.7,TARGET,4.2,25.25
1783666800,2026-07-10,1,7.95,0.2489082969432314,-2.0732515931381363,BUILDING,PRE-OPEN,-14.25,7.95,15.9,29807.0,29822.9,15.9,30.3,TARGET,4.2,19.0
1783667820,2026-07-10,-1,12.116666666666667,0.1011764705882353,2.433618766887708,NORMAL-CHOP,PRE-OPEN,10.75,12.116666666666667,24.233333333333334,29823.0,29798.77,24.23,46.97,TARGET,3.1,42.0
1783669980,2026-07-10,1,8.35,0.678391959798995,-3.020018826484685,BUILDING,PRE-OPEN,-33.75,8.35,16.7,29772.75,29764.0,-8.75,-19.0,STOP,2.9,31.5
1783670400,2026-07-10,1,8.766666666666667,0.2685714285714285,-2.5958564628733245,BUILDING,PRE-OPEN,-11.75,8.766666666666667,17.533333333333335,29774.0,29764.75,-9.25,-20.0,STOP,0.9,30.25
1783670700,2026-07-10,1,11.316666666666666,0.6312056737588653,-3.175677046724707,BUILDING,PRE-OPEN,-44.5,11.316666666666666,22.633333333333333,29747.25,29769.88,22.63,43.77,TARGET,2.3,57.0
1783671660,2026-07-10,1,12.283333333333331,0.1973969631236442,-2.229001817224167,NORMAL-CHOP,PRE-OPEN,22.75,12.283333333333331,24.566666666666663,29768.5,29755.75,-12.75,-27.0,STOP,1.0,27.5
1783672260,2026-07-10,1,10.783333333333331,0.344578313253012,-2.0452581211947,BUILDING,PRE-OPEN,-35.75,10.783333333333331,21.566666666666663,29764.75,29786.32,21.57,41.63,TARGET,14.5,33.75
1783674060,2026-07-10,1,13.016666666666667,0.5081206496519721,-12.257782917179291,CLEAN-TREND,PRE-OPEN,-54.75,13.016666666666667,26.033333333333335,29735.25,29761.28,26.03,50.57,TARGET,1.2,82.25
1783678920,2026-07-10,1,7.983333333333333,0.2555555555555555,-8.974838336967977,BUILDING,PRE-OPEN,-11.5,7.983333333333333,15.966666666666667,29820.0,29835.97,15.97,30.43,TARGET,6.2,42.75
1783681560,2026-07-10,-1,7.716666666666667,0.5,2.374422716275379,BUILDING,PRE-OPEN,25.5,7.716666666666667,15.433333333333334,29866.75,29875.0,-8.25,-18.0,STOP,4.9,43.0
1783684560,2026-07-10,1,9.983333333333333,0.3229571984435798,-2.3982657212674288,BUILDING,PRE-OPEN,-20.75,9.983333333333333,19.966666666666665,29812.5,29802.25,-10.25,-22.0,STOP,5.7,67.25
1783685040,2026-07-10,1,11.15,0.5058823529411764,-2.4267009489302054,BUILDING,PRE-OPEN,-43.0,11.15,22.3,29785.25,29773.75,-11.5,-24.5,STOP,0.2,94.5
1783685580,2026-07-10,-1,18.1,0.3596358118361153,29.08017197105196,BUILDING,PRE-OPEN,59.25,18.1,36.2,29874.25,29838.05,36.2,70.9,TARGET,0.5,55.25
1783690200,2026-07-10,1,17.4,0.4721189591078067,-2.722719808096861,CLEAN-TREND,US,63.5,17.4,34.8,29875.0,29857.25,-17.75,-37.0,STOP,0.7,93.5
1783690740,2026-07-10,1,32.06666666666667,0.1488912354804646,-2.276493128698236,VIOLENT-WHIPSAW,US,35.25,32.06666666666667,64.13333333333334,29865.5,29833.0,-32.5,-66.5,STOP,0.3,103.0
1783690920,2026-07-10,-1,39.3,0.1502008032128514,4.4657828493646985,VIOLENT-WHIPSAW,US,46.75,39.3,78.6,29863.25,29903.0,-39.75,-81.0,STOP,3.5,32.75
1783691340,2026-07-10,-1,39.65,0.1208967173738991,2.288873791452936,VIOLENT-WHIPSAW,US,37.75,39.65,79.3,29940.75,29904.75,36.0,70.5,TIME,30.0,50.0
1783693260,2026-07-10,1,29.73333333333333,0.3210161662817552,-4.521694352053271,BUILDING,US,-69.5,29.73333333333333,59.46666666666666,29865.75,29925.22,59.47,117.43,TARGET,5.9,91.5
1783693920,2026-07-10,1,43.03333333333333,0.4349617422012948,-5.629363052207207,CLEAN-TREND,US,-184.75,43.03333333333333,86.06666666666666,29760.75,29717.25,-43.5,-88.5,STOP,0.1,152.0
1783707000,2026-07-10,-1,10.583333333333334,0.1181102362204724,3.1984668216902903,NORMAL-CHOP,US,7.5,10.583333333333334,21.166666666666668,30057.75,30036.58,21.17,40.83,TARGET,5.1,34.75
1783707900,2026-07-10,-1,11.466666666666669,0.0,2.9266955486512,NORMAL-CHOP,US,0.0,11.466666666666669,22.933333333333337,30058.5,30035.57,22.93,44.37,TARGET,29.0,23.75
1783711920,2026-07-10,-1,10.166666666666666,0.1652892561983471,6.03682611644847,DEAD-CHOP,US,10.0,10.166666666666666,20.333333333333332,30054.5,30065.0,-10.5,-22.5,STOP,5.2,29.75
1783713000,2026-07-10,-1,8.716666666666667,0.0328638497652582,3.768654297494059,DEAD-CHOP,US,1.75,8.716666666666667,17.433333333333334,30055.5,30038.07,17.43,33.37,TARGET,2.8,30.75
1783898100,2026-07-12,1,9.983333333333333,0.2028985507246377,-2.444698666515225,BUILDING,OVERNIGHT,-14.0,9.983333333333333,19.966666666666665,29873.25,29893.22,19.97,38.43,TARGET,4.3,26.75
1783899960,2026-07-12,1,9.35,0.4852941176470588,-2.731716331979385,BUILDING,OVERNIGHT,-33.0,9.35,18.7,29854.75,29845.0,-9.75,-21.0,STOP,0.4,187.75
1783901160,2026-07-13,1,23.08333333333333,0.5819209039548022,-2.954823681461965,CLEAN-TREND,OVERNIGHT,103.0,23.08333333333333,46.16666666666666,29995.25,29971.75,-23.5,-48.5,STOP,1.5,47.25
1783901400,2026-07-13,1,27.366666666666667,0.6990740740740741,-4.175723418383691,CLEAN-TREND,OVERNIGHT,151.0,27.366666666666667,54.733333333333334,30024.75,29996.75,-28.0,-57.5,STOP,6.1,10.0
1783901880,2026-07-13,-1,24.316666666666663,0.0872894333843797,2.144453746841997,VIOLENT-WHIPSAW,OVERNIGHT,14.25,24.316666666666663,48.633333333333326,29972.5,29997.25,-24.75,-51.0,STOP,2.0,123.5
1783903020,2026-07-13,1,17.75,0.6291161178509532,-4.119824302129883,CLEAN-TREND,OVERNIGHT,-90.75,17.75,35.5,29902.75,29884.75,-18.0,-37.5,STOP,2.6,2.5
1783903260,2026-07-13,1,18.966666666666665,0.902097902097902,-3.0531707649235345,CLEAN-TREND,OVERNIGHT,-129.0,18.966666666666665,37.93333333333333,29871.0,29851.75,-19.25,-40.0,STOP,8.4,34.25
1783903920,2026-07-13,1,23.366666666666667,0.4318471337579618,-2.6280913935804247,CLEAN-TREND,OVERNIGHT,-84.75,23.366666666666667,46.733333333333334,29817.0,29793.25,-23.75,-49.0,STOP,17.1,33.75
1783905300,2026-07-13,-1,20.65,0.1649122807017544,2.3863683185756424,VIOLENT-WHIPSAW,OVERNIGHT,23.5,20.65,41.3,29842.0,29800.7,41.3,81.1,TARGET,9.7,53.0
1783907280,2026-07-13,1,16.233333333333334,0.1218390804597701,-3.040406890760536,VIOLENT-WHIPSAW,OVERNIGHT,-13.25,16.233333333333334,32.46666666666667,29782.5,29766.0,-16.5,-34.5,STOP,2.8,16.0
1783911420,2026-07-13,1,12.283333333333331,0.196078431372549,-2.408346476200331,NORMAL-CHOP,OVERNIGHT,-20.0,12.283333333333331,24.566666666666663,29733.0,29720.25,-12.75,-27.0,STOP,1.4,1.0
1783914300,2026-07-13,-1,11.533333333333331,0.0496453900709219,2.1459524557784704,NORMAL-CHOP,OVERNIGHT,-5.25,11.533333333333331,23.066666666666663,29701.25,29713.25,-12.0,-25.5,STOP,2.9,52.0
1783914900,2026-07-13,1,11.733333333333333,0.2071611253196931,-2.5437876962590957,BUILDING,OVERNIGHT,-20.25,11.733333333333333,23.466666666666665,29697.25,29685.25,-12.0,-25.5,STOP,3.3,3.25
1783915200,2026-07-13,1,11.383333333333333,0.2604166666666667,-5.418454667368605,BUILDING,OVERNIGHT,-25.0,11.383333333333333,22.766666666666666,29677.0,29665.25,-11.75,-25.0,STOP,0.1,1.0
1783916760,2026-07-13,1,10.766666666666667,0.1698113207547169,-2.1455089259604407,NORMAL-CHOP,OVERNIGHT,-11.25,10.766666666666667,21.533333333333335,29648.5,29637.25,-11.25,-24.0,STOP,7.8,8.25
1783919280,2026-07-13,-1,12.116666666666667,0.65625,3.5273874892914576,BUILDING,OVERNIGHT,42.0,12.116666666666667,24.233333333333334,29659.75,29672.25,-12.5,-26.5,STOP,0.3,113.25
1783919400,2026-07-13,1,13.233333333333333,0.7365269461077845,-2.080098622535099,CLEAN-TREND,OVERNIGHT,61.5,13.233333333333333,26.466666666666665,29683.0,29669.5,-13.5,-28.5,STOP,4.9,10.5
1783920000,2026-07-13,1,14.25,0.0989010989010989,-2.767238379469536,NORMAL-CHOP,OVERNIGHT,-11.25,14.25,28.5,29634.25,29619.75,-14.5,-30.5,STOP,1.5,35.75
1783920180,2026-07-13,1,14.9,0.4333958724202627,-4.556462521480069,CLEAN-TREND,OVERNIGHT,-57.75,14.9,29.8,29602.5,29587.25,-15.25,-32.0,STOP,3.2,67.5
1783920600,2026-07-13,1,15.483333333333333,0.8660508083140878,-5.625897056629693,CLEAN-TREND,OVERNIGHT,-93.75,15.483333333333333,30.966666666666665,29573.5,29604.47,30.97,60.43,TARGET,3.3,96.5
1783929960,2026-07-13,-1,13.583333333333334,0.3779264214046823,2.2186415831343984,BUILDING,PRE-OPEN,28.25,13.583333333333334,27.166666666666668,29676.0,29690.0,-14.0,-29.5,STOP,1.8,2.75
1783930260,2026-07-13,-1,15.6,0.6253968253968254,2.970276732134826,CLEAN-TREND,PRE-OPEN,49.25,15.6,31.2,29690.0,29706.0,-16.0,-33.5,STOP,2.8,9.25
1783930740,2026-07-13,1,15.15,0.4372093023255814,-2.673831913706695,CLEAN-TREND,PRE-OPEN,47.0,15.15,30.3,29717.5,29702.0,-15.5,-32.5,STOP,18.7,23.75
1783932720,2026-07-13,-1,9.033333333333331,0.679324894514768,2.5066074916536825,BUILDING,PRE-OPEN,40.25,9.033333333333331,18.066666666666663,29748.0,29729.93,18.07,34.63,TARGET,10.6,30.75
1783937100,2026-07-13,1,7.033333333333333,0.01,-2.3012522965421445,DEAD-CHOP,PRE-OPEN,0.5,7.033333333333333,14.066666666666666,29756.75,29749.25,-7.5,-16.5,STOP,1.3,9.25
1783940400,2026-07-13,-1,9.183333333333334,0.5892255892255892,17.137153051133126,BUILDING,PRE-OPEN,43.75,9.183333333333334,18.366666666666667,29785.0,29794.5,-9.5,-20.5,STOP,5.0,43.5
1783940760,2026-07-13,-1,11.566666666666666,0.3175853018372703,2.702032943026714,BUILDING,PRE-OPEN,30.25,11.566666666666666,23.133333333333333,29785.25,29762.12,23.13,44.77,TARGET,3.8,43.75
1783941060,2026-07-13,1,12.816666666666666,0.0776255707762557,-2.1038397669059448,NORMAL-CHOP,PRE-OPEN,8.5,12.816666666666666,25.633333333333333,29760.0,29746.75,-13.25,-28.0,STOP,8.5,33.75
1783944540,2026-07-13,1,12.716666666666669,0.1393034825870646,-2.2179153553298665,NORMAL-CHOP,PRE-OPEN,-14.0,12.716666666666669,25.433333333333337,29729.0,29754.43,25.43,49.37,TARGET,1.0,29.25
1783944720,2026-07-13,1,16.716666666666665,0.1285714285714285,-3.674402154671335,VIOLENT-WHIPSAW,PRE-OPEN,-18.0,16.716666666666665,33.43333333333333,29712.5,29695.5,-17.0,-35.5,STOP,11.4,24.0
1783948620,2026-07-13,1,10.733333333333333,0.6425531914893617,-2.097760217568608,BUILDING,PRE-OPEN,-37.75,10.733333333333333,21.466666666666665,29704.5,29693.5,-11.0,-23.5,STOP,2.1,32.75
1783949100,2026-07-13,-1,10.416666666666666,0.0711864406779661,6.326042085918431,NORMAL-CHOP,PRE-OPEN,-5.25,10.416666666666666,20.833333333333332,29713.5,29692.67,20.83,40.17,TARGET,1.7,195.75
1783949400,2026-07-13,1,18.58333333333333,0.0127659574468085,-6.257504846673093,VIOLENT-WHIPSAW,US,-1.5,18.58333333333333,37.16666666666666,29717.5,29698.5,-19.0,-39.5,STOP,0.3,19.75
1783949520,2026-07-13,1,23.23333333333333,0.078556263269639,-3.2239471779435607,VIOLENT-WHIPSAW,US,9.25,23.23333333333333,46.46666666666666,29713.25,29689.75,-23.5,-48.5,STOP,0.1,0.5
1783949640,2026-07-13,1,27.73333333333333,0.3122302158273381,-7.146468473418692,BUILDING,US,-54.25,27.73333333333333,55.46666666666666,29646.5,29618.5,-28.0,-57.5,STOP,2.3,27.5
1783949880,2026-07-13,-1,36.71666666666667,0.140913508260447,2.245170415731075,VIOLENT-WHIPSAW,US,-36.25,36.71666666666667,73.43333333333334,29653.5,29580.07,73.43,145.37,TARGET,1.7,135.75
1783950060,2026-07-13,-1,42.31666666666667,0.4375,3.6981331450740567,CLEAN-TREND,US,-136.5,42.31666666666667,84.63333333333334,29572.25,29615.0,-42.75,-87.0,STOP,17.0,54.5
1783952160,2026-07-13,1,39.43333333333333,0.2188317349607672,-6.777834518005308,BUILDING,US,-62.75,39.43333333333333,78.86666666666666,29559.25,29519.5,-39.75,-81.0,STOP,0.5,164.75
1783952640,2026-07-13,-1,47.88333333333333,0.1815616180620884,4.41943421951066,VIOLENT-WHIPSAW,US,48.25,47.88333333333333,95.76666666666667,29666.5,29714.75,-48.25,-98.0,STOP,5.1,63.0
1783960140,2026-07-13,1,17.383333333333333,0.5150115473441108,-2.69665632567086,CLEAN-TREND,US,-55.75,17.383333333333333,34.766666666666666,29559.0,29541.0,-18.0,-37.5,STOP,0.1,-0.25
1783960500,2026-07-13,1,19.53333333333333,0.7153846153846154,-4.763710499849609,CLEAN-TREND,US,-93.0,19.53333333333333,39.06666666666666,29483.25,29463.25,-20.0,-41.5,STOP,0.3,73.0
1783960740,2026-07-13,-1,23.683333333333334,0.2990936555891239,3.495905612619824,BUILDING,US,-49.5,23.683333333333334,47.36666666666667,29517.75,29541.75,-24.0,-49.5,STOP,2.2,54.5
1783961400,2026-07-13,1,26.316666666666663,0.013142174432497,-5.082001229540554,VIOLENT-WHIPSAW,US,-2.75,26.316666666666663,52.633333333333326,29481.5,29534.13,52.63,103.77,TARGET,6.6,99.5
1783967400,2026-07-13,1,16.033333333333335,0.4564315352697095,-2.3311035353919,CLEAN-TREND,US,-55.0,16.033333333333335,32.06666666666667,29457.0,29489.07,32.07,62.63,TARGET,1.1,64.5
1783970400,2026-07-13,1,14.566666666666666,0.6847545219638242,-3.430865123421686,CLEAN-TREND,US,-66.25,14.566666666666666,29.133333333333333,29450.5,29435.5,-15.0,-31.5,STOP,2.1,35.0
1783970820,2026-07-13,1,14.616666666666667,0.574750830564784,-2.3642891331197085,CLEAN-TREND,US,-43.25,14.616666666666667,29.233333333333334,29413.25,29442.48,29.23,56.97,TARGET,2.6,87.25
1783971180,2026-07-13,1,16.966666666666665,0.2361516034985422,-2.3779549229082564,BUILDING,US,-20.25,16.966666666666665,33.93333333333333,29439.75,29422.5,-17.25,-36.0,STOP,1.4,65.25
1783971480,2026-07-13,1,17.383333333333333,0.3177083333333333,-2.089994174660987,BUILDING,US,-30.5,17.383333333333333,34.766666666666666,29400.25,29435.02,34.77,68.03,TARGET,3.5,104.75
1783972200,2026-07-13,-1,15.683333333333334,0.5212355212355212,2.851606683453716,CLEAN-TREND,US,67.5,15.683333333333334,31.366666666666667,29483.75,29499.75,-16.0,-33.5,STOP,0.9,97.25
1783972380,2026-07-13,1,16.083333333333332,0.5016722408026756,-2.2774238190680216,CLEAN-TREND,US,75.0,16.083333333333332,32.166666666666664,29477.5,29460.75,-16.75,-35.0,STOP,0.7,27.5
1783972740,2026-07-13,1,19.45,0.0932203389830508,-3.001723765677475,VIOLENT-WHIPSAW,US,16.5,19.45,38.9,29466.0,29446.0,-20.0,-41.5,STOP,10.1,8.0
1783981320,2026-07-13,1,8.733333333333333,0.3168724279835391,-2.5274060716380107,BUILDING,OVERNIGHT,-19.25,8.733333333333333,17.466666666666665,29452.75,29443.75,-9.0,-19.5,STOP,1.4,7.25
1783983000,2026-07-13,1,8.033333333333333,0.0288065843621399,-2.661709144224851,DEAD-CHOP,OVERNIGHT,-1.75,8.033333333333333,16.066666666666666,29431.0,29422.5,-8.5,-18.5,STOP,1.2,5.75
1783983300,2026-07-13,1,10.083333333333334,0.4097421203438395,-3.875283096987114,BUILDING,OVERNIGHT,-35.75,10.083333333333334,20.166666666666668,29401.25,29390.75,-10.5,-22.5,STOP,4.7,3.25
1783983780,2026-07-13,-1,10.45,0.7125748502994012,3.3170419182059305,BUILDING,OVERNIGHT,-59.5,10.45,20.9,29393.25,29372.35,20.9,40.3,TARGET,1.0,44.75
1783985700,2026-07-13,-1,9.7,0.277027027027027,3.985479268732582,BUILDING,OVERNIGHT,-20.5,9.7,19.4,29366.0,29376.0,-10.0,-21.5,STOP,0.0,37.5
1783986060,2026-07-13,1,10.166666666666666,0.5859872611464968,-3.63265600720785,BUILDING,OVERNIGHT,-46.0,10.166666666666666,20.333333333333332,29345.0,29334.5,-10.5,-22.5,STOP,0.8,105.5
1783986720,2026-07-13,-1,12.85,0.0252707581227436,5.323919142127448,NORMAL-CHOP,OVERNIGHT,-1.75,12.85,25.7,29357.5,29370.75,-13.25,-28.0,STOP,0.6,32.5
1783987080,2026-07-13,-1,16.3,0.7806788511749347,3.07461705434046,CLEAN-TREND,OVERNIGHT,74.75,16.3,32.6,29412.25,29429.0,-16.75,-35.0,STOP,1.0,87.25
1783987320,2026-07-14,1,20.633333333333333,0.4561101549053356,-2.1894647571128587,CLEAN-TREND,OVERNIGHT,66.25,20.633333333333333,41.266666666666666,29404.75,29383.75,-21.0,-43.5,STOP,0.9,71.5
1783987860,2026-07-14,1,32.766666666666666,0.1406113537117904,-4.375740020805888,VIOLENT-WHIPSAW,OVERNIGHT,40.25,32.766666666666666,65.53333333333333,29425.25,29392.0,-33.25,-68.0,STOP,7.9,63.75
1783989240,2026-07-14,-1,28.55,0.2688413948256468,2.590995566744894,BUILDING,OVERNIGHT,59.75,28.55,57.1,29457.25,29486.25,-29.0,-59.5,STOP,2.1,58.5
1783989840,2026-07-14,-1,26.7,0.0235131396957123,2.087573129681707,VIOLENT-WHIPSAW,OVERNIGHT,-4.25,26.7,53.4,29418.25,29445.25,-27.0,-55.5,STOP,0.6,6.25
1783992660,2026-07-14,1,18.15,0.1293103448275862,-2.653183796723858,VIOLENT-WHIPSAW,OVERNIGHT,-15.0,18.15,36.3,29489.25,29470.75,-18.5,-38.5,STOP,3.6,15.0
1783998180,2026-07-14,1,14.066666666666666,0.6705336426914154,-4.097644246190043,CLEAN-TREND,OVERNIGHT,-72.25,14.066666666666666,28.133333333333333,29363.0,29348.5,-14.5,-30.5,STOP,6.5,42.5
1783999020,2026-07-14,1,12.616666666666667,0.7117117117117117,-2.359183658441136,CLEAN-TREND,OVERNIGHT,-59.25,12.616666666666667,25.233333333333334,29308.25,29333.48,25.23,48.97,TARGET,5.5,97.25
1783999800,2026-07-14,1,17.383333333333333,0.3580645161290323,-2.896805480918794,BUILDING,OVERNIGHT,55.5,17.383333333333333,34.766666666666666,29385.75,29368.0,-17.75,-37.0,STOP,2.2,49.5
1784000940,2026-07-14,1,20.383333333333333,0.1813084112149532,-2.05524562037382,VIOLENT-WHIPSAW,OVERNIGHT,24.25,20.383333333333333,40.766666666666666,29385.0,29425.77,40.77,80.03,TARGET,3.7,60.75
1784004720,2026-07-14,1,10.333333333333334,0.2177121771217712,-2.3720870462445838,BUILDING,OVERNIGHT,14.75,10.333333333333334,20.666666666666668,29489.75,29479.0,-10.75,-23.0,STOP,1.1,95.0
1784006040,2026-07-14,-1,11.333333333333334,0.4897959183673469,2.237696592352213,BUILDING,OVERNIGHT,36.0,11.333333333333334,22.666666666666668,29545.5,29557.25,-11.75,-25.0,STOP,5.8,10.5
1784007360,2026-07-14,1,12.85,0.2537313432835821,-2.5669565474742786,BUILDING,OVERNIGHT,25.5,12.85,25.7,29599.0,29585.75,-13.25,-28.0,STOP,2.1,17.5
1784007720,2026-07-14,-1,12.266666666666667,0.1679197994987468,2.64903942769725,NORMAL-CHOP,OVERNIGHT,-16.75,12.266666666666667,24.533333333333335,29590.0,29602.75,-12.75,-27.0,STOP,2.1,7.75
1784009760,2026-07-14,1,11.0,0.2384341637010676,-3.064924239436635,BUILDING,OVERNIGHT,16.75,11.0,22.0,29627.0,29649.0,22.0,42.5,TARGET,2.6,22.75
1784014920,2026-07-14,-1,14.216666666666669,0.3367875647668393,2.974102013689787,BUILDING,PRE-OPEN,-32.5,14.216666666666669,28.433333333333337,29576.0,29590.5,-14.5,-30.5,STOP,6.8,28.5
1784016000,2026-07-14,-1,13.833333333333334,0.1032028469750889,2.4245069155502352,NORMAL-CHOP,PRE-OPEN,7.25,13.833333333333334,27.666666666666668,29573.0,29587.25,-14.25,-30.0,STOP,0.2,25.5
1784016120,2026-07-14,1,14.45,0.1737704918032787,-2.2925968583131144,NORMAL-CHOP,PRE-OPEN,13.25,14.45,28.9,29596.5,29581.75,-14.75,-31.0,STOP,0.4,35.5
1784017980,2026-07-14,1,11.933333333333334,0.1641791044776119,-2.6530515892748547,NORMAL-CHOP,PRE-OPEN,11.0,11.933333333333334,23.866666666666667,29619.5,29607.25,-12.25,-26.0,STOP,11.1,16.75
1784019240,2026-07-14,-1,10.966666666666669,0.336986301369863,2.0254629847649963,BUILDING,PRE-OPEN,-30.75,10.966666666666669,21.933333333333337,29591.0,29569.07,21.93,42.37,TARGET,5.1,33.25
1784019840,2026-07-14,-1,12.033333333333331,0.1666666666666666,3.438463035926585,NORMAL-CHOP,PRE-OPEN,16.0,12.033333333333331,24.066666666666663,29598.75,29611.25,-12.5,-26.5,STOP,4.5,27.0
1784020680,2026-07-14,-1,12.733333333333333,0.0971128608923884,2.699593375181887,NORMAL-CHOP,PRE-OPEN,9.25,12.733333333333333,25.466666666666665,29596.25,29609.25,-13.0,-27.5,STOP,24.3,24.5
1784025360,2026-07-14,-1,10.333333333333334,0.208955223880597,2.4203684662144243,BUILDING,PRE-OPEN,14.0,10.333333333333334,20.666666666666668,29608.5,29619.25,-10.75,-23.0,STOP,0.8,47.25
1784026380,2026-07-14,1,9.216666666666669,0.2105263157894736,-2.675526456074813,BUILDING,PRE-OPEN,-14.0,9.216666666666669,18.433333333333337,29604.5,29595.0,-9.5,-20.5,STOP,1.9,43.5
1784027640,2026-07-14,1,21.03333333333333,0.0086655112651646,-3.704644275413248,VIOLENT-WHIPSAW,PRE-OPEN,1.25,21.03333333333333,42.06666666666666,29607.0,29649.07,42.07,82.63,TARGET,9.8,63.5
1784030580,2026-07-14,1,11.216666666666669,0.3819241982507289,-2.7271032412446083,BUILDING,PRE-OPEN,-32.75,11.216666666666669,22.433333333333337,29615.0,29603.25,-11.75,-25.0,STOP,0.3,307.0
1784032200,2026-07-14,-1,31.28333333333333,0.872133425990271,26.13358433221332,CLEAN-TREND,PRE-OPEN,313.75,31.28333333333333,62.56666666666666,29903.75,29841.18,62.57,123.63,TARGET,5.3,150.25
1784035800,2026-07-14,1,20.15,0.0151515151515151,-4.2377848113655725,VIOLENT-WHIPSAW,US,2.5,20.15,40.3,29769.25,29748.75,-20.5,-42.5,STOP,0.3,37.75
1784036100,2026-07-14,-1,29.9,0.2654867256637168,2.071356978005568,BUILDING,US,-60.0,29.9,59.8,29709.25,29739.5,-30.25,-62.0,STOP,1.6,58.25
1784036520,2026-07-14,1,43.55,0.3252032520325203,-4.13099115564867,BUILDING,US,-100.0,43.55,87.1,29730.0,29686.0,-44.0,-89.5,STOP,22.0,77.0
1784038140,2026-07-14,1,34.63333333333333,0.3891304347826086,-2.6006989878490505,BUILDING,US,-89.5,34.63333333333333,69.26666666666667,29667.25,29632.25,-35.0,-71.5,STOP,5.1,142.75
1784038560,2026-07-14,1,39.48333333333333,0.5009596928982726,-3.367088092177805,CLEAN-TREND,US,-130.5,39.48333333333333,78.96666666666665,29607.0,29685.97,78.97,156.43,TARGET,5.2,203.0
1784039160,2026-07-14,-1,41.06666666666667,0.1241721854304635,2.9724446316578947,VIOLENT-WHIPSAW,US,37.5,41.06666666666667,82.13333333333334,29700.75,29742.25,-41.5,-84.5,STOP,6.1,62.5
1784040360,2026-07-14,1,35.483333333333334,0.0761994355597366,-2.3963104617350472,VIOLENT-WHIPSAW,US,20.25,35.483333333333334,70.96666666666667,29702.75,29667.0,-35.75,-73.0,STOP,3.4,164.75
1784041440,2026-07-14,-1,27.65,0.5795868772782503,7.666883694870781,CLEAN-TREND,US,119.25,27.65,55.3,29804.75,29832.75,-28.0,-57.5,STOP,1.5,9.75
1784049300,2026-07-14,1,12.05,0.1945392491467577,-3.2107952157069546,NORMAL-CHOP,US,-14.25,12.05,24.1,29820.0,29844.1,24.1,46.7,TARGET,5.1,46.5
1784054220,2026-07-14,1,11.916666666666666,0.1827242524916943,-3.02987113538033,NORMAL-CHOP,US,-13.75,11.916666666666666,23.833333333333332,29854.0,29841.75,-12.25,-26.0,STOP,0.8,0.75
1784054460,2026-07-14,1,13.383333333333333,0.4385964912280701,-5.386199029041354,CLEAN-TREND,US,-37.5,13.383333333333333,26.766666666666666,29827.0,29813.25,-13.75,-29.0,STOP,0.6,18.25
1784054940,2026-07-14,1,15.066666666666666,0.391304347826087,-2.2296381729280803,BUILDING,US,-45.0,15.066666666666666,30.133333333333333,29817.0,29801.5,-15.5,-32.5,STOP,12.1,28.25
1784056320,2026-07-14,-1,13.333333333333334,0.099502487562189,2.065876128184712,NORMAL-CHOP,US,-10.0,13.333333333333334,26.666666666666668,29810.5,29824.25,-13.75,-29.0,STOP,1.0,39.5
1784056680,2026-07-14,1,12.983333333333333,0.2319587628865979,-4.923852897952844,BUILDING,US,22.5,12.983333333333333,25.966666666666665,29819.5,29806.25,-13.25,-28.0,STOP,10.6,18.75
1784058240,2026-07-14,-1,14.633333333333333,0.1474530831099195,2.366717955086891,NORMAL-CHOP,US,13.75,14.633333333333333,29.266666666666666,29810.75,29825.75,-15.0,-31.5,STOP,5.0,38.0
1784058840,2026-07-14,1,13.216666666666669,0.1413881748071979,-2.8739314783300114,NORMAL-CHOP,US,13.75,13.216666666666669,26.433333333333337,29805.25,29791.75,-13.5,-28.5,STOP,4.8,13.0
1784067840,2026-07-14,-1,10.85,0.2335329341317365,3.482764342776217,BUILDING,OVERNIGHT,19.5,10.85,21.7,29792.75,29771.05,21.7,41.9,TARGET,27.2,28.75
1784070300,2026-07-14,-1,8.166666666666666,0.0948275862068965,2.5885233860242987,DEAD-CHOP,OVERNIGHT,5.5,8.166666666666666,16.333333333333332,29783.25,29791.75,-8.5,-18.5,STOP,7.2,4.5
1784071260,2026-07-14,-1,6.816666666666666,0.3203883495145631,2.5241277935810005,BUILDING,OVERNIGHT,16.5,6.816666666666666,13.633333333333333,29801.25,29808.5,-7.25,-16.0,STOP,3.5,4.5
1784071680,2026-07-14,-1,11.9,0.4933920704845815,2.366470845161972,BUILDING,OVERNIGHT,56.0,11.9,23.8,29851.25,29863.5,-12.25,-26.0,STOP,0.7,5.0
1784073240,2026-07-14,-1,10.783333333333331,0.3648648648648648,3.057620214078196,BUILDING,OVERNIGHT,27.0,10.783333333333331,21.566666666666663,29890.75,29869.18,21.57,41.63,TARGET,5.3,53.0
1784073660,2026-07-15,-1,14.066666666666666,0.100502512562814,2.580555474174357,NORMAL-CHOP,OVERNIGHT,10.0,14.066666666666666,28.133333333333333,29865.75,29880.25,-14.5,-30.5,STOP,0.5,28.0
1784074380,2026-07-15,-1,20.183333333333334,0.1275167785234899,2.562264043072099,VIOLENT-WHIPSAW,OVERNIGHT,19.0,20.183333333333334,40.36666666666667,29897.5,29918.0,-20.5,-42.5,STOP,6.5,56.75
1784075700,2026-07-15,1,11.266666666666667,0.3927576601671309,-2.303282621506044,BUILDING,OVERNIGHT,-35.25,11.266666666666667,22.533333333333335,29891.0,29879.25,-11.75,-25.0,STOP,0.5,39.0
1784077200,2026-07-15,1,13.733333333333333,0.2008830022075055,-2.1896867563189457,BUILDING,OVERNIGHT,22.75,13.733333333333333,27.466666666666665,29898.0,29884.0,-14.0,-29.5,STOP,0.9,43.5
1784077440,2026-07-15,-1,14.8,0.0457038391224862,2.4875562212070434,NORMAL-CHOP,OVERNIGHT,6.25,14.8,29.6,29886.75,29902.0,-15.25,-32.0,STOP,10.3,26.5
1784078760,2026-07-15,-1,13.483333333333333,0.5374449339207048,3.4256661329085625,CLEAN-TREND,OVERNIGHT,61.0,13.483333333333333,26.966666666666665,29932.25,29905.28,26.97,52.43,TARGET,14.5,41.25
1784080680,2026-07-15,-1,11.716666666666669,0.4946808510638298,2.4726975771623803,BUILDING,OVERNIGHT,46.5,11.716666666666669,23.433333333333337,29952.25,29964.25,-12.0,-25.5,STOP,6.8,3.25
1784083080,2026-07-15,-1,8.033333333333333,0.3428571428571428,2.331453255118043,BUILDING,OVERNIGHT,12.0,8.033333333333333,16.066666666666666,29978.0,29986.5,-8.5,-18.5,STOP,2.0,24.25
1784085360,2026-07-15,-1,7.983333333333333,0.174496644295302,2.3439928107973977,DEAD-CHOP,OVERNIGHT,13.0,7.983333333333333,15.966666666666667,29971.75,29980.0,-8.25,-18.0,STOP,0.2,3.75
1784086200,2026-07-15,-1,7.85,0.5544554455445545,3.196751821373605,BUILDING,OVERNIGHT,28.0,7.85,15.7,29986.5,29994.75,-8.25,-18.0,STOP,2.6,4.25
1784086860,2026-07-15,-1,7.066666666666666,0.4841628959276018,3.2885963061367747,BUILDING,OVERNIGHT,26.75,7.066666666666666,14.133333333333333,29999.5,30007.0,-7.5,-16.5,STOP,7.9,12.5
1784088960,2026-07-15,-1,5.933333333333334,0.2422360248447205,2.958033551683525,BUILDING,OVERNIGHT,-9.75,5.933333333333334,11.866666666666667,30005.0,30011.25,-6.25,-14.0,STOP,0.3,22.0
1784089740,2026-07-15,1,6.116666666666666,0.270440251572327,-2.01407962567086,BUILDING,OVERNIGHT,-10.75,6.116666666666666,12.233333333333333,29990.25,29983.75,-6.5,-14.5,STOP,0.4,43.5
1784091540,2026-07-15,-1,6.3,0.3801169590643274,4.430383822747777,BUILDING,OVERNIGHT,16.25,6.3,12.6,30021.75,30028.5,-6.75,-15.0,STOP,0.0,45.5
1784091720,2026-07-15,-1,12.683333333333334,0.1977715877437326,2.450682470218688,NORMAL-CHOP,OVERNIGHT,17.75,12.683333333333334,25.366666666666667,30029.0,30003.63,25.37,49.23,TARGET,3.1,61.75
1784092380,2026-07-15,-1,19.116666666666667,0.0634146341463414,2.8709974456722245,VIOLENT-WHIPSAW,OVERNIGHT,-9.75,19.116666666666667,38.233333333333334,30007.25,29969.02,38.23,74.97,TARGET,17.8,40.0
1784094960,2026-07-15,-1,9.483333333333333,0.3356401384083045,2.5482354944432544,BUILDING,OVERNIGHT,24.25,9.483333333333333,18.966666666666665,30022.5,30032.25,-9.75,-21.0,STOP,3.0,3.5
1784099160,2026-07-15,1,12.933333333333334,0.3333333333333333,-2.7952246441007707,BUILDING,PRE-OPEN,32.0,12.933333333333334,25.866666666666667,30048.75,30035.25,-13.5,-28.5,STOP,0.9,1.25
1784099880,2026-07-15,1,12.016666666666667,0.1080459770114942,-2.117885044598914,NORMAL-CHOP,PRE-OPEN,-11.75,12.016666666666667,24.033333333333335,30015.25,30002.75,-12.5,-26.5,STOP,2.8,9.0
1784101080,2026-07-15,-1,15.316666666666666,0.099601593625498,2.001346857792794,VIOLENT-WHIPSAW,PRE-OPEN,-12.5,15.316666666666666,30.633333333333333,29979.25,29995.0,-15.75,-33.0,STOP,9.8,60.0
1784102700,2026-07-15,-1,12.516666666666667,0.6255506607929515,2.14375443049948,CLEAN-TREND,PRE-OPEN,-71.0,12.516666666666667,25.033333333333335,29930.5,29905.47,25.03,48.57,TARGET,9.6,58.75
1784103420,2026-07-15,-1,15.45,0.5555555555555556,2.220933090928181,CLEAN-TREND,PRE-OPEN,-57.5,15.45,30.9,29904.5,29920.25,-15.75,-33.0,STOP,0.6,32.75
1784103780,2026-07-15,-1,15.233333333333333,0.5178571428571429,2.401375519570564,CLEAN-TREND,PRE-OPEN,-58.0,15.233333333333333,30.466666666666665,29878.75,29894.25,-15.5,-32.5,STOP,2.7,7.0
1784104920,2026-07-15,1,10.833333333333334,0.0676691729323308,-5.847893143788769,NORMAL-CHOP,PRE-OPEN,4.5,10.833333333333334,21.666666666666668,29905.0,29926.67,21.67,41.83,TARGET,2.2,53.25
1784109180,2026-07-15,1,8.583333333333334,0.2810457516339869,-2.320031589344318,BUILDING,PRE-OPEN,-21.5,8.583333333333334,17.166666666666668,29926.75,29917.75,-9.0,-19.5,STOP,2.7,20.75
1784111400,2026-07-15,-1,11.166666666666666,0.5827814569536424,2.7641316987886437,BUILDING,PRE-OPEN,-44.0,11.166666666666666,22.333333333333332,29901.25,29912.75,-11.5,-24.5,STOP,6.2,11.75
1784112960,2026-07-15,-1,6.833333333333333,0.456221198156682,2.460125308246623,BUILDING,PRE-OPEN,24.75,6.833333333333333,13.666666666666666,29931.5,29938.75,-7.25,-16.0,STOP,3.3,12.5
1784113680,2026-07-15,1,10.783333333333331,0.2122762148337595,-2.2088533131590062,BUILDING,PRE-OPEN,20.75,10.783333333333331,21.566666666666663,29937.0,29925.75,-11.25,-24.0,STOP,4.2,5.75
1784114640,2026-07-15,-1,9.25,0.1981132075471698,2.068327895258656,DEAD-CHOP,PRE-OPEN,-10.5,9.25,18.5,29925.75,29935.25,-9.5,-20.5,STOP,13.1,21.25
1784117880,2026-07-15,-1,10.25,0.2393442622950819,2.1738137857919955,BUILDING,PRE-OPEN,-18.25,10.25,20.5,29885.75,29865.25,20.5,39.5,TARGET,2.8,35.75
1784118600,2026-07-15,-1,15.833333333333334,0.3150684931506849,6.681365136715384,BUILDING,PRE-OPEN,34.5,15.833333333333334,31.666666666666668,29925.25,29941.5,-16.25,-34.0,STOP,1.5,9.25
1784118780,2026-07-15,1,18.466666666666665,0.348747591522158,-3.3006515410517414,BUILDING,PRE-OPEN,45.25,18.466666666666665,36.93333333333333,29932.25,29969.18,36.93,72.37,TARGET,8.9,63.25
1784122140,2026-07-15,-1,11.066666666666666,0.1784511784511784,3.842160399373831,NORMAL-CHOP,PRE-OPEN,13.25,11.066666666666666,22.133333333333333,29956.75,29968.25,-11.5,-24.5,STOP,0.0,201.75
1784122320,2026-07-15,1,17.266666666666666,0.2417582417582417,-4.803980935130117,BUILDING,US,-22.0,17.266666666666666,34.53333333333333,29931.5,29913.75,-17.75,-37.0,STOP,0.6,34.75
1784122440,2026-07-15,-1,20.08333333333333,0.0134529147982062,4.009986404273385,VIOLENT-WHIPSAW,US,-1.5,20.08333333333333,40.16666666666666,29953.25,29913.08,40.17,78.83,TARGET,0.6,198.25
1784122560,2026-07-15,-1,24.15,0.0629370629370629,2.2251666203812257,VIOLENT-WHIPSAW,US,-9.0,24.15,48.3,29930.75,29882.45,48.3,95.1,TARGET,0.9,175.75
1784122680,2026-07-15,1,29.366666666666667,0.3639947437582129,-3.0923762930581318,BUILDING,US,-69.25,29.366666666666667,58.733333333333334,29874.25,29844.5,-29.75,-61.0,STOP,1.5,19.75
1784123160,2026-07-15,1,37.333333333333336,0.438474870017331,-5.842362350016841,CLEAN-TREND,US,-126.5,37.333333333333336,74.66666666666667,29811.75,29774.0,-37.75,-77.0,STOP,3.2,80.5
1784123520,2026-07-15,-1,33.43333333333333,0.3782929399367755,4.4474465145173285,BUILDING,US,-89.75,33.43333333333333,66.86666666666666,29790.25,29824.0,-33.75,-69.0,STOP,7.0,51.5
1784124000,2026-07-15,-1,31.016666666666666,0.0045351473922902,2.966240081920489,VIOLENT-WHIPSAW,US,1.0,31.016666666666666,62.03333333333333,29837.5,29869.0,-31.5,-64.5,STOP,2.5,199.5
1784124360,2026-07-15,-1,32.06666666666667,0.5035460992907801,3.724900166793942,CLEAN-TREND,US,124.25,32.06666666666667,64.13333333333334,29886.75,29822.62,64.13,126.77,TARGET,7.2,270.5
1784125200,2026-07-15,1,30.4,0.3278350515463917,-5.853896817712095,BUILDING,US,-79.5,30.4,60.8,29760.0,29729.25,-30.75,-63.0,STOP,2.2,15.25
1784125440,2026-07-15,1,34.35,0.6932966023875115,-3.130335551424248,CLEAN-TREND,US,-188.75,34.35,68.7,29673.0,29638.25,-34.75,-71.0,STOP,1.5,63.5
1784125920,2026-07-15,1,38.46666666666667,0.5056967572304996,-2.2520227509334174,CLEAN-TREND,US,-144.25,38.46666666666667,76.93333333333334,29674.25,29635.5,-38.75,-79.0,STOP,4.0,41.0
1784126520,2026-07-15,1,37.68333333333333,0.5101321585903084,-3.692672114209961,CLEAN-TREND,US,-144.75,37.68333333333333,75.36666666666666,29543.25,29618.62,75.37,149.23,TARGET,5.5,118.5
1784133960,2026-07-15,-1,24.95,0.1781609195402299,13.679757145010084,VIOLENT-WHIPSAW,US,31.0,24.95,49.9,29494.75,29520.0,-25.25,-52.0,STOP,13.3,33.25
1784141160,2026-07-15,1,15.45,0.7283950617283951,-2.1615785325784302,CLEAN-TREND,US,-88.5,15.45,30.9,29636.75,29621.0,-15.75,-33.0,STOP,4.7,32.25
1784141700,2026-07-15,-1,19.3,0.4454072790294627,2.87822954244163,CLEAN-TREND,US,-64.25,19.3,38.6,29627.5,29647.25,-19.75,-41.0,STOP,7.1,38.5
1784142240,2026-07-15,-1,20.133333333333333,0.0938511326860841,2.1237834732802745,VIOLENT-WHIPSAW,US,14.5,20.133333333333333,40.266666666666666,29656.25,29615.98,40.27,79.03,TARGET,15.0,67.25
1784143800,2026-07-15,-1,15.416666666666666,0.1923076923076923,2.3916457600185552,VIOLENT-WHIPSAW,US,22.5,15.416666666666666,30.833333333333332,29660.25,29629.42,30.83,60.17,TARGET,1.5,52.0
1784145000,2026-07-15,-1,15.433333333333334,0.3254156769596199,3.772743534965989,BUILDING,US,34.25,15.433333333333334,30.866666666666667,29667.75,29683.5,-15.75,-33.0,STOP,4.0,9.75
1784146140,2026-07-15,1,17.35,0.0992063492063492,-2.0155044543178517,VIOLENT-WHIPSAW,OVERNIGHT,12.5,17.35,34.7,29691.75,29714.0,22.25,43.0,TIME,30.0,28.75
1784153640,2026-07-15,1,10.566666666666666,,-2.192521716964793,UNKNOWN,OVERNIGHT,0.0,10.566666666666666,21.133333333333333,29729.0,29718.0,-11.0,-23.5,STOP,7.7,1.25
1784154900,2026-07-15,1,6.866666666666666,0.5035460992907801,-2.8117065288858907,BUILDING,OVERNIGHT,-17.75,6.866666666666666,13.733333333333333,29706.0,29698.75,-7.25,-16.0,STOP,0.3,23.5
1784156040,2026-07-15,-1,9.5,0.0038610038610038,9.610538012297576,DEAD-CHOP,OVERNIGHT,0.25,9.5,19.0,29690.25,29700.0,-9.75,-21.0,STOP,1.7,12.5
1784157480,2026-07-15,1,9.45,0.3445945945945945,-3.082109353717569,BUILDING,OVERNIGHT,-25.5,9.45,18.9,29702.25,29721.15,18.9,36.3,TARGET,8.8,31.25
1784158980,2026-07-15,-1,7.566666666666666,0.0855018587360594,2.432430845738521,DEAD-CHOP,OVERNIGHT,-5.75,7.566666666666666,15.133333333333333,29714.5,29722.5,-8.0,-17.5,STOP,0.4,32.25
1784160120,2026-07-16,-1,13.633333333333333,0.2892156862745098,3.9265475120346633,BUILDING,OVERNIGHT,29.5,13.633333333333333,27.266666666666666,29737.25,29751.25,-14.0,-29.5,STOP,10.9,84.25
1784160840,2026-07-16,-1,18.03333333333333,0.5249500998003992,3.3250465319417253,CLEAN-TREND,OVERNIGHT,65.75,18.03333333333333,36.06666666666666,29755.5,29719.43,36.07,70.63,TARGET,1.6,130.0
1784161560,2026-07-16,1,17.05,0.3777777777777777,-2.974051423321342,BUILDING,OVERNIGHT,-51.0,17.05,34.1,29677.0,29659.5,-17.5,-36.5,STOP,3.3,19.25
1784163600,2026-07-16,-1,16.466666666666665,0.2394366197183098,2.431223874220005,BUILDING,OVERNIGHT,29.75,16.466666666666665,32.93333333333333,29653.25,29620.32,32.93,64.37,TARGET,12.1,54.25
1784168100,2026-07-16,-1,10.883333333333333,0.0308641975308641,2.6380542686700865,NORMAL-CHOP,OVERNIGHT,2.5,10.883333333333333,21.766666666666666,29644.75,29656.0,-11.25,-24.0,STOP,2.1,11.0
1784169720,2026-07-16,1,9.6,0.0678733031674208,-3.105966223271809,DEAD-CHOP,OVERNIGHT,-3.75,9.6,19.2,29686.25,29676.25,-10.0,-21.5,STOP,1.0,66.25
1784170140,2026-07-16,1,11.116666666666667,0.0723404255319148,-3.676934567465716,NORMAL-CHOP,OVERNIGHT,4.25,11.116666666666667,22.233333333333334,29702.75,29724.98,22.23,42.97,TARGET,4.1,49.75
1784172120,2026-07-16,-1,8.6,0.1774193548387097,2.362390348840845,DEAD-CHOP,OVERNIGHT,-11.0,8.6,17.2,29729.0,29711.8,17.2,32.9,TARGET,5.1,23.25
1784173500,2026-07-16,1,10.466666666666669,0.2781456953642384,-4.225871057699554,BUILDING,OVERNIGHT,-21.0,10.466666666666669,20.933333333333337,29713.0,29733.93,20.93,40.37,TARGET,12.5,43.0
1784175240,2026-07-16,1,8.85,0.1729323308270676,-2.1008533240446656,DEAD-CHOP,OVERNIGHT,11.5,8.85,17.7,29755.25,29746.0,-9.25,-20.0,STOP,0.7,0.25
1784175660,2026-07-16,1,10.183333333333334,0.27,-2.336405819531077,BUILDING,OVERNIGHT,-27.0,10.183333333333334,20.366666666666667,29714.5,29704.0,-10.5,-22.5,STOP,16.1,10.5
1784178600,2026-07-16,1,8.666666666666666,0.0042553191489361,-2.0823370299663213,DEAD-CHOP,OVERNIGHT,-0.25,8.666666666666666,17.333333333333332,29713.25,29730.58,17.33,33.17,TARGET,1.0,83.25
1784178780,2026-07-16,-1,10.066666666666666,0.3865814696485623,2.054188143132702,BUILDING,OVERNIGHT,30.25,10.066666666666666,20.133333333333333,29741.25,29751.75,-10.5,-22.5,STOP,1.2,74.25
1784179500,2026-07-16,-1,11.983333333333333,0.5352112676056338,2.9542174676232547,BUILDING,OVERNIGHT,57.0,11.983333333333333,23.966666666666665,29770.25,29782.5,-12.25,-26.0,STOP,4.2,103.25
1784180040,2026-07-16,1,13.983333333333333,0.2747252747252747,-2.5149794225662103,BUILDING,OVERNIGHT,-37.5,13.983333333333333,27.966666666666665,29712.0,29697.5,-14.5,-30.5,STOP,0.2,18.0
1784180580,2026-07-16,-1,21.55,0.2434456928838951,2.2392889564481613,BUILDING,OVERNIGHT,-48.75,21.55,43.1,29709.25,29666.15,43.1,84.7,TARGET,22.6,63.25
1784182080,2026-07-16,-1,22.316666666666663,0.081351689612015,9.984480986095964,VIOLENT-WHIPSAW,OVERNIGHT,16.25,22.316666666666663,44.633333333333326,29709.0,29731.75,-22.75,-47.0,STOP,0.1,66.75
1784189460,2026-07-16,1,15.7,0.4036511156186612,-2.096111034357409,CLEAN-TREND,PRE-OPEN,-49.75,15.7,31.4,29503.25,29487.0,-16.25,-34.0,STOP,3.3,73.75
1784195040,2026-07-16,1,10.033333333333331,0.3774834437086092,-2.041514933063609,BUILDING,PRE-OPEN,-28.5,10.033333333333331,20.066666666666663,29584.75,29574.25,-10.5,-22.5,STOP,0.9,1.0
1784195700,2026-07-16,-1,11.533333333333331,0.5076923076923077,6.919516885922295,BUILDING,PRE-OPEN,-41.25,11.533333333333331,23.066666666666663,29556.0,29532.93,23.07,44.63,TARGET,2.6,45.25
1784197800,2026-07-16,-1,11.1,0.0027548209366391,3.506903921020762,NORMAL-CHOP,PRE-OPEN,0.25,11.1,22.2,29543.5,29555.25,-11.75,-25.0,STOP,3.0,51.25
1784199000,2026-07-16,1,10.116666666666667,0.5058823529411764,-2.0406444132626795,BUILDING,PRE-OPEN,-32.25,10.116666666666667,20.233333333333334,29505.25,29525.48,20.23,38.97,TARGET,4.6,33.25
1784200620,2026-07-16,-1,14.05,0.2058111380145278,5.879477351226225,BUILDING,PRE-OPEN,-21.25,14.05,28.1,29467.5,29482.0,-14.5,-30.5,STOP,5.6,38.5
1784201340,2026-07-16,1,14.816666666666666,0.101639344262295,-2.6965165656451475,NORMAL-CHOP,PRE-OPEN,-15.5,14.816666666666666,29.633333333333333,29472.25,29457.0,-15.25,-32.0,STOP,1.1,1.25
1784201520,2026-07-16,1,13.65,0.1458333333333333,-2.111483146338714,NORMAL-CHOP,PRE-OPEN,-21.0,13.65,27.3,29447.0,29433.0,-14.0,-29.5,STOP,11.5,24.0
1784202540,2026-07-16,1,19.98333333333333,0.4735294117647058,-44.40553465508359,CLEAN-TREND,PRE-OPEN,-80.5,19.98333333333333,39.96666666666666,29384.75,29424.72,39.97,78.43,TARGET,1.1,73.5
1784208600,2026-07-16,-1,18.48333333333333,0.4500941619585687,3.361712034897824,CLEAN-TREND,US,59.75,18.48333333333333,36.96666666666666,29507.25,29526.25,-19.0,-39.5,STOP,0.8,249.5
1784208840,2026-07-16,1,28.75,0.1118279569892473,-2.6638973473670817,VIOLENT-WHIPSAW,US,-26.0,28.75,57.5,29432.25,29403.25,-29.0,-59.5,STOP,0.4,40.5
1784209020,2026-07-16,-1,34.56666666666667,0.1133004926108374,4.646972953028883,VIOLENT-WHIPSAW,US,-28.75,34.56666666666667,69.13333333333334,29439.0,29369.87,69.13,136.77,TARGET,3.9,181.25
1784209680,2026-07-16,1,43.41666666666666,0.6815286624203821,-3.193167636170901,CLEAN-TREND,US,-187.25,43.41666666666666,86.83333333333331,29284.5,29371.33,86.83,172.17,TARGET,11.1,216.75
1784210700,2026-07-16,-1,44.11666666666667,0.458008658008658,3.142861636083101,CLEAN-TREND,US,132.25,44.11666666666667,88.23333333333333,29425.75,29470.25,-44.5,-90.5,STOP,2.2,27.75
1784211480,2026-07-16,1,29.8,0.2836970474967907,-2.283795465687169,BUILDING,US,55.25,29.8,59.6,29454.75,29424.5,-30.25,-62.0,STOP,2.9,54.25
1784212020,2026-07-16,-1,33.483333333333334,0.0283768444948921,2.7803277195972527,VIOLENT-WHIPSAW,US,-6.25,33.483333333333334,66.96666666666667,29468.25,29502.0,-33.75,-69.0,STOP,9.9,106.0
1784213400,2026-07-16,1,27.7,0.4575342465753425,-2.4850732059038365,CLEAN-TREND,US,-83.5,27.7,55.4,29397.5,29369.5,-28.0,-57.5,STOP,4.1,61.5
1784215500,2026-07-16,-1,25.25,0.1948717948717948,2.08965789650454,VIOLENT-WHIPSAW,US,38.0,25.25,50.5,29424.75,29450.25,-25.5,-52.5,STOP,0.5,70.75
1784216460,2026-07-16,1,27.916666666666668,0.1912168344007319,-2.5239083984392527,VIOLENT-WHIPSAW,US,-52.25,27.916666666666668,55.833333333333336,29391.5,29363.25,-28.25,-58.0,STOP,4.8,44.25
1784221200,2026-07-16,1,21.1,0.0774410774410774,-2.111364786742416,VIOLENT-WHIPSAW,US,11.5,21.1,42.2,29295.5,29337.7,42.2,82.9,TARGET,27.7,49.0
1784223600,2026-07-16,1,19.45,0.2145110410094637,-7.03097084931461,BUILDING,US,-34.0,19.45,38.9,29252.75,29233.0,-19.75,-41.0,STOP,2.1,16.5
1784225460,2026-07-16,-1,18.48333333333333,0.2937853107344633,2.141198325945761,BUILDING,US,26.0,18.48333333333333,36.96666666666666,29263.25,29226.28,36.97,72.43,TARGET,3.0,65.5
1784225760,2026-07-16,-1,21.98333333333333,0.1151079136690647,2.3302268676588755,VIOLENT-WHIPSAW,US,16.0,21.98333333333333,43.96666666666666,29269.0,29291.25,-22.25,-46.0,STOP,3.5,71.25
1784227200,2026-07-16,1,19.216666666666665,0.4990791896869245,-4.42535386220839,CLEAN-TREND,US,-67.75,19.216666666666665,38.43333333333333,29206.0,29244.43,38.43,75.37,TARGET,2.4,47.25
1784228820,2026-07-16,1,20.216666666666665,0.1850828729281768,-2.858867286139986,VIOLENT-WHIPSAW,US,-33.5,20.216666666666665,40.43333333333333,29192.75,29172.25,-20.5,-42.5,STOP,7.1,4.25
1784231400,2026-07-16,-1,21.183333333333334,0.0105263157894736,6.091736577033033,VIOLENT-WHIPSAW,US,2.0,21.183333333333334,42.36666666666667,29134.75,29156.25,-21.5,-44.5,STOP,0.7,7.75
1784231700,2026-07-16,-1,23.2,0.2948557089084065,4.094619402611366,BUILDING,US,58.75,23.2,46.4,29200.25,29223.75,-23.5,-48.5,STOP,3.5,38.25
1784241840,2026-07-16,-1,9.783333333333331,0.1164179104477611,4.533212517654135,DEAD-CHOP,OVERNIGHT,9.75,9.783333333333331,19.566666666666663,29148.5,29128.93,19.57,37.63,TARGET,4.5,40.5
1784244360,2026-07-16,1,8.816666666666666,0.3380782918149466,-4.188553144611033,BUILDING,OVERNIGHT,-23.75,8.816666666666666,17.633333333333333,29088.5,29079.25,-9.25,-20.0,STOP,5.1,40.25
1784244840,2026-07-16,-1,10.933333333333334,0.4294871794871794,4.364334098731715,BUILDING,OVERNIGHT,-33.5,10.933333333333334,21.866666666666667,29078.25,29089.5,-11.25,-24.0,STOP,3.4,17.75
1784245200,2026-07-16,-1,14.633333333333333,0.2885375494071146,2.9667348360457293,BUILDING,OVERNIGHT,36.5,14.633333333333333,29.266666666666666,29124.75,29095.48,29.27,57.03,TARGET,4.7,88.75
1784246400,2026-07-17,-1,14.833333333333334,0.2219679633867277,2.098308793058368,BUILDING,OVERNIGHT,24.25,14.833333333333334,29.666666666666668,29120.5,29090.83,29.67,57.83,TARGET,4.0,113.5
1784246820,2026-07-17,1,17.95,0.3087719298245614,-2.139846184620083,BUILDING,OVERNIGHT,-44.0,17.95,35.9,29061.0,29042.75,-18.25,-38.0,STOP,2.7,15.75
1784247780,2026-07-17,-1,21.2,0.1273885350318471,2.07890104527328,VIOLENT-WHIPSAW,OVERNIGHT,-20.0,21.2,42.4,29051.0,29008.6,42.4,83.3,TARGET,6.3,57.5
1784248500,2026-07-17,1,16.0,0.4942528735632184,-6.146104493267684,CLEAN-TREND,OVERNIGHT,-53.75,16.0,32.0,29002.0,29034.0,32.0,62.5,TARGET,10.2,104.5
1784249400,2026-07-17,-1,14.0,0.4615384615384615,2.5325388894893752,CLEAN-TREND,OVERNIGHT,51.0,14.0,28.0,29053.0,29067.25,-14.25,-30.0,STOP,0.7,38.5
1784249700,2026-07-17,-1,13.783333333333331,0.7084398976982097,4.552037674490551,CLEAN-TREND,OVERNIGHT,69.25,13.783333333333331,27.566666666666663,29072.75,29087.0,-14.25,-30.0,STOP,6.0,61.25
1784251980,2026-07-17,1,15.333333333333334,0.2757009345794392,-4.244520998894869,BUILDING,OVERNIGHT,-29.5,15.333333333333334,30.666666666666668,28999.0,28983.25,-15.75,-33.0,STOP,1.1,13.0
1784252580,2026-07-17,1,15.866666666666667,0.4533333333333333,-2.1155739561343645,CLEAN-TREND,OVERNIGHT,-51.0,15.866666666666667,31.733333333333334,28981.25,28965.0,-16.25,-34.0,STOP,0.4,9.0
1784254680,2026-07-17,1,10.816666666666666,0.4501718213058419,-2.807749432122064,BUILDING,OVERNIGHT,-32.75,10.816666666666666,21.633333333333333,28946.75,28935.5,-11.25,-24.0,STOP,1.4,2.0
1784255640,2026-07-17,1,10.8,0.4107142857142857,-2.357609959965526,BUILDING,OVERNIGHT,-34.5,10.8,21.6,28912.75,28934.35,21.6,41.7,TARGET,8.7,33.0
1784256900,2026-07-17,1,12.466666666666669,0.1650485436893204,-3.1470130637149154,NORMAL-CHOP,OVERNIGHT,-17.0,12.466666666666669,24.933333333333337,28908.25,28933.18,24.93,48.37,TARGET,3.1,109.5
1784258520,2026-07-17,-1,9.083333333333334,0.9242424242424242,4.598763391605279,BUILDING,OVERNIGHT,61.0,9.083333333333334,18.166666666666668,29014.75,29024.25,-9.5,-20.5,STOP,4.5,88.75
1784259600,2026-07-17,1,13.25,0.3953488372093023,-2.342560804551076,BUILDING,OVERNIGHT,-46.75,13.25,26.5,28956.0,28942.5,-13.5,-28.5,STOP,2.4,6.0
1784263260,2026-07-17,-1,14.583333333333334,0.320754716981132,2.938480172384284,BUILDING,OVERNIGHT,-29.75,14.583333333333334,29.166666666666668,28792.25,28807.25,-15.0,-31.5,STOP,0.6,5.0
1784264220,2026-07-17,1,12.066666666666666,0.0539956803455723,-3.063416841350603,NORMAL-CHOP,OVERNIGHT,6.25,12.066666666666666,24.133333333333333,28814.0,28801.5,-12.5,-26.5,STOP,2.0,8.5
1784266440,2026-07-17,1,14.166666666666666,0.446064139941691,-4.332138606256367,CLEAN-TREND,OVERNIGHT,-38.25,14.166666666666666,28.333333333333332,28773.0,28758.5,-14.5,-30.5,STOP,1.0,11.0
1784266620,2026-07-17,1,15.066666666666666,0.5663956639566395,-2.5228777950950705,CLEAN-TREND,OVERNIGHT,-52.25,15.066666666666666,30.133333333333333,28745.0,28729.5,-15.5,-32.5,STOP,5.7,30.0
1784268360,2026-07-17,1,15.133333333333333,0.0041493775933609,-2.2477708451235388,NORMAL-CHOP,OVERNIGHT,-0.5,15.133333333333333,30.266666666666666,28749.25,28733.75,-15.5,-32.5,STOP,0.9,75.75
1784272260,2026-07-17,1,15.483333333333333,0.0603015075376884,-2.512895191477849,VIOLENT-WHIPSAW,PRE-OPEN,-6.0,15.483333333333333,30.966666666666665,28732.5,28763.47,30.97,60.43,TARGET,3.5,32.25
1784272980,2026-07-17,-1,15.216666666666669,0.1246819338422391,2.133068143168709,NORMAL-CHOP,PRE-OPEN,-12.25,15.216666666666669,30.433333333333337,28724.0,28739.5,-15.5,-32.5,STOP,2.6,36.5
1784274300,2026-07-17,1,14.016666666666667,0.5989010989010989,-7.309635507785607,CLEAN-TREND,PRE-OPEN,-54.5,14.016666666666667,28.033333333333335,28699.0,28684.5,-14.5,-30.5,STOP,12.1,36.5
1784275200,2026-07-17,-1,15.55,0.005524861878453,3.299355295098285,VIOLENT-WHIPSAW,PRE-OPEN,0.5,15.55,31.1,28698.25,28714.25,-16.0,-33.5,STOP,0.9,121.5
1784275800,2026-07-17,1,21.05,0.1929824561403508,-2.0846804088788047,VIOLENT-WHIPSAW,PRE-OPEN,-35.75,21.05,42.1,28677.5,28656.0,-21.5,-44.5,STOP,5.1,5.25
1784276280,2026-07-17,-1,22.0,0.4671445639187574,2.9248883081693564,CLEAN-TREND,PRE-OPEN,-97.75,22.0,44.0,28604.0,28626.25,-22.25,-46.0,STOP,9.2,49.25
1784277480,2026-07-17,1,17.733333333333334,0.3507462686567164,-2.4737224740776904,BUILDING,PRE-OPEN,-47.0,17.733333333333334,35.46666666666667,28568.75,28604.22,35.47,69.43,TARGET,7.4,91.75
1784281140,2026-07-17,-1,13.433333333333334,0.3611111111111111,2.2878963211290166,BUILDING,PRE-OPEN,39.0,13.433333333333334,26.866666666666667,28706.75,28679.88,26.87,52.23,TARGET,4.8,28.25
1784283120,2026-07-17,-1,15.85,0.3861386138613861,3.8906993450836262,BUILDING,PRE-OPEN,29.25,15.85,31.7,28737.0,28753.25,-16.25,-34.0,STOP,1.2,12.75
1784283960,2026-07-17,1,17.6,0.0352941176470588,-2.9835549301483653,VIOLENT-WHIPSAW,PRE-OPEN,4.5,17.6,35.2,28750.75,28785.95,35.2,68.9,TARGET,6.6,75.25
1784284860,2026-07-17,-1,13.383333333333333,0.6490384615384616,2.0509585798434773,CLEAN-TREND,PRE-OPEN,67.5,13.383333333333333,26.766666666666666,28816.5,28789.73,26.77,52.03,TARGET,10.1,67.0
1784286840,2026-07-17,1,15.783333333333331,0.1666666666666666,-2.012947381633303,VIOLENT-WHIPSAW,PRE-OPEN,-24.0,15.783333333333331,31.566666666666663,28759.25,28743.0,-16.25,-34.0,STOP,2.9,10.0
1784287560,2026-07-17,-1,12.45,0.1472081218274111,2.6785404452743524,NORMAL-CHOP,PRE-OPEN,-14.5,12.45,24.9,28762.0,28737.1,24.9,48.3,TARGET,15.9,44.5
1784289780,2026-07-17,1,12.233333333333333,0.3871733966745843,-2.668675345355861,BUILDING,PRE-OPEN,-40.75,12.233333333333333,24.466666666666665,28704.0,28691.5,-12.5,-26.5,STOP,1.8,2.25
1784290320,2026-07-17,1,13.516666666666667,0.4844868735083532,-4.1576456832226825,CLEAN-TREND,PRE-OPEN,-50.75,13.516666666666667,27.033333333333335,28689.0,28675.0,-14.0,-29.5,STOP,3.2,8.75
1784291220,2026-07-17,1,11.3,0.298780487804878,-2.564727926995795,BUILDING,PRE-OPEN,-24.5,11.3,22.6,28663.5,28651.75,-11.75,-25.0,STOP,14.1,28.75
1784292240,2026-07-17,-1,13.883333333333333,0.0187667560321715,3.8064506843720025,NORMAL-CHOP,PRE-OPEN,-1.75,13.883333333333333,27.766666666666666,28674.5,28688.75,-14.25,-30.0,STOP,1.5,55.25
1784292600,2026-07-17,1,14.583333333333334,0.1606714628297362,-2.203750142110076,NORMAL-CHOP,PRE-OPEN,-16.75,14.583333333333334,29.166666666666668,28654.5,28683.67,29.17,56.83,TARGET,5.7,31.75
1784293080,2026-07-17,1,14.516666666666667,0.0436893203883495,-2.3373986242687645,NORMAL-CHOP,PRE-OPEN,4.5,14.516666666666667,29.033333333333335,28668.0,28653.0,-15.0,-31.5,STOP,1.3,2.75
1784293680,2026-07-17,-1,13.416666666666666,0.5807560137457045,2.5854553976383983,CLEAN-TREND,PRE-OPEN,-42.25,13.416666666666666,26.833333333333332,28629.0,28602.17,26.83,52.17,TARGET,15.5,151.25
1784294700,2026-07-17,-1,13.866666666666667,0.0988505747126436,8.375915428244559,NORMAL-CHOP,PRE-OPEN,10.75,13.866666666666667,27.733333333333334,28640.0,28612.27,27.73,53.97,TARGET,1.7,231.75
1784295000,2026-07-17,-1,23.9,0.1083123425692695,9.966149861418309,VIOLENT-WHIPSAW,US,21.5,23.9,47.8,28645.0,28669.25,-24.25,-50.0,STOP,0.2,236.75
1784295120,2026-07-17,1,28.83333333333333,0.0119375573921028,-6.182800160992727,VIOLENT-WHIPSAW,US,3.25,28.83333333333333,57.66666666666666,28629.75,28600.5,-29.25,-60.0,STOP,0.5,138.5
1784295600,2026-07-17,-1,43.56666666666667,0.4510344827586207,4.449382440336964,CLEAN-TREND,US,-163.5,43.56666666666667,87.13333333333334,28475.25,28519.25,-44.0,-89.5,STOP,8.1,67.0
1784296320,2026-07-17,-1,43.583333333333336,0.1510791366906475,2.9016466615505423,VIOLENT-WHIPSAW,US,42.0,43.583333333333336,87.16666666666667,28551.25,28595.25,-44.0,-89.5,STOP,1.0,3.75
1784296800,2026-07-17,-1,44.16666666666666,0.9180457052797478,3.796598199075098,CLEAN-TREND,US,291.25,44.16666666666666,88.33333333333331,28736.5,28781.0,-44.5,-90.5,STOP,2.2,26.0
1784297040,2026-07-17,1,42.93333333333333,0.6310395314787701,-3.3871758332691697,CLEAN-TREND,US,215.5,42.93333333333333,85.86666666666666,28718.75,28804.62,85.87,170.23,TARGET,1.5,168.75
1784297400,2026-07-17,-1,42.63333333333333,0.6343669250645995,3.8646172570392903,CLEAN-TREND,US,245.5,42.63333333333333,85.26666666666667,28858.75,28773.48,85.27,169.03,TARGET,22.0,98.5
1784298900,2026-07-17,-1,38.53333333333333,0.0454545454545454,3.636213106570746,VIOLENT-WHIPSAW,US,11.5,38.53333333333333,77.06666666666666,28844.0,28883.0,-39.0,-79.5,STOP,2.3,161.5
1784299620,2026-07-17,-1,37.95,0.2359963269054178,2.75421390303882,BUILDING,US,64.25,37.95,75.9,28838.5,28762.6,75.9,150.3,TARGET,4.0,161.75
1784304060,2026-07-17,1,27.4,0.2691315563198624,-3.023165084981692,BUILDING,US,78.25,27.4,54.8,28888.25,28860.25,-28.0,-57.5,STOP,1.2,71.75
1784307060,2026-07-17,-1,22.15,0.5270655270655271,3.1388860889138472,CLEAN-TREND,US,92.5,22.15,44.3,29020.0,28975.7,44.3,87.1,TARGET,4.3,59.0
1784312580,2026-07-17,-1,17.833333333333332,0.2433734939759036,2.389888688706621,BUILDING,US,-25.25,17.833333333333332,35.666666666666664,28856.0,28874.25,-18.25,-38.0,STOP,6.1,59.25
1784313600,2026-07-17,1,21.166666666666668,0.0590277777777777,-2.501198220554045,VIOLENT-WHIPSAW,US,-8.5,21.166666666666668,42.333333333333336,28818.5,28797.0,-21.5,-44.5,STOP,3.0,67.5
1784314800,2026-07-17,1,19.73333333333333,0.2721202003338898,-3.162789481064633,BUILDING,US,40.75,19.73333333333333,39.46666666666666,28853.25,28833.25,-20.0,-41.5,STOP,2.0,8.0
1784315640,2026-07-17,-1,18.08333333333333,0.7294332723948812,3.369449346123264,CLEAN-TREND,US,-99.75,18.08333333333333,36.16666666666666,28761.5,28725.33,36.17,70.83,TARGET,10.3,43.0
1784316480,2026-07-17,-1,20.65,0.09375,2.3061868394893805,VIOLENT-WHIPSAW,US,16.5,20.65,41.3,28790.75,28811.75,-21.0,-43.5,STOP,1.0,37.25
1784317560,2026-07-17,1,24.75,0.1326053042121684,-2.9668397709380234,VIOLENT-WHIPSAW,US,-21.25,24.75,49.5,28798.75,28848.25,49.5,97.5,TARGET,4.9,55.0
1784318040,2026-07-17,1,25.466666666666665,0.4536585365853658,-2.7621976605401968,CLEAN-TREND,US,69.75,25.466666666666665,50.93333333333333,28838.25,28812.5,-25.75,-53.0,STOP,3.0,10.25
1784856900,2026-07-24,1,17.033333333333335,0.0881801125703564,-2.2648221462368854,VIOLENT-WHIPSAW,OVERNIGHT,11.75,17.033333333333335,34.06666666666667,28676.0,28658.25,-17.75,-37.0,STOP,3.6,9.25
1784858280,2026-07-24,1,12.983333333333333,0.6051948051948052,-2.638071909898124,CLEAN-TREND,OVERNIGHT,-58.25,12.983333333333333,25.966666666666665,28617.5,28604.25,-13.25,-28.0,STOP,5.9,14.5
1784859000,2026-07-24,-1,12.866666666666667,0.3057324840764331,3.443807233600753,BUILDING,OVERNIGHT,-24.0,12.866666666666667,25.733333333333334,28615.25,28628.5,-13.25,-28.0,STOP,0.5,63.25
1784861280,2026-07-24,1,11.233333333333333,0.4551282051282051,-2.458678698492433,BUILDING,OVERNIGHT,-35.5,11.233333333333333,22.466666666666665,28536.25,28524.75,-11.5,-24.5,STOP,9.9,25.25
1784863140,2026-07-24,1,12.683333333333334,0.0617977528089887,-3.485174036150522,NORMAL-CHOP,OVERNIGHT,-5.5,12.683333333333334,25.366666666666667,28531.75,28557.12,25.37,49.23,TARGET,7.5,25.5
1784864160,2026-07-24,1,14.266666666666667,0.1750741839762611,-2.242298058927892,NORMAL-CHOP,OVERNIGHT,-14.75,14.266666666666667,28.533333333333335,28519.0,28504.25,-14.75,-31.0,STOP,7.1,18.5
1784865600,2026-07-24,1,10.683333333333334,0.3519163763066202,-3.658099171813818,BUILDING,OVERNIGHT,-25.25,10.683333333333334,21.366666666666667,28477.25,28466.25,-11.0,-23.5,STOP,3.3,79.5
1784869020,2026-07-24,1,12.116666666666667,0.5561959654178674,-2.652586213442522,BUILDING,OVERNIGHT,48.25,12.116666666666667,24.233333333333334,28569.75,28557.25,-12.5,-26.5,STOP,0.2,33.5
1784873520,2026-07-24,1,9.833333333333334,0.4693877551020408,-2.023224126600798,BUILDING,OVERNIGHT,-28.75,9.833333333333334,19.666666666666668,28517.5,28507.25,-10.25,-22.0,STOP,0.6,58.75
1784874000,2026-07-24,-1,11.866666666666667,0.3812154696132597,2.0149741617557693,BUILDING,OVERNIGHT,34.5,11.866666666666667,23.733333333333334,28555.25,28567.5,-12.25,-26.0,STOP,4.6,73.75
1784874480,2026-07-24,-1,14.15,0.1659751037344398,2.585194272637058,NORMAL-CHOP,OVERNIGHT,20.0,14.15,28.3,28527.25,28541.75,-14.5,-30.5,STOP,3.1,45.75
1784876460,2026-07-24,-1,12.816666666666666,0.4952561669829222,2.0868240729810634,CLEAN-TREND,PRE-OPEN,65.25,12.816666666666666,25.633333333333333,28563.25,28576.5,-13.25,-28.0,STOP,0.8,6.25
1784876940,2026-07-24,-1,14.35,0.6949152542372882,2.7242419464580463,CLEAN-TREND,PRE-OPEN,82.0,14.35,28.7,28597.5,28612.25,-14.75,-31.0,STOP,1.0,0.25
1784877120,2026-07-24,-1,14.8,0.8089668615984406,2.316279209727782,CLEAN-TREND,PRE-OPEN,103.75,14.8,29.6,28623.75,28639.0,-15.25,-32.0,STOP,2.9,10.25
1784877780,2026-07-24,1,14.1,0.5291479820627802,-2.541698647276589,CLEAN-TREND,PRE-OPEN,59.0,14.1,28.2,28636.5,28622.0,-14.5,-30.5,STOP,17.2,27.0
1784879340,2026-07-24,-1,10.233333333333333,0.2348484848484848,3.862302226409208,BUILDING,PRE-OPEN,-15.5,10.233333333333333,20.466666666666665,28629.0,28608.53,20.47,39.43,TARGET,11.1,72.0
1784880180,2026-07-24,1,10.2,0.2979591836734694,-2.7418990720682905,BUILDING,PRE-OPEN,-18.25,10.2,20.4,28603.25,28592.75,-10.5,-22.5,STOP,0.4,38.25
1784880300,2026-07-24,-1,10.433333333333334,0.6235294117647059,2.371647263145137,BUILDING,PRE-OPEN,-39.75,10.433333333333334,20.866666666666667,28581.5,28592.25,-10.75,-23.0,STOP,3.4,24.5
1784881140,2026-07-24,1,14.216666666666669,0.0111358574610244,-2.2246804035641614,NORMAL-CHOP,PRE-OPEN,1.25,14.216666666666669,28.433333333333337,28594.25,28622.68,28.43,55.37,TARGET,9.8,55.25
1784883300,2026-07-24,-1,10.083333333333334,0.0,2.0440499552160456,DEAD-CHOP,PRE-OPEN,0.0,10.083333333333334,20.166666666666668,28629.5,28640.0,-10.5,-22.5,STOP,11.4,18.75
1784884140,2026-07-24,-1,14.166666666666666,0.4015151515151515,4.821786428419242,CLEAN-TREND,PRE-OPEN,53.0,14.166666666666666,28.333333333333332,28677.0,28648.67,28.33,55.17,TARGET,2.6,45.0
1784885100,2026-07-24,-1,12.966666666666669,0.0118577075098814,2.16368576587975,NORMAL-CHOP,PRE-OPEN,-1.5,12.966666666666669,25.933333333333337,28672.25,28685.5,-13.25,-28.0,STOP,6.9,11.5
1784887260,2026-07-24,-1,8.7,0.0717703349282296,2.1165807785656137,DEAD-CHOP,PRE-OPEN,-3.75,8.7,17.4,28692.5,28675.1,17.4,33.3,TARGET,3.6,38.75
1784890260,2026-07-24,1,9.25,0.2907801418439716,-3.022810640228145,BUILDING,PRE-OPEN,-20.5,9.25,18.5,28636.25,28654.75,18.5,35.5,TARGET,9.5,30.75
1784891700,2026-07-24,-1,10.316666666666666,0.1836734693877551,2.183654368975465,NORMAL-CHOP,PRE-OPEN,13.5,10.316666666666666,20.633333333333333,28652.5,28663.25,-10.75,-23.0,STOP,8.6,36.75
1784892660,2026-07-24,1,10.783333333333331,0.2831325301204819,-3.500137831640094,BUILDING,PRE-OPEN,-23.5,10.783333333333331,21.566666666666663,28629.75,28618.25,-11.5,-24.5,STOP,3.5,69.25
1784893020,2026-07-24,-1,12.083333333333334,0.1062801932367149,2.5506700363947457,NORMAL-CHOP,PRE-OPEN,-11.0,12.083333333333334,24.166666666666668,28629.0,28604.83,24.17,46.83,TARGET,10.5,28.0
1784893740,2026-07-24,1,11.583333333333334,0.0909090909090909,-2.24137010707349,NORMAL-CHOP,PRE-OPEN,-10.0,11.583333333333334,23.166666666666668,28615.75,28603.75,-12.0,-25.5,STOP,7.0,83.25
1784894280,2026-07-24,-1,14.7,0.2873563218390804,5.290057129782604,BUILDING,PRE-OPEN,43.75,14.7,29.4,28675.5,28690.5,-15.0,-31.5,STOP,0.1,50.5
1784895480,2026-07-24,-1,15.066666666666666,0.3925925925925926,2.0663282625660333,BUILDING,PRE-OPEN,53.0,15.066666666666666,30.133333333333333,28693.25,28663.12,30.13,58.77,TARGET,6.1,76.75
1784896440,2026-07-24,-1,14.85,0.4141414141414141,2.1525614793653345,CLEAN-TREND,PRE-OPEN,-41.0,14.85,29.7,28643.25,28658.5,-15.25,-32.0,STOP,2.7,61.75
1784899020,2026-07-24,-1,10.733333333333333,0.0967741935483871,3.281429407773976,NORMAL-CHOP,PRE-OPEN,8.25,10.733333333333333,21.466666666666665,28605.0,28583.53,21.47,41.43,TARGET,4.1,159.5
1784899500,2026-07-24,-1,12.416666666666666,0.0967741935483871,2.630322154940898,NORMAL-CHOP,PRE-OPEN,9.0,12.416666666666666,24.833333333333332,28595.0,28570.17,24.83,48.17,TARGET,1.7,281.75
1784899800,2026-07-24,-1,17.883333333333333,0.4735042735042735,7.752014894676038,CLEAN-TREND,US,-69.25,17.883333333333333,35.766666666666666,28529.5,28547.75,-18.25,-38.0,STOP,1.0,224.25
1784899980,2026-07-24,1,23.25,0.2926447574334898,-2.778832177320392,BUILDING,US,-46.75,23.25,46.5,28558.5,28605.0,46.5,91.5,TARGET,1.0,63.75
1784900340,2026-07-24,1,36.93333333333333,0.2684210526315789,-3.30805396109714,BUILDING,US,-76.5,36.93333333333333,73.86666666666666,28528.0,28490.75,-37.25,-76.0,STOP,0.8,3.75
1784900520,2026-07-24,-1,38.61666666666667,0.2835051546391752,2.4264231902449387,BUILDING,US,-82.5,38.61666666666667,77.23333333333333,28480.5,28403.27,77.23,152.97,TARGET,8.3,175.25
1784901780,2026-07-24,1,42.18333333333333,0.2941176470588235,-2.336509157502923,BUILDING,US,-96.25,42.18333333333333,84.36666666666666,28363.75,28448.12,84.37,167.23,TARGET,10.2,88.0
1784902500,2026-07-24,1,38.9,0.0306021717670286,-2.6603844362700597,VIOLENT-WHIPSAW,US,7.75,38.9,77.8,28382.0,28342.75,-39.25,-80.0,STOP,1.2,42.0
1784903940,2026-07-24,1,33.766666666666666,0.4165067178502879,-2.742578545041262,CLEAN-TREND,US,-108.5,33.766666666666666,67.53333333333333,28282.5,28350.03,67.53,133.57,TARGET,10.4,196.0
1784905020,2026-07-24,-1,34.9,0.4367726920093095,2.060111268425882,CLEAN-TREND,US,140.75,34.9,69.8,28415.25,28450.5,-35.25,-72.0,STOP,1.1,60.25
1784905800,2026-07-24,-1,34.483333333333334,0.1622769753610875,5.147961468643185,VIOLENT-WHIPSAW,US,47.75,34.483333333333334,68.96666666666667,28423.0,28457.75,-34.75,-71.0,STOP,0.1,7.5
1784906040,2026-07-24,-1,40.38333333333333,0.152428810720268,2.0982721095540047,VIOLENT-WHIPSAW,US,45.5,40.38333333333333,80.76666666666667,28495.5,28536.25,-40.75,-83.0,STOP,0.1,39.0
1784907660,2026-07-24,1,28.216666666666665,0.106060606060606,-2.144435730703456,VIOLENT-WHIPSAW,US,24.5,28.216666666666665,56.43333333333333,28533.75,28505.25,-28.5,-58.5,STOP,1.7,97.5
1784912760,2026-07-24,1,18.85,0.1782477341389728,-2.66244531224268,VIOLENT-WHIPSAW,US,-14.75,18.85,37.7,28463.0,28443.75,-19.25,-40.0,STOP,1.1,81.25
1784914920,2026-07-24,1,16.283333333333335,0.3688699360341151,-2.161472702781322,BUILDING,US,-43.25,16.283333333333335,32.56666666666667,28471.5,28454.75,-16.75,-35.0,STOP,2.1,30.0
1784917680,2026-07-24,-1,15.133333333333333,0.9488636363636364,2.24014504504046,CLEAN-TREND,US,-83.5,15.133333333333333,30.266666666666666,28343.25,28312.98,30.27,59.03,TARGET,2.8,84.25
1784917980,2026-07-24,1,17.216666666666665,0.9322033898305084,-3.3350785611973683,CLEAN-TREND,US,-110.0,17.216666666666665,34.43333333333333,28306.25,28288.75,-17.5,-36.5,STOP,1.1,23.5
1784920020,2026-07-24,1,22.516666666666666,0.4847020933977455,-3.347463586575934,CLEAN-TREND,US,-75.25,22.516666666666666,45.03333333333333,28241.0,28218.0,-23.0,-47.5,STOP,7.0,61.5
1784921340,2026-07-24,-1,16.166666666666668,0.3350923482849604,2.002323369240444,BUILDING,US,31.75,16.166666666666668,32.333333333333336,28253.0,28269.5,-16.5,-34.5,STOP,0.2,29.75
1784921700,2026-07-24,-1,17.7,0.4448979591836735,2.8747342015182142,CLEAN-TREND,US,54.5,17.7,35.4,28294.75,28259.35,35.4,69.3,TARGET,5.1,71.5
1784922600,2026-07-24,-1,23.933333333333334,0.3106159895150721,3.190097032047819,BUILDING,US,-59.25,23.933333333333334,47.86666666666667,28235.75,28260.0,-24.25,-50.0,STOP,3.4,12.5
1785114780,2026-07-27,-1,18.316666666666663,0.1923076923076923,2.213771445610271,VIOLENT-WHIPSAW,OVERNIGHT,-35.0,18.316666666666663,36.633333333333326,28573.75,28537.12,36.63,71.77,TARGET,14.4,48.5
1785115740,2026-07-27,1,16.55,0.3567839195979899,-2.5291946596863104,BUILDING,OVERNIGHT,-35.5,16.55,33.1,28539.0,28572.1,33.1,64.7,TARGET,1.6,82.5
1785118740,2026-07-27,-1,13.783333333333331,0.4645669291338583,2.0078096535705194,CLEAN-TREND,OVERNIGHT,29.5,13.783333333333331,27.566666666666663,28624.25,28638.5,-14.25,-30.0,STOP,5.6,19.0
1785123660,2026-07-27,-1,10.85,0.0304568527918781,3.2973606007081733,NORMAL-CHOP,OVERNIGHT,-3.0,10.85,21.7,28627.0,28605.3,21.7,41.9,TARGET,6.3,33.75
1785126840,2026-07-27,1,10.8,0.0278637770897832,-2.264614699032217,NORMAL-CHOP,OVERNIGHT,2.25,10.8,21.6,28641.5,28663.1,21.6,41.7,TARGET,21.5,22.0
1785129120,2026-07-27,1,9.416666666666666,0.1968503937007874,-2.2963123099955443,DEAD-CHOP,OVERNIGHT,12.5,9.416666666666666,18.833333333333332,28667.0,28685.83,18.83,36.17,TARGET,17.2,38.5
1785130500,2026-07-27,-1,7.716666666666667,0.1634615384615384,4.157455571965926,DEAD-CHOP,OVERNIGHT,8.5,7.716666666666667,15.433333333333334,28691.25,28699.25,-8.0,-17.5,STOP,3.7,9.5
1785138060,2026-07-27,1,9.183333333333334,0.2251655629139073,-2.4244657733022894,BUILDING,PRE-OPEN,-17.0,9.183333333333334,18.366666666666667,28691.75,28682.25,-9.5,-20.5,STOP,1.2,10.25
1785138240,2026-07-27,-1,9.95,0.1016949152542373,3.5301228217473803,DEAD-CHOP,PRE-OPEN,-9.0,9.95,19.9,28695.5,28675.6,19.9,38.3,TARGET,9.4,36.75
1785139200,2026-07-27,1,11.033333333333331,0.2534818941504178,-5.632526033561625,BUILDING,PRE-OPEN,-22.75,11.033333333333331,22.066666666666663,28677.25,28699.32,22.07,42.63,TARGET,2.2,47.5
1785140340,2026-07-27,-1,11.083333333333334,0.1908396946564885,2.502492007176929,NORMAL-CHOP,PRE-OPEN,12.5,11.083333333333334,22.166666666666668,28696.5,28708.0,-11.5,-24.5,STOP,5.7,3.0
1785141720,2026-07-27,-1,9.35,0.4715447154471545,2.897213321021833,BUILDING,PRE-OPEN,29.0,9.35,18.7,28735.25,28745.0,-9.75,-21.0,STOP,11.8,15.5
1785144540,2026-07-27,1,6.383333333333334,0.0253164556962025,-2.2352115620849173,DEAD-CHOP,PRE-OPEN,1.0,6.383333333333334,12.766666666666667,28726.25,28719.5,-6.75,-15.0,STOP,0.4,37.5
1785144840,2026-07-27,1,7.866666666666666,0.0833333333333333,-2.275864915969133,DEAD-CHOP,PRE-OPEN,5.0,7.866666666666666,15.733333333333333,28732.5,28748.23,15.73,29.97,TARGET,11.8,31.25
1785147000,2026-07-27,1,6.016666666666667,0.4130434782608695,-2.791184104660458,BUILDING,PRE-OPEN,-19.0,6.016666666666667,12.033333333333333,28733.25,28726.75,-6.5,-14.5,STOP,1.7,14.75
1785148200,2026-07-27,-1,6.466666666666667,0.0062111801242236,2.474251418179636,DEAD-CHOP,PRE-OPEN,-0.25,6.466666666666667,12.933333333333334,28740.0,28746.75,-6.75,-15.0,STOP,12.4,13.25
1785149700,2026-07-27,1,6.116666666666666,0.3566433566433566,-2.093085958596923,BUILDING,PRE-OPEN,12.75,6.116666666666666,12.233333333333333,28751.25,28744.75,-6.5,-14.5,STOP,1.0,4.75
1785150060,2026-07-27,1,6.9,0.4368932038834951,-2.2623228417873773,BUILDING,PRE-OPEN,-22.5,6.9,13.8,28725.0,28717.75,-7.25,-16.0,STOP,1.1,4.5
1785151560,2026-07-27,1,8.816666666666666,0.5294117647058824,-2.33816852685194,BUILDING,PRE-OPEN,-38.25,8.816666666666666,17.633333333333333,28678.75,28669.5,-9.25,-20.0,STOP,3.0,6.75
1785151800,2026-07-27,-1,11.966666666666669,0.3263598326359833,2.2677574496391717,BUILDING,PRE-OPEN,-39.0,11.966666666666669,23.933333333333337,28672.75,28685.0,-12.25,-26.0,STOP,1.0,19.0
1785152460,2026-07-27,-1,12.766666666666667,0.0363636363636363,2.2928872934035502,NORMAL-CHOP,PRE-OPEN,-4.0,12.766666666666667,25.533333333333335,28675.25,28688.5,-13.25,-28.0,STOP,18.4,21.5
1785154380,2026-07-27,1,10.616666666666667,0.3529411764705882,-4.141011484108428,BUILDING,PRE-OPEN,-33.0,10.616666666666667,21.233333333333334,28641.75,28630.75,-11.0,-23.5,STOP,8.3,29.0
1785155700,2026-07-27,-1,11.283333333333331,0.1818181818181818,2.6425511199388008,NORMAL-CHOP,PRE-OPEN,16.0,11.283333333333331,22.566666666666663,28658.5,28670.25,-11.75,-25.0,STOP,4.2,3.0
1785156660,2026-07-27,1,9.333333333333334,0.208955223880597,-4.284514986956222,BUILDING,PRE-OPEN,14.0,9.333333333333334,18.666666666666668,28674.0,28692.67,18.67,35.83,TARGET,3.4,28.75
1785157200,2026-07-27,-1,10.15,0.1761006289308176,3.018498038058365,DEAD-CHOP,PRE-OPEN,14.0,10.15,20.3,28683.0,28662.7,20.3,39.1,TARGET,5.4,114.25
1785159000,2026-07-27,-1,15.5,0.7981220657276995,2.545464822326224,CLEAN-TREND,US,-85.0,15.5,31.0,28580.25,28596.0,-15.75,-33.0,STOP,1.1,253.5
1785159180,2026-07-27,1,23.383333333333333,0.9310344827586208,-6.690662884548269,CLEAN-TREND,US,-141.75,23.383333333333333,46.766666666666666,28507.0,28553.77,46.77,92.03,TARGET,1.3,107.0
1785159360,2026-07-27,-1,31.78333333333333,0.1928783382789317,2.398381440515468,VIOLENT-WHIPSAW,US,-48.75,31.78333333333333,63.56666666666666,28588.75,28525.18,63.57,125.63,TARGET,3.2,312.25
1785159720,2026-07-27,1,45.05,0.4362880886426593,-3.451143586387229,CLEAN-TREND,US,-157.5,45.05,90.1,28459.0,28413.5,-45.5,-92.5,STOP,13.5,44.75
1785160620,2026-07-27,1,37.56666666666667,0.288169868554095,-2.7017895087768062,BUILDING,US,-71.25,37.56666666666667,75.13333333333334,28387.0,28349.0,-38.0,-77.5,STOP,0.9,0.75
1785160740,2026-07-27,-1,38.4,0.38347260909935,2.3813250760323967,BUILDING,US,-103.25,38.4,76.8,28347.5,28270.7,76.8,152.1,TARGET,10.9,272.0
1785161700,2026-07-27,-1,39.53333333333333,0.3159968479117415,2.341504269331835,BUILDING,US,-100.25,39.53333333333333,79.06666666666666,28263.75,28184.68,79.07,156.63,TARGET,7.9,325.25
1785162540,2026-07-27,1,38.16666666666666,0.6053097345132743,-3.783783136963329,CLEAN-TREND,US,-171.0,38.16666666666666,76.33333333333331,28083.5,28045.0,-38.5,-78.5,STOP,4.2,97.0
1785163500,2026-07-27,-1,43.55,0.32,2.1433121754205176,BUILDING,US,-76.0,43.55,87.1,27995.75,28039.75,-44.0,-89.5,STOP,1.1,10.5
1785163980,2026-07-27,1,44.06666666666667,0.2220496894409938,-2.511291635634503,BUILDING,US,71.5,44.06666666666667,88.13333333333334,28104.25,28192.38,88.13,174.77,TARGET,11.9,94.5
1785169500,2026-07-27,-1,30.883333333333333,0.1685185185185185,8.790696521360793,VIOLENT-WHIPSAW,US,45.5,30.883333333333333,61.766666666666666,28192.0,28130.23,61.77,122.03,TARGET,9.9,167.0
1785177660,2026-07-27,-1,19.58333333333333,0.1301482701812191,10.675008890792098,VIOLENT-WHIPSAW,US,-19.75,19.58333333333333,39.16666666666666,28061.75,28081.75,-20.0,-41.5,STOP,2.1,17.0
1785178320,2026-07-27,-1,23.183333333333334,0.4899328859060403,2.953482432969165,CLEAN-TREND,US,91.25,23.183333333333334,46.36666666666667,28139.0,28162.75,-23.75,-49.0,STOP,2.0,2.25
1785181020,2026-07-27,1,17.65,0.1638655462184874,-2.05730956074104,VIOLENT-WHIPSAW,US,-19.5,17.65,35.3,28203.75,28185.75,-18.0,-37.5,STOP,1.2,16.25
1785181800,2026-07-27,-1,20.716666666666665,0.407942238267148,2.1383134602332934,CLEAN-TREND,US,-56.5,20.716666666666665,41.43333333333333,28177.0,28198.0,-21.0,-43.5,STOP,5.3,18.5
1785190800,2026-07-27,1,8.683333333333334,0.5732217573221757,-3.90129673452268,BUILDING,OVERNIGHT,-34.25,8.683333333333334,17.366666666666667,28155.25,28146.25,-9.0,-19.5,STOP,3.7,10.75
1785191100,2026-07-27,1,9.4,0.411371237458194,-3.060773886368608,BUILDING,OVERNIGHT,-30.75,9.4,18.8,28143.5,28133.75,-9.75,-21.0,STOP,3.0,14.25
1785191760,2026-07-27,-1,8.966666666666667,0.1891891891891892,3.972239462631295,DEAD-CHOP,OVERNIGHT,-12.25,8.966666666666667,17.933333333333334,28151.25,28133.32,17.93,34.37,TARGET,3.8,46.25
1785192360,2026-07-27,-1,8.933333333333334,0.104602510460251,2.6283889520114525,DEAD-CHOP,OVERNIGHT,-6.25,8.933333333333334,17.866666666666667,28130.75,28140.0,-9.25,-20.0,STOP,0.8,25.75
1785193260,2026-07-27,1,7.566666666666666,0.3523809523809524,-2.2409556203414467,BUILDING,OVERNIGHT,-18.5,7.566666666666666,15.133333333333333,28113.75,28105.75,-8.0,-17.5,STOP,2.1,49.75
1785193500,2026-07-27,-1,9.05,0.0129032258064516,3.473835087987241,DEAD-CHOP,OVERNIGHT,1.0,9.05,18.1,28136.5,28146.0,-9.5,-20.5,STOP,0.7,18.75
1785194400,2026-07-27,-1,10.566666666666666,0.0320284697508896,4.015802846396733,NORMAL-CHOP,OVERNIGHT,2.25,10.566666666666666,21.133333333333333,28137.75,28148.75,-11.0,-23.5,STOP,1.1,17.0
1785194880,2026-07-27,-1,10.283333333333331,0.4150197628458498,2.123981903250656,BUILDING,OVERNIGHT,26.25,10.283333333333331,20.566666666666663,28158.25,28137.68,20.57,39.63,TARGET,7.0,37.5
1785196800,2026-07-28,1,14.983333333333333,0.38544474393531,-3.700685015414365,BUILDING,OVERNIGHT,35.75,14.983333333333333,29.966666666666665,28171.25,28156.0,-15.25,-32.0,STOP,0.3,23.75
1785196920,2026-07-28,-1,15.95,0.4870466321243523,3.807677475880738,CLEAN-TREND,OVERNIGHT,47.0,15.95,31.9,28179.0,28195.25,-16.25,-34.0,STOP,1.5,118.75
1785197100,2026-07-28,1,19.183333333333334,0.0925925925925925,-3.0577409972814427,VIOLENT-WHIPSAW,OVERNIGHT,12.5,19.183333333333334,38.36666666666667,28142.75,28123.0,-19.75,-41.0,STOP,4.4,23.0
1785197520,2026-07-28,-1,23.683333333333334,0.3019145802650957,2.429756291466973,BUILDING,OVERNIGHT,-51.25,23.683333333333334,47.36666666666667,28108.5,28132.5,-24.0,-49.5,STOP,3.0,48.25
1785198120,2026-07-28,1,21.116666666666667,0.325,-3.650221153650158,BUILDING,OVERNIGHT,-52.0,21.116666666666667,42.233333333333334,28089.0,28067.5,-21.5,-44.5,STOP,8.6,50.75
1785199200,2026-07-28,-1,21.98333333333333,0.0932203389830508,2.430241534061675,VIOLENT-WHIPSAW,OVERNIGHT,16.5,21.98333333333333,43.96666666666666,28110.0,28132.25,-22.25,-46.0,STOP,2.7,121.75
1785201060,2026-07-28,-1,19.366666666666667,0.5193798449612403,2.283926811112639,CLEAN-TREND,OVERNIGHT,-67.0,19.366666666666667,38.733333333333334,28003.0,28022.75,-19.75,-41.0,STOP,14.9,33.75
1785204720,2026-07-28,1,12.316666666666666,0.1586206896551724,-2.1791611097486663,NORMAL-CHOP,OVERNIGHT,-11.5,12.316666666666666,24.633333333333333,28004.75,27992.0,-12.75,-27.0,STOP,0.3,25.5
1785207000,2026-07-28,1,14.216666666666669,0.0997150997150997,-3.6027507980542404,NORMAL-CHOP,OVERNIGHT,-8.75,14.216666666666669,28.433333333333337,27961.5,27989.93,28.43,55.37,TARGET,2.0,73.75
1785207960,2026-07-28,1,13.7,0.1373493975903614,-5.168721779778589,NORMAL-CHOP,OVERNIGHT,-14.25,13.7,27.4,27959.25,27945.25,-14.0,-29.5,STOP,2.0,87.5
1785208200,2026-07-28,1,12.816666666666666,0.5835777126099707,-3.5212765927914047,CLEAN-TREND,OVERNIGHT,-49.75,12.816666666666666,25.633333333333333,27939.25,27964.88,25.63,49.77,TARGET,2.3,124.25
1785209520,2026-07-28,1,17.033333333333335,0.1654135338345864,-2.054869662376919,VIOLENT-WHIPSAW,OVERNIGHT,-22.0,17.033333333333335,34.06666666666667,27985.0,28019.07,34.07,66.63,TARGET,2.6,86.0
1785210000,2026-07-28,-1,17.616666666666667,0.1503875968992248,2.12490415729954,VIOLENT-WHIPSAW,OVERNIGHT,24.25,17.616666666666667,35.233333333333334,28056.25,28021.02,35.23,68.97,TARGET,26.5,54.25
1785216120,2026-07-28,1,10.133333333333333,0.4036363636363636,-2.4974233649674527,BUILDING,OVERNIGHT,-27.75,10.133333333333333,20.266666666666666,27932.25,27921.75,-10.5,-22.5,STOP,3.1,9.25
1785216600,2026-07-28,1,10.6,0.6666666666666666,-2.528793757490732,BUILDING,OVERNIGHT,-43.0,10.6,21.2,27906.75,27895.75,-11.0,-23.5,STOP,0.7,17.5
1785216900,2026-07-28,1,11.183333333333334,0.8321678321678322,-2.3295414641024133,BUILDING,OVERNIGHT,-59.5,11.183333333333334,22.366666666666667,27883.75,27906.12,22.37,43.23,TARGET,1.8,40.5
1785218040,2026-07-28,1,11.633333333333333,0.0222222222222222,-2.212647305171628,NORMAL-CHOP,OVERNIGHT,-2.0,11.633333333333333,23.266666666666666,27898.75,27886.75,-12.0,-25.5,STOP,1.2,8.0
1785218400,2026-07-28,-1,11.766666666666667,0.2090395480225988,3.388353166518963,BUILDING,OVERNIGHT,-18.5,11.766666666666667,23.533333333333335,27888.5,27900.75,-12.25,-26.0,STOP,0.3,49.25
1785218520,2026-07-28,1,12.983333333333333,0.4010989010989011,-3.593295711116809,CLEAN-TREND,OVERNIGHT,-36.5,12.983333333333333,25.966666666666665,27874.0,27860.75,-13.25,-28.0,STOP,1.8,38.5
1785219180,2026-07-28,-1,13.833333333333334,0.227621483375959,5.402095409729752,BUILDING,OVERNIGHT,-22.25,13.833333333333334,27.666666666666668,27852.75,27867.0,-14.25,-30.0,STOP,3.5,8.25
1785219600,2026-07-28,1,12.916666666666666,0.0644257703081232,-2.7760513103811264,NORMAL-CHOP,OVERNIGHT,-5.75,12.916666666666666,25.833333333333332,27855.75,27881.58,25.83,50.17,TARGET,1.8,81.25
1785219960,2026-07-28,-1,15.383333333333333,0.3319327731092437,2.182203097063795,BUILDING,OVERNIGHT,39.5,15.383333333333333,30.766666666666666,27884.5,27900.25,-15.75,-33.0,STOP,1.7,11.25
1785225060,2026-07-28,-1,13.95,0.1139240506329113,2.238372604315248,NORMAL-CHOP,PRE-OPEN,-13.5,13.95,27.9,27926.75,27941.0,-14.25,-30.0,STOP,0.8,47.5
1785225660,2026-07-28,-1,17.066666666666666,0.0836653386454183,3.855014640919187,VIOLENT-WHIPSAW,PRE-OPEN,-10.5,17.066666666666666,34.13333333333333,27917.75,27935.25,-17.5,-36.5,STOP,0.8,38.5
1785226680,2026-07-28,1,17.3,0.0627062706270627,-2.416498718465407,VIOLENT-WHIPSAW,PRE-OPEN,9.5,17.3,34.6,27945.0,27979.6,34.6,67.7,TARGET,4.7,107.75
1785234600,2026-07-28,1,11.383333333333333,0.257985257985258,-7.143779552469451,BUILDING,PRE-OPEN,26.25,11.383333333333333,22.766666666666666,27975.5,27963.75,-11.75,-25.0,STOP,2.6,5.75
1785234840,2026-07-28,1,12.983333333333333,0.1652542372881356,-9.236451160920115,NORMAL-CHOP,PRE-OPEN,-19.5,12.983333333333333,25.966666666666665,27948.5,27935.25,-13.25,-28.0,STOP,0.3,5.75
1785235200,2026-07-28,1,16.25,0.2129277566539923,-3.024027596441117,BUILDING,PRE-OPEN,-28.0,16.25,32.5,27911.75,27944.25,32.5,63.5,TARGET,7.8,41.0
1785235980,2026-07-28,-1,14.016666666666667,0.0381355932203389,2.0296876904298884,NORMAL-CHOP,PRE-OPEN,4.5,14.016666666666667,28.033333333333335,27941.5,27913.47,28.03,54.57,TARGET,8.2,76.75
1785237300,2026-07-28,-1,18.7,0.1322033898305084,7.820042126670762,VIOLENT-WHIPSAW,PRE-OPEN,-19.5,18.7,37.4,27917.25,27936.25,-19.0,-39.5,STOP,2.3,68.25
1785238560,2026-07-28,-1,17.65,0.1185185185185185,8.771398489021628,VIOLENT-WHIPSAW,PRE-OPEN,-16.0,17.65,35.3,27911.0,27875.7,35.3,69.1,TARGET,2.6,62.0
1785241620,2026-07-28,-1,16.55,0.4632034632034632,2.6830335165310766,CLEAN-TREND,PRE-OPEN,53.5,16.55,33.1,28011.0,28028.0,-17.0,-35.5,STOP,2.4,55.25
1785242760,2026-07-28,-1,19.95,0.1348314606741573,3.2553038601276825,VIOLENT-WHIPSAW,PRE-OPEN,18.0,19.95,39.9,28019.5,27979.6,39.9,78.3,TARGET,4.1,45.75
1785245280,2026-07-28,1,17.283333333333335,0.4046345811051693,-2.0145213207353256,CLEAN-TREND,PRE-OPEN,-56.75,17.283333333333335,34.56666666666667,27949.25,27983.82,34.57,67.63,TARGET,1.1,43.75
1785245460,2026-07-28,-1,24.416666666666668,0.4936386768447837,3.899248907695516,CLEAN-TREND,US,-97.0,24.416666666666668,48.833333333333336,27906.0,27857.17,48.83,96.17,TARGET,4.5,265.75
1785246060,2026-07-28,-1,43.03333333333333,0.5261044176706827,3.719516596101754,CLEAN-TREND,US,-163.75,43.03333333333333,86.06666666666666,27811.0,27724.93,86.07,170.63,TARGET,3.3,170.75
1785246420,2026-07-28,1,44.5,0.6040738383195416,-2.442859293061762,CLEAN-TREND,US,-237.25,44.5,89.0,27660.75,27749.75,89.0,176.5,TARGET,1.4,137.0
1785246720,2026-07-28,-1,48.083333333333336,0.1921664626682986,2.411916990676297,VIOLENT-WHIPSAW,US,-78.5,48.083333333333336,96.16666666666667,27752.75,27656.58,96.17,190.83,TARGET,6.0,149.5
1785247560,2026-07-28,1,49.05,0.1428571428571428,-2.153187017266046,VIOLENT-WHIPSAW,US,53.5,49.05,98.1,27780.25,27730.75,-49.5,-100.5,STOP,0.7,12.75
1785247980,2026-07-28,1,50.31666666666667,0.040590405904059,-2.0412454534536235,VIOLENT-WHIPSAW,US,-16.5,50.31666666666667,100.63333333333334,27653.25,27753.88,100.63,199.77,TARGET,22.2,139.0
1785251340,2026-07-28,-1,30.08333333333333,0.1332533013205282,2.075455384276803,VIOLENT-WHIPSAW,US,-27.75,30.08333333333333,60.16666666666666,27826.0,27856.5,-30.5,-62.5,STOP,0.1,25.0
1785251880,2026-07-28,-1,35.78333333333333,0.5912031047865459,2.8436736311850046,CLEAN-TREND,US,114.25,35.78333333333333,71.56666666666666,27912.5,27948.75,-36.25,-74.0,STOP,1.3,16.5
1785259140,2026-07-28,-1,18.1,0.2824427480916031,2.200436375502252,BUILDING,US,-27.75,18.1,36.2,27992.25,28010.75,-18.5,-38.5,STOP,0.8,53.25
1785261240,2026-07-28,1,18.8,0.3589315525876461,-2.0872793512896584,BUILDING,US,-53.75,18.8,37.6,27941.5,27979.1,37.6,73.7,TARGET,5.4,58.25
1785266520,2026-07-28,-1,16.0,0.1272727272727272,2.4916445338515167,VIOLENT-WHIPSAW,US,15.75,16.0,32.0,28008.0,28024.25,-16.25,-34.0,STOP,7.0,78.75
1785268440,2026-07-28,-1,15.4,0.3460620525059666,4.067845156373374,BUILDING,US,36.25,15.4,30.8,27982.75,27951.95,30.8,60.1,TARGET,0.0,98.75
1785268740,2026-07-28,-1,19.766666666666666,0.2135922330097087,2.398926891142286,BUILDING,US,-33.0,19.766666666666666,39.53333333333333,27921.75,27942.0,-20.25,-42.0,STOP,0.4,37.75
1785276900,2026-07-28,-1,12.75,0.0166666666666666,2.2856076649841675,NORMAL-CHOP,OVERNIGHT,1.5,12.75,25.5,27973.0,27947.5,25.5,49.5,TARGET,2.2,131.75
1785277560,2026-07-28,-1,13.933333333333334,0.625,2.041817675574876,CLEAN-TREND,OVERNIGHT,-70.0,13.933333333333334,27.866666666666667,27924.25,27938.5,-14.25,-30.0,STOP,0.4,141.25
1785277920,2026-07-28,1,16.816666666666666,0.4395604395604395,-2.312842852228617,CLEAN-TREND,OVERNIGHT,-60.0,16.816666666666666,33.63333333333333,27901.5,27884.25,-17.25,-36.0,STOP,5.5,12.0
1785278340,2026-07-28,1,17.833333333333332,0.4125874125874126,-2.797415887293639,CLEAN-TREND,OVERNIGHT,-59.0,17.833333333333332,35.666666666666664,27860.75,27842.5,-18.25,-38.0,STOP,5.6,29.75
1785278760,2026-07-28,-1,19.1,0.5036284470246735,4.019570507526932,CLEAN-TREND,OVERNIGHT,-86.75,19.1,38.2,27835.0,27796.8,38.2,74.9,TARGET,6.3,103.5
1785279540,2026-07-28,1,20.23333333333333,0.6122448979591837,-2.116715616254305,CLEAN-TREND,OVERNIGHT,-105.0,20.23333333333333,40.46666666666666,27758.0,27737.5,-20.5,-42.5,STOP,3.8,133.75
1785280380,2026-07-28,1,26.48333333333333,0.2299349240780911,-2.278096332960831,BUILDING,OVERNIGHT,53.0,26.48333333333333,52.96666666666666,27828.0,27880.97,52.97,104.43,TARGET,9.0,105.25
1785283020,2026-07-28,1,30.866666666666667,0.6721030042918454,-2.1830511232414924,CLEAN-TREND,OVERNIGHT,195.75,30.866666666666667,61.733333333333334,28094.25,28155.98,61.73,121.97,TARGET,4.2,83.0
1785283920,2026-07-29,1,26.03333333333333,0.3626707132018209,-2.9648076699680312,BUILDING,OVERNIGHT,59.75,26.03333333333333,52.06666666666666,28154.0,28127.5,-26.5,-54.5,STOP,2.2,11.5
1785284460,2026-07-29,-1,23.716666666666665,0.0479846449136276,4.078337257413172,VIOLENT-WHIPSAW,OVERNIGHT,6.25,23.716666666666665,47.43333333333333,28151.5,28104.07,47.43,93.37,TARGET,2.5,133.0
1785284940,2026-07-29,-1,26.28333333333333,0.3819742489270386,2.050270115340849,BUILDING,OVERNIGHT,-66.75,26.28333333333333,52.56666666666666,28076.0,28023.43,52.57,103.63,TARGET,3.5,75.25
1785286680,2026-07-29,1,20.6,0.3821656050955414,-3.068653085662034,BUILDING,OVERNIGHT,-60.0,20.6,41.2,28012.25,27991.25,-21.0,-43.5,STOP,8.2,29.75
1785289860,2026-07-29,1,22.116666666666667,0.5868945868945868,-2.093390911495988,CLEAN-TREND,OVERNIGHT,-103.0,22.116666666666667,44.233333333333334,27840.0,27817.5,-22.5,-46.5,STOP,1.4,29.75
1785292560,2026-07-29,-1,21.516666666666666,0.1398963730569948,2.36050148216812,VIOLENT-WHIPSAW,OVERNIGHT,20.25,21.516666666666666,43.03333333333333,27869.75,27891.75,-22.0,-45.5,STOP,3.0,81.75
1785294360,2026-07-29,-1,16.183333333333334,0.3309352517985611,2.313766223360928,BUILDING,OVERNIGHT,-46.0,16.183333333333334,32.36666666666667,27819.75,27836.25,-16.5,-34.5,STOP,0.5,74.0
1785296040,2026-07-29,-1,17.516666666666666,0.2631578947368421,2.168943548455448,BUILDING,OVERNIGHT,-32.5,17.516666666666666,35.03333333333333,27782.25,27747.22,35.03,68.57,TARGET,8.1,96.75
1785297060,2026-07-29,1,17.1,0.4188562596599691,-6.380751840239307,CLEAN-TREND,OVERNIGHT,-67.75,17.1,34.2,27722.5,27705.0,-17.5,-36.5,STOP,3.4,2.5
1785297600,2026-07-29,1,16.966666666666665,0.5912162162162162,-2.4969319235568683,CLEAN-TREND,OVERNIGHT,-87.5,16.966666666666665,33.93333333333333,27688.0,27670.75,-17.25,-36.0,STOP,14.8,27.75
1785298980,2026-07-29,1,20.53333333333333,0.0244604316546762,-2.13619119442414,VIOLENT-WHIPSAW,OVERNIGHT,-4.25,20.53333333333333,41.06666666666666,27694.75,27673.75,-21.0,-43.5,STOP,5.4,36.0
1785300300,2026-07-29,1,19.316666666666663,0.2021660649819494,-2.70989650918085,BUILDING,OVERNIGHT,-28.0,19.316666666666663,38.633333333333326,27662.75,27701.38,38.63,75.77,TARGET,5.5,172.0
1785301620,2026-07-29,-1,21.816666666666663,0.4894217207334274,2.275359085630754,CLEAN-TREND,OVERNIGHT,86.75,21.816666666666663,43.633333333333326,27805.5,27827.75,-22.25,-46.0,STOP,5.5,33.25
1785303360,2026-07-29,-1,18.866666666666667,0.4904458598726114,2.051981724509214,CLEAN-TREND,OVERNIGHT,57.75,18.866666666666667,37.733333333333334,27840.5,27802.77,37.73,73.97,TARGET,20.2,100.0
1785306540,2026-07-29,1,17.4,0.3344887348353553,-2.6147147560431647,BUILDING,OVERNIGHT,48.25,17.4,34.8,27810.0,27844.8,34.8,68.1,TARGET,2.1,131.75
1785313800,2026-07-29,-1,15.8,0.002004008016032,2.333798103862192,VIOLENT-WHIPSAW,PRE-OPEN,0.25,15.8,31.6,27858.75,27875.0,-16.25,-34.0,STOP,0.6,1.0
1785314700,2026-07-29,1,15.933333333333334,0.5412474849094567,-2.8388970857682505,CLEAN-TREND,PRE-OPEN,67.25,15.933333333333334,31.866666666666667,27923.25,27907.0,-16.25,-34.0,STOP,8.4,55.75
1785317940,2026-07-29,-1,13.2,0.080091533180778,4.331791586601724,NORMAL-CHOP,PRE-OPEN,8.75,13.2,26.4,27977.75,27991.25,-13.5,-28.5,STOP,0.4,-0.0
1785318300,2026-07-29,1,14.15,0.3466666666666667,-4.090836044413177,BUILDING,PRE-OPEN,39.0,14.15,28.3,28011.75,28040.05,28.3,55.1,TARGET,4.1,48.25
1785318900,2026-07-29,-1,13.966666666666669,0.2149532710280373,3.321279836243656,BUILDING,PRE-OPEN,23.0,13.966666666666669,27.933333333333337,28017.75,28032.0,-14.25,-30.0,STOP,9.3,29.75
1785321420,2026-07-29,1,13.133333333333333,0.4334975369458128,-2.227007168797229,CLEAN-TREND,PRE-OPEN,-44.0,13.133333333333333,26.266666666666666,27970.0,27956.25,-13.75,-29.0,STOP,0.9,14.5
1785322800,2026-07-29,-1,15.433333333333334,0.0346320346320346,4.015100261337015,VIOLENT-WHIPSAW,PRE-OPEN,4.0,15.433333333333334,30.866666666666667,27970.25,27939.38,30.87,60.23,TARGET,5.6,41.75
1785327240,2026-07-29,1,15.533333333333331,0.4517958412098298,-5.124923507024557,CLEAN-TREND,PRE-OPEN,-59.75,15.533333333333331,31.066666666666663,27941.25,27925.25,-16.0,-33.5,STOP,1.2,6.75
1785327480,2026-07-29,1,21.45,0.4733893557422969,-2.4101187005052047,CLEAN-TREND,PRE-OPEN,-84.5,21.45,42.9,27896.5,27874.75,-21.75,-45.0,STOP,2.9,25.5
1785329700,2026-07-29,-1,12.066666666666666,0.5075987841945289,2.192385857033565,BUILDING,PRE-OPEN,41.75,12.066666666666666,24.133333333333333,27926.75,27902.62,24.13,46.77,TARGET,4.6,70.5
1785331140,2026-07-29,-1,12.1,0.1394658753709199,2.830139404438892,NORMAL-CHOP,PRE-OPEN,-11.75,12.1,24.2,27868.25,27881.0,-12.75,-27.0,STOP,1.3,52.0
1785331320,2026-07-29,-1,12.3,0.0229885057471264,2.667793736254398,NORMAL-CHOP,PRE-OPEN,-2.0,12.3,24.6,27885.5,27898.25,-12.75,-27.0,STOP,1.9,162.75
1785331620,2026-07-29,1,17.083333333333332,0.2384769539078156,-5.006832706568949,BUILDING,PRE-OPEN,29.75,17.083333333333332,34.166666666666664,27913.5,27896.0,-17.5,-36.5,STOP,2.0,83.5
1785331920,2026-07-29,-1,29.466666666666665,0.1336787564766839,5.663477724216232,VIOLENT-WHIPSAW,US,32.25,29.466666666666665,58.93333333333333,27903.25,27933.0,-29.75,-61.0,STOP,0.3,235.5
1785332100,2026-07-29,-1,36.65,0.3684210526315789,2.655993375025034,BUILDING,US,112.0,36.65,73.3,27977.75,27904.45,73.3,145.1,TARGET,1.1,310.0
1785332580,2026-07-29,-1,49.516666666666666,0.1315240083507307,2.537149476622351,VIOLENT-WHIPSAW,US,-47.25,49.516666666666666,99.03333333333333,27872.25,27922.25,-50.0,-101.5,STOP,1.0,232.25
1785332820,2026-07-29,1,48.96666666666667,0.1956363636363636,-3.272656064263503,VIOLENT-WHIPSAW,US,-67.25,48.96666666666667,97.93333333333334,27836.0,27786.75,-49.25,-100.0,STOP,3.0,26.5
1785333600,2026-07-29,-1,45.38333333333333,0.3859872611464968,3.598642343288513,BUILDING,US,-151.5,45.38333333333333,90.76666666666667,27752.5,27798.25,-45.75,-93.0,STOP,4.0,214.0
1785333960,2026-07-29,1,41.28333333333333,0.0014792899408284,-2.1057310170838424,VIOLENT-WHIPSAW,US,-0.5,41.28333333333333,82.56666666666666,27758.5,27716.75,-41.75,-85.0,STOP,0.2,0.25
1785334320,2026-07-29,1,40.98333333333333,0.099502487562189,-2.202461662387792,VIOLENT-WHIPSAW,US,-30.0,40.98333333333333,81.96666666666665,27669.75,27628.5,-41.25,-84.0,STOP,11.2,26.5
1785335100,2026-07-29,1,38.4,0.4521193092621664,-3.03866821348251,CLEAN-TREND,US,-144.0,38.4,76.8,27575.5,27536.75,-38.75,-79.0,STOP,14.5,76.75
1785336600,2026-07-29,-1,32.86666666666667,0.18,2.8605470708538268,VIOLENT-WHIPSAW,US,-36.0,32.86666666666667,65.73333333333333,27578.25,27611.5,-33.25,-68.0,STOP,1.8,32.25
1785340440,2026-07-29,1,24.08333333333333,0.2507204610951009,-4.5172606417350485,BUILDING,US,-43.5,24.08333333333333,48.16666666666666,27495.0,27470.5,-24.5,-50.5,STOP,1.1,45.0
1785342180,2026-07-29,-1,22.4,0.315112540192926,4.60504308904729,BUILDING,US,49.0,22.4,44.8,27511.5,27534.25,-22.75,-47.0,STOP,1.6,27.5
1785348000,2026-07-29,-1,25.916666666666668,0.7214700193423598,6.174411546120006,CLEAN-TREND,US,186.5,25.916666666666668,51.833333333333336,27850.25,27876.5,-26.25,-54.0,STOP,0.9,122.5
1785349920,2026-07-29,1,34.833333333333336,0.18562874251497,-4.11969963647769,VIOLENT-WHIPSAW,US,-38.75,34.833333333333336,69.66666666666667,27754.25,27823.92,69.67,137.83,TARGET,4.9,345.5
1785350400,2026-07-29,-1,45.45,0.5697569756975698,3.23787240536577,CLEAN-TREND,US,158.25,45.45,90.9,27905.25,27951.0,-45.75,-93.0,STOP,0.6,66.0
1785350820,2026-07-29,-1,48.81666666666667,0.9412780656303972,3.219684299370797,CLEAN-TREND,US,272.5,48.81666666666667,97.63333333333334,28026.25,28075.5,-49.25,-100.0,STOP,5.4,187.0
1785352860,2026-07-29,1,47.333333333333336,0.5986301369863014,-8.0401566359331,CLEAN-TREND,US,-218.5,47.333333333333336,94.66666666666667,27738.75,27691.0,-47.75,-97.0,STOP,0.2,7.25
1785353700,2026-07-29,-1,47.23333333333333,0.5694098088113051,2.133866755774945,CLEAN-TREND,US,-171.25,47.23333333333333,94.46666666666665,27601.0,27506.53,94.47,187.43,TARGET,3.0,401.0
1785354720,2026-07-29,1,43.93333333333333,0.5626072041166381,-3.002964565079828,CLEAN-TREND,US,-164.0,43.93333333333333,87.86666666666666,27415.25,27371.0,-44.25,-90.0,STOP,2.0,33.75
1785355140,2026-07-29,1,41.48333333333333,0.4731277533039648,-2.025697160853872,CLEAN-TREND,US,-134.25,41.48333333333333,82.96666666666665,27334.5,27292.5,-42.0,-85.5,STOP,0.6,27.25
1785363240,2026-07-29,-1,33.61666666666667,,2.8545241985289214,UNKNOWN,OVERNIGHT,0.0,33.61666666666667,67.23333333333333,27436.0,27470.0,-34.0,-69.5,STOP,1.5,40.75
1785364560,2026-07-29,-1,20.83333333333333,0.0345781466113416,2.384164384365393,VIOLENT-WHIPSAW,OVERNIGHT,6.25,20.83333333333333,41.66666666666666,27455.75,27477.0,-21.25,-44.0,STOP,8.5,35.25
1785366240,2026-07-29,-1,13.233333333333333,0.4691358024691358,3.991716557332828,CLEAN-TREND,OVERNIGHT,38.0,13.233333333333333,26.466666666666665,27479.0,27492.5,-13.5,-28.5,STOP,3.8,23.0
1785366660,2026-07-29,1,16.9,0.2675585284280936,-3.656554945388808,BUILDING,OVERNIGHT,40.0,16.9,33.8,27473.75,27507.55,33.8,66.1,TARGET,6.7,85.5
1785368280,2026-07-29,1,12.95,0.1662125340599455,-2.593598386051894,NORMAL-CHOP,OVERNIGHT,15.25,12.95,25.9,27535.0,27521.75,-13.25,-28.0,STOP,1.3,57.25
1785368940,2026-07-29,1,18.1,0.2023121387283237,-2.075757621276036,BUILDING,OVERNIGHT,-26.25,18.1,36.2,27514.5,27496.0,-18.5,-38.5,STOP,2.4,93.0
1785369960,2026-07-30,-1,29.83333333333333,0.279395900755124,2.2668689138998026,BUILDING,OVERNIGHT,64.75,29.83333333333333,59.66666666666666,27574.5,27604.75,-30.25,-62.0,STOP,6.6,38.25
1785371400,2026-07-30,-1,23.716666666666665,0.0067842605156037,2.2886795222244367,VIOLENT-WHIPSAW,OVERNIGHT,1.25,23.716666666666665,47.43333333333333,27597.75,27550.32,47.43,93.37,TARGET,4.1,108.75
1785373560,2026-07-30,-1,23.466666666666665,0.5902061855670103,2.484456048478104,CLEAN-TREND,OVERNIGHT,114.5,23.466666666666665,46.93333333333333,27629.5,27653.25,-23.75,-49.0,STOP,1.6,65.75
1785377040,2026-07-30,1,17.666666666666668,0.2862190812720848,-2.3267578068131844,BUILDING,OVERNIGHT,-40.5,17.666666666666668,35.333333333333336,27641.25,27623.25,-18.0,-37.5,STOP,12.5,32.75
1785379920,2026-07-30,1,19.4,0.0595419847328244,-2.7734357780641483,VIOLENT-WHIPSAW,OVERNIGHT,9.75,19.4,38.8,27582.75,27563.0,-19.75,-41.0,STOP,4.6,22.25
1785380280,2026-07-30,1,19.58333333333333,0.3169319826338639,-2.531140495943616,BUILDING,OVERNIGHT,-54.75,19.58333333333333,39.16666666666666,27545.75,27525.75,-20.0,-41.5,STOP,10.5,31.5
1785381300,2026-07-30,-1,16.983333333333334,0.3169934640522875,2.2224056071898053,BUILDING,OVERNIGHT,-48.5,16.983333333333334,33.96666666666667,27489.5,27506.75,-17.25,-36.0,STOP,1.2,18.0
1785382500,2026-07-30,-1,19.316666666666663,0.405189620758483,2.1423290521205622,CLEAN-TREND,OVERNIGHT,50.75,19.316666666666663,38.633333333333326,27540.25,27501.62,38.63,75.77,TARGET,1.1,54.25
1785382860,2026-07-30,1,21.95,0.107361963190184,-2.6045731962902665,VIOLENT-WHIPSAW,OVERNIGHT,17.5,21.95,43.9,27523.5,27501.25,-22.25,-46.0,STOP,26.6,40.0
1785384900,2026-07-30,1,15.6,0.3672055427251732,-4.259457798850571,BUILDING,OVERNIGHT,-39.75,15.6,31.2,27479.0,27463.0,-16.0,-33.5,STOP,3.5,64.5
1785387600,2026-07-30,1,16.316666666666666,0.3378076062639821,-2.028371983462939,BUILDING,OVERNIGHT,-37.75,16.316666666666666,32.63333333333333,27449.75,27433.0,-16.75,-35.0,STOP,1.3,50.0
1785388380,2026-07-30,-1,15.8,0.0056179775280898,2.014294527739188,VIOLENT-WHIPSAW,OVERNIGHT,0.5,15.8,31.6,27446.5,27462.75,-16.25,-34.0,STOP,1.1,6.25
1785390360,2026-07-30,-1,17.466666666666665,0.4947916666666667,3.867694169199928,CLEAN-TREND,OVERNIGHT,47.5,17.466666666666665,34.93333333333333,27536.75,27501.82,34.93,68.37,TARGET,1.9,89.75
1785392760,2026-07-30,-1,15.1,0.106290672451193,2.7526554499068787,NORMAL-CHOP,OVERNIGHT,12.25,15.1,30.2,27486.5,27456.3,30.2,58.9,TARGET,7.5,60.25
1785394740,2026-07-30,1,15.433333333333334,0.0176817288801571,-2.2138081506913028,VIOLENT-WHIPSAW,OVERNIGHT,-2.25,15.433333333333334,30.866666666666667,27435.25,27418.75,-16.5,-34.5,STOP,0.2,86.25
1785394860,2026-07-30,-1,19.78333333333333,0.2988505747126437,7.864063244734138,BUILDING,PRE-OPEN,52.0,19.78333333333333,39.56666666666666,27506.75,27467.18,39.57,77.63,TARGET,6.6,127.0
1785395520,2026-07-30,-1,28.366666666666667,0.2414486921529175,2.553220397675556,BUILDING,PRE-OPEN,60.0,28.366666666666667,56.733333333333334,27493.25,27436.52,56.73,111.97,TARGET,4.8,141.5
1785396060,2026-07-30,1,21.03333333333333,0.5225464190981433,-2.177088251463533,CLEAN-TREND,PRE-OPEN,-98.5,21.03333333333333,42.06666666666666,27408.5,27387.0,-21.5,-44.5,STOP,8.3,39.75
1785397020,2026-07-30,-1,20.466666666666665,0.1907308377896613,2.0636513421746927,VIOLENT-WHIPSAW,PRE-OPEN,-26.75,20.466666666666665,40.93333333333333,27387.25,27408.25,-21.0,-43.5,STOP,1.5,50.25
1785402840,2026-07-30,1,15.2,0.5661971830985916,-2.311007261501414,CLEAN-TREND,PRE-OPEN,50.25,15.2,30.4,27535.25,27565.65,30.4,59.3,TARGET,6.7,50.75
1785404160,2026-07-30,1,12.383333333333333,0.264367816091954,-2.3470187632278257,BUILDING,PRE-OPEN,17.25,12.383333333333333,24.766666666666666,27577.75,27565.0,-12.75,-27.0,STOP,1.6,6.5
1785405540,2026-07-30,1,10.333333333333334,0.3557046979865771,-2.25361255507472,BUILDING,PRE-OPEN,-26.5,10.333333333333334,20.666666666666668,27516.75,27506.0,-10.75,-23.0,STOP,0.1,112.75
1785406860,2026-07-30,1,15.283333333333331,0.6495238095238095,-2.8135302978892254,CLEAN-TREND,PRE-OPEN,85.25,15.283333333333331,30.566666666666663,27612.5,27596.75,-15.75,-33.0,STOP,2.8,35.5
1785409200,2026-07-30,-1,13.3,0.010752688172043,5.020005457221098,NORMAL-CHOP,PRE-OPEN,1.25,13.3,26.6,27638.0,27651.75,-13.75,-29.0,STOP,1.1,8.25
1785410880,2026-07-30,-1,12.516666666666667,0.6363636363636364,3.0854585709415865,CLEAN-TREND,PRE-OPEN,49.0,12.516666666666667,25.033333333333335,27710.0,27684.97,25.03,48.57,TARGET,3.9,36.5
1785411840,2026-07-30,1,16.583333333333332,0.081081081081081,-2.1591513465543866,VIOLENT-WHIPSAW,PRE-OPEN,-14.25,16.583333333333332,33.166666666666664,27701.5,27734.67,33.17,64.83,TARGET,5.4,64.5
1785414600,2026-07-30,-1,18.85,0.1598513011152416,2.50735295090857,VIOLENT-WHIPSAW,PRE-OPEN,21.5,18.85,37.7,27772.25,27734.55,37.7,73.9,TARGET,1.3,57.25
1785414960,2026-07-30,1,24.316666666666663,0.2688172043010752,-2.302570780754224,BUILDING,PRE-OPEN,50.0,24.316666666666663,48.633333333333326,27775.0,27823.63,48.63,95.77,TARGET,23.3,85.25
1785416460,2026-07-30,-1,18.433333333333334,0.6395604395604395,2.613486073925976,CLEAN-TREND,PRE-OPEN,72.75,18.433333333333334,36.86666666666667,27846.75,27865.5,-18.75,-39.0,STOP,5.2,19.75
1785416940,2026-07-30,1,17.866666666666667,0.3625,-4.90572957050054,BUILDING,PRE-OPEN,43.5,17.866666666666667,35.733333333333334,27842.75,27878.48,35.73,69.97,TARGET,20.0,77.0
1785418260,2026-07-30,-1,20.133333333333333,0.4323432343234323,3.909969922175074,CLEAN-TREND,US,32.75,20.133333333333333,40.266666666666666,27879.75,27839.48,40.27,79.03,TARGET,1.2,66.5
1785418500,2026-07-30,-1,29.83333333333333,0.2895622895622896,5.303686810231787,BUILDING,US,43.0,29.83333333333333,59.66666666666666,27891.75,27922.0,-30.25,-62.0,STOP,6.3,45.5
1785418980,2026-07-30,-1,46.583333333333336,0.4519015659955257,2.378985825491699,CLEAN-TREND,US,101.0,46.583333333333336,93.16666666666667,27962.75,28009.75,-47.0,-95.5,STOP,1.7,-0.0
1785419160,2026-07-30,-1,45.63333333333333,0.581573896353167,2.7763793747343413,CLEAN-TREND,US,151.5,45.63333333333333,91.26666666666667,28028.0,28074.0,-46.0,-93.5,STOP,3.7,18.25
1785419640,2026-07-30,-1,39.98333333333333,0.6728971962616822,3.101553568068472,CLEAN-TREND,US,216.0,39.98333333333333,79.96666666666665,28104.5,28144.75,-40.25,-82.0,STOP,4.1,37.5
1785420420,2026-07-30,1,33.25,0.1882480957562568,-3.632192069949863,VIOLENT-WHIPSAW,US,43.25,33.25,66.5,28105.25,28071.75,-33.5,-68.5,STOP,2.6,140.5
1785420780,2026-07-30,1,31.2,0.15,-2.65172471490113,VIOLENT-WHIPSAW,US,-30.0,31.2,62.4,28090.25,28152.65,62.4,123.3,TARGET,7.5,155.5
1785421620,2026-07-30,-1,30.25,0.5726495726495726,5.93691905017448,CLEAN-TREND,US,100.5,30.25,60.5,28211.5,28242.0,-30.5,-62.5,STOP,3.9,188.75
1785422640,2026-07-30,1,26.216666666666665,0.2911392405063291,-2.459502208356311,BUILDING,US,-51.75,26.216666666666665,52.43333333333333,28174.5,28148.0,-26.5,-54.5,STOP,3.2,21.5
1785423780,2026-07-30,-1,36.11666666666667,0.1901234567901234,2.870087299285483,VIOLENT-WHIPSAW,US,-57.75,36.11666666666667,72.23333333333333,28103.75,28031.52,72.23,142.97,TARGET,9.1,108.25
1785425160,2026-07-30,1,35.56666666666667,0.0300546448087431,-3.3687412641957244,VIOLENT-WHIPSAW,US,-5.5,35.56666666666667,71.13333333333334,28042.5,28006.5,-36.0,-73.5,STOP,1.3,91.25
1785427440,2026-07-30,-1,29.216666666666665,0.142578125,2.2674081536773545,VIOLENT-WHIPSAW,US,36.5,29.216666666666665,58.43333333333333,28150.75,28180.25,-29.5,-60.5,STOP,7.9,39.5
1785429000,2026-07-30,1,17.683333333333334,0.4967462039045553,-2.0538074121274104,CLEAN-TREND,US,-57.25,17.683333333333334,35.36666666666667,28125.75,28107.75,-18.0,-37.5,STOP,9.2,44.75
1785430800,2026-07-30,-1,19.6,0.3868613138686131,4.603129919133326,BUILDING,US,66.25,19.6,39.2,28158.75,28178.75,-20.0,-41.5,STOP,5.5,10.5
1785431940,2026-07-30,-1,16.35,0.3819095477386934,2.170759635844883,BUILDING,US,38.0,16.35,32.7,28203.0,28170.3,32.7,63.9,TARGET,8.4,64.5
1785433320,2026-07-30,-1,17.233333333333334,0.0963302752293578,3.866344907138695,VIOLENT-WHIPSAW,US,-10.5,17.233333333333334,34.46666666666667,28173.0,28190.5,-17.5,-36.5,STOP,0.2,7.5
1785438120,2026-07-30,-1,12.3,0.3,2.6150675428056207,BUILDING,US,19.5,12.3,24.6,28202.25,28215.0,-12.75,-27.0,STOP,3.9,11.5
1785438420,2026-07-30,-1,13.483333333333333,0.6871794871794872,2.8845721449210147,CLEAN-TREND,US,67.0,13.483333333333333,26.966666666666665,28235.25,28249.0,-13.75,-29.0,STOP,1.1,15.75
1785438600,2026-07-30,-1,14.916666666666666,0.8339622641509434,3.2984025941837416,CLEAN-TREND,US,110.5,14.916666666666666,29.833333333333332,28277.0,28292.25,-15.25,-32.0,STOP,1.9,57.5
1785441060,2026-07-30,1,15.533333333333331,0.002710027100271,-3.14633171443058,VIOLENT-WHIPSAW,US,-0.25,15.533333333333331,31.066666666666663,28219.75,28203.75,-16.0,-33.5,STOP,3.1,149.25
1785441480,2026-07-30,-1,18.866666666666667,0.024390243902439,2.6106003224899106,VIOLENT-WHIPSAW,US,3.0,18.866666666666667,37.733333333333334,28239.75,28259.0,-19.25,-40.0,STOP,0.1,36.0
1785441600,2026-07-30,1,23.15,0.125,-3.4135039101063285,VIOLENT-WHIPSAW,OVERNIGHT,-16.0,23.15,46.3,28221.75,28268.05,46.3,91.1,TARGET,0.0,188.25
1785450180,2026-07-30,1,14.65,0.2166666666666666,-2.1183207228915224,BUILDING,OVERNIGHT,-26.0,14.65,29.3,28361.0,28346.0,-15.0,-31.5,STOP,7.0,48.5
1785451140,2026-07-30,1,15.1,0.2219959266802444,-2.8268430653796672,BUILDING,OVERNIGHT,27.25,15.1,30.2,28386.25,28416.45,30.2,58.9,TARGET,21.9,39.25
1785453000,2026-07-30,1,11.716666666666669,0.2580645161290322,-3.046101397386002,BUILDING,OVERNIGHT,-24.0,11.716666666666669,23.433333333333337,28384.5,28372.5,-12.0,-25.5,STOP,10.8,15.0
1785454860,2026-07-30,-1,13.383333333333333,0.3985507246376811,2.291146603109855,BUILDING,OVERNIGHT,27.5,13.383333333333333,26.766666666666666,28409.0,28422.75,-13.75,-29.0,STOP,5.2,17.75
1785455460,2026-07-30,-1,14.95,0.2848484848484848,2.272297811890251,BUILDING,OVERNIGHT,35.25,14.95,29.9,28420.25,28435.5,-15.25,-32.0,STOP,0.6,25.25
1785456120,2026-07-31,-1,15.55,0.0559440559440559,2.271981805876245,VIOLENT-WHIPSAW,OVERNIGHT,-8.0,15.55,31.1,28406.75,28422.75,-16.0,-33.5,STOP,0.4,-0.0
1785456360,2026-07-31,-1,16.083333333333332,0.1049723756906077,2.1751079231941883,VIOLENT-WHIPSAW,OVERNIGHT,14.25,16.083333333333332,32.166666666666664,28435.0,28451.75,-16.75,-35.0,STOP,1.2,7.75
1785456840,2026-07-31,-1,18.133333333333333,0.3604887983706721,2.00586575872234,BUILDING,OVERNIGHT,44.25,18.133333333333333,36.266666666666666,28467.75,28486.25,-18.5,-38.5,STOP,5.6,20.75
1785457860,2026-07-31,1,14.633333333333333,0.3191489361702128,-2.593620675629286,BUILDING,OVERNIGHT,33.75,14.633333333333333,29.266666666666666,28491.5,28476.5,-15.0,-31.5,STOP,14.3,56.5
1785459480,2026-07-31,-1,12.15,0.1820448877805486,3.4567887955264465,NORMAL-CHOP,OVERNIGHT,18.25,12.15,24.3,28513.75,28526.25,-12.5,-26.5,STOP,1.0,-0.25
1785459960,2026-07-31,-1,11.283333333333331,0.7596371882086168,3.125011644373199,BUILDING,OVERNIGHT,83.75,11.283333333333331,22.566666666666663,28566.25,28578.0,-11.75,-25.0,STOP,8.6,51.0
1785461520,2026-07-31,-1,11.266666666666667,0.4213836477987421,2.053392622269318,BUILDING,OVERNIGHT,-33.5,11.266666666666667,22.533333333333335,28532.5,28509.97,22.53,43.57,TARGET,4.5,77.5
1785462480,2026-07-31,-1,14.5,0.7947214076246334,2.5317690333031533,CLEAN-TREND,OVERNIGHT,-67.75,14.5,29.0,28471.25,28486.0,-14.75,-31.0,STOP,3.6,61.25
1785463200,2026-07-31,-1,15.333333333333334,0.0492505353319057,2.079351999260869,VIOLENT-WHIPSAW,OVERNIGHT,5.75,15.333333333333334,30.666666666666668,28495.75,28465.08,30.67,59.83,TARGET,2.5,95.25
1785463440,2026-07-31,1,15.566666666666666,0.1408199643493761,-2.2891003535816177,VIOLENT-WHIPSAW,OVERNIGHT,-19.75,15.566666666666666,31.133333333333333,28446.5,28430.5,-16.0,-33.5,STOP,10.4,30.0
1785465420,2026-07-31,1,12.316666666666666,0.2903225806451613,-2.0748741852425043,BUILDING,OVERNIGHT,-22.5,12.316666666666666,24.633333333333333,28393.75,28418.38,24.63,47.77,TARGET,2.1,44.75
1785467760,2026-07-31,-1,13.983333333333333,0.1959798994974874,2.759473740920842,NORMAL-CHOP,OVERNIGHT,19.5,13.983333333333333,27.966666666666665,28439.0,28453.25,-14.25,-30.0,STOP,2.7,-0.25
1785469560,2026-07-31,1,10.866666666666667,0.4360902255639097,-2.08019031173618,BUILDING,OVERNIGHT,-29.0,10.866666666666667,21.733333333333334,28448.75,28437.5,-11.25,-24.0,STOP,0.7,27.5
1785472380,2026-07-31,-1,10.333333333333334,0.6129032258064516,2.1369063114518965,BUILDING,OVERNIGHT,42.75,10.333333333333334,20.666666666666668,28525.75,28536.5,-10.75,-23.0,STOP,2.1,5.5
1785472740,2026-07-31,-1,9.683333333333334,0.6268656716417911,2.45947149697152,BUILDING,OVERNIGHT,42.0,9.683333333333334,19.366666666666667,28541.25,28551.25,-10.0,-21.5,STOP,4.5,6.25
1785473100,2026-07-31,-1,9.083333333333334,0.6129032258064516,2.094402952702818,BUILDING,OVERNIGHT,42.75,9.083333333333334,18.166666666666668,28553.0,28562.5,-9.5,-20.5,STOP,22.1,17.5
1785475680,2026-07-31,-1,7.2,0.5129533678756477,6.845016716881816,BUILDING,OVERNIGHT,24.75,7.2,14.4,28577.75,28563.35,14.4,27.3,TARGET,2.7,37.5
1785477180,2026-07-31,-1,12.183333333333334,0.3408577878103837,4.576779652525721,BUILDING,OVERNIGHT,37.75,12.183333333333334,24.366666666666667,28585.5,28598.0,-12.5,-26.5,STOP,6.9,20.25
1785478140,2026-07-31,-1,10.033333333333331,0.1126279863481228,2.515979747991152,DEAD-CHOP,OVERNIGHT,8.25,10.033333333333331,20.066666666666663,28595.0,28605.5,-10.5,-22.5,STOP,1.0,108.75
1785479400,2026-07-31,1,8.783333333333333,0.5507246376811594,-4.169832353071668,BUILDING,OVERNIGHT,-38.0,8.783333333333333,17.566666666666666,28566.25,28557.0,-9.25,-20.0,STOP,1.5,6.75
1785479640,2026-07-31,1,11.2,0.80440097799511,-2.1906595882940008,BUILDING,OVERNIGHT,-82.25,11.2,22.4,28524.0,28512.5,-11.5,-24.5,STOP,0.4,1.0
1785480060,2026-07-31,1,17.55,0.7259380097879282,-2.057349442762999,CLEAN-TREND,OVERNIGHT,-111.25,17.55,35.1,28477.5,28459.5,-18.0,-37.5,STOP,1.1,48.75
1785484800,2026-07-31,1,12.85,0.0642673521850899,-2.003817938656153,NORMAL-CHOP,PRE-OPEN,6.25,12.85,25.7,28585.75,28572.5,-13.25,-28.0,STOP,0.1,23.25
1785485040,2026-07-31,1,15.066666666666666,0.0993914807302231,-4.669876127259298,NORMAL-CHOP,PRE-OPEN,-12.25,15.066666666666666,30.133333333333333,28541.25,28571.38,30.13,58.77,TARGET,2.6,70.0
1785485940,2026-07-31,-1,18.183333333333334,0.3413793103448276,2.9608480926575536,BUILDING,PRE-OPEN,49.5,18.183333333333334,36.36666666666667,28593.0,28611.5,-18.5,-38.5,STOP,12.3,32.25
1785488400,2026-07-31,-1,12.4,0.472,6.233646974555197,CLEAN-TREND,PRE-OPEN,44.25,12.4,24.8,28615.75,28628.5,-12.75,-27.0,STOP,7.3,34.25
1785490560,2026-07-31,-1,10.833333333333334,0.7948717948717948,2.295259882919984,BUILDING,PRE-OPEN,-62.0,10.833333333333334,21.666666666666668,28552.0,28563.25,-11.25,-24.0,STOP,8.3,32.75
1785492000,2026-07-31,1,11.116666666666667,0.4358974358974359,-2.089919815275572,BUILDING,PRE-OPEN,-38.25,11.116666666666667,22.233333333333334,28523.5,28545.73,22.23,42.97,TARGET,1.0,60.5
1785493200,2026-07-31,-1,10.383333333333333,0.5736677115987461,2.1494353188525537,BUILDING,PRE-OPEN,45.75,10.383333333333333,20.766666666666666,28571.5,28582.25,-10.75,-23.0,STOP,7.3,21.25
1785494940,2026-07-31,1,9.95,0.208955223880597,-2.3150693126997086,BUILDING,PRE-OPEN,-14.0,9.95,19.9,28554.25,28574.15,19.9,38.3,TARGET,2.3,71.75
1785495780,2026-07-31,-1,14.55,0.3892473118279569,2.1929961862696907,BUILDING,PRE-OPEN,45.25,14.55,29.1,28613.0,28583.9,29.1,56.7,TARGET,11.9,88.5
1785496560,2026-07-31,1,13.916666666666666,0.3421750663129973,-2.8118673738153976,BUILDING,PRE-OPEN,-32.25,13.916666666666666,27.833333333333332,28567.0,28552.75,-14.25,-30.0,STOP,12.5,18.0
1785497700,2026-07-31,-1,15.416666666666666,0.0,3.499743460849023,VIOLENT-WHIPSAW,PRE-OPEN,0.0,15.416666666666666,30.833333333333332,28559.5,28528.67,30.83,60.17,TARGET,1.1,59.0
1785499380,2026-07-31,1,11.083333333333334,0.4556962025316455,-3.2793477251340053,BUILDING,PRE-OPEN,-36.0,11.083333333333334,22.166666666666668,28511.0,28499.5,-11.5,-24.5,STOP,2.4,4.75
1785499800,2026-07-31,1,12.45,0.6392572944297082,-2.0783033399077624,CLEAN-TREND,PRE-OPEN,-60.25,12.45,24.9,28488.0,28475.25,-12.75,-27.0,STOP,4.8,19.5
1785500340,2026-07-31,1,13.6,0.6766467065868264,-2.2946288437563758,CLEAN-TREND,PRE-OPEN,-56.5,13.6,27.2,28456.5,28483.7,27.2,52.9,TARGET,1.2,51.0
1785500640,2026-07-31,-1,15.533333333333331,0.1447963800904977,2.2158696042526795,VIOLENT-WHIPSAW,PRE-OPEN,-16.0,15.533333333333331,31.066666666666663,28484.25,28500.25,-16.0,-33.5,STOP,4.1,52.25
1785501000,2026-07-31,1,17.916666666666668,0.2422907488986784,-4.263608717950605,BUILDING,PRE-OPEN,27.5,17.916666666666668,35.833333333333336,28497.75,28479.5,-18.25,-38.0,STOP,1.1,5.75
1785501540,2026-07-31,1,18.78333333333333,0.28,-3.4126644396152908,BUILDING,PRE-OPEN,-31.5,18.78333333333333,37.56666666666666,28452.75,28433.5,-19.25,-40.0,STOP,2.9,61.75
1785502260,2026-07-31,-1,17.466666666666665,0.1813471502590673,2.145588324226076,VIOLENT-WHIPSAW,PRE-OPEN,17.5,17.466666666666665,34.93333333333333,28477.5,28495.25,-17.75,-37.0,STOP,11.7,21.0
1785503400,2026-07-31,-1,13.566666666666666,0.4114942528735632,2.440550951008797,CLEAN-TREND,PRE-OPEN,44.75,13.566666666666666,27.133333333333333,28527.5,28541.5,-14.0,-29.5,STOP,5.2,13.25
1785504300,2026-07-31,-1,11.633333333333333,0.4612794612794613,3.451653312721099,BUILDING,PRE-OPEN,34.25,11.633333333333333,23.266666666666666,28560.75,28572.75,-12.0,-25.5,STOP,2.0,266.0
1785504600,2026-07-31,-1,18.633333333333333,0.6600985221674877,2.5589833066884373,CLEAN-TREND,US,67.0,18.633333333333333,37.266666666666666,28600.25,28619.25,-19.0,-39.5,STOP,0.6,305.5
1785504720,2026-07-31,-1,23.616666666666667,0.8157894736842105,3.027811463732994,CLEAN-TREND,US,124.0,23.616666666666667,47.233333333333334,28663.5,28687.5,-24.0,-49.5,STOP,0.1,391.5
1785504840,2026-07-31,-1,26.35,0.8554913294797688,4.661007897376174,CLEAN-TREND,US,148.0,26.35,52.7,28682.75,28709.5,-26.75,-55.0,STOP,0.1,442.25
1785504960,2026-07-31,1,30.866666666666667,0.6893667861409797,-9.875141537890965,CLEAN-TREND,US,144.25,30.866666666666667,61.733333333333334,28681.75,28650.5,-31.25,-64.0,STOP,0.8,4.25
1785505260,2026-07-31,-1,46.0,0.0867924528301886,5.2328861708485,VIOLENT-WHIPSAW,US,-28.75,46.0,92.0,28526.75,28434.75,92.0,182.5,TARGET,1.5,424.75
1785505500,2026-07-31,-1,54.46666666666667,0.406913280776228,2.593730837824212,CLEAN-TREND,US,-167.75,54.46666666666667,108.93333333333334,28428.0,28319.07,108.93,216.37,TARGET,4.1,327.75
1785505920,2026-07-31,-1,62.9,0.6962162162162162,2.425994134563889,CLEAN-TREND,US,-322.0,62.9,125.8,28343.75,28407.0,-63.25,-128.0,STOP,4.2,264.0
1785506460,2026-07-31,1,54.28333333333333,0.2057026476578411,-2.4488909692538106,BUILDING,US,-75.75,54.28333333333333,108.56666666666666,28325.75,28271.0,-54.75,-111.0,STOP,1.5,14.0
1785506640,2026-07-31,1,54.21666666666667,0.3065976714100905,-3.779151118283109,BUILDING,US,-118.5,54.21666666666667,108.43333333333334,28243.5,28189.0,-54.5,-110.5,STOP,2.4,38.25
1785507060,2026-07-31,-1,55.53333333333333,0.624484181568088,2.455721200511147,CLEAN-TREND,US,-227.0,55.53333333333333,111.06666666666666,28167.25,28223.25,-56.0,-113.5,STOP,8.6,87.5
1785507840,2026-07-31,1,55.75,0.1130434782608695,-3.8576510353539257,VIOLENT-WHIPSAW,US,42.25,55.75,111.5,28195.25,28306.75,111.5,221.5,TARGET,23.9,152.0
1785510900,2026-07-31,-1,38.61666666666667,0.0909090909090909,5.452263079088523,VIOLENT-WHIPSAW,US,22.75,38.61666666666667,77.23333333333333,28306.5,28229.27,77.23,152.97,TARGET,5.5,191.0
1785517260,2026-07-31,-1,19.5,0.4496402877697841,2.107072931284048,CLEAN-TREND,US,62.5,19.5,39.0,28404.75,28365.75,39.0,76.5,TARGET,6.0,40.5
1785519480,2026-07-31,-1,16.333333333333332,0.4285714285714285,2.341444160294758,CLEAN-TREND,US,51.75,16.333333333333332,32.666666666666664,28478.25,28445.58,32.67,63.83,TARGET,3.3,64.5
1785525780,2026-07-31,1,14.683333333333334,0.4862385321100917,-2.380100489138539,CLEAN-TREND,US,53.0,14.683333333333334,29.366666666666667,28480.0,28465.0,-15.0,-31.5,STOP,1.2,38.5
1785526560,2026-07-31,1,14.533333333333331,0.1810089020771513,-2.849121644453482,NORMAL-CHOP,US,-15.25,14.533333333333331,29.066666666666663,28470.5,28455.5,-15.0,-31.5,STOP,1.2,54.0
1785526860,2026-07-31,1,14.85,0.4057142857142857,-2.667814844110766,CLEAN-TREND,US,-35.5,14.85,29.7,28437.5,28467.2,29.7,57.9,TARGET,1.9,87.0
1785527040,2026-07-31,-1,16.75,0.0199203187250996,2.2265859328120667,VIOLENT-WHIPSAW,US,2.5,16.75,33.5,28477.0,28494.0,-17.0,-35.5,STOP,0.3,136.5
1785527400,2026-07-31,-1,18.33333333333333,0.1620795107033639,3.2707358820722443,VIOLENT-WHIPSAW,US,26.5,18.33333333333333,36.66666666666666,28491.0,28509.75,-18.75,-39.0,STOP,2.6,150.5
1785527640,2026-07-31,1,20.883333333333333,0.2539267015706806,-2.243107575481879,BUILDING,US,48.5,20.883333333333333,41.766666666666666,28507.5,28486.25,-21.25,-44.0,STOP,0.0,10.0
1785527940,2026-07-31,1,27.33333333333333,0.3083743842364532,-6.919239298179798,BUILDING,US,-78.25,27.33333333333333,54.66666666666666,28402.75,28374.75,-28.0,-57.5,STOP,2.1,33.25
1785531180,2026-07-31,1,10.383333333333333,0.7880794701986755,-2.424595689240688,BUILDING,OVERNIGHT,-59.5,10.383333333333333,20.766666666666666,28337.25,28326.0,-11.25,-24.0,STOP,0.2,12.25
1785719100,2026-08-03,-1,15.233333333333333,0.0865384615384615,2.3999930169230552,NORMAL-CHOP,OVERNIGHT,9.0,15.233333333333333,30.466666666666665,28627.5,28597.03,30.47,59.43,TARGET,7.5,63.5
1785722280,2026-08-03,-1,10.55,0.335423197492163,5.0912129836728495,BUILDING,OVERNIGHT,26.75,10.55,21.1,28646.75,28657.75,-11.0,-23.5,STOP,4.3,15.75
1785723780,2026-08-03,1,10.566666666666666,0.1978319783197832,-2.19703013598134,NORMAL-CHOP,OVERNIGHT,18.25,10.566666666666666,21.133333333333333,28666.0,28655.0,-11.0,-23.5,STOP,1.4,4.0
1785729000,2026-08-03,-1,7.9,0.6814159292035398,8.522105087630996,BUILDING,OVERNIGHT,38.5,7.9,15.8,28692.75,28676.95,15.8,30.1,TARGET,4.9,40.25
1785732480,2026-08-03,-1,6.05,0.0635838150289017,2.3296621651874423,DEAD-CHOP,OVERNIGHT,2.75,6.05,12.1,28684.25,28672.15,12.1,22.7,TARGET,2.4,61.75
1785732900,2026-08-03,1,7.45,0.3063063063063063,-2.8179569942708893,BUILDING,OVERNIGHT,-17.0,7.45,14.9,28654.0,28646.25,-7.75,-17.0,STOP,4.1,13.5
1785733500,2026-08-03,1,8.983333333333333,0.4983498349834983,-2.90366447030504,BUILDING,OVERNIGHT,-37.75,8.983333333333333,17.966666666666665,28638.5,28656.47,17.97,34.43,TARGET,5.7,21.5
1785734760,2026-08-03,1,8.233333333333333,0.1948051948051948,-2.036931098987338,DEAD-CHOP,OVERNIGHT,-11.25,8.233333333333333,16.466666666666665,28645.5,28637.0,-8.5,-18.5,STOP,0.7,6.5
1785736800,2026-08-03,-1,8.183333333333334,0.1948051948051948,2.4126333863227454,DEAD-CHOP,OVERNIGHT,11.25,8.183333333333334,16.366666666666667,28645.5,28654.0,-8.5,-18.5,STOP,2.8,27.75
1785737160,2026-08-03,1,9.733333333333333,0.111913357400722,-2.3702463164785126,DEAD-CHOP,OVERNIGHT,7.75,9.733333333333333,19.466666666666665,28641.0,28660.47,19.47,37.43,TARGET,4.6,20.25
1785738300,2026-08-03,1,8.9,0.6612021857923497,-3.204796977977978,BUILDING,OVERNIGHT,-30.25,8.9,17.8,28626.25,28644.05,17.8,34.1,TARGET,6.4,19.5
1785739140,2026-08-03,1,8.866666666666667,0.1622641509433962,-5.209377865050756,DEAD-CHOP,OVERNIGHT,-10.75,8.866666666666667,17.733333333333334,28621.5,28612.25,-9.25,-20.0,STOP,0.8,7.75
1785739440,2026-08-03,-1,9.016666666666667,0.2058823529411764,2.5047721439150217,BUILDING,OVERNIGHT,-14.0,9.016666666666667,18.033333333333335,28610.25,28592.22,18.03,34.57,TARGET,5.9,47.5
1785741420,2026-08-03,1,16.266666666666666,0.0526315789473684,-3.4359501669796804,VIOLENT-WHIPSAW,PRE-OPEN,-7.25,16.266666666666666,32.53333333333333,28573.0,28605.53,32.53,63.57,TARGET,5.4,43.25
1785743460,2026-08-03,1,10.366666666666667,0.2519685039370078,-2.170374885428467,BUILDING,PRE-OPEN,-16.0,10.366666666666667,20.733333333333334,28572.25,28561.5,-10.75,-23.0,STOP,10.3,19.75
1785744180,2026-08-03,1,12.4,0.3854748603351955,-3.549360784445037,BUILDING,PRE-OPEN,-34.5,12.4,24.8,28539.75,28527.0,-12.75,-27.0,STOP,0.8,28.25
1785749760,2026-08-03,-1,11.333333333333334,0.0786516853932584,2.1216844267661337,NORMAL-CHOP,PRE-OPEN,-7.0,11.333333333333334,22.666666666666668,28561.5,28538.83,22.67,43.83,TARGET,12.9,41.0
1785752400,2026-08-03,-1,12.8,0.3802083333333333,2.0698423909234718,BUILDING,PRE-OPEN,-36.5,12.8,25.6,28508.75,28522.0,-13.25,-28.0,STOP,14.0,20.25
1785754320,2026-08-03,-1,10.833333333333334,0.0177514792899408,2.306678786542602,NORMAL-CHOP,PRE-OPEN,0.75,10.833333333333334,21.666666666666668,28525.75,28537.0,-11.25,-24.0,STOP,2.3,59.25
1785754800,2026-08-03,1,12.383333333333333,0.1518987341772152,-6.539891665468391,NORMAL-CHOP,PRE-OPEN,-12.0,12.383333333333333,24.766666666666666,28512.75,28499.75,-13.0,-27.5,STOP,0.3,0.25
1785754920,2026-08-03,1,13.033333333333331,0.3550135501355013,-2.624857444327529,BUILDING,PRE-OPEN,-32.75,13.033333333333331,26.066666666666663,28494.5,28481.0,-13.5,-28.5,STOP,0.5,18.5
1785755220,2026-08-03,1,15.983333333333333,0.3762183235867446,-2.0571018512874137,BUILDING,PRE-OPEN,-48.25,15.983333333333333,31.966666666666665,28477.75,28509.72,31.97,62.43,TARGET,10.0,35.75
1785756600,2026-08-03,1,17.483333333333334,0.0830670926517571,-2.0716693459970275,VIOLENT-WHIPSAW,PRE-OPEN,13.0,17.483333333333334,34.96666666666667,28502.0,28484.25,-17.75,-37.0,STOP,7.4,11.5
1785757680,2026-08-03,1,13.583333333333334,0.4977578475336323,-2.7562193471966068,CLEAN-TREND,PRE-OPEN,-55.5,13.583333333333334,27.166666666666668,28446.0,28432.0,-14.0,-29.5,STOP,2.3,15.75
1785758580,2026-08-03,-1,14.033333333333331,0.5036144578313253,2.1841450956990056,CLEAN-TREND,PRE-OPEN,-52.25,14.033333333333331,28.066666666666663,28393.0,28407.5,-14.5,-30.5,STOP,0.4,10.25
1785758880,2026-08-03,-1,13.883333333333333,0.0659630606860158,2.745746387484104,NORMAL-CHOP,PRE-OPEN,-6.25,13.883333333333333,27.766666666666666,28414.0,28428.25,-14.25,-30.0,STOP,4.7,7.75
1785759660,2026-08-03,-1,13.683333333333334,0.5853131749460043,3.2770817182171856,CLEAN-TREND,PRE-OPEN,67.75,13.683333333333334,27.366666666666667,28453.25,28425.88,27.37,53.23,TARGET,5.5,31.75
1785761580,2026-08-03,1,14.066666666666666,0.1822660098522167,-2.1821070944543752,NORMAL-CHOP,PRE-OPEN,18.5,14.066666666666666,28.133333333333333,28465.5,28451.0,-14.5,-30.5,STOP,7.3,31.0
1785763080,2026-08-03,-1,14.916666666666666,0.328735632183908,2.3190607402289447,BUILDING,PRE-OPEN,35.75,14.916666666666666,29.833333333333332,28488.75,28458.92,29.83,58.17,TARGET,6.0,175.75
1785763620,2026-08-03,1,17.766666666666666,0.2840722495894909,-4.575162196517118,BUILDING,PRE-OPEN,-43.25,17.766666666666666,35.53333333333333,28412.75,28394.5,-18.25,-38.0,STOP,2.1,173.25
1785763860,2026-08-03,1,25.933333333333334,0.592814371257485,-6.290221935521773,CLEAN-TREND,US,-123.75,25.933333333333334,51.86666666666667,28350.25,28324.0,-26.25,-54.0,STOP,0.1,279.75
1785763980,2026-08-03,-1,29.266666666666666,0.6540404040404041,6.268827660904442,CLEAN-TREND,US,-129.5,29.266666666666666,58.53333333333333,28358.0,28387.75,-29.75,-61.0,STOP,0.1,7.0
1785764100,2026-08-03,-1,37.0,0.106115107913669,11.779514299105175,VIOLENT-WHIPSAW,US,-29.5,37.0,74.0,28449.0,28486.25,-37.25,-76.0,STOP,0.8,33.0
1785764400,2026-08-03,1,49.45,0.1105919003115264,-2.206025568877502,VIOLENT-WHIPSAW,US,35.5,49.45,98.9,28471.75,28422.0,-49.75,-101.0,STOP,1.3,158.25
1785764640,2026-08-03,-1,56.16666666666666,0.2018654230512991,2.277421943994657,BUILDING,US,75.75,56.16666666666666,112.33333333333331,28491.0,28547.5,-56.5,-114.5,STOP,10.5,47.25
1785765600,2026-08-03,1,41.56666666666667,0.3085182534001431,-2.127456185061339,BUILDING,US,107.75,41.56666666666667,83.13333333333334,28605.5,28563.5,-42.0,-85.5,STOP,1.5,79.25
1785766680,2026-08-03,-1,32.71666666666667,0.3042452830188679,2.4736853620150048,BUILDING,US,64.5,32.71666666666667,65.43333333333334,28629.5,28662.5,-33.0,-67.5,STOP,5.2,23.75
1785767940,2026-08-03,-1,20.45,0.5328467153284672,2.2761988166052163,CLEAN-TREND,US,54.75,20.45,40.9,28716.5,28737.25,-20.75,-43.0,STOP,8.2,17.0
1785772380,2026-08-03,-1,14.066666666666666,0.6826568265682657,5.062294863661012,CLEAN-TREND,US,46.25,14.066666666666666,28.133333333333333,28806.75,28821.25,-14.5,-30.5,STOP,10.3,27.5
1785777000,2026-08-03,-1,10.45,0.392156862745098,3.756857441100879,BUILDING,US,30.0,10.45,20.9,28852.25,28863.0,-10.75,-23.0,STOP,0.4,-0.0
1785779700,2026-08-03,-1,7.2,0.7055214723926381,2.222183447874187,BUILDING,US,28.75,7.2,14.4,28909.5,28917.0,-7.5,-16.5,STOP,1.3,-0.0
1785780240,2026-08-03,-1,8.183333333333334,0.9728506787330315,2.4606211500965927,BUILDING,US,53.75,8.183333333333334,16.366666666666667,28945.5,28954.0,-8.5,-18.5,STOP,0.2,60.75
1785780600,2026-08-03,-1,9.7,0.7931034482758621,2.0234148821112483,BUILDING,US,51.75,9.7,19.4,28961.0,28941.6,19.4,37.3,TARGET,1.3,78.75
1785780900,2026-08-03,-1,11.466666666666669,0.3191489361702128,2.766453563542405,BUILDING,US,26.25,11.466666666666669,22.933333333333337,28950.0,28927.07,22.93,44.37,TARGET,3.6,67.75
1785781260,2026-08-03,-1,12.183333333333334,0.3313432835820895,2.10977342340043,BUILDING,US,-27.75,12.183333333333334,24.366666666666667,28926.25,28901.88,24.37,47.23,TARGET,5.2,44.0
1785781860,2026-08-03,1,12.3,0.7151702786377709,-2.027525845309809,BUILDING,US,-57.75,12.3,24.6,28897.75,28885.0,-12.75,-27.0,STOP,2.1,45.25
1785784080,2026-08-03,1,13.416666666666666,0.0591549295774647,-3.037581359364792,NORMAL-CHOP,US,-5.25,13.416666666666666,26.833333333333332,28915.75,28902.0,-13.75,-29.0,STOP,4.7,11.0
1785784680,2026-08-03,-1,13.3,0.2698412698412698,2.13661752741718,BUILDING,US,-21.25,13.3,26.6,28915.75,28914.75,1.0,0.5,TIME,30.0,17.25
1785786600,2026-08-03,-1,11.483333333333333,0.0666666666666666,6.641921811185983,NORMAL-CHOP,US,4.5,11.483333333333333,22.966666666666665,28921.25,28933.0,-11.75,-25.0,STOP,0.8,55.5
1785786780,2026-08-03,1,12.55,0.0451612903225806,-2.201308039012696,NORMAL-CHOP,US,3.5,12.55,25.1,28909.75,28896.75,-13.0,-27.5,STOP,0.2,32.75
1785787500,2026-08-03,-1,17.8,0.1307550644567219,2.8473630579648748,VIOLENT-WHIPSAW,OVERNIGHT,-17.75,17.8,35.6,28901.25,28919.5,-18.25,-38.0,STOP,3.4,4.0
1785796440,2026-08-03,1,6.616666666666666,0.1812865497076023,-4.541245517616135,DEAD-CHOP,OVERNIGHT,7.75,6.616666666666666,13.233333333333333,28951.25,28944.25,-7.0,-15.5,STOP,0.1,11.0
1785796800,2026-08-03,-1,8.066666666666666,0.316017316017316,2.3042845651835964,BUILDING,OVERNIGHT,18.25,8.066666666666666,16.133333333333333,28960.75,28944.62,16.13,30.77,TARGET,6.1,31.25
1785798360,2026-08-03,1,6.65,0.2356020942408377,-2.788076902877848,BUILDING,OVERNIGHT,-11.25,6.65,13.3,28932.5,28945.8,13.3,25.1,TARGET,8.9,27.5
1785799380,2026-08-03,1,6.116666666666666,0.5074626865671642,-2.399711870808988,BUILDING,OVERNIGHT,17.0,6.116666666666666,12.233333333333333,28952.0,28945.5,-6.5,-14.5,STOP,2.1,12.75
1785800820,2026-08-03,-1,7.783333333333333,0.0875912408759124,4.84367414630177,DEAD-CHOP,OVERNIGHT,6.0,7.783333333333333,15.566666666666666,28959.0,28967.25,-8.25,-18.0,STOP,11.9,51.5
1785801660,2026-08-04,-1,10.45,0.1159420289855072,2.088961323239184,NORMAL-CHOP,OVERNIGHT,8.0,10.45,20.9,28965.0,28975.75,-10.75,-23.0,STOP,2.0,75.0
1785802320,2026-08-04,1,15.166666666666666,0.2535885167464115,-6.825135935116659,BUILDING,OVERNIGHT,-26.5,15.166666666666666,30.333333333333332,28932.0,28916.5,-15.5,-32.5,STOP,2.4,5.75
1785804840,2026-08-04,1,14.883333333333333,0.1020408163265306,-2.2646554407969965,NORMAL-CHOP,OVERNIGHT,11.25,14.883333333333333,29.766666666666666,28893.75,28878.5,-15.25,-32.0,STOP,0.3,4.5
1785805200,2026-08-04,1,15.1,0.2085308056872037,-2.430086453334482,BUILDING,OVERNIGHT,-22.0,15.1,30.2,28856.25,28840.75,-15.5,-32.5,STOP,2.5,66.25
1785806400,2026-08-04,-1,14.85,0.2391304347826087,2.134861233949013,BUILDING,OVERNIGHT,27.5,14.85,29.7,28887.75,28903.0,-15.25,-32.0,STOP,9.0,15.5
1785808260,2026-08-04,-1,13.65,0.7303822937625755,6.242982737251691,CLEAN-TREND,OVERNIGHT,90.75,13.65,27.3,29011.25,29025.25,-14.0,-29.5,STOP,1.1,68.5
1785810060,2026-08-04,1,14.766666666666667,0.4716981132075472,-2.2818119576801785,CLEAN-TREND,OVERNIGHT,-50.0,14.766666666666667,29.533333333333335,28948.25,28977.78,29.53,57.57,TARGET,11.6,46.0
1785815880,2026-08-04,-1,9.766666666666667,0.6014234875444839,3.969280544736385,BUILDING,OVERNIGHT,42.25,9.766666666666667,19.533333333333335,29004.0,28984.47,19.53,37.57,TARGET,6.0,35.5
1785818160,2026-08-04,1,6.033333333333333,0.0833333333333333,-2.7744613702802843,DEAD-CHOP,OVERNIGHT,-3.5,6.033333333333333,12.066666666666666,28998.0,29010.07,12.07,22.63,TARGET,9.0,25.5
1785820500,2026-08-04,-1,10.666666666666666,0.0986842105263157,2.2589646642318764,NORMAL-CHOP,OVERNIGHT,-7.5,10.666666666666666,21.333333333333332,28997.0,29008.0,-11.0,-23.5,STOP,4.4,11.5
1785821340,2026-08-04,-1,10.033333333333331,0.5523465703971119,4.599920587300738,BUILDING,OVERNIGHT,38.25,10.033333333333331,20.066666666666663,29025.75,29036.25,-10.5,-22.5,STOP,0.7,1.75
1785821640,2026-08-04,1,9.116666666666667,0.5730337078651685,-2.292010574517437,BUILDING,OVERNIGHT,38.25,9.116666666666667,18.233333333333334,29041.75,29059.98,18.23,34.97,TARGET,0.9,40.0
1785830880,2026-08-04,1,11.533333333333331,0.3836477987421384,-2.256864566912708,BUILDING,PRE-OPEN,30.5,11.533333333333331,23.066666666666663,29117.5,29105.5,-12.0,-25.5,STOP,1.1,14.75
1785832140,2026-08-04,-1,10.033333333333331,0.0421686746987951,2.238549088805835,DEAD-CHOP,PRE-OPEN,3.5,10.033333333333331,20.066666666666663,29111.25,29091.18,20.07,38.63,TARGET,2.5,73.5
1785833100,2026-08-04,1,11.383333333333333,0.5411764705882353,-4.0408106371325845,BUILDING,PRE-OPEN,-46.0,11.383333333333333,22.766666666666666,29055.25,29043.5,-11.75,-25.0,STOP,0.2,22.5
1785834360,2026-08-04,1,10.116666666666667,0.3422818791946309,-3.101094444854415,BUILDING,PRE-OPEN,-25.5,10.116666666666667,20.233333333333334,29036.0,29025.25,-10.75,-23.0,STOP,0.5,22.25
1785834780,2026-08-04,1,12.083333333333334,0.6676923076923077,-3.944997148817532,BUILDING,PRE-OPEN,-54.25,12.083333333333334,24.166666666666668,29019.5,29043.67,24.17,46.83,TARGET,14.5,61.5
1785836700,2026-08-04,1,8.6,0.6306306306306306,-5.585105618720665,BUILDING,PRE-OPEN,35.0,8.6,17.2,29083.0,29073.75,-9.25,-20.0,STOP,0.3,29.0
1785838080,2026-08-04,-1,8.55,0.5904761904761905,2.2083519499252664,BUILDING,PRE-OPEN,31.0,8.55,17.1,29092.25,29101.25,-9.0,-19.5,STOP,2.5,18.75
1785838560,2026-08-04,1,8.583333333333334,0.3179723502304147,-2.475864839783774,BUILDING,PRE-OPEN,17.25,8.583333333333334,17.166666666666668,29096.75,29087.75,-9.0,-19.5,STOP,0.4,47.0
1785839760,2026-08-04,1,9.483333333333333,0.395017793594306,-6.120737568457025,BUILDING,PRE-OPEN,-27.75,9.483333333333333,18.966666666666665,29080.5,29099.47,18.97,36.43,TARGET,7.4,66.5
1785840300,2026-08-04,-1,14.3,0.2294736842105263,2.8892132565645903,BUILDING,PRE-OPEN,27.25,14.3,28.6,29135.25,29106.65,28.6,55.7,TARGET,11.2,31.5
1785843780,2026-08-04,-1,11.883333333333333,0.2623376623376623,10.7960184960225,BUILDING,PRE-OPEN,25.25,11.883333333333333,23.766666666666666,29194.25,29206.5,-12.25,-26.0,STOP,0.9,22.0
1785848220,2026-08-04,-1,9.166666666666666,0.1176470588235294,2.2380577520698326,DEAD-CHOP,PRE-OPEN,-7.0,9.166666666666666,18.333333333333332,29206.75,29188.42,18.33,35.17,TARGET,2.5,21.75
1785848520,2026-08-04,-1,11.683333333333334,0.2597864768683274,3.49429423323744,BUILDING,PRE-OPEN,18.25,11.683333333333334,23.366666666666667,29220.0,29232.0,-12.0,-25.5,STOP,6.6,12.0
1785849600,2026-08-04,-1,10.95,0.627906976744186,10.17678669205472,BUILDING,PRE-OPEN,54.0,10.95,21.9,29269.75,29247.85,21.9,42.3,TARGET,1.2,61.75
1785850020,2026-08-04,1,16.816666666666666,0.0170212765957446,-2.2808697310960997,VIOLENT-WHIPSAW,PRE-OPEN,2.0,16.816666666666666,33.63333333333333,29237.0,29219.75,-17.25,-36.0,STOP,1.1,267.5
1785850560,2026-08-04,1,28.466666666666665,0.5386199794026777,-2.438557229703471,CLEAN-TREND,US,130.75,28.466666666666665,56.93333333333333,29386.75,29358.0,-28.75,-59.0,STOP,1.9,136.75
1785850800,2026-08-04,-1,34.0,0.5738284703801945,3.978753117977373,CLEAN-TREND,US,162.25,34.0,68.0,29398.0,29432.25,-34.25,-70.0,STOP,1.1,4.5
1785851040,2026-08-04,1,38.65,0.52906548933039,-2.269165570789876,CLEAN-TREND,US,179.75,38.65,77.3,29411.75,29489.05,77.3,153.1,TARGET,5.1,132.25
1785851820,2026-08-04,1,30.116666666666667,0.0172043010752688,-2.30292075103498,VIOLENT-WHIPSAW,US,-4.0,30.116666666666667,60.233333333333334,29445.75,29505.98,60.23,118.97,TARGET,7.3,104.25
1785853500,2026-08-04,-1,23.53333333333333,0.0890756302521008,2.408988004703435,VIOLENT-WHIPSAW,US,13.25,23.53333333333333,47.06666666666666,29534.5,29558.5,-24.0,-49.5,STOP,2.0,19.5
1785853800,2026-08-04,1,24.933333333333334,0.0518292682926829,-3.6715366834996215,VIOLENT-WHIPSAW,US,-8.5,24.933333333333334,49.86666666666667,29527.75,29577.62,49.87,98.23,TARGET,7.3,51.5
1785854340,2026-08-04,1,24.4,0.1135430916552667,-2.4113256773354066,VIOLENT-WHIPSAW,US,20.75,24.4,48.8,29526.75,29575.55,48.8,96.1,TARGET,22.8,69.25
1785857880,2026-08-04,-1,13.733333333333333,0.1471321695760598,5.9472438781736825,NORMAL-CHOP,US,14.75,13.733333333333333,27.466666666666665,29672.0,29686.0,-14.0,-29.5,STOP,6.9,16.25
1785862800,2026-08-04,-1,9.4,0.4307116104868914,2.7492480958973324,BUILDING,US,28.75,9.4,18.8,29761.0,29770.75,-9.75,-21.0,STOP,0.2,1.0
1785864360,2026-08-04,-1,11.8,0.2923076923076923,2.86976626109459,BUILDING,US,23.75,11.8,23.6,29817.0,29829.25,-12.25,-26.0,STOP,9.9,16.75
1785866400,2026-08-04,1,17.033333333333335,0.4684512428298279,-4.495849561544723,CLEAN-TREND,US,-61.25,17.033333333333335,34.06666666666667,29819.75,29853.82,34.07,66.63,TARGET,1.1,73.25
1785867660,2026-08-04,1,14.033333333333331,0.4260869565217391,-2.178391694713823,CLEAN-TREND,US,36.75,14.033333333333331,28.066666666666663,29863.5,29891.57,28.07,54.63,TARGET,8.9,32.25
1785868620,2026-08-04,1,11.433333333333334,0.125,-2.2734224536438203,NORMAL-CHOP,US,-11.5,11.433333333333334,22.866666666666667,29859.75,29843.75,-16.0,-33.5,STOP,0.0,72.0
1785870000,2026-08-04,-1,11.35,0.403076923076923,2.528805153696215,BUILDING,US,32.75,11.35,22.7,29901.75,29913.5,-11.75,-25.0,STOP,0.1,13.25
1785871680,2026-08-04,1,11.85,0.445859872611465,-2.4386814043156533,BUILDING,US,-35.0,11.85,23.7,29893.75,29917.45,23.7,45.9,TARGET,8.0,62.75
1785873240,2026-08-04,1,15.983333333333333,0.447191011235955,-3.538560647437425,CLEAN-TREND,US,-49.75,15.983333333333333,31.966666666666665,29872.0,29855.75,-16.25,-34.0,STOP,1.3,77.5
1785873540,2026-08-04,-1,20.58333333333333,0.6092843326885881,3.625300088882746,CLEAN-TREND,US,-78.75,20.58333333333333,41.16666666666666,29872.0,29893.0,-21.0,-43.5,STOP,0.0,114.25
1785874500,2026-08-04,1,27.466666666666665,0.152963671128107,-2.43330237748376,VIOLENT-WHIPSAW,OVERNIGHT,-40.0,27.466666666666665,54.93333333333333,29821.75,29794.0,-27.75,-57.0,STOP,0.4,16.75
1785883380,2026-08-04,1,9.15,0.528957528957529,-4.11860859492878,BUILDING,OVERNIGHT,-34.25,9.15,18.3,29796.75,29815.05,18.3,35.1,TARGET,13.9,52.5
1785884580,2026-08-04,-1,8.683333333333334,0.3828125,2.547604264575897,BUILDING,OVERNIGHT,24.5,8.683333333333334,17.366666666666667,29827.75,29836.75,-9.0,-19.5,STOP,0.8,15.5
1785885840,2026-08-04,1,6.166666666666667,0.2923076923076923,-2.53614763513589,BUILDING,OVERNIGHT,-9.5,6.166666666666667,12.333333333333334,29829.25,29822.75,-6.5,-14.5,STOP,0.3,28.0
1785886380,2026-08-04,1,8.433333333333334,0.4509803921568627,-2.1924012675293123,BUILDING,OVERNIGHT,-28.75,8.433333333333334,16.866666666666667,29817.0,29808.25,-8.75,-19.0,STOP,0.1,40.25
1785887280,2026-08-04,1,12.4,0.1473684210526315,-2.5637489400896527,NORMAL-CHOP,OVERNIGHT,14.0,12.4,24.8,29829.25,29854.05,24.8,48.1,TARGET,9.9,34.25
1785887940,2026-08-04,1,13.166666666666666,0.0623655913978494,-2.2091737777467384,NORMAL-CHOP,OVERNIGHT,-7.25,13.166666666666666,26.333333333333332,29835.5,29822.0,-13.5,-28.5,STOP,0.5,28.5
1785888360,2026-08-05,-1,17.033333333333335,0.1132075471698113,3.954566675035714,VIOLENT-WHIPSAW,OVERNIGHT,15.0,17.033333333333335,34.06666666666667,29860.5,29826.43,34.07,66.63,TARGET,2.4,35.0
1785890340,2026-08-05,1,9.816666666666666,0.0188679245283018,-4.818476335083178,DEAD-CHOP,OVERNIGHT,1.0,9.816666666666666,19.633333333333333,29852.25,29841.75,-10.5,-22.5,STOP,3.9,10.0
1785890880,2026-08-05,1,11.383333333333333,0.6796875,-4.588915875193351,BUILDING,OVERNIGHT,-43.5,11.383333333333333,22.766666666666666,29824.75,29847.52,22.77,44.03,TARGET,3.0,37.5
1785892620,2026-08-05,1,12.216666666666669,0.1266149870801033,-3.34158398489276,NORMAL-CHOP,OVERNIGHT,-12.25,12.216666666666669,24.433333333333337,29816.5,29804.0,-12.5,-26.5,STOP,8.3,48.75
1785895020,2026-08-05,-1,9.9,0.4710144927536231,3.206064371852213,BUILDING,OVERNIGHT,32.5,9.9,19.8,29875.0,29885.25,-10.25,-22.0,STOP,2.4,25.0
1785896760,2026-08-05,1,6.7,0.5947712418300654,-2.9468820780020124,BUILDING,OVERNIGHT,-22.75,6.7,13.4,29854.0,29847.0,-7.0,-15.5,STOP,3.4,21.0
1785903120,2026-08-05,1,5.383333333333334,0.1811023622047244,-4.538771964996252,DEAD-CHOP,OVERNIGHT,5.75,5.383333333333334,10.766666666666667,29893.25,29887.5,-5.75,-13.0,STOP,0.9,15.0
1785904800,2026-08-05,-1,6.383333333333334,0.6380090497737556,5.028582995316759,BUILDING,OVERNIGHT,35.25,6.383333333333334,12.766666666666667,29904.75,29891.98,12.77,24.03,TARGET,10.6,21.75
1785906360,2026-08-05,-1,8.683333333333334,0.5753424657534246,3.4451216484383624,BUILDING,OVERNIGHT,42.0,8.683333333333334,17.366666666666667,29931.25,29940.25,-9.0,-19.5,STOP,7.6,10.0
1785907800,2026-08-05,1,6.95,0.2727272727272727,-6.596032222156377,BUILDING,OVERNIGHT,-15.0,6.95,13.9,29926.0,29939.9,13.9,26.3,TARGET,10.9,60.75
1785909060,2026-08-05,-1,6.75,0.7345971563981043,7.146498375331697,BUILDING,OVERNIGHT,38.75,6.75,13.5,29964.75,29971.75,-7.0,-15.5,STOP,2.6,28.5
1785909660,2026-08-05,1,7.633333333333334,0.4976303317535545,-3.693008539974088,BUILDING,OVERNIGHT,26.25,7.633333333333334,15.266666666666667,29969.75,29961.75,-8.0,-17.5,STOP,3.2,21.0
1785914640,2026-08-05,1,9.966666666666669,0.4564459930313589,-3.4757381782935304,BUILDING,PRE-OPEN,-32.75,9.966666666666669,19.933333333333337,29930.0,29919.75,-10.25,-22.0,STOP,2.3,2.0
1785914880,2026-08-05,1,9.866666666666667,0.6085106382978723,-3.5640457139479267,BUILDING,PRE-OPEN,-35.75,9.866666666666667,19.733333333333334,29908.5,29898.25,-10.25,-22.0,STOP,1.7,11.5
1785917400,2026-08-05,1,11.983333333333333,0.1625,-4.6383165308359855,NORMAL-CHOP,PRE-OPEN,-13.0,11.983333333333333,23.966666666666665,29882.25,29870.0,-12.25,-26.0,STOP,1.5,3.75
1785918900,2026-08-05,1,15.216666666666669,0.1207920792079207,-2.044360785103976,NORMAL-CHOP,PRE-OPEN,-15.25,15.216666666666669,30.433333333333337,29840.25,29824.75,-15.5,-32.5,STOP,1.7,8.5
1785919260,2026-08-05,1,15.583333333333334,0.1146245059288537,-3.1507880941058573,VIOLENT-WHIPSAW,PRE-OPEN,-14.5,15.583333333333334,31.166666666666668,29814.75,29798.75,-16.0,-33.5,STOP,1.9,39.75
1785924480,2026-08-05,-1,9.05,0.0610328638497652,2.0061688695232016,DEAD-CHOP,PRE-OPEN,-3.25,9.05,18.1,29860.25,29842.15,18.1,34.7,TARGET,1.5,27.25
1785925560,2026-08-05,-1,7.683333333333334,0.6455696202531646,2.088561354409701,BUILDING,PRE-OPEN,25.5,7.683333333333334,15.366666666666667,29862.0,29870.0,-8.0,-17.5,STOP,5.3,28.25
1785926700,2026-08-05,-1,9.8,0.1530944625407166,2.8402005781846147,DEAD-CHOP,PRE-OPEN,-11.75,9.8,19.6,29838.75,29849.0,-10.25,-22.0,STOP,5.0,5.0
1785927600,2026-08-05,-1,10.966666666666669,0.485254691689008,8.860896827896724,BUILDING,PRE-OPEN,45.25,10.966666666666669,21.933333333333337,29883.5,29894.75,-11.25,-24.0,STOP,1.0,2.25
1785929580,2026-08-05,-1,10.333333333333334,0.243076923076923,3.186510525982626,BUILDING,PRE-OPEN,19.75,10.333333333333334,20.666666666666668,29922.5,29933.25,-10.75,-23.0,STOP,14.4,19.5
1785931020,2026-08-05,-1,11.633333333333333,0.0917874396135265,2.2248745987565264,NORMAL-CHOP,PRE-OPEN,-9.5,11.633333333333333,23.266666666666666,29918.0,29894.73,23.27,45.03,TARGET,7.6,25.75
1785932100,2026-08-05,-1,13.05,0.0918114143920595,2.298025484825574,NORMAL-CHOP,PRE-OPEN,-9.25,13.05,26.1,29906.75,29920.25,-13.5,-28.5,STOP,0.5,18.25
1785932520,2026-08-05,-1,14.0,0.1661807580174927,4.524433518458559,NORMAL-CHOP,PRE-OPEN,14.25,14.0,28.0,29912.0,29926.25,-14.25,-30.0,STOP,0.7,23.5
1785932760,2026-08-05,1,14.583333333333334,0.0758293838862559,-4.948552884340994,NORMAL-CHOP,PRE-OPEN,8.0,14.583333333333334,29.166666666666668,29919.0,29904.0,-15.0,-31.5,STOP,4.9,28.0
1785933120,2026-08-05,1,14.783333333333331,0.0727650727650727,-3.473561157087596,NORMAL-CHOP,PRE-OPEN,-8.75,14.783333333333331,29.566666666666663,29899.25,29928.82,29.57,57.63,TARGET,2.2,47.75
1785935100,2026-08-05,-1,9.783333333333331,0.0833333333333333,2.969205963425832,DEAD-CHOP,PRE-OPEN,7.5,9.783333333333331,19.566666666666663,29945.75,29926.18,19.57,37.63,TARGET,8.3,50.0
1785936060,2026-08-05,1,9.9,0.5736434108527132,-2.411625858826992,BUILDING,PRE-OPEN,-37.0,9.9,19.8,29910.5,29900.25,-10.25,-22.0,STOP,2.1,162.75
1785936300,2026-08-05,-1,10.7,0.2323943661971831,3.338069628352474,BUILDING,PRE-OPEN,-16.5,10.7,21.4,29922.25,29933.25,-11.0,-23.5,STOP,1.7,12.75
1785936480,2026-08-05,-1,12.683333333333334,0.2832080200501253,2.6107344483063795,BUILDING,PRE-OPEN,28.25,12.683333333333334,25.366666666666667,29960.5,29973.5,-13.0,-27.5,STOP,0.9,51.0
1785936660,2026-08-05,1,17.2,0.5506958250497018,-3.364784829262557,CLEAN-TREND,US,69.25,17.2,34.4,29984.5,29967.0,-17.5,-36.5,STOP,0.1,88.75
1785936900,2026-08-05,-1,26.466666666666665,0.4532019704433497,2.854949771536656,CLEAN-TREND,US,92.0,26.466666666666665,52.93333333333333,30008.25,29955.32,52.93,104.37,TARGET,0.4,98.75
1785937080,2026-08-05,-1,37.18333333333333,0.2098569157392686,5.612919724454509,BUILDING,US,66.0,37.18333333333333,74.36666666666666,29972.5,30010.25,-37.75,-77.0,STOP,0.9,54.5
1785937260,2026-08-05,1,45.833333333333336,0.2604166666666667,-2.688994037244479,BUILDING,US,87.5,45.833333333333336,91.66666666666667,30016.25,29970.0,-46.25,-94.0,STOP,12.5,57.0
1785938400,2026-08-05,1,40.41666666666666,0.0776699029126213,-4.437967689190972,VIOLENT-WHIPSAW,US,-20.0,40.41666666666666,80.83333333333331,30009.0,29968.25,-40.75,-83.0,STOP,0.5,22.0
1785938700,2026-08-05,-1,44.516666666666666,0.103161397670549,3.530444479797227,VIOLENT-WHIPSAW,US,-31.0,44.516666666666666,89.03333333333333,29978.25,30023.25,-45.0,-91.5,STOP,3.3,125.0
1785939780,2026-08-05,1,34.333333333333336,0.3378995433789954,-3.368111148287745,BUILDING,US,-74.0,34.333333333333336,68.66666666666667,29922.5,29887.75,-34.75,-71.0,STOP,6.4,67.25
1785941580,2026-08-05,1,33.68333333333333,0.2846237731733915,-4.609124883362224,BUILDING,US,-65.25,33.68333333333333,67.36666666666666,29798.5,29865.87,67.37,133.23,TARGET,6.2,92.5
1785943080,2026-08-05,1,26.65,0.2216066481994459,-3.1670562995500218,BUILDING,US,-40.0,26.65,53.3,29796.75,29850.05,53.3,105.1,TARGET,12.5,65.0
1785945360,2026-08-05,1,20.516666666666666,0.5645161290322581,-2.628611608279932,CLEAN-TREND,US,-87.5,20.516666666666666,41.03333333333333,29752.5,29728.75,-23.75,-49.0,STOP,0.2,58.0
1785953700,2026-08-05,1,15.166666666666666,0.1711711711711711,-2.047147148390994,NORMAL-CHOP,US,19.0,15.166666666666666,30.333333333333332,29781.25,29765.75,-15.5,-32.5,STOP,1.8,0.25
1785954660,2026-08-05,1,12.4,0.3831775700934579,-3.2348249926062884,BUILDING,US,-41.0,12.4,24.8,29735.5,29760.3,24.8,48.1,TARGET,16.3,30.75
1785956160,2026-08-05,1,11.433333333333334,0.1929824561403508,-2.836845511002043,NORMAL-CHOP,US,-13.75,11.433333333333334,22.866666666666667,29728.0,29750.87,22.87,44.23,TARGET,4.7,52.0
1785956640,2026-08-05,-1,12.516666666666667,0.0581717451523545,2.696912215613936,NORMAL-CHOP,US,5.25,12.516666666666667,25.033333333333335,29760.0,29773.0,-13.0,-27.5,STOP,0.9,35.0
1785958500,2026-08-05,1,12.55,0.5049019607843137,-2.7203529434486167,CLEAN-TREND,US,-51.5,12.55,25.1,29717.5,29704.5,-13.0,-27.5,STOP,9.6,19.0
1785959160,2026-08-05,1,14.166666666666666,0.4657534246575342,-6.849198182306531,CLEAN-TREND,US,-51.0,14.166666666666666,28.333333333333332,29693.0,29721.33,28.33,55.17,TARGET,3.0,40.0
1785959820,2026-08-05,-1,16.433333333333334,0.4408163265306122,2.165486481988298,CLEAN-TREND,US,-54.0,16.433333333333334,32.86666666666667,29672.75,29639.88,32.87,64.23,TARGET,1.6,142.0
1785960120,2026-08-05,1,25.066666666666663,0.6692913385826772,-2.5523368266271507,CLEAN-TREND,OVERNIGHT,-127.5,25.066666666666663,50.133333333333326,29581.25,29555.75,-25.5,-52.5,STOP,2.0,37.25
1785968220,2026-08-05,1,12.0,0.0622950819672131,-3.31042611394898,NORMAL-CHOP,OVERNIGHT,-4.75,12.0,24.0,29583.25,29607.25,24.0,46.5,TARGET,3.6,95.5
1785970020,2026-08-05,-1,8.666666666666666,0.2017543859649122,3.119458404505843,BUILDING,OVERNIGHT,11.5,8.666666666666666,17.333333333333332,29667.5,29650.17,17.33,33.17,TARGET,0.6,55.75
1785970200,2026-08-05,1,9.466666666666669,0.3660377358490566,-3.4162857131316624,BUILDING,OVERNIGHT,-24.25,9.466666666666669,18.933333333333337,29639.25,29629.5,-9.75,-21.0,STOP,1.7,4.25
1785970380,2026-08-05,1,11.65,0.5061728395061729,-2.084289108565428,BUILDING,OVERNIGHT,-41.0,11.65,23.3,29618.75,29638.75,20.0,38.5,TIME,30.0,22.0
1785972720,2026-08-05,1,10.583333333333334,0.3161290322580645,-3.185480226604986,BUILDING,OVERNIGHT,-24.5,10.583333333333334,21.166666666666668,29602.25,29591.25,-11.0,-23.5,STOP,2.0,7.25
1785973020,2026-08-05,1,14.133333333333333,0.5097493036211699,-5.996306642113178,CLEAN-TREND,OVERNIGHT,-45.75,14.133333333333333,28.266666666666666,29592.25,29577.75,-14.5,-30.5,STOP,7.6,16.0
1785974400,2026-08-06,1,12.033333333333331,0.2161383285302593,-3.377278585961304,BUILDING,OVERNIGHT,-18.75,12.033333333333331,24.066666666666663,29562.0,29549.5,-12.5,-26.5,STOP,0.5,46.75
1785974880,2026-08-06,-1,16.133333333333333,0.0926365795724465,2.0521660994565845,VIOLENT-WHIPSAW,OVERNIGHT,9.75,16.133333333333333,32.266666666666666,29592.0,29559.73,32.27,63.03,TARGET,2.3,44.0
1785976620,2026-08-06,-1,14.283333333333331,0.2668329177057356,2.5245939564212585,BUILDING,OVERNIGHT,-26.75,14.283333333333331,28.566666666666663,29563.75,29578.5,-14.75,-31.0,STOP,3.0,61.0
1785977520,2026-08-06,1,14.1,0.1417624521072797,-4.374753219985555,NORMAL-CHOP,OVERNIGHT,-18.5,14.1,28.2,29545.75,29531.25,-14.5,-30.5,STOP,7.3,4.0
1785978060,2026-08-06,1,12.283333333333331,0.4419753086419753,-2.018143969822353,BUILDING,OVERNIGHT,-44.75,12.283333333333331,24.566666666666663,29511.5,29498.75,-12.75,-27.0,STOP,13.5,20.5
1785979200,2026-08-06,1,14.0,0.1923076923076923,-3.5068397666345885,NORMAL-CHOP,OVERNIGHT,-25.0,14.0,28.0,29480.75,29466.5,-14.25,-30.0,STOP,4.8,38.25
1785981000,2026-08-06,-1,14.116666666666667,0.239766081871345,2.6597533490262046,BUILDING,OVERNIGHT,30.75,14.116666666666667,28.233333333333334,29506.75,29521.25,-14.5,-30.5,STOP,17.0,19.0
1785982200,2026-08-06,-1,13.35,0.3161592505854801,3.626964591549713,BUILDING,OVERNIGHT,33.75,13.35,26.7,29543.5,29557.25,-13.75,-29.0,STOP,9.6,22.25
1785985620,2026-08-06,1,9.383333333333333,0.3511450381679389,-2.53959269100534,BUILDING,OVERNIGHT,-23.0,9.383333333333333,18.766666666666666,29580.0,29570.25,-9.75,-21.0,STOP,9.6,7.25
1785987180,2026-08-06,1,10.65,0.3617021276595745,-3.1095893768487364,BUILDING,OVERNIGHT,-25.5,10.65,21.3,29536.75,29558.05,21.3,41.1,TARGET,3.7,48.0
1785988740,2026-08-06,-1,11.633333333333333,0.362126245847176,3.3334648967547698,BUILDING,OVERNIGHT,27.25,11.633333333333333,23.266666666666666,29580.5,29557.23,23.27,45.03,TARGET,1.2,45.25
1785994440,2026-08-06,-1,9.983333333333333,0.1927272727272727,2.1294219282091897,DEAD-CHOP,OVERNIGHT,-13.25,9.983333333333333,19.966666666666665,29564.75,29575.0,-10.25,-22.0,STOP,1.4,23.75
1785995040,2026-08-06,1,12.15,0.0276923076923076,-2.10056318469434,NORMAL-CHOP,OVERNIGHT,2.25,12.15,24.3,29582.75,29570.25,-12.5,-26.5,STOP,1.7,1.5
1785996360,2026-08-06,1,13.333333333333334,0.0496453900709219,-3.625102457811084,NORMAL-CHOP,OVERNIGHT,-5.25,13.333333333333334,26.666666666666668,29540.25,29526.5,-13.75,-29.0,STOP,5.7,8.75
1785996840,2026-08-06,1,12.316666666666666,0.8651026392961877,-3.5994392859985824,BUILDING,OVERNIGHT,-73.75,12.316666666666666,24.633333333333333,29506.75,29494.0,-12.75,-27.0,STOP,2.9,42.25
1785997200,2026-08-06,-1,10.983333333333333,0.9166666666666666,2.282343048262899,BUILDING,OVERNIGHT,-55.0,10.983333333333333,21.966666666666665,29487.75,29499.0,-11.25,-24.0,STOP,1.4,1.5
1785997860,2026-08-06,1,12.85,0.1139240506329113,-2.2591002816038994,NORMAL-CHOP,OVERNIGHT,13.5,12.85,25.7,29519.5,29506.25,-13.25,-28.0,STOP,8.1,12.75
1785999960,2026-08-06,1,11.4,0.5313531353135313,-2.220897144357189,BUILDING,PRE-OPEN,40.25,11.4,22.8,29545.5,29533.75,-11.75,-25.0,STOP,2.0,18.5
1786001760,2026-08-06,1,9.65,0.4329501915708812,-2.433375202453794,BUILDING,PRE-OPEN,-28.25,9.65,19.3,29522.0,29512.0,-10.0,-21.5,STOP,0.9,16.0
1786002600,2026-08-06,-1,9.7,0.1300813008130081,2.0946378929750864,DEAD-CHOP,PRE-OPEN,-8.0,9.7,19.4,29522.0,29502.6,19.4,37.3,TARGET,1.3,77.75
1786003800,2026-08-06,1,17.166666666666668,0.4085470085470085,-6.418192915313028,CLEAN-TREND,PRE-OPEN,-59.75,17.166666666666668,34.333333333333336,29450.25,29484.58,34.33,67.17,TARGET,10.4,82.5
1786006200,2026-08-06,-1,10.633333333333333,0.1753246753246753,3.7012177611769648,NORMAL-CHOP,PRE-OPEN,-13.5,10.633333333333333,21.266666666666666,29503.25,29514.25,-11.0,-23.5,STOP,1.7,65.5
1786007700,2026-08-06,1,12.033333333333331,0.3638443935926773,-2.7217477085118515,BUILDING,PRE-OPEN,-39.75,12.033333333333331,24.066666666666663,29464.0,29488.07,24.07,46.63,TARGET,10.9,35.0
1786010520,2026-08-06,-1,8.716666666666667,0.2716049382716049,3.179832390296033,BUILDING,PRE-OPEN,22.0,8.716666666666667,17.433333333333334,29531.25,29513.82,17.43,33.37,TARGET,2.2,38.5
1786011540,2026-08-06,-1,7.716666666666667,0.173469387755102,3.0626384386387104,DEAD-CHOP,PRE-OPEN,-8.5,7.716666666666667,15.433333333333334,29509.0,29517.0,-8.0,-17.5,STOP,0.7,41.0
1786014180,2026-08-06,-1,15.8,0.6753246753246753,2.9532761793031077,CLEAN-TREND,PRE-OPEN,-104.0,15.8,31.6,29385.5,29401.75,-16.25,-34.0,STOP,1.1,20.75
1786015080,2026-08-06,1,16.566666666666666,0.4981949458483754,-2.121658465636946,CLEAN-TREND,PRE-OPEN,69.0,16.566666666666666,33.13333333333333,29454.0,29487.13,33.13,64.77,TARGET,11.9,62.0
1786016880,2026-08-06,1,14.95,0.3193473193473193,-4.541629698466878,BUILDING,PRE-OPEN,-34.25,14.95,29.9,29462.25,29447.0,-15.25,-32.0,STOP,2.3,14.25
1786017180,2026-08-06,1,15.383333333333333,0.5096153846153846,-2.0966961267648467,CLEAN-TREND,PRE-OPEN,-53.0,15.383333333333333,30.766666666666666,29445.75,29430.0,-15.75,-33.0,STOP,8.0,30.75
1786017840,2026-08-06,-1,15.316666666666666,0.2157894736842105,2.263082485727963,BUILDING,PRE-OPEN,-20.5,15.316666666666666,30.633333333333333,29437.5,29406.87,30.63,59.77,TARGET,11.5,49.25
1786019400,2026-08-06,-1,14.533333333333331,0.2186046511627907,3.552083304399752,BUILDING,PRE-OPEN,23.5,14.533333333333331,29.066666666666663,29443.5,29458.5,-15.0,-31.5,STOP,5.1,69.25
1786021200,2026-08-06,1,12.4,0.4597156398104265,-2.6891277106766585,CLEAN-TREND,PRE-OPEN,-48.5,12.4,24.8,29377.25,29402.05,24.8,48.1,TARGET,2.1,26.75
1786021500,2026-08-06,1,13.733333333333333,0.4522968197879858,-4.024343544046879,CLEAN-TREND,PRE-OPEN,-64.0,13.733333333333333,27.466666666666665,29368.0,29354.0,-14.0,-29.5,STOP,1.9,7.25
1786021680,2026-08-06,-1,13.983333333333333,0.4529616724738676,2.1486916336492845,CLEAN-TREND,PRE-OPEN,-65.0,13.983333333333333,27.966666666666665,29362.5,29334.53,27.97,54.43,TARGET,16.0,121.5
1786022820,2026-08-06,1,15.366666666666667,0.1366459627329192,-2.333756392605528,VIOLENT-WHIPSAW,PRE-OPEN,-11.0,15.366666666666667,30.733333333333334,29348.0,29332.25,-15.75,-33.0,STOP,0.0,203.0
1786023000,2026-08-06,-1,18.75,0.1575757575757575,2.7551903214873827,VIOLENT-WHIPSAW,US,-13.0,18.75,37.5,29330.0,29349.0,-19.0,-39.5,STOP,0.2,89.0
1786023120,2026-08-06,-1,23.133333333333333,0.6084656084656085,4.66091524023833,CLEAN-TREND,US,-86.25,23.133333333333333,46.266666666666666,29262.75,29286.25,-23.5,-48.5,STOP,1.1,21.75
1786023300,2026-08-06,1,32.13333333333333,0.0792996910401647,-2.539433905954496,VIOLENT-WHIPSAW,US,19.25,32.13333333333333,64.26666666666667,29370.0,29434.27,64.27,127.03,TARGET,1.1,188.5
1786023540,2026-08-06,1,39.46666666666667,0.1008264462809917,-3.676036829465109,VIOLENT-WHIPSAW,US,30.5,39.46666666666667,78.93333333333334,29386.75,29465.68,78.93,156.37,TARGET,4.3,197.5
1786024260,2026-08-06,-1,35.55,0.5153846153846153,2.390237429440032,CLEAN-TREND,US,134.0,35.55,71.1,29547.75,29583.75,-36.0,-73.5,STOP,17.2,61.5
1786026240,2026-08-06,1,25.3,0.3042328042328042,-2.5339961660825807,BUILDING,US,57.5,25.3,50.6,29633.25,29607.5,-25.75,-53.0,STOP,0.5,18.0
1786027080,2026-08-06,1,32.03333333333333,0.361344537815126,-2.0709174155117056,BUILDING,US,-75.25,32.03333333333333,64.06666666666666,29575.0,29542.5,-32.5,-66.5,STOP,6.5,103.25
1786032960,2026-08-06,1,22.0,0.1273996509598604,-2.694646757996283,VIOLENT-WHIPSAW,US,-18.25,22.0,44.0,29483.25,29460.75,-22.5,-46.5,STOP,6.3,44.5
1786036440,2026-08-06,1,17.233333333333334,0.2774193548387096,-2.481592168266488,BUILDING,US,-32.25,17.233333333333334,34.46666666666667,29524.75,29507.25,-17.5,-36.5,STOP,24.9,28.0
1786040160,2026-08-06,1,17.366666666666667,0.3987473903966597,-5.42091992237715,BUILDING,US,47.75,17.366666666666667,34.733333333333334,29567.75,29550.0,-17.75,-37.0,STOP,0.9,8.25
1786044600,2026-08-06,1,16.316666666666666,0.0700389105058365,-2.191981138105119,VIOLENT-WHIPSAW,US,-9.0,16.316666666666666,32.63333333333333,29520.5,29503.75,-16.75,-35.0,STOP,10.3,25.5
1786045800,2026-08-06,1,13.266666666666667,0.4569536423841059,-5.3562022165781125,CLEAN-TREND,US,-51.75,13.266666666666667,26.533333333333335,29480.75,29507.28,26.53,51.57,TARGET,2.7,70.75
1786046340,2026-08-06,1,19.366666666666667,0.0269413629160063,-2.5160901010953323,VIOLENT-WHIPSAW,US,-4.25,19.366666666666667,38.733333333333334,29498.25,29536.98,38.73,75.97,TARGET,0.4,53.25
1786055040,2026-08-06,-1,9.0,0.1083333333333333,2.414040563195408,DEAD-CHOP,OVERNIGHT,6.5,9.0,18.0,29555.25,29564.5,-9.25,-20.0,STOP,0.7,26.0
1786055280,2026-08-06,1,9.666666666666666,0.3089430894308943,-3.122665110169577,BUILDING,OVERNIGHT,-19.0,9.666666666666666,19.333333333333332,29549.75,29539.75,-10.0,-21.5,STOP,3.1,18.25
1786056060,2026-08-06,-1,8.583333333333334,0.1013215859030837,2.4893541189127064,DEAD-CHOP,OVERNIGHT,-5.75,8.583333333333334,17.166666666666668,29555.5,29564.5,-9.0,-19.5,STOP,15.5,9.75
1786057380,2026-08-06,1,5.65,0.3384615384615385,-2.4733238994168394,BUILDING,OVERNIGHT,11.0,5.65,11.3,29564.25,29558.25,-6.0,-13.5,STOP,2.2,33.25
1786058340,2026-08-06,-1,6.883333333333334,0.1216931216931216,3.8759759129354414,DEAD-CHOP,OVERNIGHT,5.75,6.883333333333334,13.766666666666667,29572.25,29579.5,-7.25,-16.0,STOP,0.0,10.0
1786058700,2026-08-06,-1,7.883333333333334,0.6405529953917051,2.881240801549428,BUILDING,OVERNIGHT,34.75,7.883333333333334,15.766666666666667,29594.5,29578.73,15.77,30.03,TARGET,1.2,32.25
1786059420,2026-08-06,1,8.733333333333333,0.0561797752808988,-3.7377570868230103,DEAD-CHOP,OVERNIGHT,-3.75,8.733333333333333,17.466666666666665,29574.75,29565.75,-9.0,-19.5,STOP,2.8,44.5
1786059900,2026-08-06,1,8.683333333333334,0.0207468879668049,-2.253813226085889,DEAD-CHOP,OVERNIGHT,-1.25,8.683333333333334,17.366666666666667,29575.5,29592.87,17.37,33.23,TARGET,3.7,43.75
1786060200,2026-08-06,1,9.716666666666669,0.2183098591549295,-3.041344048943866,BUILDING,OVERNIGHT,15.5,9.716666666666669,19.433333333333337,29601.25,29591.25,-10.0,-21.5,STOP,1.7,18.0
1786060800,2026-08-07,1,9.633333333333333,0.1647509578544061,-2.713448819095533,DEAD-CHOP,OVERNIGHT,10.75,9.633333333333333,19.266666666666666,29586.25,29605.52,19.27,37.03,TARGET,1.6,33.0
1786061520,2026-08-07,1,15.033333333333331,0.165266106442577,-2.311545142181472,NORMAL-CHOP,OVERNIGHT,-14.75,15.033333333333331,30.066666666666663,29577.5,29562.0,-15.5,-32.5,STOP,2.2,5.25
1786061760,2026-08-07,1,16.9,0.4840085287846482,-2.5068557820746133,CLEAN-TREND,OVERNIGHT,-56.75,16.9,33.8,29540.0,29522.75,-17.25,-36.0,STOP,2.4,34.75
1786062720,2026-08-07,1,16.45,0.0448343079922027,-3.261365146700984,VIOLENT-WHIPSAW,OVERNIGHT,5.75,16.45,32.9,29537.0,29569.9,32.9,64.3,TARGET,1.8,45.5
1786064400,2026-08-07,-1,19.166666666666668,0.2245557350565428,3.188792741321964,BUILDING,OVERNIGHT,34.75,19.166666666666668,38.333333333333336,29571.5,29533.17,38.33,75.17,TARGET,12.2,88.75
1786065240,2026-08-07,-1,15.4,0.3438202247191011,3.290883967416027,BUILDING,OVERNIGHT,-38.25,15.4,30.8,29525.0,29494.2,30.8,60.1,TARGET,5.3,42.25
1786065900,2026-08-07,-1,14.616666666666667,0.5068493150684932,2.403778223439447,CLEAN-TREND,OVERNIGHT,-55.5,14.616666666666667,29.233333333333334,29489.75,29504.75,-15.0,-31.5,STOP,0.8,1.5
1786068180,2026-08-07,-1,13.45,0.3141486810551558,4.089634489166941,BUILDING,OVERNIGHT,32.75,13.45,26.9,29542.5,29515.6,26.9,52.3,TARGET,5.6,53.25
1786070340,2026-08-07,1,12.083333333333334,0.4906542056074766,-2.9565125760409763,BUILDING,OVERNIGHT,-52.5,12.083333333333334,24.166666666666668,29486.25,29510.42,24.17,46.83,TARGET,6.7,63.0
1786073040,2026-08-07,-1,8.916666666666666,0.6086956521739131,2.694598126437866,BUILDING,OVERNIGHT,-35.0,8.916666666666666,17.833333333333332,29507.0,29516.25,-9.25,-20.0,STOP,7.4,17.0
1786075200,2026-08-07,1,7.8,0.3958333333333333,-2.299267717238895,BUILDING,OVERNIGHT,-19.0,7.8,15.6,29483.5,29499.1,15.6,29.7,TARGET,11.1,42.25
1786075980,2026-08-07,1,8.5,0.2254901960784313,-6.989189287503516,BUILDING,OVERNIGHT,-11.5,8.5,17.0,29477.0,29468.25,-8.75,-19.0,STOP,2.6,48.75
1786076460,2026-08-07,-1,11.6,0.175531914893617,3.172562643169801,NORMAL-CHOP,OVERNIGHT,16.5,11.6,23.2,29509.0,29521.0,-12.0,-25.5,STOP,8.8,18.75
1786077480,2026-08-07,1,9.866666666666667,0.1073825503355704,-2.1836998475309906,DEAD-CHOP,OVERNIGHT,-8.0,9.866666666666667,19.733333333333334,29503.75,29493.5,-10.25,-22.0,STOP,2.3,52.25
1786078860,2026-08-07,-1,7.716666666666667,0.3990610328638497,2.7400707605166934,BUILDING,OVERNIGHT,21.25,7.716666666666667,15.433333333333334,29516.75,29524.75,-8.0,-17.5,STOP,0.7,1.0
1786079280,2026-08-07,-1,9.716666666666669,0.8217821782178217,6.944108392087021,BUILDING,OVERNIGHT,62.25,9.716666666666669,19.433333333333337,29553.75,29534.32,19.43,37.37,TARGET,1.5,26.25
1786086000,2026-08-07,1,6.283333333333333,0.312,-2.234017522292659,BUILDING,PRE-OPEN,9.75,6.283333333333333,12.566666666666666,29553.5,29546.75,-6.75,-15.0,STOP,0.0,39.5
1786086360,2026-08-07,1,9.683333333333334,0.3285714285714285,-2.023979538774852,BUILDING,PRE-OPEN,23.0,9.683333333333334,19.366666666666667,29568.5,29587.87,19.37,37.23,TARGET,5.9,24.5
1786087680,2026-08-07,-1,7.95,0.0292397660818713,2.5544489144839924,DEAD-CHOP,PRE-OPEN,1.25,7.95,15.9,29582.0,29590.25,-8.25,-18.0,STOP,0.8,19.75
1786088460,2026-08-07,-1,8.1,0.1304347826086956,5.541809518166922,DEAD-CHOP,PRE-OPEN,6.75,8.1,16.2,29590.0,29573.8,16.2,30.9,TARGET,4.2,27.75
1786089660,2026-08-07,1,9.066666666666666,0.2575757575757575,-2.3761106553517006,BUILDING,PRE-OPEN,17.0,9.066666666666666,18.133333333333333,29592.75,29610.88,18.13,34.77,TARGET,0.9,46.25
1786090380,2026-08-07,-1,10.633333333333333,0.3562005277044855,4.345733412570576,BUILDING,PRE-OPEN,33.75,10.633333333333333,21.266666666666666,29619.25,29630.25,-11.0,-23.5,STOP,14.7,20.25
1786091400,2026-08-07,-1,9.1,0.0476190476190476,4.717315237319396,DEAD-CHOP,PRE-OPEN,3.0,9.1,18.2,29631.75,29641.25,-9.5,-20.5,STOP,1.9,22.75
1786091640,2026-08-07,1,8.95,0.5583333333333333,-3.593025951602087,BUILDING,PRE-OPEN,33.5,8.95,17.9,29636.5,29627.25,-9.25,-20.0,STOP,1.5,12.25
1786094640,2026-08-07,-1,7.466666666666667,0.1569506726457399,2.59124414511042,DEAD-CHOP,PRE-OPEN,8.75,7.466666666666667,14.933333333333334,29643.75,29628.82,14.93,28.37,TARGET,15.4,22.75
1786095720,2026-08-07,1,7.466666666666667,0.1093117408906882,-3.0960110419529907,DEAD-CHOP,PRE-OPEN,-6.75,7.466666666666667,14.933333333333334,29626.25,29618.5,-7.75,-17.0,STOP,14.7,10.0
1786098060,2026-08-07,-1,7.233333333333333,0.5025380710659898,2.353423294902644,BUILDING,PRE-OPEN,-24.75,7.233333333333333,14.466666666666667,29597.75,29605.25,-7.5,-16.5,STOP,2.9,5.5
1786099980,2026-08-07,1,6.683333333333334,0.3377483443708609,-2.5059469383152986,BUILDING,PRE-OPEN,-12.75,6.683333333333334,13.366666666666667,29605.5,29618.87,13.37,25.23,TARGET,6.2,43.0
1786100460,2026-08-07,-1,8.133333333333333,0.2694063926940639,3.1221547429039957,BUILDING,PRE-OPEN,14.75,8.133333333333333,16.266666666666666,29631.0,29639.5,-8.5,-18.5,STOP,5.2,7.25
1786101900,2026-08-07,-1,7.283333333333333,0.2688172043010752,2.6748259775998218,BUILDING,PRE-OPEN,12.5,7.283333333333333,14.566666666666666,29651.75,29659.5,-7.75,-17.0,STOP,2.8,19.0
1786102620,2026-08-07,-1,6.466666666666667,0.26,2.666131518519011,BUILDING,PRE-OPEN,13.0,6.466666666666667,12.933333333333334,29653.0,29659.75,-6.75,-15.0,STOP,1.8,48.25
1786103880,2026-08-07,1,8.033333333333333,0.9292035398230089,-2.0124349702223454,BUILDING,PRE-OPEN,-52.5,8.033333333333333,16.066666666666666,29614.25,29605.75,-8.5,-18.5,STOP,1.1,63.75
1786104060,2026-08-07,1,11.516666666666667,0.1099476439790576,-2.7747474630754065,NORMAL-CHOP,PRE-OPEN,-10.5,11.516666666666667,23.033333333333335,29654.25,29642.25,-12.0,-25.5,STOP,4.2,116.75
1786104660,2026-08-07,-1,13.183333333333334,0.1503267973856209,2.011222321468562,NORMAL-CHOP,PRE-OPEN,17.25,13.183333333333334,26.366666666666667,29650.25,29663.75,-13.5,-28.5,STOP,1.3,54.25
1786105740,2026-08-07,1,15.633333333333333,0.1496598639455782,-7.771471845877847,VIOLENT-WHIPSAW,PRE-OPEN,11.0,15.633333333333333,31.266666666666666,29670.5,29652.25,-18.25,-38.0,STOP,0.0,196.75
1786105860,2026-08-07,-1,24.85,0.5059288537549407,2.246125810797268,CLEAN-TREND,PRE-OPEN,64.0,24.85,49.7,29728.75,29754.0,-25.25,-52.0,STOP,2.9,21.75
1786106220,2026-08-07,-1,31.116666666666667,0.7554179566563467,3.587172826972463,CLEAN-TREND,PRE-OPEN,122.0,31.116666666666667,62.233333333333334,29766.5,29798.0,-31.5,-64.5,STOP,1.9,2.0
1786106460,2026-08-07,-1,33.733333333333334,0.7717546362339515,5.616713545879875,CLEAN-TREND,PRE-OPEN,135.25,33.733333333333334,67.46666666666667,29796.75,29830.75,-34.0,-69.5,STOP,4.2,50.75
1786106820,2026-08-07,1,20.166666666666668,0.7443082311733801,-3.3956352110785857,CLEAN-TREND,PRE-OPEN,106.25,20.166666666666668,40.333333333333336,29828.25,29807.75,-20.5,-42.5,STOP,13.3,39.0
1786107840,2026-08-07,1,14.65,0.5658198614318707,-2.694576464699728,CLEAN-TREND,PRE-OPEN,-61.25,14.65,29.3,29786.25,29771.25,-15.0,-31.5,STOP,2.3,26.75
1786108200,2026-08-07,-1,16.566666666666666,0.5367647058823529,2.360269085266088,CLEAN-TREND,PRE-OPEN,-73.0,16.566666666666666,33.13333333333333,29765.75,29732.62,33.13,64.77,TARGET,4.5,82.75
1786109100,2026-08-07,-1,15.6,0.432712215320911,2.954709579394648,CLEAN-TREND,PRE-OPEN,-52.25,15.6,31.2,29714.25,29730.25,-16.0,-33.5,STOP,0.5,31.25
1786109400,2026-08-07,-1,20.666666666666668,0.0197368421052631,8.79945829515278,VIOLENT-WHIPSAW,US,-3.0,20.666666666666668,41.333333333333336,29725.75,29746.75,-21.0,-43.5,STOP,1.0,81.5
1786109640,2026-08-07,1,27.433333333333334,0.3785166240409207,-4.122738671729716,BUILDING,US,74.0,27.433333333333334,54.86666666666667,29805.5,29777.75,-27.75,-57.0,STOP,0.4,16.25
1786109760,2026-08-07,1,35.916666666666664,0.0489381348107109,-7.704392055658494,VIOLENT-WHIPSAW,US,-13.25,35.916666666666664,71.83333333333333,29722.25,29794.08,71.83,142.17,TARGET,7.2,99.5
1786110360,2026-08-07,1,49.61666666666667,0.0134874759152215,-8.092423015301586,VIOLENT-WHIPSAW,US,-5.25,49.61666666666667,99.23333333333333,29736.0,29686.0,-50.0,-101.5,STOP,9.7,64.0
1786111020,2026-08-07,1,39.45,0.2448275862068965,-4.942114695386682,BUILDING,US,-71.0,39.45,78.9,29665.75,29626.0,-39.75,-81.0,STOP,6.2,105.25
1786111920,2026-08-07,1,42.63333333333333,0.2237654320987654,-2.3126447727063053,BUILDING,US,-72.5,42.63333333333333,85.26666666666667,29593.5,29678.77,85.27,169.03,TARGET,5.8,185.5
1786116360,2026-08-07,-1,17.15,0.5630630630630631,2.070822858741561,CLEAN-TREND,US,62.5,17.15,34.3,29818.25,29835.75,-17.5,-36.5,STOP,3.0,24.5
1786119540,2026-08-07,1,12.7,0.2336448598130841,-3.245723242976108,BUILDING,US,-18.75,12.7,25.4,29794.5,29819.9,25.4,49.3,TARGET,0.4,27.0
1786119900,2026-08-07,1,18.866666666666667,0.7413479052823315,-5.639404945140306,CLEAN-TREND,US,-101.75,18.866666666666667,37.733333333333334,29721.25,29702.0,-19.25,-40.0,STOP,0.7,59.5
1786123500,2026-08-07,1,12.516666666666667,0.2334293948126801,-2.081418976989777,BUILDING,US,-20.25,12.516666666666667,25.033333333333335,29736.25,29761.28,25.03,48.57,TARGET,13.6,28.25
1786127700,2026-08-07,1,12.016666666666667,0.3535911602209944,-2.59142334589978,BUILDING,US,-32.0,12.016666666666667,24.033333333333335,29693.25,29680.75,-12.5,-26.5,STOP,8.7,79.25
1786129140,2026-08-07,-1,11.0,0.4521963824289405,4.752952190940617,BUILDING,US,43.75,11.0,22.0,29723.5,29734.75,-11.25,-24.0,STOP,0.0,0.75
1786129260,2026-08-07,-1,13.35,0.6666666666666666,2.2311241778990336,CLEAN-TREND,US,76.0,13.35,26.7,29753.5,29767.25,-13.75,-29.0,STOP,4.1,13.0
1786130100,2026-08-07,-1,13.95,0.6489151873767258,2.2224974195234557,CLEAN-TREND,US,82.25,13.95,27.9,29820.25,29792.35,27.9,54.3,TARGET,3.8,48.25
1786322100,2026-08-10,1,14.583333333333334,0.3432203389830508,-3.204593772312029,BUILDING,OVERNIGHT,-40.5,14.583333333333334,29.166666666666668,29835.0,29820.0,-15.0,-31.5,STOP,0.9,9.0
1786322520,2026-08-10,1,15.3,0.549367088607595,-2.4630385540094584,CLEAN-TREND,OVERNIGHT,-54.25,15.3,30.6,29803.25,29833.85,30.6,59.7,TARGET,19.4,35.25
1786324920,2026-08-10,-1,12.683333333333334,0.5472972972972973,2.9889983656741017,CLEAN-TREND,OVERNIGHT,40.5,12.683333333333334,25.366666666666667,29867.75,29880.75,-13.0,-27.5,STOP,1.6,26.5
1786326360,2026-08-10,-1,12.316666666666666,0.4465753424657534,2.14380367609332,BUILDING,OVERNIGHT,40.75,12.316666666666666,24.633333333333333,29883.75,29859.12,24.63,47.77,TARGET,29.0,26.75
1786332060,2026-08-10,1,7.066666666666666,0.1414141414141414,-2.396939157972608,DEAD-CHOP,OVERNIGHT,7.0,7.066666666666666,14.133333333333333,29880.75,29873.25,-7.5,-16.5,STOP,4.7,18.25
1786333980,2026-08-10,1,5.583333333333333,0.1653543307086614,-2.1370813010673864,DEAD-CHOP,OVERNIGHT,-5.25,5.583333333333333,11.166666666666666,29888.75,29882.75,-6.0,-13.5,STOP,0.9,13.25
1786334100,2026-08-10,-1,6.283333333333333,0.4044943820224719,2.3987704126940934,BUILDING,OVERNIGHT,-18.0,6.283333333333333,12.566666666666666,29872.75,29879.5,-6.75,-15.0,STOP,0.7,2.25
1786335000,2026-08-10,1,8.266666666666667,0.2753623188405797,-2.6732457911427483,BUILDING,OVERNIGHT,19.0,8.266666666666667,16.533333333333335,29891.75,29883.0,-8.75,-19.0,STOP,25.9,12.25
1786338840,2026-08-10,-1,7.45,0.7216494845360825,4.941030475375474,BUILDING,OVERNIGHT,35.0,7.45,14.9,29916.75,29924.5,-7.75,-17.0,STOP,8.7,13.75
1786340280,2026-08-10,1,6.0,0.3798449612403101,-2.0561515119690648,BUILDING,OVERNIGHT,-12.25,6.0,12.0,29911.0,29904.75,-6.25,-14.0,STOP,1.1,35.0
1786341180,2026-08-10,-1,5.933333333333334,0.3866666666666666,2.1371950018645056,BUILDING,OVERNIGHT,14.5,5.933333333333334,11.866666666666667,29923.25,29929.5,-6.25,-14.0,STOP,2.3,0.5
1786341600,2026-08-10,-1,5.933333333333334,0.6043956043956044,2.09302709491508,BUILDING,OVERNIGHT,27.5,5.933333333333334,11.866666666666667,29934.25,29940.5,-6.25,-14.0,STOP,0.5,27.0
1786342080,2026-08-10,-1,6.316666666666666,0.3953488372093023,2.401784729178459,BUILDING,OVERNIGHT,21.25,6.316666666666666,12.633333333333333,29944.75,29951.5,-6.75,-15.0,STOP,2.0,37.75
1786342860,2026-08-10,-1,9.0,0.0297029702970297,6.070663256862601,DEAD-CHOP,OVERNIGHT,2.25,9.0,18.0,29941.25,29923.25,18.0,34.5,TARGET,3.1,34.25
1786344900,2026-08-10,1,6.15,0.0896551724137931,-2.181685486059576,DEAD-CHOP,OVERNIGHT,-3.25,6.15,12.3,29913.5,29907.0,-6.5,-14.5,STOP,0.4,39.0
1786345800,2026-08-10,1,9.033333333333331,0.2044609665427509,-2.9138513398528967,BUILDING,PRE-OPEN,-13.75,9.033333333333331,18.066666666666663,29899.25,29889.75,-9.5,-20.5,STOP,0.1,69.5
1786347900,2026-08-10,-1,7.2,0.3422818791946309,7.265918905575418,BUILDING,PRE-OPEN,12.75,7.2,14.4,29966.25,29973.75,-7.5,-16.5,STOP,0.2,30.5
1786349100,2026-08-10,1,9.216666666666669,0.5727272727272728,-2.0430459431153203,BUILDING,PRE-OPEN,31.5,9.216666666666669,18.433333333333337,29972.0,29962.5,-9.5,-20.5,STOP,0.5,1.5
1786356180,2026-08-10,-1,7.416666666666667,0.2328767123287671,3.1972480109497767,BUILDING,PRE-OPEN,12.75,7.416666666666667,14.833333333333334,29956.0,29941.17,14.83,28.17,TARGET,5.9,40.75
1786356660,2026-08-10,1,8.716666666666667,0.1969111969111969,-2.516128723626464,DEAD-CHOP,PRE-OPEN,-12.75,8.716666666666667,17.433333333333334,29926.25,29917.25,-9.0,-19.5,STOP,2.1,25.75
1786357200,2026-08-10,-1,7.216666666666667,0.3593073593073593,3.080383858717563,BUILDING,PRE-OPEN,-20.75,7.216666666666667,14.433333333333334,29935.75,29943.25,-7.5,-16.5,STOP,0.5,26.5
1786357320,2026-08-10,-1,7.75,0.1138211382113821,2.299246723147615,DEAD-CHOP,PRE-OPEN,-7.0,7.75,15.5,29944.0,29952.25,-8.25,-18.0,STOP,1.9,34.75
1786358100,2026-08-10,-1,7.15,0.1475409836065573,2.514154452905035,DEAD-CHOP,PRE-OPEN,-9.0,7.15,14.3,29927.25,29912.95,14.3,27.1,TARGET,4.2,50.25
1786359120,2026-08-10,1,6.266666666666667,0.3246753246753247,-3.491977135702317,BUILDING,PRE-OPEN,12.5,6.266666666666667,12.533333333333333,29934.25,29927.5,-6.75,-15.0,STOP,1.1,1.25
1786361520,2026-08-10,-1,10.583333333333334,0.3559322033898305,2.3297528258419864,BUILDING,PRE-OPEN,31.5,10.583333333333334,21.166666666666668,29911.75,29890.58,21.17,40.83,TARGET,5.8,66.5
1786362120,2026-08-10,1,9.816666666666666,0.2363636363636363,-2.234634041185782,BUILDING,PRE-OPEN,-16.25,9.816666666666666,19.633333333333333,29882.0,29871.75,-10.25,-22.0,STOP,4.8,5.5
1786362480,2026-08-10,1,11.65,0.60625,-5.388180930212001,BUILDING,PRE-OPEN,-48.5,11.65,23.3,29859.0,29846.75,-12.25,-26.0,STOP,1.0,25.25
1786363020,2026-08-10,-1,12.016666666666667,0.1436950146627566,2.3174052456992333,NORMAL-CHOP,PRE-OPEN,-12.25,12.016666666666667,24.033333333333335,29869.5,29882.0,-12.5,-26.5,STOP,6.5,59.25
1786364160,2026-08-10,1,11.183333333333334,0.2779220779220779,-2.672839584490115,BUILDING,PRE-OPEN,-26.75,11.183333333333334,22.366666666666667,29835.5,29824.0,-11.5,-24.5,STOP,5.2,3.5
1786365240,2026-08-10,1,9.383333333333333,0.5397489539748954,-2.7789077116183574,BUILDING,PRE-OPEN,-32.25,9.383333333333333,18.766666666666666,29797.25,29787.5,-9.75,-21.0,STOP,1.5,15.25
1786365660,2026-08-10,-1,11.5,0.2222222222222222,2.209522560216377,BUILDING,PRE-OPEN,-20.0,11.5,23.0,29801.5,29778.5,23.0,44.5,TARGET,9.8,30.5
1786368420,2026-08-10,1,13.4,0.1004784688995215,-3.838065150263023,NORMAL-CHOP,PRE-OPEN,-10.5,13.4,26.8,29794.5,29821.3,26.8,52.1,TARGET,2.0,46.75
1786368660,2026-08-10,1,17.35,0.0655391120507399,-4.68844552746903,VIOLENT-WHIPSAW,US,7.75,17.35,34.7,29814.5,29796.75,-17.75,-37.0,STOP,2.0,26.75
1786369260,2026-08-10,1,35.93333333333333,0.2166172106824926,-4.383016482384054,BUILDING,US,-54.75,35.93333333333333,71.86666666666666,29755.75,29827.62,71.87,142.23,TARGET,8.5,135.5
1786369920,2026-08-10,1,29.383333333333333,0.2216905901116427,-5.706112423980536,BUILDING,US,34.75,29.383333333333333,58.766666666666666,29792.5,29762.75,-29.75,-61.0,STOP,0.6,107.5
1786370220,2026-08-10,-1,28.58333333333333,0.2070484581497797,2.6659637240286647,BUILDING,US,35.25,28.58333333333333,57.16666666666666,29789.25,29818.25,-29.0,-59.5,STOP,1.8,4.0
1786370760,2026-08-10,-1,30.28333333333333,0.2757201646090535,2.5887685535702305,BUILDING,US,50.25,30.28333333333333,60.56666666666666,29856.75,29887.5,-30.75,-63.0,STOP,4.0,55.5
1786371840,2026-08-10,1,19.516666666666666,0.3112033195020747,-2.8450483437541623,BUILDING,US,-37.5,19.516666666666666,39.03333333333333,29838.75,29818.75,-20.0,-41.5,STOP,0.4,54.25
1786372440,2026-08-10,1,22.466666666666665,0.010204081632653,-2.307708671950297,VIOLENT-WHIPSAW,US,-1.5,22.466666666666665,44.93333333333333,29861.0,29838.25,-22.75,-47.0,STOP,17.3,32.0
1786382880,2026-08-10,1,8.716666666666667,0.3302325581395349,-2.335884773195543,BUILDING,US,-17.75,8.716666666666667,17.433333333333334,29784.5,29775.5,-9.0,-19.5,STOP,8.2,13.0
1786384680,2026-08-10,-1,9.766666666666667,0.0224215246636771,3.570281010050877,DEAD-CHOP,US,-1.25,9.766666666666667,19.533333333333335,29764.0,29744.47,19.53,37.57,TARGET,17.7,21.75
1786387320,2026-08-10,-1,7.95,0.4007782101167315,2.573120600386233,BUILDING,US,25.75,7.95,15.9,29771.25,29779.5,-8.25,-18.0,STOP,8.1,11.75
1786388220,2026-08-10,-1,7.533333333333333,0.1931330472103004,2.048494065995233,DEAD-CHOP,US,11.25,7.533333333333333,15.066666666666666,29782.5,29790.5,-8.0,-17.5,STOP,4.5,7.0
1786389360,2026-08-10,1,7.166666666666667,0.0456852791878172,-2.111985062729408,DEAD-CHOP,US,-2.25,7.166666666666667,14.333333333333334,29782.75,29775.25,-7.5,-16.5,STOP,17.0,13.75
1786391220,2026-08-10,1,8.266666666666667,0.0978723404255319,-2.921238700827458,DEAD-CHOP,US,-5.75,8.266666666666667,16.533333333333335,29774.75,29766.0,-8.75,-19.0,STOP,2.0,9.75
1786391580,2026-08-10,-1,12.316666666666666,0.4060324825986079,2.021954862774368,BUILDING,US,-43.75,12.316666666666666,24.633333333333333,29742.25,29755.0,-12.75,-27.0,STOP,1.0,19.5
1786391940,2026-08-10,-1,14.866666666666667,0.2666666666666666,2.514730258296094,BUILDING,US,-32.0,14.866666666666667,29.733333333333334,29742.5,29751.75,-9.25,-20.0,TIME,30.0,5.5
1786400220,2026-08-10,1,7.083333333333333,0.5238095238095238,-2.303919890568195,BUILDING,OVERNIGHT,-22.0,7.083333333333333,14.166666666666666,29757.25,29749.75,-7.5,-16.5,STOP,1.8,1.75
1786400700,2026-08-10,-1,6.333333333333333,0.3401015228426396,2.395160301531053,BUILDING,OVERNIGHT,-16.75,6.333333333333333,12.666666666666666,29741.5,29748.25,-6.75,-15.0,STOP,0.3,21.25
1786401060,2026-08-10,1,7.783333333333333,0.425287356321839,-3.5429474265190186,BUILDING,OVERNIGHT,-27.75,7.783333333333333,15.566666666666666,29732.75,29724.5,-8.25,-18.0,STOP,2.3,4.0
1786401420,2026-08-10,-1,6.45,0.2238805970149253,2.755076553123096,BUILDING,OVERNIGHT,-11.25,6.45,12.9,29729.0,29735.75,-6.75,-15.0,STOP,14.8,9.75
1786402860,2026-08-10,1,5.05,0.0059880239520958,-5.551778811336549,DEAD-CHOP,OVERNIGHT,-0.25,5.05,10.1,29726.5,29721.0,-5.5,-12.5,STOP,18.8,7.25
1786405620,2026-08-10,-1,5.816666666666666,0.4528301886792453,2.965036054677848,BUILDING,OVERNIGHT,12.0,5.816666666666666,11.633333333333333,29717.5,29705.87,11.63,21.77,TARGET,4.0,51.5
1786405920,2026-08-10,1,6.6,0.1186440677966101,-4.192643850530507,DEAD-CHOP,OVERNIGHT,-3.5,6.6,13.2,29707.75,29700.75,-7.0,-15.5,STOP,0.6,48.0
1786406100,2026-08-10,1,7.9,0.4923857868020304,-4.004634946405577,BUILDING,OVERNIGHT,-24.25,7.9,15.8,29685.5,29701.3,15.8,30.1,TARGET,3.7,74.25
1786406520,2026-08-11,1,11.7,0.4576271186440678,-3.4196683545748585,BUILDING,OVERNIGHT,-47.25,11.7,23.4,29671.5,29694.9,23.4,45.3,TARGET,3.6,97.5
1786407120,2026-08-11,1,16.966666666666665,0.4828767123287671,-3.265543020901021,CLEAN-TREND,OVERNIGHT,70.5,16.966666666666665,33.93333333333333,29749.5,29732.25,-17.25,-36.0,STOP,2.6,22.5
1786408020,2026-08-11,-1,13.55,0.0838445807770961,2.1438741533558785,NORMAL-CHOP,OVERNIGHT,10.25,13.55,27.1,29759.5,29773.5,-14.0,-29.5,STOP,15.0,3.75
1786410000,2026-08-11,-1,7.083333333333333,0.0978260869565217,3.3474569882716763,DEAD-CHOP,OVERNIGHT,4.5,7.083333333333333,14.166666666666666,29794.5,29780.33,14.17,26.83,TARGET,1.7,30.25
1786410600,2026-08-11,-1,10.733333333333333,0.0956521739130434,2.5728985008788023,NORMAL-CHOP,OVERNIGHT,8.25,10.733333333333333,21.466666666666665,29798.5,29809.5,-11.0,-23.5,STOP,2.3,0.75
1786416360,2026-08-11,-1,6.15,0.2932330827067669,3.1193851848358385,BUILDING,OVERNIGHT,9.75,6.15,12.3,29838.75,29826.45,12.3,23.1,TARGET,5.0,24.0
1786418820,2026-08-11,-1,6.066666666666666,0.4318181818181818,2.702656420812011,BUILDING,OVERNIGHT,19.0,6.066666666666666,12.133333333333333,29845.75,29833.62,12.13,22.77,TARGET,4.5,19.5
1786422660,2026-08-11,-1,4.75,0.3875,2.6961317251055488,BUILDING,OVERNIGHT,15.5,4.75,9.5,29860.75,29851.25,9.5,17.5,TARGET,2.7,27.0
1786424040,2026-08-11,1,4.266666666666667,0.4214876033057851,-2.3304996607729294,BUILDING,OVERNIGHT,-12.75,4.266666666666667,8.533333333333333,29836.25,29844.78,8.53,15.57,TARGET,5.5,18.75
1786424460,2026-08-11,-1,4.166666666666667,0.0769230769230769,2.341583115429537,DEAD-CHOP,OVERNIGHT,-1.5,4.166666666666667,8.333333333333334,29841.0,29832.67,8.33,15.17,TARGET,3.5,42.25
1786425480,2026-08-11,-1,5.9,0.1256830601092896,2.481331955490202,DEAD-CHOP,OVERNIGHT,-5.75,5.9,11.8,29832.0,29820.2,11.8,22.1,TARGET,1.8,33.25
1786426260,2026-08-11,-1,7.3,0.8640776699029126,2.516829047209924,BUILDING,OVERNIGHT,-44.5,7.3,14.6,29802.25,29810.0,-7.75,-17.0,STOP,2.0,15.25
1786427460,2026-08-11,1,7.533333333333333,0.7282608695652174,-3.153535920520804,BUILDING,OVERNIGHT,-33.5,7.533333333333333,15.066666666666666,29790.0,29805.07,15.07,28.63,TARGET,9.9,37.5
1786428600,2026-08-11,-1,7.083333333333333,0.4077669902912621,3.546998193651812,BUILDING,OVERNIGHT,21.0,7.083333333333333,14.166666666666666,29820.0,29827.5,-7.5,-16.5,STOP,2.3,87.75
1786429320,2026-08-11,-1,8.116666666666667,0.3992395437262357,5.345793996455599,BUILDING,OVERNIGHT,-26.25,8.116666666666667,16.233333333333334,29785.75,29769.52,16.23,30.97,TARGET,3.3,53.5
1786429920,2026-08-11,-1,10.533333333333331,0.6813186813186813,2.2878745361484936,BUILDING,OVERNIGHT,-62.0,10.533333333333331,21.066666666666663,29745.75,29756.75,-11.0,-23.5,STOP,4.9,13.5
1786430400,2026-08-11,1,13.15,0.0695443645083932,-3.691875440104672,NORMAL-CHOP,OVERNIGHT,7.25,13.15,26.3,29781.75,29768.25,-13.5,-28.5,STOP,8.1,7.5
1786431120,2026-08-11,1,9.55,0.0441176470588235,-3.802953691897169,DEAD-CHOP,OVERNIGHT,3.0,9.55,19.1,29754.75,29744.75,-10.0,-21.5,STOP,1.0,15.75
1786432980,2026-08-11,1,10.25,0.1951219512195122,-3.954262545071408,NORMAL-CHOP,PRE-OPEN,-12.0,10.25,20.5,29736.75,29757.25,20.5,39.5,TARGET,3.8,43.25
1786434780,2026-08-11,1,8.216666666666667,0.2625698324022346,-2.3503123096015024,BUILDING,PRE-OPEN,-11.75,8.216666666666667,16.433333333333334,29758.75,29775.18,16.43,31.37,TARGET,3.6,46.75
1786435740,2026-08-11,1,13.2,0.086859688195991,-2.062571539777198,NORMAL-CHOP,PRE-OPEN,-9.75,13.2,26.4,29748.5,29734.75,-13.75,-29.0,STOP,2.7,12.25
1786439280,2026-08-11,1,10.4,0.238095238095238,-3.537493434475278,BUILDING,PRE-OPEN,-21.25,10.4,20.8,29736.5,29725.75,-10.75,-23.0,STOP,0.8,39.25
1786440600,2026-08-11,-1,9.15,0.2454212454212454,2.9203057913103185,BUILDING,PRE-OPEN,16.75,9.15,18.3,29765.5,29775.0,-9.5,-20.5,STOP,1.7,10.5
1786442700,2026-08-11,1,6.216666666666667,0.2222222222222222,-3.456670441030754,BUILDING,PRE-OPEN,-6.0,6.216666666666667,12.433333333333334,29762.75,29756.25,-6.5,-14.5,STOP,0.9,70.5
1786443420,2026-08-11,-1,7.433333333333334,0.1607142857142857,2.309406472182905,DEAD-CHOP,PRE-OPEN,9.0,7.433333333333334,14.866666666666667,29771.25,29779.0,-7.75,-17.0,STOP,3.3,3.5
1786443720,2026-08-11,-1,7.65,0.4828897338403042,7.401635661625623,BUILDING,PRE-OPEN,31.75,7.65,15.3,29793.75,29801.75,-8.0,-17.5,STOP,0.1,1.25
1786443900,2026-08-11,1,8.933333333333334,0.6655052264808362,-2.240142594598612,BUILDING,PRE-OPEN,47.75,8.933333333333334,17.866666666666667,29806.5,29824.37,17.87,34.23,TARGET,2.3,26.75
1786446060,2026-08-11,-1,8.333333333333334,0.6595744680851063,5.757238496737261,BUILDING,PRE-OPEN,54.25,8.333333333333334,16.666666666666668,29872.75,29881.5,-8.75,-19.0,STOP,0.9,45.75
1786447920,2026-08-11,1,7.85,0.5935828877005348,-2.9845838181152717,BUILDING,PRE-OPEN,-27.75,7.85,15.7,29823.0,29814.75,-8.25,-18.0,STOP,4.5,12.5
1786450920,2026-08-11,1,9.716666666666669,0.0736842105263157,-11.667074217822488,DEAD-CHOP,PRE-OPEN,5.25,9.716666666666669,19.433333333333337,29844.25,29834.25,-10.0,-21.5,STOP,0.3,13.25
1786454220,2026-08-11,-1,8.866666666666667,0.2251655629139073,3.0595730888696893,BUILDING,PRE-OPEN,-17.0,8.866666666666667,17.733333333333334,29832.0,29841.25,-9.25,-20.0,STOP,10.1,196.0
1786455000,2026-08-11,1,13.433333333333334,0.3062098501070663,-13.39933142363429,BUILDING,US,-35.75,13.433333333333334,26.866666666666667,29781.0,29767.25,-13.75,-29.0,STOP,0.2,5.75
1786455180,2026-08-11,-1,19.15,0.636986301369863,4.240794175545116,CLEAN-TREND,US,-93.0,19.15,38.3,29736.5,29698.2,38.3,75.1,TARGET,1.9,100.5
1786455420,2026-08-11,-1,26.4,0.5455650060753341,3.6128950892863214,CLEAN-TREND,US,-112.25,26.4,52.8,29721.5,29748.25,-26.75,-55.0,STOP,3.6,85.5
1786455900,2026-08-11,1,35.53333333333333,0.4011976047904191,-2.847281659154045,CLEAN-TREND,US,-100.5,35.53333333333333,71.06666666666666,29683.25,29647.25,-36.0,-73.5,STOP,0.1,109.75
1786456320,2026-08-11,-1,33.8,0.1369294605809128,2.029596594514462,VIOLENT-WHIPSAW,US,-33.0,33.8,67.6,29689.75,29724.0,-34.25,-70.0,STOP,6.6,37.75
1786456860,2026-08-11,-1,29.2,0.4232121922626026,3.380578209822451,CLEAN-TREND,US,90.25,29.2,58.4,29754.5,29784.0,-29.5,-60.5,STOP,4.9,21.5
1786460880,2026-08-11,1,15.483333333333333,0.541371158392435,-2.4135015655867,CLEAN-TREND,US,-57.25,15.483333333333333,30.966666666666665,29727.25,29711.5,-15.75,-33.0,STOP,1.0,8.25
1786462440,2026-08-11,1,15.25,0.2407732864674868,-2.0619364986548194,BUILDING,US,-34.25,15.25,30.5,29674.25,29658.75,-15.5,-32.5,STOP,23.0,20.75
1786464060,2026-08-11,1,11.183333333333334,0.1705882352941176,-2.030320478409546,NORMAL-CHOP,US,-14.5,11.183333333333334,22.366666666666667,29657.75,29680.12,22.37,43.23,TARGET,5.4,24.25
1786465500,2026-08-11,1,12.633333333333333,0.4418604651162791,-4.463927988172316,CLEAN-TREND,US,-42.75,12.633333333333333,25.266666666666666,29635.25,29660.52,25.27,49.03,TARGET,11.3,30.25
1786471560,2026-08-11,1,9.216666666666669,0.4063604240282685,-2.25003642927271,BUILDING,US,-28.75,9.216666666666669,18.433333333333337,29606.0,29596.5,-9.5,-20.5,STOP,13.7,9.0
1786472820,2026-08-11,1,10.366666666666667,0.6395759717314488,-7.731736111076831,BUILDING,US,-45.25,10.366666666666667,20.733333333333334,29562.25,29551.5,-10.75,-23.0,STOP,0.9,37.25
1786472940,2026-08-11,1,11.583333333333334,0.7348703170028819,-2.167174484547254,BUILDING,US,-63.75,11.583333333333334,23.166666666666668,29544.25,29567.42,23.17,44.83,TARGET,2.8,55.25
1786476600,2026-08-11,-1,9.2,0.44,2.185134321649714,BUILDING,US,27.5,9.2,18.4,29631.25,29640.75,-9.5,-20.5,STOP,5.3,24.5
1786477500,2026-08-11,1,10.066666666666666,0.0921501706484641,-2.47147808933867,DEAD-CHOP,US,-6.75,10.066666666666666,20.133333333333333,29625.75,29615.25,-10.5,-22.5,STOP,4.0,26.25
1786477860,2026-08-11,-1,11.616666666666667,0.3307984790874524,2.4990565050422364,BUILDING,US,-21.75,11.616666666666667,23.233333333333334,29623.25,29635.25,-12.0,-25.5,STOP,2.7,14.0
1786486440,2026-08-11,-1,10.55,,2.1553160862725163,UNKNOWN,OVERNIGHT,0.0,10.55,21.1,29658.5,29637.4,21.1,40.7,TARGET,29.4,21.75
1786488780,2026-08-11,-1,5.5,0.09,2.715616051393819,DEAD-CHOP,OVERNIGHT,-4.5,5.5,11.0,29648.25,29654.0,-5.75,-13.0,STOP,1.3,10.25
1786489260,2026-08-11,-1,5.066666666666666,0.3959731543624161,2.0131113418617,BUILDING,OVERNIGHT,14.75,5.066666666666666,10.133333333333333,29650.25,29640.12,10.13,18.77,TARGET,4.0,12.25
1786491240,2026-08-11,1,4.416666666666667,0.0891089108910891,-2.959828167336359,DEAD-CHOP,OVERNIGHT,-2.25,4.416666666666667,8.833333333333334,29641.0,29636.25,-4.75,-11.0,STOP,0.5,30.5
1786492200,2026-08-11,-1,5.183333333333334,0.4409937888198758,4.114460891146442,BUILDING,OVERNIGHT,17.75,5.183333333333334,10.366666666666667,29656.0,29661.5,-5.5,-12.5,STOP,4.7,31.0
1786492800,2026-08-12,-1,7.9,0.4426229508196721,4.2735174977146055,BUILDING,OVERNIGHT,20.25,7.9,15.8,29659.0,29643.2,15.8,30.1,TARGET,0.1,34.0
1786493760,2026-08-12,-1,12.433333333333334,0.2782874617737003,2.506891626589085,BUILDING,OVERNIGHT,22.75,12.433333333333334,24.866666666666667,29656.25,29669.0,-12.75,-27.0,STOP,2.8,3.75
1786494180,2026-08-12,-1,10.6,0.5958188153310104,3.3125818659730086,BUILDING,OVERNIGHT,42.75,10.6,21.2,29672.25,29662.25,10.0,18.5,TIME,30.0,19.75
1786499100,2026-08-12,1,7.683333333333334,0.256,-3.064987648000268,BUILDING,OVERNIGHT,16.0,7.683333333333334,15.366666666666667,29672.0,29664.0,-8.0,-17.5,STOP,7.0,12.75
1786501800,2026-08-12,-1,6.733333333333333,0.4560669456066946,5.980151827814709,BUILDING,OVERNIGHT,27.25,6.733333333333333,13.466666666666667,29683.0,29690.0,-7.0,-15.5,STOP,3.3,1.25
1786505040,2026-08-12,1,4.566666666666666,0.0476190476190476,-2.829575617358722,DEAD-CHOP,OVERNIGHT,-1.5,4.566666666666666,9.133333333333333,29696.75,29691.75,-5.0,-11.5,STOP,16.1,8.25
1786506780,2026-08-12,1,4.75,0.2436974789915966,-2.4579509889399107,BUILDING,OVERNIGHT,-7.25,4.75,9.5,29688.75,29698.25,9.5,17.5,TARGET,6.5,15.25
1786510020,2026-08-12,-1,4.8,0.4558823529411764,3.504965850989985,BUILDING,OVERNIGHT,15.5,4.8,9.6,29703.5,29708.75,-5.25,-12.0,STOP,0.7,27.0
1786510620,2026-08-12,-1,4.583333333333333,0.6869565217391305,2.336182238651064,BUILDING,OVERNIGHT,19.75,4.583333333333333,9.166666666666666,29713.5,29704.33,9.17,16.83,TARGET,4.9,45.5
1786511700,2026-08-12,1,5.9,0.492822966507177,-5.9178786862508455,BUILDING,OVERNIGHT,-25.75,5.9,11.8,29685.75,29679.5,-6.25,-14.0,STOP,4.3,23.0
1786512120,2026-08-12,1,6.05,0.4885844748858447,-3.112919148760514,BUILDING,OVERNIGHT,-26.75,6.05,12.1,29669.5,29681.6,12.1,22.7,TARGET,2.2,43.5
1786514400,2026-08-12,-1,4.6,0.6058394160583942,2.3933907786844038,BUILDING,OVERNIGHT,20.75,4.6,9.2,29720.5,29711.3,9.2,16.9,TARGET,11.6,22.75
1786516680,2026-08-12,-1,5.583333333333333,0.6352201257861635,3.5704560985964835,BUILDING,OVERNIGHT,25.25,5.583333333333333,11.166666666666666,29724.0,29712.83,11.17,20.83,TARGET,3.1,15.0
1786517220,2026-08-12,-1,6.15,0.3246753246753247,2.44268803070398,BUILDING,OVERNIGHT,12.5,6.15,12.3,29725.0,29731.5,-6.5,-14.5,STOP,11.0,2.5
1786518180,2026-08-12,-1,5.65,0.3333333333333333,2.085241629977229,BUILDING,PRE-OPEN,13.75,5.65,11.3,29740.75,29747.0,-6.25,-14.0,STOP,0.8,12.75
1786521600,2026-08-12,-1,4.816666666666666,0.6880733944954128,7.040949582744071,BUILDING,PRE-OPEN,18.75,4.816666666666666,9.633333333333333,29753.25,29758.75,-5.5,-12.5,STOP,0.6,2.25
1786525740,2026-08-12,-1,5.1,0.3617021276595745,3.0473530000630817,BUILDING,PRE-OPEN,12.75,5.1,10.2,29810.5,29816.0,-5.5,-12.5,STOP,7.3,6.25
1786526280,2026-08-12,1,4.8,0.361344537815126,-2.3215592588270755,BUILDING,PRE-OPEN,10.75,4.8,9.6,29809.5,29804.25,-5.25,-12.0,STOP,2.4,39.5
1786526520,2026-08-12,-1,4.733333333333333,0.4615384615384615,2.608894259362307,BUILDING,PRE-OPEN,12.0,4.733333333333333,9.466666666666667,29816.5,29821.5,-5.0,-11.5,STOP,0.6,10.0
1786526640,2026-08-12,1,6.983333333333333,0.72,-3.7811219319356617,BUILDING,PRE-OPEN,36.0,6.983333333333333,13.966666666666667,29845.25,29838.0,-7.25,-16.0,STOP,0.6,3.75
1786528860,2026-08-12,1,6.9,0.0434782608695652,-2.70405864712164,DEAD-CHOP,PRE-OPEN,2.25,6.9,13.8,29824.75,29838.55,13.8,26.1,TARGET,9.8,20.5
1786531680,2026-08-12,1,5.816666666666666,0.4814814814814814,-9.038095879818512,BUILDING,PRE-OPEN,-22.75,5.816666666666666,11.633333333333333,29809.0,29802.75,-6.25,-14.0,STOP,0.0,28.75
1786533360,2026-08-12,-1,6.9,0.3113207547169811,2.07306185521996,BUILDING,PRE-OPEN,-16.5,6.9,13.8,29809.5,29816.75,-7.25,-16.0,STOP,3.5,4.0
1786533900,2026-08-12,1,6.5,0.2946428571428571,-2.5069646673664794,BUILDING,PRE-OPEN,-16.5,6.5,13.0,29817.75,29811.0,-6.75,-15.0,STOP,0.7,19.5
1786536960,2026-08-12,-1,7.316666666666666,0.5234042553191489,2.173048403453024,BUILDING,PRE-OPEN,-30.75,7.316666666666666,14.633333333333333,29825.0,29832.75,-7.75,-17.0,STOP,2.6,80.0
1786537620,2026-08-12,-1,9.683333333333334,0.2413793103448276,3.309219094141616,BUILDING,PRE-OPEN,17.5,9.683333333333334,19.366666666666667,29854.5,29864.5,-10.0,-21.5,STOP,0.6,109.5
1786537740,2026-08-12,-1,13.666666666666666,0.6551724137931034,10.96927174289922,CLEAN-TREND,PRE-OPEN,76.0,13.666666666666666,27.333333333333332,29905.5,29919.5,-14.0,-29.5,STOP,0.0,160.5
1786539900,2026-08-12,-1,9.516666666666667,0.4757281553398058,2.070792219675353,BUILDING,PRE-OPEN,24.5,9.516666666666667,19.033333333333335,29930.5,29940.5,-10.0,-21.5,STOP,1.1,60.5
1786540980,2026-08-12,1,7.9,0.5532646048109966,-2.130807866253685,BUILDING,PRE-OPEN,40.25,7.9,15.8,29971.0,29962.75,-8.25,-18.0,STOP,2.1,30.5
1786541220,2026-08-12,-1,10.033333333333331,0.719626168224299,3.275672691637821,BUILDING,PRE-OPEN,57.75,10.033333333333331,20.066666666666663,29982.5,29993.0,-10.5,-22.5,STOP,2.0,129.25
1786541460,2026-08-12,-1,16.85,0.1417910447761194,4.048449869701118,VIOLENT-WHIPSAW,US,-19.0,16.85,33.7,29927.75,29894.05,33.7,65.9,TARGET,1.0,74.5
1786541700,2026-08-12,1,24.016666666666666,0.3635250917992656,-6.129047311650484,BUILDING,US,-74.25,24.016666666666666,48.03333333333333,29898.0,29873.5,-24.5,-50.5,STOP,3.4,72.0
1786542120,2026-08-12,-1,34.46666666666667,0.3434163701067615,4.648344855519816,BUILDING,US,-96.5,34.46666666666667,68.93333333333334,29887.5,29922.25,-34.75,-71.0,STOP,4.7,39.25
1786542480,2026-08-12,-1,33.71666666666667,0.2032967032967033,3.3468139724062533,BUILDING,US,55.5,33.71666666666667,67.43333333333334,29966.75,29899.32,67.43,133.37,TARGET,3.2,118.5
1786542900,2026-08-12,1,28.08333333333333,0.146067415730337,-2.049309806564019,VIOLENT-WHIPSAW,US,32.5,28.08333333333333,56.16666666666666,29901.5,29873.0,-28.5,-58.5,STOP,0.3,35.5
1786543320,2026-08-12,1,30.73333333333333,0.1415182755388941,-2.570928577871977,VIOLENT-WHIPSAW,US,-37.75,30.73333333333333,61.46666666666666,29878.0,29939.47,61.47,121.43,TARGET,23.8,68.25
1786545060,2026-08-12,1,26.05,0.0526315789473684,-2.781316082052399,VIOLENT-WHIPSAW,US,-10.0,26.05,52.1,29888.0,29861.5,-26.5,-54.5,STOP,3.2,43.75
1786548720,2026-08-12,1,15.966666666666669,0.3558558558558558,-2.994026308628888,BUILDING,US,-39.5,15.966666666666669,31.933333333333337,29844.0,29827.75,-16.25,-34.0,STOP,0.9,19.5
1786553400,2026-08-12,-1,9.95,0.7125382262996942,3.3560674351117696,BUILDING,US,58.25,9.95,19.9,29911.25,29921.5,-10.25,-22.0,STOP,13.3,23.0
1786556400,2026-08-12,1,7.016666666666667,0.0705882352941176,-2.0978507471683967,DEAD-CHOP,US,3.0,7.016666666666667,14.033333333333333,29917.5,29910.0,-7.5,-16.5,STOP,9.5,6.5
1786557240,2026-08-12,1,6.85,0.1428571428571428,-2.2515707367626794,DEAD-CHOP,US,-6.25,6.85,13.7,29907.5,29900.25,-7.25,-16.0,STOP,8.1,11.25
1786560060,2026-08-12,-1,6.8,0.4351851851851852,3.2104073438688183,BUILDING,US,23.5,6.8,13.6,29925.25,29911.65,13.6,25.7,TARGET,5.4,45.25
1786561020,2026-08-12,1,7.233333333333333,0.5276752767527675,-2.131282659043748,BUILDING,US,-35.75,7.233333333333333,14.466666666666667,29887.0,29901.47,14.47,27.43,TARGET,2.7,18.0
1786561860,2026-08-12,1,8.25,0.176,-2.740171644128114,DEAD-CHOP,US,-11.0,8.25,16.5,29884.75,29876.25,-8.5,-18.5,STOP,8.8,13.75
1786562460,2026-08-12,1,8.35,0.6076555023923444,-2.951678133845252,BUILDING,US,-31.75,8.35,16.7,29869.75,29861.0,-8.75,-19.0,STOP,5.6,4.25
1786564020,2026-08-12,-1,9.883333333333333,0.0696202531645569,2.2114402505364974,DEAD-CHOP,US,-5.5,9.883333333333333,19.766666666666666,29856.5,29866.75,-10.25,-22.0,STOP,1.5,31.0
1786564500,2026-08-12,-1,14.35,0.167608286252354,6.365875188613548,NORMAL-CHOP,US,-22.25,14.35,28.7,29829.0,29843.75,-14.75,-31.0,STOP,2.0,9.5
1786565100,2026-08-12,-1,16.3,0.3395872420262664,3.762067059160872,BUILDING,OVERNIGHT,45.25,16.3,32.6,29894.5,29861.9,32.6,63.7,TARGET,1.4,85.0
1786572960,2026-08-12,1,7.85,0.4035087719298245,-3.0273216766354487,BUILDING,OVERNIGHT,-17.25,7.85,15.7,29800.25,29792.0,-8.25,-18.0,STOP,3.0,3.75
1786573860,2026-08-12,1,7.083333333333333,0.227906976744186,-3.304526964114568,BUILDING,OVERNIGHT,-12.25,7.083333333333333,14.166666666666666,29786.75,29800.92,14.17,26.83,TARGET,14.9,17.25
1786574820,2026-08-12,-1,5.833333333333333,0.3020134228187919,2.409846773606511,BUILDING,OVERNIGHT,11.25,5.833333333333333,11.666666666666666,29794.25,29800.5,-6.25,-14.0,STOP,5.7,0.25
1786576320,2026-08-12,-1,5.0,0.3577981651376147,3.479593235345349,BUILDING,OVERNIGHT,9.75,5.0,10.0,29809.5,29799.5,10.0,18.5,TARGET,19.5,17.0
1786577880,2026-08-12,-1,5.066666666666666,0.0059880239520958,2.159062744687569,DEAD-CHOP,OVERNIGHT,-0.25,5.066666666666666,10.133333333333333,29809.75,29815.25,-5.5,-12.5,STOP,1.0,16.75
1786578360,2026-08-12,1,6.533333333333333,0.1485148514851485,-2.738132823070456,DEAD-CHOP,OVERNIGHT,-7.5,6.533333333333333,13.066666666666666,29798.75,29811.82,13.07,24.63,TARGET,13.8,65.5
1786579260,2026-08-13,-1,8.533333333333333,0.6144578313253012,6.204757425087121,BUILDING,OVERNIGHT,38.25,8.533333333333333,17.066666666666666,29836.0,29845.0,-9.0,-19.5,STOP,1.1,5.0
1786582800,2026-08-13,-1,9.033333333333331,0.0505050505050505,2.3017641627315584,DEAD-CHOP,OVERNIGHT,-3.75,9.033333333333331,18.066666666666663,29828.75,29838.25,-9.5,-20.5,STOP,4.9,20.5
1786583400,2026-08-13,-1,9.333333333333334,0.2159468438538206,2.9314349599356007,BUILDING,OVERNIGHT,16.25,9.333333333333334,18.666666666666668,29848.25,29829.58,18.67,35.83,TARGET,2.8,40.0
1786584300,2026-08-13,1,8.3,0.4360902255639097,-2.432926474646841,BUILDING,OVERNIGHT,-29.0,8.3,16.6,29821.0,29812.25,-8.75,-19.0,STOP,3.2,44.5
1786586040,2026-08-13,-1,7.7,0.2489795918367346,2.951308582862907,BUILDING,OVERNIGHT,15.25,7.7,15.4,29854.5,29862.5,-8.0,-17.5,STOP,0.5,1.25
1786586580,2026-08-13,-1,7.716666666666667,0.689119170984456,3.624339267454964,BUILDING,OVERNIGHT,33.25,7.716666666666667,15.433333333333334,29865.0,29849.57,15.43,29.37,TARGET,26.9,34.0
1786588380,2026-08-13,1,7.1,0.4778761061946903,-2.578595121721396,BUILDING,OVERNIGHT,-27.0,7.1,14.2,29837.75,29851.95,14.2,26.9,TARGET,4.5,40.0
1786588920,2026-08-13,-1,9.0,0.1164383561643835,2.1188238373130672,DEAD-CHOP,OVERNIGHT,8.5,9.0,18.0,29872.5,29869.75,2.75,4.0,TIME,30.0,7.5
1786593780,2026-08-13,-1,2.75,0.3548387096774194,6.238796251033213,BUILDING,OVERNIGHT,5.5,2.75,5.5,29881.5,29884.5,-3.0,-7.5,STOP,1.4,27.5
1786594800,2026-08-13,1,4.883333333333334,0.3742331288343558,-2.5536740214669584,BUILDING,OVERNIGHT,-15.25,4.883333333333334,9.766666666666667,29870.5,29865.25,-5.25,-12.0,STOP,0.6,25.25
1786595040,2026-08-13,1,6.383333333333334,0.3562231759656652,-2.570067446985413,BUILDING,OVERNIGHT,-20.75,6.383333333333334,12.766666666666667,29868.0,29880.77,12.77,24.03,TARGET,3.6,27.75
1786595760,2026-08-13,-1,6.783333333333333,0.5181818181818182,2.0269142877689896,BUILDING,OVERNIGHT,28.5,6.783333333333333,13.566666666666666,29889.75,29876.18,13.57,25.63,TARGET,8.1,16.75
1786598340,2026-08-13,1,4.5,0.4744525547445255,-2.085822875179826,BUILDING,OVERNIGHT,16.25,4.5,9.0,29910.25,29919.25,9.0,16.5,TARGET,1.4,14.0
1786599000,2026-08-13,-1,5.3,0.037037037037037,2.95440841192963,DEAD-CHOP,OVERNIGHT,1.75,5.3,10.6,29918.75,29924.5,-5.75,-13.0,STOP,0.2,38.75
1786599540,2026-08-13,1,6.8,0.0829694323144104,-2.5198463494469987,DEAD-CHOP,OVERNIGHT,-4.75,6.8,13.6,29907.5,29900.25,-7.25,-16.0,STOP,2.9,5.0
1786603320,2026-08-13,1,7.95,0.4532374100719424,-6.383509313366529,BUILDING,OVERNIGHT,-31.5,7.95,15.9,29863.75,29879.65,15.9,30.3,TARGET,16.4,29.75
1786604820,2026-08-13,1,8.933333333333334,0.2066666666666666,-4.153637472865138,BUILDING,PRE-OPEN,-15.5,8.933333333333334,17.866666666666667,29849.5,29867.37,17.87,34.23,TARGET,15.5,25.5
1786608000,2026-08-13,1,6.666666666666667,0.2325581395348837,-3.642346970956485,BUILDING,PRE-OPEN,-10.0,6.666666666666667,13.333333333333334,29865.25,29858.25,-7.0,-15.5,STOP,1.3,6.75
1786608180,2026-08-13,1,8.516666666666667,0.6892430278884463,-3.9077453473568298,BUILDING,PRE-OPEN,-43.25,8.516666666666667,17.033333333333335,29830.75,29847.78,17.03,32.57,TARGET,2.3,35.75
1786611060,2026-08-13,-1,6.166666666666667,0.4035087719298245,2.788284607767593,BUILDING,PRE-OPEN,23.0,6.166666666666667,12.333333333333334,29873.0,29860.67,12.33,23.17,TARGET,1.9,51.75
1786612500,2026-08-13,-1,7.783333333333333,0.7403846153846154,2.556107976811942,BUILDING,PRE-OPEN,-38.5,7.783333333333333,15.566666666666666,29828.25,29836.5,-8.25,-18.0,STOP,1.4,1.25
1786616520,2026-08-13,-1,4.35,0.4845360824742268,2.532075369038177,BUILDING,PRE-OPEN,11.75,4.35,8.7,29883.5,29874.8,8.7,15.9,TARGET,1.8,19.5
1786618800,2026-08-13,-1,5.033333333333333,0.3205128205128205,5.705087692134772,BUILDING,PRE-OPEN,12.5,5.033333333333333,10.066666666666666,29888.0,29877.93,10.07,18.63,TARGET,1.7,32.75
1786619100,2026-08-13,1,5.466666666666667,0.0222222222222222,-2.666525764843066,DEAD-CHOP,PRE-OPEN,0.75,5.466666666666667,10.933333333333334,29877.25,29871.5,-5.75,-13.0,STOP,7.7,9.75
1786620840,2026-08-13,-1,5.733333333333333,0.3223140495867768,4.9671053980955415,BUILDING,PRE-OPEN,9.75,5.733333333333333,11.466666666666667,29870.75,29876.75,-6.0,-13.5,STOP,1.0,31.75
1786621020,2026-08-13,1,6.283333333333333,0.5524475524475524,-2.184411988894318,BUILDING,PRE-OPEN,19.75,6.283333333333333,12.566666666666666,29882.0,29894.57,12.57,23.63,TARGET,7.7,13.0
1786621560,2026-08-13,1,6.516666666666667,0.6577540106951871,-2.159479695411518,BUILDING,PRE-OPEN,30.75,6.516666666666667,13.033333333333333,29893.5,29886.25,-7.25,-16.0,STOP,2.0,0.5
1786622400,2026-08-13,1,7.716666666666667,0.4896551724137931,-3.350731311959714,BUILDING,PRE-OPEN,-35.5,7.716666666666667,15.433333333333334,29858.0,29850.0,-8.0,-17.5,STOP,0.0,36.0
1786622760,2026-08-13,-1,7.1,0.488,2.1163195031654825,BUILDING,PRE-OPEN,-30.5,7.1,14.2,29846.75,29854.25,-7.5,-16.5,STOP,2.7,33.75
1786623480,2026-08-13,1,8.983333333333333,0.3,-2.5717736275349603,BUILDING,PRE-OPEN,-21.0,8.983333333333333,17.966666666666665,29820.25,29838.22,17.97,34.43,TARGET,9.2,73.75
1786624200,2026-08-13,-1,14.316666666666666,0.1133501259445843,3.916110293930665,NORMAL-CHOP,PRE-OPEN,11.25,14.316666666666666,28.633333333333333,29850.75,29822.12,28.63,55.77,TARGET,1.3,30.75
1786624920,2026-08-13,-1,19.366666666666667,0.1682419659735349,5.877015722791311,VIOLENT-WHIPSAW,PRE-OPEN,22.25,19.366666666666667,38.733333333333334,29857.5,29877.25,-19.75,-41.0,STOP,9.4,21.25
1786626120,2026-08-13,-1,11.166666666666666,0.3888888888888889,2.3728446171178086,BUILDING,PRE-OPEN,42.0,11.166666666666666,22.333333333333332,29896.25,29907.75,-11.5,-24.5,STOP,1.3,33.5
1786626960,2026-08-13,1,8.016666666666667,0.2816326530612245,-2.1557435951165465,BUILDING,PRE-OPEN,17.25,8.016666666666667,16.033333333333335,29903.75,29919.78,16.03,30.57,TARGET,9.5,193.0
1786627800,2026-08-13,1,9.3,0.1557788944723618,-4.905798114452666,DEAD-CHOP,US,-7.75,9.3,18.6,29894.25,29884.5,-9.75,-21.0,STOP,0.1,290.25
1786628040,2026-08-13,-1,17.566666666666666,0.2548330404217926,9.888516150923042,BUILDING,US,36.25,17.566666666666666,35.13333333333333,29944.75,29962.75,-18.0,-37.5,STOP,0.4,4.75
1786628340,2026-08-13,-1,24.33333333333333,0.5733041575492341,3.8919556286119343,CLEAN-TREND,US,131.0,24.33333333333333,48.66666666666666,30039.0,30063.75,-24.75,-51.0,STOP,5.9,43.5
1786628760,2026-08-13,-1,32.083333333333336,0.6607669616519174,5.69501940712539,CLEAN-TREND,US,224.0,32.083333333333336,64.16666666666667,30095.0,30127.5,-32.5,-66.5,STOP,2.0,4.25
1786629000,2026-08-13,1,29.15,0.6048109965635738,-3.48721023831213,CLEAN-TREND,US,176.0,29.15,58.3,30154.0,30124.5,-29.5,-60.5,STOP,2.9,65.0
1786629480,2026-08-13,-1,26.266666666666666,0.6656775469831849,2.0453072500289955,CLEAN-TREND,US,168.25,26.266666666666666,52.53333333333333,30178.5,30205.25,-26.75,-55.0,STOP,12.6,22.75
1786631280,2026-08-13,-1,14.683333333333334,0.3377926421404682,5.115120728980373,BUILDING,US,25.25,14.683333333333334,29.366666666666667,30230.5,30245.5,-15.0,-31.5,STOP,2.5,31.0
1786631520,2026-08-13,-1,14.416666666666666,0.5225464190981433,3.0238422622550782,CLEAN-TREND,US,49.25,14.416666666666666,28.833333333333332,30254.25,30225.42,28.83,56.17,TARGET,12.6,60.25
1786632900,2026-08-13,1,15.916666666666666,0.4071146245059288,-2.2288298843852874,CLEAN-TREND,US,-51.5,15.916666666666666,31.833333333333332,30205.25,30237.08,31.83,62.17,TARGET,24.4,35.0
1786634820,2026-08-13,1,16.233333333333334,0.0761670761670761,-4.700073009801387,VIOLENT-WHIPSAW,US,-7.75,16.233333333333334,32.46666666666667,30208.25,30191.75,-16.5,-34.5,STOP,0.1,3.25
1786638300,2026-08-13,-1,12.116666666666667,0.2171428571428571,2.2885762680988435,BUILDING,US,19.0,12.116666666666667,24.233333333333334,30184.25,30196.75,-12.5,-26.5,STOP,4.9,16.25
1786645800,2026-08-13,-1,9.1,0.0148367952522255,2.934146587191758,DEAD-CHOP,US,-1.25,9.1,18.2,30202.25,30211.75,-9.5,-20.5,STOP,2.0,0.75
1786647600,2026-08-13,-1,6.716666666666667,0.4619883040935672,3.834989480030209,BUILDING,US,19.75,6.716666666666667,13.433333333333334,30253.25,30239.82,13.43,25.37,TARGET,4.2,42.5
1786648080,2026-08-13,-1,7.95,0.4545454545454545,3.3975540338982086,BUILDING,US,26.25,7.95,15.9,30268.25,30252.35,15.9,30.3,TARGET,3.5,57.5
1786648380,2026-08-13,1,9.433333333333334,0.092063492063492,-2.2498234775675647,DEAD-CHOP,US,-7.25,9.433333333333334,18.866666666666667,30235.5,30225.75,-9.75,-21.0,STOP,2.7,10.25
1786649160,2026-08-13,1,10.266666666666667,0.4658753709198813,-2.0364582857776394,BUILDING,US,-39.25,10.266666666666667,20.533333333333335,30221.25,30210.5,-10.75,-23.0,STOP,3.2,11.25
1786650060,2026-08-13,1,8.966666666666667,0.0292397660818713,-2.553257740027197,DEAD-CHOP,US,1.25,8.966666666666667,17.933333333333334,30222.0,30212.75,-9.25,-20.0,STOP,0.5,0.75
1786650600,2026-08-13,1,9.416666666666666,0.4015151515151515,-3.996313768048316,BUILDING,US,-26.5,9.416666666666666,18.833333333333332,30190.25,30180.5,-9.75,-21.0,STOP,4.1,29.25
1786651260,2026-08-13,1,16.316666666666666,0.0693641618497109,-2.335071255848908,VIOLENT-WHIPSAW,OVERNIGHT,-6.0,16.316666666666666,32.63333333333333,30197.25,30204.25,7.0,12.5,TIME,30.0,22.25
1786659420,2026-08-13,-1,7.783333333333333,0.1489361702127659,2.1559533945391123,DEAD-CHOP,OVERNIGHT,-8.75,7.783333333333333,15.566666666666666,30200.0,30208.25,-8.25,-18.0,STOP,17.1,9.75
1786662120,2026-08-13,1,3.433333333333333,0.0263157894736842,-2.1056374305047414,DEAD-CHOP,OVERNIGHT,0.5,3.433333333333333,6.866666666666666,30202.25,30209.12,6.87,12.23,TARGET,4.5,25.0
1786662840,2026-08-13,-1,4.233333333333333,0.6058394160583942,8.890057022898004,BUILDING,OVERNIGHT,20.75,4.233333333333333,8.466666666666667,30224.75,30216.28,8.47,15.43,TARGET,0.8,32.5
1786663320,2026-08-13,1,5.883333333333334,0.1182795698924731,-2.047117689432104,DEAD-CHOP,OVERNIGHT,-5.5,5.883333333333334,11.766666666666667,30209.25,30203.0,-6.25,-14.0,STOP,0.2,-0.25
1786664580,2026-08-13,-1,4.3,0.037037037037037,2.0432066145122008,DEAD-CHOP,OVERNIGHT,0.75,4.3,8.6,30198.75,30203.5,-4.75,-11.0,STOP,1.5,10.0
1786665900,2026-08-14,-1,7.3,0.4948453608247423,2.6736619212550927,BUILDING,OVERNIGHT,24.0,7.3,14.6,30216.5,30201.9,14.6,27.7,TARGET,1.8,42.75
1786666140,2026-08-14,-1,9.966666666666669,0.1806451612903225,2.323446466503294,DEAD-CHOP,OVERNIGHT,14.0,9.966666666666669,19.933333333333337,30210.75,30190.82,19.93,38.37,TARGET,6.6,37.0
1786667460,2026-08-14,1,7.583333333333333,0.0344827586206896,-3.801505758032778,DEAD-CHOP,OVERNIGHT,-1.5,7.583333333333333,15.166666666666666,30178.75,30170.75,-8.0,-17.5,STOP,18.0,11.25
1786669320,2026-08-14,1,7.833333333333333,0.6075471698113207,-5.14126886186842,BUILDING,OVERNIGHT,-40.25,7.833333333333333,15.666666666666666,30141.0,30132.75,-8.25,-18.0,STOP,1.7,14.25
1786670580,2026-08-14,-1,8.066666666666666,0.0621468926553672,2.490164304060744,DEAD-CHOP,OVERNIGHT,2.75,8.066666666666666,16.133333333333333,30148.0,30156.5,-8.5,-18.5,STOP,14.6,14.75
1786672980,2026-08-14,-1,7.4,0.1358024691358024,2.39971567013469,DEAD-CHOP,OVERNIGHT,8.25,7.4,14.8,30169.25,30177.0,-7.75,-17.0,STOP,28.9,13.0
1786678200,2026-08-14,-1,4.766666666666667,0.3109243697478991,6.964453263863059,BUILDING,OVERNIGHT,9.25,4.766666666666667,9.533333333333333,30175.5,30165.97,9.53,17.57,TARGET,4.2,25.5
1786682100,2026-08-14,1,5.216666666666667,0.4074074074074074,-5.5097756448170045,BUILDING,OVERNIGHT,-13.75,5.216666666666667,10.433333333333334,30144.0,30138.5,-5.5,-12.5,STOP,0.9,20.0
1786684740,2026-08-14,1,5.7,0.1636363636363636,-2.297685526984712,DEAD-CHOP,OVERNIGHT,6.75,5.7,11.4,30143.0,30154.4,11.4,21.3,TARGET,14.4,32.0
1786685700,2026-08-14,-1,5.316666666666666,0.532258064516129,2.3123939968091283,BUILDING,OVERNIGHT,16.5,5.316666666666666,10.633333333333333,30161.25,30167.0,-5.75,-13.0,STOP,8.6,11.75
1786686300,2026-08-14,-1,5.233333333333333,0.4909090909090909,3.3111035440090766,BUILDING,OVERNIGHT,20.25,5.233333333333333,10.466666666666667,30167.25,30172.75,-5.5,-12.5,STOP,3.2,21.5
1786688100,2026-08-14,1,6.35,0.5048543689320388,-3.202558901398576,BUILDING,OVERNIGHT,-26.0,6.35,12.7,30150.0,30162.7,12.7,23.9,TARGET,13.9,15.5
1786689360,2026-08-14,1,5.116666666666666,0.0259740259740259,-2.730649462914895,DEAD-CHOP,OVERNIGHT,-1.0,5.116666666666666,10.233333333333333,30152.5,30162.73,10.23,18.97,TARGET,8.5,41.0
1786690140,2026-08-14,-1,3.966666666666667,0.4049586776859504,2.67688289969981,BUILDING,OVERNIGHT,12.25,3.966666666666667,7.933333333333334,30166.75,30171.0,-4.25,-10.0,STOP,0.8,-0.25
1786690980,2026-08-14,-1,5.15,0.7062937062937062,5.431857116871398,BUILDING,PRE-OPEN,25.25,5.15,10.3,30192.25,30181.95,10.3,19.1,TARGET,1.5,21.25
1786693440,2026-08-14,-1,4.6,0.6235294117647059,5.471860651938699,BUILDING,PRE-OPEN,26.5,4.6,9.2,30203.0,30193.8,9.2,16.9,TARGET,2.8,16.0
1786694340,2026-08-14,1,5.05,0.2117647058823529,-7.372447298206646,BUILDING,PRE-OPEN,-9.0,5.05,10.1,30194.75,30204.85,10.1,18.7,TARGET,0.4,40.25
1786694700,2026-08-14,-1,9.833333333333334,0.2298850574712643,6.663957200631179,BUILDING,PRE-OPEN,20.0,9.833333333333334,19.666666666666668,30220.25,30230.5,-10.25,-22.0,STOP,2.7,20.0
1786695720,2026-08-14,1,9.633333333333333,0.3076923076923077,-5.743770713889464,BUILDING,PRE-OPEN,-22.0,9.633333333333333,19.266666666666666,30206.5,30225.77,19.27,37.03,TARGET,7.0,38.0
1786696440,2026-08-14,1,8.283333333333333,0.3469387755102041,-2.7701922656869287,BUILDING,PRE-OPEN,21.25,8.283333333333333,16.566666666666666,30232.25,30223.5,-8.75,-19.0,STOP,21.1,12.25
1786698000,2026-08-14,1,5.616666666666666,0.3098591549295774,-2.033151839068387,BUILDING,PRE-OPEN,-11.0,5.616666666666666,11.233333333333333,30220.25,30214.0,-6.25,-14.0,STOP,4.4,12.5
1786702380,2026-08-14,1,4.716666666666667,0.3675213675213675,-2.0687497411440825,BUILDING,PRE-OPEN,10.75,4.716666666666667,9.433333333333334,30240.5,30235.5,-5.0,-11.5,STOP,2.1,1.5
1786703640,2026-08-14,-1,5.116666666666666,0.0,2.206078553195847,DEAD-CHOP,PRE-OPEN,0.0,5.116666666666666,10.233333333333333,30234.5,30224.27,10.23,18.97,TARGET,7.5,11.0
1786704300,2026-08-14,-1,5.55,0.2235294117647059,2.4759934312613767,BUILDING,PRE-OPEN,9.5,5.55,11.1,30239.5,30245.5,-6.0,-13.5,STOP,7.1,6.5
1786706820,2026-08-14,-1,5.583333333333333,0.1929824561403508,2.007584613815762,DEAD-CHOP,PRE-OPEN,-8.25,5.583333333333333,11.166666666666666,30247.0,30253.0,-6.0,-13.5,STOP,0.8,9.75
1786708980,2026-08-14,-1,5.75,0.5407407407407407,6.401712119129798,BUILDING,PRE-OPEN,18.25,5.75,11.5,30279.75,30268.25,11.5,21.5,TARGET,0.1,73.0
1786709520,2026-08-14,1,8.4,0.3098591549295774,-3.7228699521815782,BUILDING,PRE-OPEN,-22.0,8.4,16.8,30240.75,30232.0,-8.75,-19.0,STOP,0.5,38.75
1786712700,2026-08-14,-1,6.766666666666667,0.2521739130434782,2.590173613183285,BUILDING,PRE-OPEN,14.5,6.766666666666667,13.533333333333333,30280.5,30266.97,13.53,25.57,TARGET,3.7,84.5
1786714260,2026-08-14,1,14.333333333333334,0.0522388059701492,-2.0278568193657227,NORMAL-CHOP,US,-3.5,14.333333333333334,28.666666666666668,30247.0,30232.25,-14.75,-31.0,STOP,0.9,33.75
1786714380,2026-08-14,1,16.7,0.4173669467787115,-4.536795342540827,CLEAN-TREND,US,-37.25,16.7,33.4,30213.75,30196.75,-17.0,-35.5,STOP,1.7,67.0
1786714560,2026-08-14,1,19.466666666666665,0.7002237136465325,-4.1460412562568685,CLEAN-TREND,US,-78.25,19.466666666666665,38.93333333333333,30177.75,30216.68,38.93,76.37,TARGET,2.9,103.0
1786714800,2026-08-14,1,23.6,0.2876712328767123,-2.783667067117652,BUILDING,US,-42.0,23.6,47.2,30207.75,30254.95,47.2,92.9,TARGET,3.0,73.0
1786715100,2026-08-14,-1,26.3,0.0909090909090909,3.740995283125256,VIOLENT-WHIPSAW,US,16.75,26.3,52.6,30264.0,30211.4,52.6,103.7,TARGET,12.0,61.0
1786716240,2026-08-14,-1,22.416666666666668,0.1128107074569789,2.129663632651873,VIOLENT-WHIPSAW,US,14.75,22.416666666666668,44.833333333333336,30254.5,30209.67,44.83,88.17,TARGET,11.3,125.5
1786717080,2026-08-14,1,19.73333333333333,0.4149908592321755,-4.704121907252756,CLEAN-TREND,US,-56.75,19.73333333333333,39.46666666666666,30185.75,30165.75,-20.0,-41.5,STOP,0.5,7.5
1786719540,2026-08-14,1,13.666666666666666,0.2935560859188544,-2.482821883052349,BUILDING,US,-30.75,13.666666666666666,27.333333333333332,30124.0,30110.0,-14.0,-29.5,STOP,3.8,21.0
1786720860,2026-08-14,1,12.866666666666667,0.50920245398773,-2.629060694229505,CLEAN-TREND,US,-41.5,12.866666666666667,25.733333333333334,30082.75,30069.5,-13.25,-28.0,STOP,0.6,1.75
1786725120,2026-08-14,1,8.666666666666666,0.1925925925925926,-2.293190929997156,DEAD-CHOP,US,-13.0,8.666666666666666,17.333333333333332,30072.0,30089.33,17.33,33.17,TARGET,3.9,25.75
1786730220,2026-08-14,-1,7.55,0.4033613445378151,2.0676479638348253,BUILDING,US,24.0,7.55,15.1,30078.25,30086.25,-8.0,-17.5,STOP,4.6,5.75
1786732080,2026-08-14,1,7.016666666666667,0.3127753303964757,-5.037180474473204,BUILDING,US,-17.75,7.016666666666667,14.033333333333333,30067.75,30081.78,14.03,26.57,TARGET,11.9,36.25
1786733400,2026-08-14,-1,6.166666666666667,0.6230366492146597,2.865608888001771,BUILDING,US,29.75,6.166666666666667,12.333333333333334,30098.0,30085.67,12.33,23.17,TARGET,7.5,25.0
1786734000,2026-08-14,1,6.916666666666667,0.1052631578947368,-2.016440792460073,DEAD-CHOP,US,-6.0,6.916666666666667,13.833333333333334,30079.0,30092.83,13.83,26.17,TARGET,8.4,24.75
1786735080,2026-08-14,1,7.283333333333333,0.09,-3.1308995530904946,DEAD-CHOP,US,4.5,7.283333333333333,14.566666666666666,30091.25,30083.5,-7.75,-17.0,STOP,1.3,24.25
1786736160,2026-08-14,1,6.466666666666667,0.4715025906735751,-2.8816916545961018,BUILDING,US,22.75,6.466666666666667,12.933333333333334,30104.5,30097.75,-6.75,-15.0,STOP,0.9,48.5
1786737000,2026-08-14,-1,7.9,0.3189655172413793,5.461536693259889,BUILDING,US,18.5,7.9,15.8,30122.25,30130.5,-8.25,-18.0,STOP,8.1,8.5
1786737600,2026-08-14,1,10.583333333333334,0.494047619047619,-3.207180185212349,BUILDING,OVERNIGHT,41.5,10.583333333333334,21.166666666666668,30148.75,30137.75,-11.0,-23.5,STOP,2.1,3.25
