ts,day,dir,atr,er,fz,regime,session,ext,stop_pt,targ_pt,entry,exit,pts,net,reason,held_min,mfe
1783293000,2026-07-05,-1,9.366666666666667,0.3361702127659574,-2.5644496982825906,BUILDING,OVERNIGHT,-19.75,14.05,28.1,29931.0,29945.5,-14.5,-30.5,STOP,1.2,30.75
1783296000,2026-07-06,-1,15.25,0.2415349887133182,-2.785634804127876,BUILDING,OVERNIGHT,-26.75,22.875,45.75,29947.25,29901.5,45.75,90.0,TARGET,1.1,102.25
1783296780,2026-07-06,1,22.05,0.0703448275862069,2.108483360822917,VIOLENT-WHIPSAW,OVERNIGHT,-12.75,33.075,66.15,29975.75,29942.25,-33.5,-68.5,STOP,11.9,29.25
1783297740,2026-07-06,-1,18.83333333333333,0.6311605723370429,-2.942731658978124,CLEAN-TREND,OVERNIGHT,-99.25,28.249999999999993,56.499999999999986,29882.25,29910.75,-28.5,-58.5,STOP,7.1,109.5
1783299000,2026-07-06,-1,15.866666666666667,0.3763440860215054,-2.3542276837599574,BUILDING,OVERNIGHT,52.5,23.8,47.6,29938.5,29890.9,47.6,93.7,TARGET,14.1,180.0
1783301160,2026-07-06,-1,19.116666666666667,0.4975206611570248,-2.787290612763065,CLEAN-TREND,OVERNIGHT,-75.25,28.675,57.35,29797.25,29826.25,-29.0,-59.5,STOP,4.0,51.25
1783303260,2026-07-06,-1,19.016666666666666,0.0131147540983606,-4.099023230359261,VIOLENT-WHIPSAW,OVERNIGHT,-2.0,28.525,57.05,29796.0,29738.95,57.05,112.6,TARGET,27.1,112.75
1783306260,2026-07-06,-1,15.166666666666666,0.3767441860465116,-2.620140402191993,BUILDING,OVERNIGHT,-40.5,22.75,45.5,29697.75,29720.75,-23.0,-47.5,STOP,3.9,5.75
1783309860,2026-07-06,1,15.7,0.6028622540250447,2.3909283498824125,CLEAN-TREND,OVERNIGHT,-84.25,23.549999999999997,47.099999999999994,29717.5,29693.5,-24.0,-49.5,STOP,2.3,118.25
1783311540,2026-07-06,1,9.683333333333334,0.5555555555555556,10.336879791879168,BUILDING,OVERNIGHT,61.25,14.525,29.05,29791.5,29820.55,29.05,56.6,TARGET,22.3,49.0
1783316160,2026-07-06,1,11.2,0.2348993288590604,2.0213226960550164,BUILDING,OVERNIGHT,-17.5,16.799999999999997,33.599999999999994,29772.25,29805.85,33.6,65.7,TARGET,24.3,58.0
1783319700,2026-07-06,1,10.183333333333334,0.647887323943662,5.123459797015366,BUILDING,OVERNIGHT,69.0,15.275,30.55,29829.25,29859.8,30.55,59.6,TARGET,29.4,35.0
1783323780,2026-07-06,1,7.15,0.4193548387096774,2.5730995100019136,BUILDING,PRE-OPEN,32.5,10.725000000000001,21.450000000000003,29867.5,29855.75,-11.75,-25.0,STOP,11.6,13.75
1783324800,2026-07-06,-1,5.083333333333333,0.2108108108108108,-5.5451850373459335,BUILDING,PRE-OPEN,-9.75,7.625,15.25,29860.75,29868.75,-8.0,-17.5,STOP,0.0,68.5
1783327080,2026-07-06,1,6.433333333333334,0.1078431372549019,2.3303168543039874,DEAD-CHOP,PRE-OPEN,5.5,9.65,19.3,29816.5,29835.8,19.3,37.1,TARGET,1.3,55.0
1783327920,2026-07-06,1,6.85,0.6190476190476191,2.272150209905728,BUILDING,PRE-OPEN,35.75,10.274999999999999,20.549999999999997,29851.5,29840.5,-11.0,-23.5,STOP,39.7,30.25
1783338240,2026-07-06,-1,8.683333333333334,0.0297872340425531,-2.7899834638921,DEAD-CHOP,PRE-OPEN,1.75,13.025,26.05,29882.75,29896.25,-13.5,-28.5,STOP,1.3,8.0
1783339320,2026-07-06,-1,6.016666666666667,,-2.782024682500008,UNKNOWN,PRE-OPEN,0.0,9.025,18.05,29885.0,29894.5,-9.5,-20.5,STOP,0.1,6.5
1783340640,2026-07-06,-1,8.8,0.5,-2.5168572233946764,BUILDING,PRE-OPEN,-38.0,13.200000000000001,26.400000000000002,29880.5,29894.0,-13.5,-28.5,STOP,3.9,52.25
1783340940,2026-07-06,1,8.516666666666667,0.4285714285714285,2.5845159110260334,BUILDING,PRE-OPEN,-36.75,12.775000000000002,25.550000000000004,29893.75,29919.3,25.55,49.6,TARGET,22.4,41.75
1783344720,2026-07-06,1,26.966666666666665,,2.049996748360245,UNKNOWN,US,0.0,40.449999999999996,80.89999999999999,29912.25,29871.5,-40.75,-83.0,STOP,3.3,137.75
1783345140,2026-07-06,1,50.38333333333333,0.1481246026700572,5.847158120156234,VIOLENT-WHIPSAW,US,58.25,75.575,151.15,29897.5,30048.65,151.15,300.8,TARGET,52.9,159.5
1783348860,2026-07-06,-1,22.683333333333334,0.1062271062271062,-2.455545122491348,VIOLENT-WHIPSAW,US,-14.5,34.025,68.05,30005.5,30040.0,-34.5,-70.5,STOP,2.0,64.25
1783349400,2026-07-06,1,21.716666666666665,0.1258992805755395,2.6142597086497745,VIOLENT-WHIPSAW,US,17.5,32.574999999999996,65.14999999999999,30059.75,30026.75,-33.0,-67.5,STOP,1.8,25.25
1783350060,2026-07-06,1,23.9,0.0379084967320261,2.333095813305819,VIOLENT-WHIPSAW,US,-7.25,35.849999999999994,71.69999999999999,30030.75,29994.5,-36.25,-74.0,STOP,6.2,54.25
1783351320,2026-07-06,1,23.6,0.0325318246110325,2.301865110051841,VIOLENT-WHIPSAW,US,-5.75,35.400000000000006,70.80000000000001,29999.25,30070.05,70.8,140.1,TARGET,8.1,94.75
1783355880,2026-07-06,-1,13.216666666666669,0.5170278637770898,-2.687745414752498,CLEAN-TREND,US,-41.75,19.825000000000003,39.650000000000006,30006.0,30026.25,-20.25,-42.0,STOP,1.2,92.5
1783356900,2026-07-06,-1,13.966666666666669,0.3554987212276215,-4.029933450081909,BUILDING,US,-34.75,20.950000000000003,41.900000000000006,29993.25,30014.5,-21.25,-44.0,STOP,9.9,111.5
1783359180,2026-07-06,-1,16.616666666666667,0.6435185185185185,-2.516356319133527,CLEAN-TREND,US,-69.5,24.925,49.85,29930.0,29955.25,-25.25,-52.0,STOP,33.9,48.25
1783364160,2026-07-06,1,12.166666666666666,0.3186813186813186,2.2332759760252,BUILDING,US,21.75,18.25,36.5,29997.5,30034.0,36.5,71.5,TARGET,21.2,54.5
1783366260,2026-07-06,-1,12.566666666666666,0.0034602076124567,-2.186464602823338,NORMAL-CHOP,US,-0.25,18.85,37.7,30018.0,29980.3,37.7,73.9,TARGET,20.2,86.5
1783367640,2026-07-06,-1,15.9,0.2776769509981851,-2.0681346655126704,BUILDING,US,-38.25,23.85,47.7,29964.75,29939.25,25.5,49.5,TIME,60.0,33.5
1783376100,2026-07-06,1,9.533333333333331,0.0716981132075471,2.462856144946158,DEAD-CHOP,OVERNIGHT,-4.75,14.299999999999997,28.599999999999994,29963.5,29948.75,-14.75,-31.0,STOP,14.0,10.5
1783377600,2026-07-06,1,7.183333333333334,0.1,2.165090268822544,DEAD-CHOP,OVERNIGHT,4.5,10.775,21.55,29965.25,29954.0,-11.25,-24.0,STOP,2.2,4.5
1783378380,2026-07-06,-1,9.666666666666666,0.5406976744186046,-2.960843860118477,BUILDING,OVERNIGHT,-46.5,14.5,29.0,29907.75,29922.5,-14.75,-31.0,STOP,9.0,67.75
1783379940,2026-07-06,-1,8.916666666666666,0.6653386454183267,-2.3775637203486863,BUILDING,OVERNIGHT,-41.75,13.375,26.75,29878.0,29891.75,-13.75,-29.0,STOP,3.5,61.5
1783380900,2026-07-06,1,7.916666666666667,0.2231404958677686,2.2401699788578155,BUILDING,OVERNIGHT,13.5,11.875,23.75,29891.75,29879.5,-12.25,-26.0,STOP,3.1,25.0
1783381260,2026-07-06,-1,7.9,0.4177215189873418,-2.5735877090981587,BUILDING,OVERNIGHT,-24.75,11.850000000000001,23.700000000000003,29873.5,29849.8,23.7,45.9,TARGET,8.3,65.5
1783382820,2026-07-07,1,13.816666666666666,0.2837837837837837,3.759644848212997,BUILDING,OVERNIGHT,21.0,20.725,41.45,29879.25,29858.25,-21.0,-43.5,STOP,1.2,37.5
1783383120,2026-07-07,-1,15.433333333333334,0.0554089709762532,-2.548350783092522,VIOLENT-WHIPSAW,OVERNIGHT,-5.25,23.15,46.3,29838.25,29861.75,-23.5,-48.5,STOP,6.9,38.0
1783383780,2026-07-07,1,17.516666666666666,0.3543307086614173,2.383686570085859,BUILDING,OVERNIGHT,45.0,26.275,52.55,29908.5,29881.5,-27.0,-55.5,STOP,4.2,8.25
1783386180,2026-07-07,1,16.15,0.1747967479674796,2.2665558973699227,VIOLENT-WHIPSAW,OVERNIGHT,-21.5,24.224999999999998,48.449999999999996,29824.0,29799.5,-24.5,-50.5,STOP,12.2,4.25
1783387260,2026-07-07,-1,14.533333333333331,0.618421052631579,-3.56220962885114,CLEAN-TREND,OVERNIGHT,-47.0,21.799999999999997,43.599999999999994,29773.5,29729.9,43.6,85.7,TARGET,7.6,56.5
1783392720,2026-07-07,1,12.183333333333334,0.1715039577836411,2.1589103563303484,NORMAL-CHOP,OVERNIGHT,16.25,18.275,36.55,29764.25,29745.5,-18.75,-39.0,STOP,6.0,20.75
1783394160,2026-07-07,-1,11.433333333333334,0.1026392961876832,-3.85003525380576,NORMAL-CHOP,OVERNIGHT,-8.75,17.15,34.3,29740.75,29706.45,34.3,67.1,TARGET,10.6,112.25
1783394880,2026-07-07,-1,12.566666666666666,0.6310160427807486,-2.4058267091666714,CLEAN-TREND,OVERNIGHT,-59.0,18.85,37.7,29703.0,29665.3,37.7,73.9,TARGET,15.1,87.25
1783396020,2026-07-07,1,13.816666666666666,0.4829268292682926,2.091021610989481,CLEAN-TREND,OVERNIGHT,-49.5,20.725,41.45,29651.25,29630.25,-21.0,-43.5,STOP,1.0,29.5
1783397100,2026-07-07,1,13.983333333333333,0.323943661971831,2.201700317197324,BUILDING,OVERNIGHT,28.75,20.974999999999998,41.949999999999996,29679.0,29657.75,-21.25,-44.0,STOP,3.7,1.75
1783397820,2026-07-07,-1,12.4,0.3314447592067989,-2.2889830874619403,BUILDING,OVERNIGHT,-29.25,18.6,37.2,29627.75,29646.75,-19.0,-39.5,STOP,13.2,50.25
1783400520,2026-07-07,-1,8.6,0.2650176678445229,-2.4497652247697013,BUILDING,OVERNIGHT,-18.75,12.899999999999999,25.799999999999997,29600.75,29574.95,25.8,50.1,TARGET,22.7,43.25
1783403100,2026-07-07,1,12.983333333333333,0.5574229691876751,2.449776426099465,CLEAN-TREND,OVERNIGHT,49.75,19.474999999999998,38.949999999999996,29664.5,29703.45,38.95,76.4,TARGET,10.7,39.75
1783405200,2026-07-07,1,11.383333333333333,0.1393939393939394,4.415167301595755,NORMAL-CHOP,OVERNIGHT,-11.5,17.075,34.15,29659.25,29693.4,34.15,66.8,TARGET,36.4,77.25
1783407660,2026-07-07,1,9.116666666666667,0.4113207547169811,2.699980780920735,BUILDING,PRE-OPEN,27.25,13.675,27.35,29698.0,29725.35,27.35,53.2,TARGET,13.3,46.0
1783408560,2026-07-07,1,13.4,0.3063291139240506,2.8523904752963163,BUILDING,PRE-OPEN,30.25,20.1,40.2,29727.5,29707.0,-20.5,-42.5,STOP,14.3,16.5
1783409700,2026-07-07,-1,10.666666666666666,0.3040935672514619,-2.7030206178727614,BUILDING,PRE-OPEN,-26.0,16.0,32.0,29698.75,29666.75,32.0,62.5,TARGET,19.7,57.5
1783411440,2026-07-07,-1,11.716666666666669,0.3333333333333333,-2.686134940852963,BUILDING,PRE-OPEN,-29.5,17.575000000000003,35.150000000000006,29659.0,29677.0,-18.0,-37.5,STOP,7.2,16.75
1783412280,2026-07-07,1,12.033333333333331,0.6266666666666667,2.820737014209579,BUILDING,PRE-OPEN,47.0,18.049999999999997,36.099999999999994,29694.25,29675.75,-18.5,-38.5,STOP,12.0,15.5
1783414380,2026-07-07,-1,9.45,0.2592592592592592,-2.3299171654442814,BUILDING,PRE-OPEN,-19.25,14.174999999999999,28.349999999999998,29668.5,29683.0,-14.5,-30.5,STOP,14.8,46.25
1783416900,2026-07-07,-1,9.066666666666666,0.7092511013215859,-3.114428504133354,BUILDING,PRE-OPEN,-40.25,13.6,27.2,29638.5,29652.5,-14.0,-29.5,STOP,4.3,16.25
1783417620,2026-07-07,-1,11.016666666666667,0.1830985915492957,-2.473689660193865,NORMAL-CHOP,PRE-OPEN,-16.25,16.525000000000002,33.050000000000004,29628.75,29645.75,-17.0,-35.5,STOP,3.2,2.25
1783418460,2026-07-07,1,9.85,0.5064102564102564,3.83262740275148,BUILDING,PRE-OPEN,39.5,14.774999999999999,29.549999999999997,29676.75,29661.5,-15.25,-32.0,STOP,7.0,12.75
1783419240,2026-07-07,-1,11.483333333333333,0.2204724409448819,-2.616386779145015,BUILDING,PRE-OPEN,-14.0,17.224999999999998,34.449999999999996,29648.25,29665.75,-17.5,-36.5,STOP,2.7,46.25
1783419480,2026-07-07,1,11.316666666666666,0.0988372093023255,3.445956213440272,NORMAL-CHOP,PRE-OPEN,8.5,16.975,33.95,29687.0,29669.75,-17.25,-36.0,STOP,5.0,0.0
1783422300,2026-07-07,1,12.783333333333331,0.2136752136752136,2.5528057241452795,BUILDING,PRE-OPEN,-25.0,19.174999999999997,38.349999999999994,29612.25,29650.6,38.35,75.2,TARGET,19.2,68.75
1783423920,2026-07-07,-1,10.316666666666666,0.2680115273775216,-3.5838296828193936,BUILDING,PRE-OPEN,-23.25,15.475,30.95,29604.75,29620.5,-15.75,-33.0,STOP,11.8,13.5
1783424940,2026-07-07,1,11.816666666666666,0.4760147601476014,2.0358111268948647,BUILDING,PRE-OPEN,32.25,17.725,35.45,29633.75,29615.75,-18.0,-37.5,STOP,2.7,82.5
1783425600,2026-07-07,1,11.516666666666667,0.2707182320441988,2.8579911474715067,BUILDING,PRE-OPEN,24.5,17.275000000000002,34.550000000000004,29648.75,29683.3,34.55,67.6,TARGET,5.7,67.5
1783426020,2026-07-07,1,14.0,0.6421052631578947,3.218985152477718,CLEAN-TREND,PRE-OPEN,76.25,21.0,42.0,29691.75,29670.5,-21.25,-44.0,STOP,10.4,24.5
1783426800,2026-07-07,-1,13.866666666666667,0.0605326876513317,-2.126916924007741,NORMAL-CHOP,PRE-OPEN,-6.25,20.8,41.6,29671.25,29692.5,-21.25,-44.0,STOP,9.8,67.0
1783428960,2026-07-07,1,14.433333333333334,0.5042016806722689,2.192580113819557,CLEAN-TREND,PRE-OPEN,-60.0,21.65,43.3,29630.0,29608.0,-22.0,-45.5,STOP,21.1,56.25
1783430700,2026-07-07,-1,14.3,0.42997542997543,-5.177793207139026,CLEAN-TREND,PRE-OPEN,-43.75,21.450000000000003,42.900000000000006,29591.75,29613.5,-21.75,-45.0,STOP,4.2,326.25
1783431120,2026-07-07,-1,27.78333333333333,0.062111801242236,-6.537807750613098,VIOLENT-WHIPSAW,US,-10.0,41.675,83.35,29608.25,29524.9,83.35,165.2,TARGET,1.5,348.75
1783431360,2026-07-07,1,37.38333333333333,0.2195121951219512,2.757166674330966,BUILDING,US,-54.0,56.075,112.15,29552.75,29496.25,-56.5,-114.5,STOP,1.7,53.75
1783431540,2026-07-07,1,46.81666666666667,0.1853512705530642,3.0845370782082058,VIOLENT-WHIPSAW,US,-62.0,70.22500000000001,140.45000000000002,29543.75,29473.25,-70.5,-142.5,STOP,13.2,62.75
1783432740,2026-07-07,1,41.333333333333336,0.4889103182256509,4.619893371678022,CLEAN-TREND,US,-126.75,62.0,124.0,29470.0,29407.75,-62.25,-126.0,STOP,11.2,35.25
1783433640,2026-07-07,-1,38.71666666666667,0.5397667020148462,-2.487288063489944,CLEAN-TREND,US,-127.25,58.075,116.15,29342.75,29226.6,116.15,230.8,TARGET,27.0,133.0
1783436460,2026-07-07,-1,27.4,0.193717277486911,-2.5875918934272057,VIOLENT-WHIPSAW,US,27.75,41.099999999999994,82.19999999999999,29300.25,29341.75,-41.5,-84.5,STOP,9.1,52.25
1783439100,2026-07-07,1,24.383333333333333,0.3174061433447099,2.2839085710309885,BUILDING,US,46.5,36.575,73.15,29351.75,29424.9,73.15,144.8,TARGET,16.4,206.75
1783441140,2026-07-07,1,20.266666666666666,0.3576642335766423,2.4864983459689123,BUILDING,US,49.0,30.4,60.8,29468.75,29529.55,60.8,120.1,TARGET,2.9,112.25
1783448340,2026-07-07,-1,13.55,0.0956521739130434,-3.224305251640652,NORMAL-CHOP,US,-8.25,20.325000000000003,40.650000000000006,29542.75,29502.1,40.65,79.8,TARGET,10.4,272.25
1783450140,2026-07-07,-1,18.73333333333333,0.4474226804123711,-7.309614635430606,CLEAN-TREND,US,-54.25,28.099999999999994,56.19999999999999,29451.5,29395.3,56.2,110.9,TARGET,7.3,181.0
1783450800,2026-07-07,-1,23.15,0.6774193548387096,-2.0479102913319687,CLEAN-TREND,US,-94.5,34.724999999999994,69.44999999999999,29372.0,29407.0,-35.0,-71.5,STOP,5.3,101.5
1783462500,2026-07-07,1,14.316666666666666,0.5603217158176944,2.192146609554337,CLEAN-TREND,OVERNIGHT,52.25,21.475,42.95,29381.75,29360.0,-21.75,-45.0,STOP,47.5,20.25
1783465500,2026-07-07,1,11.4,0.0072639225181598,2.078293804772124,NORMAL-CHOP,OVERNIGHT,-0.75,17.1,34.2,29388.75,29371.25,-17.5,-36.5,STOP,3.7,18.25
1783467120,2026-07-07,-1,9.083333333333334,0.0341880341880341,-2.1001435108872264,DEAD-CHOP,OVERNIGHT,-2.0,13.625,27.25,29387.0,29359.75,27.25,53.0,TARGET,5.8,121.0
1783468860,2026-07-08,1,16.35,0.4560669456066946,2.5413258118466877,CLEAN-TREND,OVERNIGHT,-54.5,24.525000000000002,49.050000000000004,29282.5,29331.55,49.05,96.6,TARGET,2.9,266.25
1783469100,2026-07-08,-1,19.966666666666665,0.1733333333333333,-3.5284490430791973,VIOLENT-WHIPSAW,OVERNIGHT,29.25,29.949999999999996,59.89999999999999,29360.25,29390.5,-30.25,-62.0,STOP,3.8,1.5
1783470120,2026-07-08,1,24.35,0.3656509695290859,3.165703363430874,BUILDING,OVERNIGHT,66.0,36.525000000000006,73.05000000000001,29430.5,29503.55,73.05,144.6,TARGET,20.5,127.5
1783471500,2026-07-08,1,18.466666666666665,0.4971428571428571,2.5444004726074416,CLEAN-TREND,OVERNIGHT,87.0,27.699999999999996,55.39999999999999,29530.5,29502.5,-28.0,-57.5,STOP,20.8,27.5
1783474020,2026-07-08,-1,13.9,0.4739130434782608,-2.1141471224946797,CLEAN-TREND,OVERNIGHT,-54.5,20.85,41.7,29490.25,29448.55,41.7,81.9,TARGET,8.7,102.75
1783475100,2026-07-08,1,20.48333333333333,0.0213333333333333,2.3102046619158183,VIOLENT-WHIPSAW,OVERNIGHT,-4.0,30.724999999999994,61.44999999999999,29474.25,29443.25,-31.0,-63.5,STOP,8.1,11.5
1783477140,2026-07-08,1,17.066666666666666,0.1139240506329113,2.822338343170234,VIOLENT-WHIPSAW,OVERNIGHT,15.75,25.6,51.2,29425.0,29399.0,-26.0,-53.5,STOP,16.6,72.5
1783478760,2026-07-08,-1,12.25,0.4782608695652174,-2.237467768095055,BUILDING,OVERNIGHT,44.0,18.375,36.75,29461.0,29479.75,-18.75,-39.0,STOP,14.3,15.75
1783480980,2026-07-08,1,10.25,0.3206106870229007,5.29961164077573,BUILDING,OVERNIGHT,21.0,15.375,30.75,29497.0,29527.75,30.75,60.0,TARGET,6.5,35.0
1783481520,2026-07-08,-1,10.533333333333331,0.3664596273291925,-2.068606640664325,BUILDING,OVERNIGHT,29.5,15.799999999999997,31.599999999999994,29512.75,29481.15,31.6,61.7,TARGET,13.3,94.5
1783483200,2026-07-08,-1,9.25,0.5426008968609866,-2.659753037092298,BUILDING,OVERNIGHT,-30.25,13.875,27.75,29456.25,29428.5,27.75,54.0,TARGET,19.6,80.0
1783484580,2026-07-08,1,10.533333333333331,0.0945945945945946,2.40158830082146,NORMAL-CHOP,OVERNIGHT,-7.0,15.799999999999997,31.599999999999994,29456.25,29440.0,-16.25,-34.0,STOP,5.1,8.0
1783486500,2026-07-08,-1,12.6,0.2887828162291169,-2.088774744298726,BUILDING,OVERNIGHT,-30.25,18.9,37.8,29381.5,29400.75,-19.25,-40.0,STOP,1.0,69.5
1783486800,2026-07-08,1,13.716666666666669,0.2430278884462151,2.7705289017180585,BUILDING,OVERNIGHT,30.5,20.575000000000003,41.150000000000006,29431.75,29410.75,-21.0,-43.5,STOP,0.8,15.5
1783490580,2026-07-08,-1,13.2,0.1519274376417233,-2.449590311979265,NORMAL-CHOP,OVERNIGHT,16.75,19.799999999999997,39.599999999999994,29341.0,29361.25,-20.25,-42.0,STOP,1.1,58.25
1783491000,2026-07-08,-1,12.983333333333333,0.045045045045045,-6.3149834621406855,NORMAL-CHOP,OVERNIGHT,3.75,19.474999999999998,38.949999999999996,29344.5,29305.55,38.95,76.4,TARGET,19.3,64.0
1783492440,2026-07-08,-1,15.033333333333331,0.3381995133819951,-3.1374317261606315,BUILDING,OVERNIGHT,-34.75,22.549999999999997,45.099999999999994,29303.25,29326.25,-23.0,-47.5,STOP,15.1,22.75
1783494180,2026-07-08,1,12.95,0.1420612813370473,2.0305991971743107,NORMAL-CHOP,PRE-OPEN,-12.75,19.424999999999997,38.849999999999994,29303.5,29283.75,-19.75,-41.0,STOP,5.2,105.75
1783495020,2026-07-08,1,15.066666666666666,0.1858407079646017,2.6852136905360084,NORMAL-CHOP,PRE-OPEN,-15.75,22.6,45.2,29286.0,29331.2,45.2,88.9,TARGET,6.1,129.25
1783498620,2026-07-08,-1,25.25,0.3739669421487603,-5.7901986375348375,BUILDING,PRE-OPEN,-90.5,37.875,75.75,29271.5,29195.75,75.75,150.0,TARGET,5.8,361.25
1783499220,2026-07-08,1,40.266666666666666,0.7700258397932817,6.28004040783679,CLEAN-TREND,PRE-OPEN,-298.0,60.4,120.8,29102.75,29041.75,-61.0,-123.5,STOP,2.1,16.25
1783499640,2026-07-08,-1,38.2,0.6189669771380186,-2.036972169203227,CLEAN-TREND,PRE-OPEN,-182.75,57.300000000000004,114.60000000000001,29085.5,28970.9,114.6,227.7,TARGET,5.1,175.25
1783501680,2026-07-08,-1,25.8,0.7043941411451398,-2.8402028997674207,CLEAN-TREND,PRE-OPEN,-132.25,38.7,77.4,28952.5,28991.75,-39.25,-80.0,STOP,25.3,42.25
1783508640,2026-07-08,-1,15.15,0.375,-5.708007697137407,BUILDING,PRE-OPEN,-48.0,22.725,45.45,28994.25,29017.25,-23.0,-47.5,STOP,1.4,21.25
1783510980,2026-07-08,1,21.03333333333333,0.6041979010494752,9.44516041185218,CLEAN-TREND,PRE-OPEN,100.75,31.549999999999997,63.099999999999994,29091.75,29059.75,-32.0,-65.5,STOP,6.3,101.25
1783511820,2026-07-08,1,30.9,0.2906976744186046,2.275095695433305,BUILDING,PRE-OPEN,75.0,46.349999999999994,92.69999999999999,29078.75,29171.45,92.7,183.9,TARGET,9.5,160.25
1783515900,2026-07-08,1,22.516666666666666,0.0348101265822784,5.099992256679891,VIOLENT-WHIPSAW,PRE-OPEN,-5.5,33.775,67.55,29183.5,29251.05,67.55,133.6,TARGET,24.0,215.5
1783517520,2026-07-08,1,30.166666666666668,0.4305239179954442,3.009891186168621,CLEAN-TREND,US,94.5,45.25,90.5,29314.25,29268.75,-45.5,-92.5,STOP,4.4,84.75
1783517940,2026-07-08,1,46.91666666666666,0.5054151624548736,4.11465473173822,CLEAN-TREND,US,140.0,70.37499999999999,140.74999999999997,29318.5,29247.75,-70.75,-143.0,STOP,32.8,80.5
1783520400,2026-07-08,1,40.23333333333333,0.1516436903499469,3.31216250522034,VIOLENT-WHIPSAW,US,-35.75,60.349999999999994,120.69999999999999,29302.25,29241.5,-60.75,-123.0,STOP,22.0,71.25
1783522380,2026-07-08,1,39.38333333333333,0.0381282495667244,2.79342783283688,VIOLENT-WHIPSAW,US,-11.0,59.075,118.15,29263.5,29204.0,-59.5,-120.5,STOP,4.5,28.25
1783526700,2026-07-08,1,25.616666666666667,0.3871951219512195,2.972524116709597,BUILDING,US,63.5,38.425,76.85,29151.75,29228.6,76.85,152.2,TARGET,11.3,225.5
1783528200,2026-07-08,1,23.883333333333333,0.6077348066298343,2.2321534002414527,CLEAN-TREND,US,110.0,35.825,71.65,29310.75,29274.5,-36.25,-74.0,STOP,3.9,142.5
1783528500,2026-07-08,1,25.616666666666667,0.1294498381877022,3.277817958141405,VIOLENT-WHIPSAW,US,20.0,38.425,76.85,29281.25,29358.1,76.85,152.2,TARGET,14.3,177.25
1783531260,2026-07-08,1,19.75,0.1650853889943074,2.575822114949629,VIOLENT-WHIPSAW,US,21.75,29.625,59.25,29399.0,29458.25,59.25,117.0,TARGET,9.2,59.5
1783533600,2026-07-08,1,22.03333333333333,0.0493827160493827,2.145277873939533,VIOLENT-WHIPSAW,US,8.0,33.05,66.1,29374.0,29420.5,46.5,91.5,TIME,60.0,62.75
1783539060,2026-07-08,-1,16.616666666666667,0.1371681415929203,-2.6891480758632698,VIOLENT-WHIPSAW,US,15.5,24.925,49.85,29403.0,29428.25,-25.25,-52.0,STOP,18.9,26.5
1783540440,2026-07-08,1,19.116666666666667,0.3447619047619047,2.9032370192123333,BUILDING,US,45.25,28.675,57.35,29460.25,29431.25,-29.0,-59.5,STOP,6.4,39.75
1783550040,2026-07-08,1,11.15,0.0965732087227414,3.972061479752888,NORMAL-CHOP,OVERNIGHT,7.75,16.725,33.45,29433.5,29416.5,-17.0,-35.5,STOP,3.8,23.5
1783551960,2026-07-08,1,9.266666666666667,0.5357142857142857,5.742543675650814,BUILDING,OVERNIGHT,37.5,13.900000000000002,27.800000000000004,29449.75,29435.5,-14.25,-30.0,STOP,9.6,91.75
1783552620,2026-07-08,-1,9.4,0.1582491582491582,-4.481741695299074,DEAD-CHOP,OVERNIGHT,-11.75,14.100000000000001,28.200000000000003,29414.0,29428.5,-14.5,-30.5,STOP,15.1,19.0
1783553700,2026-07-08,1,14.433333333333334,0.5658362989323843,12.825365687499673,CLEAN-TREND,OVERNIGHT,79.5,21.65,43.3,29484.0,29462.0,-22.0,-45.5,STOP,0.2,98.5
1783555260,2026-07-09,-1,15.283333333333331,0.3677419354838709,-3.138569416408265,BUILDING,OVERNIGHT,28.5,22.924999999999997,45.849999999999994,29505.25,29528.5,-23.25,-48.0,STOP,1.2,16.5
1783555440,2026-07-09,1,16.733333333333334,0.4005037783375315,2.0338366403933925,CLEAN-TREND,OVERNIGHT,39.75,25.1,50.2,29527.0,29577.2,50.2,98.9,TARGET,25.2,55.5
1783561380,2026-07-09,1,15.083333333333334,0.0467706013363029,2.7180063646085197,NORMAL-CHOP,OVERNIGHT,-5.25,22.625,45.25,29517.0,29494.0,-23.0,-47.5,STOP,9.5,61.25
1783562100,2026-07-09,-1,15.6,0.3636363636363636,-2.45182822627823,BUILDING,OVERNIGHT,-42.0,23.4,46.8,29467.0,29490.75,-23.75,-49.0,STOP,12.1,48.5
1783562940,2026-07-09,-1,19.466666666666665,0.2207293666026871,-2.588594732058686,BUILDING,OVERNIGHT,28.75,29.199999999999996,58.39999999999999,29506.25,29535.75,-29.5,-60.5,STOP,5.8,101.5
1783563660,2026-07-09,1,19.08333333333333,0.7235494880546075,5.031563238074688,CLEAN-TREND,OVERNIGHT,106.0,28.624999999999993,57.249999999999986,29565.75,29536.75,-29.0,-59.5,STOP,2.5,1.25
1783565460,2026-07-09,-1,14.8,0.5073891625615764,-2.293614037975932,CLEAN-TREND,OVERNIGHT,-51.5,22.200000000000003,44.400000000000006,29439.25,29461.75,-22.5,-46.5,STOP,34.2,43.25
1783571520,2026-07-09,1,12.066666666666666,0.2224938875305623,2.1823095914325368,BUILDING,OVERNIGHT,22.75,18.1,36.2,29527.25,29508.75,-18.5,-38.5,STOP,3.1,70.0
1783573560,2026-07-09,1,10.9,0.3049645390070922,2.5956730658678158,BUILDING,OVERNIGHT,-21.5,16.35,32.7,29517.75,29550.45,32.7,63.9,TARGET,4.3,99.0
1783574160,2026-07-09,-1,18.366666666666667,0.0419906687402799,-4.602115686491025,VIOLENT-WHIPSAW,OVERNIGHT,-6.75,27.55,55.1,29546.0,29490.9,55.1,108.7,TARGET,13.8,71.75
1783576680,2026-07-09,1,12.45,0.7766749379652605,2.067301090726116,CLEAN-TREND,OVERNIGHT,78.25,18.674999999999997,37.349999999999994,29605.25,29586.25,-19.0,-39.5,STOP,6.2,38.0
1783581240,2026-07-09,1,15.15,0.4214463840399002,3.827664446568054,CLEAN-TREND,PRE-OPEN,42.25,22.725,45.45,29656.25,29701.7,45.45,89.4,TARGET,36.7,78.0
1783583580,2026-07-09,-1,11.083333333333334,0.6109422492401215,-2.1908194410099218,BUILDING,PRE-OPEN,50.25,16.625,33.25,29698.25,29665.0,33.25,65.0,TARGET,6.7,54.75
1783584300,2026-07-09,-1,12.95,0.2570194384449244,-3.066695892563483,BUILDING,PRE-OPEN,29.75,19.424999999999997,38.849999999999994,29726.25,29687.4,38.85,76.2,TARGET,24.7,85.75
1783586640,2026-07-09,1,11.616666666666667,0.25,2.461973271721347,BUILDING,PRE-OPEN,-21.0,17.425,34.85,29678.5,29660.75,-17.75,-37.0,STOP,0.9,3.5
1783590060,2026-07-09,-1,13.85,0.3916083916083916,-5.731637825720588,BUILDING,PRE-OPEN,-28.0,20.775,41.55,29623.0,29644.25,-21.25,-44.0,STOP,11.5,8.0
1783593900,2026-07-09,-1,9.683333333333334,0.1555555555555555,-3.746278541975612,DEAD-CHOP,PRE-OPEN,-8.75,14.525,29.05,29631.0,29601.95,29.05,56.6,TARGET,5.7,67.0
1783594320,2026-07-09,-1,12.266666666666667,0.7616822429906542,-6.635491075541001,BUILDING,PRE-OPEN,-81.5,18.400000000000002,36.800000000000004,29574.0,29592.75,-18.75,-39.0,STOP,6.1,10.0
1783595040,2026-07-09,-1,14.4,0.1148936170212766,-2.2557350616750407,NORMAL-CHOP,PRE-OPEN,13.5,21.6,43.2,29617.75,29639.75,-22.0,-45.5,STOP,20.6,39.25
1783596600,2026-07-09,-1,14.25,0.3251231527093596,-3.011288696352452,BUILDING,PRE-OPEN,33.0,21.375,42.75,29631.5,29653.25,-21.75,-45.0,STOP,0.8,-0.0
1783597020,2026-07-09,1,15.05,0.3333333333333333,4.231331810020419,BUILDING,PRE-OPEN,37.75,22.575000000000003,45.150000000000006,29651.25,29696.4,45.15,88.8,TARGET,7.7,128.5
1783597740,2026-07-09,-1,14.35,0.3678756476683937,-9.698213732045984,BUILDING,PRE-OPEN,35.5,21.525,43.05,29701.5,29723.5,-22.0,-45.5,STOP,18.8,21.0
1783599900,2026-07-09,1,11.416666666666666,0.2170542635658914,2.0752981174353877,BUILDING,PRE-OPEN,14.0,17.125,34.25,29735.5,29769.75,34.25,67.0,TARGET,6.6,51.0
1783600980,2026-07-09,-1,12.916666666666666,0.1428571428571428,-2.418120721276209,NORMAL-CHOP,PRE-OPEN,14.75,19.375,38.75,29751.0,29712.25,38.75,76.0,TARGET,46.2,79.5
1783603920,2026-07-09,-1,22.133333333333333,0.4186046511627907,-2.4398798288519306,CLEAN-TREND,US,-54.0,33.2,66.4,29697.0,29730.5,-33.5,-68.5,STOP,0.7,83.25
1783604040,2026-07-09,1,27.05,0.1914357682619647,7.394069525358059,VIOLENT-WHIPSAW,US,38.0,40.575,81.15,29777.5,29858.65,81.15,160.8,TARGET,3.4,145.5
1783604520,2026-07-09,1,37.81666666666667,0.3526011560693641,3.413448977349145,BUILDING,US,106.75,56.72500000000001,113.45000000000002,29864.75,29807.75,-57.0,-115.5,STOP,28.8,58.25
1783607460,2026-07-09,-1,41.95,0.081081081081081,-2.099907208761268,VIOLENT-WHIPSAW,US,-25.5,62.925000000000004,125.85000000000001,29703.75,29767.0,-63.25,-128.0,STOP,3.6,6.5
1783615200,2026-07-09,1,14.266666666666667,0.0641025641025641,2.1367425979772734,NORMAL-CHOP,US,7.5,21.400000000000002,42.800000000000004,29909.5,29887.75,-21.75,-45.0,STOP,16.5,83.75
1783616760,2026-07-09,1,11.05,0.3901639344262295,8.276665398158482,BUILDING,US,29.75,16.575000000000003,33.150000000000006,29937.0,29970.15,33.15,64.8,TARGET,11.2,56.25
1783619880,2026-07-09,-1,9.083333333333334,0.1924882629107981,-5.954689563554647,DEAD-CHOP,US,-10.25,13.625,27.25,29964.75,29978.75,-14.0,-29.5,STOP,1.0,35.75
1783623300,2026-07-09,-1,9.083333333333334,0.1764705882352941,-2.22348402417582,DEAD-CHOP,US,-9.75,13.625,27.25,29935.75,29908.5,27.25,53.0,TARGET,9.7,41.75
1783623960,2026-07-09,1,11.35,0.2521739130434782,3.1396158858102505,BUILDING,US,-21.75,17.025,34.05,29930.75,29913.25,-17.5,-36.5,STOP,3.6,37.25
1783624620,2026-07-09,1,12.133333333333333,0.1402439024390244,2.0892701270602365,NORMAL-CHOP,US,11.5,18.2,36.4,29932.75,29914.25,-18.5,-38.5,STOP,13.0,41.0
1783626600,2026-07-09,-1,11.6,0.0662824207492795,-3.33608606739504,NORMAL-CHOP,US,-5.75,17.4,34.8,29923.25,29941.0,-17.75,-37.0,STOP,6.4,29.25
1783635540,2026-07-09,-1,11.416666666666666,0.2700296735905044,-13.152730405333244,BUILDING,OVERNIGHT,-22.75,17.125,34.25,29917.75,29935.25,-17.5,-36.5,STOP,44.5,13.75
1783639080,2026-07-09,1,7.15,0.5025380710659898,2.353432813433515,BUILDING,OVERNIGHT,24.75,10.725000000000001,21.450000000000003,29942.5,29963.95,21.45,41.4,TARGET,7.5,22.25
1783641240,2026-07-09,1,8.433333333333334,0.096045197740113,2.4595098815411647,DEAD-CHOP,OVERNIGHT,-4.25,12.65,25.3,29950.0,29937.0,-13.0,-27.5,STOP,3.6,8.0
1783641660,2026-07-10,-1,12.883333333333333,0.3411078717201166,-2.642506306063248,BUILDING,OVERNIGHT,-29.25,19.325,38.65,29906.75,29868.1,38.65,75.8,TARGET,6.1,103.25
1783642200,2026-07-10,-1,20.916666666666668,0.5555555555555556,-3.844333793145799,CLEAN-TREND,OVERNIGHT,-90.0,31.375,62.75,29860.75,29892.5,-31.75,-65.0,STOP,3.7,57.25
1783642980,2026-07-10,-1,19.08333333333333,0.2295345104333868,-2.692920789782229,BUILDING,OVERNIGHT,-35.75,28.624999999999993,57.249999999999986,29847.5,29871.5,-24.0,-49.5,TIME,60.0,44.0
1783650600,2026-07-10,1,10.45,0.1475409836065573,2.061408177058164,NORMAL-CHOP,OVERNIGHT,13.5,15.674999999999999,31.349999999999998,29888.25,29919.6,31.35,61.2,TARGET,16.5,75.5
1783651860,2026-07-10,1,9.366666666666667,0.7216117216117216,2.4417199319027487,BUILDING,OVERNIGHT,49.25,14.05,28.1,29945.0,29930.5,-14.5,-30.5,STOP,32.6,18.75
1783659000,2026-07-10,-1,7.716666666666667,0.2037914691943128,-3.165931785318654,BUILDING,OVERNIGHT,-10.75,11.575,23.15,29901.5,29878.35,23.15,44.8,TARGET,6.2,54.0
1783660440,2026-07-10,1,8.45,0.0150753768844221,2.0093492829236896,DEAD-CHOP,OVERNIGHT,0.75,12.674999999999999,25.349999999999998,29882.75,29869.75,-13.0,-27.5,STOP,9.2,14.25
1783661400,2026-07-10,-1,9.483333333333333,0.4545454545454545,-3.835253955967987,BUILDING,OVERNIGHT,-28.75,14.224999999999998,28.449999999999996,29866.0,29880.5,-14.5,-30.5,STOP,4.1,90.5
1783662120,2026-07-10,-1,10.583333333333334,0.096551724137931,-6.293951884644918,NORMAL-CHOP,OVERNIGHT,-7.0,15.875,31.75,29865.5,29833.75,31.75,62.0,TARGET,23.3,90.0
1783664460,2026-07-10,-1,10.5,0.5642857142857143,-5.5219291632817376,BUILDING,OVERNIGHT,-39.5,15.75,31.5,29794.0,29810.0,-16.0,-33.5,STOP,8.3,18.5
1783665240,2026-07-10,1,12.3,0.0121065375302663,2.0688432329301203,NORMAL-CHOP,OVERNIGHT,-1.25,18.450000000000003,36.900000000000006,29812.5,29793.75,-18.75,-39.0,STOP,4.0,20.0
1783666800,2026-07-10,-1,7.95,0.2489082969432314,-2.0732515931381363,BUILDING,PRE-OPEN,-14.25,11.925,23.85,29806.5,29818.75,-12.25,-26.0,STOP,3.0,43.5
1783667820,2026-07-10,1,12.116666666666667,0.1011764705882353,2.433618766887708,NORMAL-CHOP,PRE-OPEN,10.75,18.175,36.35,29823.5,29805.0,-18.5,-38.5,STOP,1.8,2.5
1783669980,2026-07-10,-1,8.35,0.678391959798995,-3.020018826484685,BUILDING,PRE-OPEN,-33.75,12.524999999999999,25.049999999999997,29772.25,29747.2,25.05,48.6,TARGET,11.4,29.0
1783671660,2026-07-10,-1,12.283333333333331,0.1973969631236442,-2.229001817224167,NORMAL-CHOP,PRE-OPEN,22.75,18.424999999999997,36.849999999999994,29768.0,29786.75,-18.75,-39.0,STOP,24.4,51.75
1783674060,2026-07-10,-1,13.016666666666667,0.5081206496519721,-12.257782917179291,CLEAN-TREND,PRE-OPEN,-54.75,19.525000000000002,39.050000000000004,29734.75,29755.0,-20.25,-42.0,STOP,0.1,0.25
1783678920,2026-07-10,-1,7.983333333333333,0.2555555555555555,-8.974838336967977,BUILDING,PRE-OPEN,-11.5,11.975,23.95,29819.5,29831.75,-12.25,-26.0,STOP,4.5,4.5
1783681560,2026-07-10,1,7.716666666666667,0.5,2.374422716275379,BUILDING,PRE-OPEN,25.5,11.575,23.15,29867.25,29855.25,-12.0,-25.5,STOP,19.3,20.5
1783684560,2026-07-10,-1,9.983333333333333,0.3229571984435798,-2.3982657212674288,BUILDING,PRE-OPEN,-20.75,14.974999999999998,29.949999999999996,29812.0,29782.05,29.95,58.4,TARGET,8.0,41.0
1783685100,2026-07-10,-1,11.716666666666669,0.4883720930232558,-2.0390435006602794,BUILDING,PRE-OPEN,-42.0,17.575000000000003,35.150000000000006,29783.25,29801.25,-18.0,-37.5,STOP,7.7,10.5
1783690200,2026-07-10,-1,17.4,0.4721189591078067,-2.722719808096861,CLEAN-TREND,US,63.5,26.099999999999998,52.199999999999996,29874.5,29901.0,-26.5,-54.5,STOP,1.9,78.0
1783690740,2026-07-10,-1,32.06666666666667,0.1488912354804646,-2.276493128698236,VIOLENT-WHIPSAW,US,35.25,48.10000000000001,96.20000000000002,29865.0,29913.5,-48.5,-98.5,STOP,6.7,187.5
1783691340,2026-07-10,1,39.65,0.1208967173738991,2.288873791452936,VIOLENT-WHIPSAW,US,37.75,59.474999999999994,118.94999999999999,29941.25,29881.5,-59.75,-121.0,STOP,31.1,27.25
1783693920,2026-07-10,-1,43.03333333333333,0.4349617422012948,-5.629363052207207,CLEAN-TREND,US,-184.75,64.55,129.1,29760.25,29825.25,-65.0,-131.5,STOP,0.9,82.75
1783707000,2026-07-10,1,10.583333333333334,0.1181102362204724,3.1984668216902903,NORMAL-CHOP,US,7.5,15.875,31.75,30058.25,30042.0,-16.25,-34.0,STOP,4.1,17.5
1783707900,2026-07-10,1,11.466666666666669,0.0,2.9266955486512,NORMAL-CHOP,US,0.0,17.200000000000003,34.400000000000006,30059.0,30041.5,-17.5,-36.5,STOP,3.1,16.75
1783711920,2026-07-10,1,10.166666666666666,0.1652892561983471,6.03682611644847,DEAD-CHOP,US,10.0,15.25,30.5,30055.0,30039.5,-15.5,-32.5,STOP,20.8,12.25
1783898100,2026-07-12,-1,9.983333333333333,0.2028985507246377,-2.444698666515225,BUILDING,OVERNIGHT,-14.0,14.974999999999998,29.949999999999996,29872.75,29888.0,-15.25,-32.0,STOP,0.6,29.0
1783899960,2026-07-12,-1,9.35,0.4852941176470588,-2.731716331979385,BUILDING,OVERNIGHT,-33.0,14.024999999999999,28.049999999999997,29854.25,29868.75,-14.5,-30.5,STOP,0.6,10.5
1783901160,2026-07-13,-1,23.08333333333333,0.5819209039548022,-2.954823681461965,CLEAN-TREND,OVERNIGHT,103.0,34.62499999999999,69.24999999999999,29994.75,30029.75,-35.0,-71.5,STOP,3.3,189.75
1783901820,2026-07-13,-1,24.566666666666663,0.1819645732689211,-2.0718377399498547,VIOLENT-WHIPSAW,OVERNIGHT,28.25,36.849999999999994,73.69999999999999,29982.75,29909.05,73.7,145.9,TARGET,19.1,194.25
1783903260,2026-07-13,-1,18.966666666666665,0.902097902097902,-3.0531707649235345,CLEAN-TREND,OVERNIGHT,-129.0,28.449999999999996,56.89999999999999,29870.5,29899.25,-28.75,-59.0,STOP,4.0,82.0
1783903920,2026-07-13,-1,23.366666666666667,0.4318471337579618,-2.6280913935804247,CLEAN-TREND,OVERNIGHT,-84.75,35.05,70.1,29816.5,29760.25,56.25,111.0,TIME,60.0,61.5
1783911420,2026-07-13,-1,12.283333333333331,0.196078431372549,-2.408346476200331,NORMAL-CHOP,OVERNIGHT,-20.0,18.424999999999997,36.849999999999994,29732.5,29695.65,36.85,72.2,TARGET,11.1,50.0
1783914300,2026-07-13,1,11.533333333333331,0.0496453900709219,2.1459524557784704,NORMAL-CHOP,OVERNIGHT,-5.25,17.299999999999997,34.599999999999994,29701.75,29684.0,-17.75,-37.0,STOP,13.4,23.5
1783915200,2026-07-13,-1,11.383333333333333,0.2604166666666667,-5.418454667368605,BUILDING,OVERNIGHT,-25.0,17.075,34.15,29676.5,29642.35,34.15,66.8,TARGET,27.3,70.0
1783919280,2026-07-13,1,12.116666666666667,0.65625,3.5273874892914576,BUILDING,OVERNIGHT,42.0,18.175,36.35,29660.25,29641.75,-18.5,-38.5,STOP,11.4,33.25
1783920180,2026-07-13,-1,14.9,0.4333958724202627,-4.556462521480069,CLEAN-TREND,OVERNIGHT,-57.75,22.35,44.7,29602.0,29557.3,44.7,87.9,TARGET,6.4,55.5
1783920660,2026-07-13,-1,15.866666666666667,0.8605769230769231,-2.1763420451557014,CLEAN-TREND,OVERNIGHT,-89.5,23.8,47.6,29564.0,29588.25,-24.25,-50.0,STOP,1.7,1.75
1783929960,2026-07-13,1,13.583333333333334,0.3779264214046823,2.2186415831343984,BUILDING,PRE-OPEN,28.25,20.375,40.75,29676.5,29717.25,40.75,80.0,TARGET,10.0,77.75
1783930740,2026-07-13,-1,15.15,0.4372093023255814,-2.673831913706695,CLEAN-TREND,PRE-OPEN,47.0,22.725,45.45,29717.0,29740.0,-23.0,-47.5,STOP,7.8,17.0
1783932720,2026-07-13,1,9.033333333333331,0.679324894514768,2.5066074916536825,BUILDING,PRE-OPEN,40.25,13.549999999999997,27.099999999999994,29748.5,29734.5,-14.0,-29.5,STOP,5.7,28.25
1783937100,2026-07-13,-1,7.033333333333333,0.01,-2.3012522965421445,DEAD-CHOP,PRE-OPEN,0.5,10.55,21.1,29756.25,29767.25,-11.0,-23.5,STOP,54.1,21.0
1783940760,2026-07-13,1,11.566666666666666,0.3175853018372703,2.702032943026714,BUILDING,PRE-OPEN,30.25,17.35,34.7,29785.75,29768.0,-17.75,-37.0,STOP,2.6,8.0
1783941060,2026-07-13,-1,12.816666666666666,0.0776255707762557,-2.1038397669059448,NORMAL-CHOP,PRE-OPEN,8.5,19.225,38.45,29759.5,29779.0,-19.5,-40.5,STOP,4.0,49.25
1783944540,2026-07-13,-1,12.716666666666669,0.1393034825870646,-2.2179153553298665,NORMAL-CHOP,PRE-OPEN,-14.0,19.075000000000003,38.150000000000006,29728.5,29748.0,-19.5,-40.5,STOP,1.0,73.25
1783944720,2026-07-13,-1,16.716666666666665,0.1285714285714285,-3.674402154671335,VIOLENT-WHIPSAW,PRE-OPEN,-18.0,25.074999999999996,50.14999999999999,29712.0,29661.85,50.15,98.8,TARGET,18.6,56.75
1783948620,2026-07-13,-1,10.733333333333333,0.6425531914893617,-2.097760217568608,BUILDING,PRE-OPEN,-37.75,16.099999999999998,32.199999999999996,29704.0,29720.5,-16.5,-34.5,STOP,11.5,210.75
1783949400,2026-07-13,-1,18.58333333333333,0.0127659574468085,-6.257504846673093,VIOLENT-WHIPSAW,US,-1.5,27.874999999999993,55.749999999999986,29717.0,29661.25,55.75,110.0,TARGET,3.2,223.75
1783949700,2026-07-13,1,29.35,0.1562082777036048,3.1067598270484678,VIOLENT-WHIPSAW,US,-29.25,44.025000000000006,88.05000000000001,29664.0,29619.5,-44.5,-90.5,STOP,1.3,60.0
1783949880,2026-07-13,1,36.71666666666667,0.140913508260447,2.245170415731075,VIOLENT-WHIPSAW,US,-36.25,55.075,110.15,29654.0,29598.5,-55.5,-112.5,STOP,1.1,70.0
1783950060,2026-07-13,1,42.31666666666667,0.4375,3.6981331450740567,CLEAN-TREND,US,-136.5,63.47500000000001,126.95000000000002,29572.75,29509.0,-63.75,-129.0,STOP,34.8,151.25
1783952640,2026-07-13,1,47.88333333333333,0.1815616180620884,4.41943421951066,VIOLENT-WHIPSAW,US,48.25,71.825,143.65,29667.0,29720.0,53.0,104.5,TIME,60.0,85.25
1783960140,2026-07-13,-1,17.383333333333333,0.5150115473441108,-2.69665632567086,CLEAN-TREND,US,-55.75,26.075,52.15,29558.5,29506.35,52.15,102.8,TARGET,5.3,98.25
1783960560,2026-07-13,1,20.433333333333334,0.705765407554672,2.034659823850273,CLEAN-TREND,US,-88.75,30.65,61.3,29478.75,29540.05,61.3,121.1,TARGET,5.2,102.25
1783961400,2026-07-13,-1,26.316666666666663,0.013142174432497,-5.082001229540554,VIOLENT-WHIPSAW,US,-2.75,39.474999999999994,78.94999999999999,29481.0,29520.75,-39.75,-81.0,STOP,1.6,5.75
1783967400,2026-07-13,-1,16.033333333333335,0.4564315352697095,-2.3311035353919,CLEAN-TREND,US,-55.0,24.050000000000004,48.10000000000001,29456.5,29481.0,-24.5,-50.5,STOP,0.9,51.75
1783970400,2026-07-13,-1,14.566666666666666,0.6847545219638242,-3.430865123421686,CLEAN-TREND,US,-66.25,21.85,43.7,29450.0,29406.3,43.7,85.9,TARGET,7.2,63.5
1783970940,2026-07-13,-1,15.083333333333334,0.5799373040752351,-3.703227735634664,CLEAN-TREND,US,-46.25,22.625,45.25,29418.5,29441.5,-23.0,-47.5,STOP,0.6,32.0
1783971180,2026-07-13,-1,16.966666666666665,0.2361516034985422,-2.3779549229082564,BUILDING,US,-20.25,25.449999999999996,50.89999999999999,29439.25,29465.0,-25.75,-53.0,STOP,16.0,52.75
1783972380,2026-07-13,-1,16.083333333333332,0.5016722408026756,-2.2774238190680216,CLEAN-TREND,US,75.0,24.125,48.25,29477.0,29501.5,-24.5,-50.5,STOP,5.0,90.5
1783972740,2026-07-13,-1,19.45,0.0932203389830508,-3.001723765677475,VIOLENT-WHIPSAW,US,16.5,29.174999999999997,58.349999999999994,29465.5,29407.15,58.35,115.2,TARGET,17.0,79.0
1783981320,2026-07-13,-1,8.733333333333333,0.3168724279835391,-2.5274060716380107,BUILDING,OVERNIGHT,-19.25,13.099999999999998,26.199999999999996,29452.25,29426.05,26.2,50.9,TARGET,29.1,84.5
1783983300,2026-07-13,-1,10.083333333333334,0.4097421203438395,-3.875283096987114,BUILDING,OVERNIGHT,-35.75,15.125,30.25,29400.75,29370.5,30.25,59.0,TARGET,16.4,72.25
1783985700,2026-07-13,1,9.7,0.277027027027027,3.985479268732582,BUILDING,OVERNIGHT,-20.5,14.549999999999999,29.099999999999998,29366.5,29351.5,-15.0,-31.5,STOP,2.9,114.75
1783986060,2026-07-13,-1,10.166666666666666,0.5859872611464968,-3.63265600720785,BUILDING,OVERNIGHT,-46.0,15.25,30.5,29344.5,29360.0,-15.5,-32.5,STOP,10.4,19.5
1783987080,2026-07-13,1,16.3,0.7806788511749347,3.07461705434046,CLEAN-TREND,OVERNIGHT,74.75,24.450000000000003,48.900000000000006,29412.75,29387.75,-25.0,-51.5,STOP,4.9,122.0
1783987860,2026-07-14,-1,32.766666666666666,0.1406113537117904,-4.375740020805888,VIOLENT-WHIPSAW,OVERNIGHT,40.25,49.15,98.3,29424.75,29474.25,-49.5,-100.5,STOP,3.1,54.75
1783989240,2026-07-14,1,28.55,0.2688413948256468,2.590995566744894,BUILDING,OVERNIGHT,59.75,42.825,85.65,29457.75,29414.5,-43.25,-88.0,STOP,8.9,83.25
1783989840,2026-07-14,1,26.7,0.0235131396957123,2.087573129681707,VIOLENT-WHIPSAW,OVERNIGHT,-4.25,40.05,80.1,29418.75,29498.85,80.1,158.7,TARGET,7.0,122.25
1783992660,2026-07-14,-1,18.15,0.1293103448275862,-2.653183796723858,VIOLENT-WHIPSAW,OVERNIGHT,-15.0,27.224999999999998,54.449999999999996,29488.75,29434.3,54.45,107.4,TARGET,28.3,115.75
1783998180,2026-07-14,-1,14.066666666666666,0.6705336426914154,-4.097644246190043,CLEAN-TREND,OVERNIGHT,-72.25,21.1,42.2,29362.5,29320.3,42.2,82.9,TARGET,13.6,59.25
1783999800,2026-07-14,-1,17.383333333333333,0.3580645161290323,-2.896805480918794,BUILDING,OVERNIGHT,55.5,26.075,52.15,29385.25,29411.75,-26.5,-54.5,STOP,21.8,51.25
1784001180,2026-07-14,-1,19.666666666666668,0.391304347826087,-2.809738815486948,BUILDING,OVERNIGHT,54.0,29.5,59.0,29420.25,29450.0,-29.75,-61.0,STOP,33.9,48.5
1784004720,2026-07-14,-1,10.333333333333334,0.2177121771217712,-2.3720870462445838,BUILDING,OVERNIGHT,14.75,15.5,31.0,29489.25,29505.0,-15.75,-33.0,STOP,2.7,11.5
1784006040,2026-07-14,1,11.333333333333334,0.4897959183673469,2.237696592352213,BUILDING,OVERNIGHT,36.0,17.0,34.0,29546.0,29580.0,34.0,66.5,TARGET,7.4,88.25
1784007360,2026-07-14,-1,12.85,0.2537313432835821,-2.5669565474742786,BUILDING,OVERNIGHT,25.5,19.275,38.55,29598.5,29618.25,-19.75,-41.0,STOP,30.5,21.0
1784009760,2026-07-14,-1,11.0,0.2384341637010676,-3.064924239436635,BUILDING,OVERNIGHT,16.75,16.5,33.0,29626.5,29643.25,-16.75,-35.0,STOP,2.4,81.0
1784014920,2026-07-14,1,14.216666666666669,0.3367875647668393,2.974102013689787,BUILDING,PRE-OPEN,-32.5,21.325000000000003,42.650000000000006,29576.5,29554.75,-21.75,-45.0,STOP,24.5,59.75
1784017980,2026-07-14,-1,11.933333333333334,0.1641791044776119,-2.6530515892748547,NORMAL-CHOP,PRE-OPEN,11.0,17.9,35.8,29619.0,29583.2,35.8,70.1,TARGET,15.9,61.25
1784019240,2026-07-14,1,10.966666666666669,0.336986301369863,2.0254629847649963,BUILDING,PRE-OPEN,-30.75,16.450000000000003,32.900000000000006,29591.5,29574.75,-16.75,-35.0,STOP,2.7,37.75
1784019600,2026-07-14,-1,11.55,0.3061224489795918,-2.3004143630246223,BUILDING,PRE-OPEN,-30.0,17.325000000000003,34.650000000000006,29572.25,29590.0,-17.75,-37.0,STOP,3.4,3.0
1784020680,2026-07-14,1,12.733333333333333,0.0971128608923884,2.699593375181887,NORMAL-CHOP,PRE-OPEN,9.25,19.099999999999998,38.199999999999996,29596.75,29577.25,-19.5,-40.5,STOP,10.3,26.5
1784025360,2026-07-14,1,10.333333333333334,0.208955223880597,2.4203684662144243,BUILDING,PRE-OPEN,14.0,15.5,31.0,29609.0,29593.25,-15.75,-33.0,STOP,19.0,61.5
1784027640,2026-07-14,-1,21.03333333333333,0.0086655112651646,-3.704644275413248,VIOLENT-WHIPSAW,PRE-OPEN,1.25,31.549999999999997,63.099999999999994,29606.5,29638.5,-32.0,-65.5,STOP,5.1,36.5
1784028240,2026-07-14,1,19.116666666666667,0.5563025210084034,11.964350422162608,CLEAN-TREND,PRE-OPEN,82.75,28.675,57.35,29656.0,29627.0,-29.0,-59.5,STOP,12.0,14.5
1784030580,2026-07-14,-1,11.216666666666669,0.3819241982507289,-2.7271032412446083,BUILDING,PRE-OPEN,-32.75,16.825000000000003,33.650000000000006,29614.5,29580.85,33.65,65.8,TARGET,7.2,44.5
1784032200,2026-07-14,1,31.28333333333333,0.872133425990271,26.13358433221332,CLEAN-TREND,PRE-OPEN,313.75,46.925,93.85,29904.25,29856.75,-47.5,-96.5,STOP,0.3,17.75
1784032560,2026-07-14,-1,42.91666666666666,0.616580310880829,-2.2099101729512736,CLEAN-TREND,PRE-OPEN,238.0,64.37499999999999,128.74999999999997,29848.0,29719.25,128.75,256.0,TARGET,57.1,163.0
1784036100,2026-07-14,1,29.9,0.2654867256637168,2.071356978005568,BUILDING,US,-60.0,44.849999999999994,89.69999999999999,29709.75,29799.45,89.7,177.9,TARGET,9.7,100.25
1784036820,2026-07-14,-1,44.7,0.0607225211375864,-2.6945825962129017,VIOLENT-WHIPSAW,US,19.75,67.05000000000001,134.10000000000002,29752.25,29618.15,134.1,266.7,TARGET,27.3,185.0
1784038560,2026-07-14,-1,39.48333333333333,0.5009596928982726,-3.367088092177805,CLEAN-TREND,US,-130.5,59.224999999999994,118.44999999999999,29606.5,29666.0,-59.5,-120.5,STOP,5.0,20.0
1784039160,2026-07-14,1,41.06666666666667,0.1241721854304635,2.9724446316578947,VIOLENT-WHIPSAW,US,37.5,61.60000000000001,123.20000000000002,29701.25,29639.25,-62.0,-125.5,STOP,2.1,181.25
1784039520,2026-07-14,1,40.516666666666666,0.3893016344725111,3.43732640613931,BUILDING,US,131.0,60.775,121.55,29732.5,29671.25,-61.25,-124.0,STOP,17.1,163.5
1784041440,2026-07-14,1,27.65,0.5795868772782503,7.666883694870781,CLEAN-TREND,US,119.25,41.474999999999994,82.94999999999999,29805.25,29888.2,82.95,164.4,TARGET,24.6,90.75
1784049300,2026-07-14,-1,12.05,0.1945392491467577,-3.2107952157069546,NORMAL-CHOP,US,-14.25,18.075000000000003,36.150000000000006,29819.5,29838.0,-18.5,-38.5,STOP,4.0,8.25
1784054220,2026-07-14,-1,11.916666666666666,0.1827242524916943,-3.02987113538033,NORMAL-CHOP,US,-13.75,17.875,35.75,29853.5,29817.75,35.75,70.0,TARGET,3.4,82.5
1784054940,2026-07-14,-1,15.066666666666666,0.391304347826087,-2.2296381729280803,BUILDING,US,-45.0,22.6,45.2,29816.5,29839.5,-23.0,-47.5,STOP,3.3,45.5
1784055660,2026-07-14,-1,11.866666666666667,0.2037914691943128,-2.0431563108463493,BUILDING,US,-21.5,17.8,35.6,29807.0,29825.25,-18.25,-38.0,STOP,14.0,36.0
1784056680,2026-07-14,-1,12.983333333333333,0.2319587628865979,-4.923852897952844,BUILDING,US,22.5,19.474999999999998,38.949999999999996,29819.0,29780.05,38.95,76.4,TARGET,11.0,48.0
1784058240,2026-07-14,1,14.633333333333333,0.1474530831099195,2.366717955086891,NORMAL-CHOP,US,13.75,21.95,43.9,29811.25,29789.0,-22.25,-46.0,STOP,14.8,24.5
1784067840,2026-07-14,1,10.85,0.2335329341317365,3.482764342776217,BUILDING,OVERNIGHT,19.5,16.275,32.55,29793.25,29776.5,-16.75,-35.0,STOP,18.0,12.5
1784070300,2026-07-14,1,8.166666666666666,0.0948275862068965,2.5885233860242987,DEAD-CHOP,OVERNIGHT,5.5,12.25,24.5,29783.75,29808.25,24.5,47.5,TARGET,19.5,116.25
1784071680,2026-07-14,1,11.9,0.4933920704845815,2.366470845161972,BUILDING,OVERNIGHT,56.0,17.85,35.7,29851.75,29887.45,35.7,69.9,TARGET,25.6,81.75
1784073660,2026-07-15,1,14.066666666666666,0.100502512562814,2.580555474174357,NORMAL-CHOP,OVERNIGHT,10.0,21.1,42.2,29866.25,29844.75,-21.5,-44.5,STOP,3.6,67.25
1784074380,2026-07-15,1,20.183333333333334,0.1275167785234899,2.562264043072099,VIOLENT-WHIPSAW,OVERNIGHT,19.0,30.275,60.55,29898.0,29867.25,-30.75,-63.0,STOP,28.3,35.5
1784077200,2026-07-15,-1,13.733333333333333,0.2008830022075055,-2.1896867563189457,BUILDING,OVERNIGHT,22.75,20.599999999999998,41.199999999999996,29897.5,29918.5,-21.0,-43.5,STOP,21.9,37.25
1784078760,2026-07-15,1,13.483333333333333,0.5374449339207048,3.4256661329085625,CLEAN-TREND,OVERNIGHT,61.0,20.224999999999998,40.449999999999996,29932.75,29912.25,-20.5,-42.5,STOP,8.4,50.25
1784080680,2026-07-15,1,11.716666666666669,0.4946808510638298,2.4726975771623803,BUILDING,OVERNIGHT,46.5,17.575000000000003,35.150000000000006,29952.75,29987.9,35.15,68.8,TARGET,39.1,36.25
1784085360,2026-07-15,1,7.983333333333333,0.174496644295302,2.3439928107973977,DEAD-CHOP,OVERNIGHT,13.0,11.975,23.95,29972.25,29996.2,23.95,46.4,TARGET,16.7,47.25
1784086860,2026-07-15,1,7.066666666666666,0.4841628959276018,3.2885963061367747,BUILDING,OVERNIGHT,26.75,10.6,21.2,30000.0,29989.0,-11.0,-23.5,STOP,1.1,19.5
1784088960,2026-07-15,1,5.933333333333334,0.2422360248447205,2.958033551683525,BUILDING,OVERNIGHT,-9.75,8.9,17.8,30005.5,29996.25,-9.25,-20.0,STOP,12.4,53.0
1784091540,2026-07-15,1,6.3,0.3801169590643274,4.430383822747777,BUILDING,OVERNIGHT,16.25,9.45,18.9,30022.25,30041.15,18.9,36.3,TARGET,0.1,36.25
1784091720,2026-07-15,1,12.683333333333334,0.1977715877437326,2.450682470218688,NORMAL-CHOP,OVERNIGHT,17.75,19.025,38.05,30029.5,30010.0,-19.5,-40.5,STOP,1.3,16.75
1784092380,2026-07-15,1,19.116666666666667,0.0634146341463414,2.8709974456722245,VIOLENT-WHIPSAW,OVERNIGHT,-9.75,28.675,57.35,30007.75,29978.75,-29.0,-59.5,STOP,13.1,42.25
1784094960,2026-07-15,1,9.483333333333333,0.3356401384083045,2.5482354944432544,BUILDING,OVERNIGHT,24.25,14.224999999999998,28.449999999999996,30023.0,30030.75,7.75,14.0,TIME,60.0,27.0
1784099160,2026-07-15,-1,12.933333333333334,0.3333333333333333,-2.7952246441007707,BUILDING,PRE-OPEN,32.0,19.4,38.8,30048.25,30009.45,38.8,76.1,TARGET,13.9,129.0
1784100060,2026-07-15,1,10.966666666666669,0.5077720207253886,2.2112580627792995,BUILDING,PRE-OPEN,-49.0,16.450000000000003,32.900000000000006,29999.25,29982.5,-16.75,-35.0,STOP,3.3,5.75
1784101080,2026-07-15,1,15.316666666666666,0.099601593625498,2.001346857792794,VIOLENT-WHIPSAW,PRE-OPEN,-12.5,22.975,45.95,29979.75,29956.5,-23.25,-48.0,STOP,24.5,25.25
1784102700,2026-07-15,1,12.516666666666667,0.6255506607929515,2.14375443049948,CLEAN-TREND,PRE-OPEN,-71.0,18.775000000000002,37.550000000000004,29931.0,29911.75,-19.25,-40.0,STOP,7.7,21.25
1784103420,2026-07-15,1,15.45,0.5555555555555556,2.220933090928181,CLEAN-TREND,PRE-OPEN,-57.5,23.174999999999997,46.349999999999994,29905.0,29881.25,-23.75,-49.0,STOP,5.4,53.25
1784104920,2026-07-15,-1,10.833333333333334,0.0676691729323308,-5.847893143788769,NORMAL-CHOP,PRE-OPEN,4.5,16.25,32.5,29904.5,29921.0,-16.5,-34.5,STOP,1.6,1.0
1784109180,2026-07-15,-1,8.583333333333334,0.2810457516339869,-2.320031589344318,BUILDING,PRE-OPEN,-21.5,12.875,25.75,29926.25,29939.5,-13.25,-28.0,STOP,18.7,40.25
1784111400,2026-07-15,1,11.166666666666666,0.5827814569536424,2.7641316987886437,BUILDING,PRE-OPEN,-44.0,16.75,33.5,29901.75,29935.25,33.5,65.5,TARGET,29.2,52.0
1784113680,2026-07-15,-1,10.783333333333331,0.2122762148337595,-2.2088533131590062,BUILDING,PRE-OPEN,20.75,16.174999999999997,32.349999999999994,29936.5,29904.15,32.35,63.2,TARGET,53.2,60.25
1784117880,2026-07-15,1,10.25,0.2393442622950819,2.1738137857919955,BUILDING,PRE-OPEN,-18.25,15.375,30.75,29886.25,29870.5,-15.75,-33.0,STOP,2.7,113.0
1784118600,2026-07-15,1,15.833333333333334,0.3150684931506849,6.681365136715384,BUILDING,PRE-OPEN,34.5,23.75,47.5,29925.75,29973.25,47.5,93.5,TARGET,12.1,73.5
1784122140,2026-07-15,1,11.066666666666666,0.1784511784511784,3.842160399373831,NORMAL-CHOP,PRE-OPEN,13.25,16.6,33.2,29957.25,29940.25,-17.0,-35.5,STOP,0.5,21.0
1784122320,2026-07-15,-1,17.266666666666666,0.2417582417582417,-4.803980935130117,BUILDING,US,-22.0,25.9,51.8,29931.0,29957.25,-26.25,-54.0,STOP,1.7,293.0
1784122500,2026-07-15,-1,22.816666666666663,0.1634980988593156,-10.389432867770108,VIOLENT-WHIPSAW,US,-21.5,34.224999999999994,68.44999999999999,29918.0,29849.55,68.45,135.4,TARGET,4.5,280.0
1784123160,2026-07-15,-1,37.333333333333336,0.438474870017331,-5.842362350016841,CLEAN-TREND,US,-126.5,56.0,112.0,29811.25,29867.5,-56.25,-114.0,STOP,16.4,274.5
1784124360,2026-07-15,1,32.06666666666667,0.5035460992907801,3.724900166793942,CLEAN-TREND,US,124.25,48.10000000000001,96.20000000000002,29887.25,29838.75,-48.5,-98.5,STOP,4.2,5.0
1784124840,2026-07-15,-1,28.58333333333333,0.0824858757062146,-2.641728092100496,VIOLENT-WHIPSAW,US,-18.25,42.87499999999999,85.74999999999999,29806.5,29720.75,85.75,170.0,TARGET,8.5,269.75
1784125440,2026-07-15,-1,34.35,0.6932966023875115,-3.130335551424248,CLEAN-TREND,US,-188.75,51.525000000000006,103.05000000000001,29672.5,29724.5,-52.0,-105.5,STOP,4.4,141.25
1784125920,2026-07-15,-1,38.46666666666667,0.5056967572304996,-2.2520227509334174,CLEAN-TREND,US,-144.25,57.7,115.4,29673.75,29558.35,115.4,229.3,TARGET,9.5,142.5
1784133960,2026-07-15,1,24.95,0.1781609195402299,13.679757145010084,VIOLENT-WHIPSAW,US,31.0,37.425,74.85,29495.25,29570.1,74.85,148.2,TARGET,31.4,166.5
1784141160,2026-07-15,-1,15.45,0.7283950617283951,-2.1615785325784302,CLEAN-TREND,US,-88.5,23.174999999999997,46.349999999999994,29636.25,29659.75,-23.5,-48.5,STOP,2.2,47.25
1784141400,2026-07-15,-1,16.85,0.5357142857142857,-2.376635428707253,CLEAN-TREND,US,-67.5,25.275000000000002,50.550000000000004,29644.75,29594.2,50.55,99.6,TARGET,29.3,55.75
1784143800,2026-07-15,1,15.416666666666666,0.1923076923076923,2.3916457600185552,VIOLENT-WHIPSAW,US,22.5,23.125,46.25,29660.75,29637.25,-23.5,-48.5,STOP,1.5,76.75
1784145000,2026-07-15,1,15.433333333333334,0.3254156769596199,3.772743534965989,BUILDING,US,34.25,23.15,46.3,29668.25,29714.55,46.3,91.1,TARGET,9.7,69.25
1784146140,2026-07-15,-1,17.35,0.0992063492063492,-2.0155044543178517,VIOLENT-WHIPSAW,OVERNIGHT,12.5,26.025000000000002,52.050000000000004,29691.25,29717.75,-26.5,-54.5,STOP,10.7,4.5
1784153640,2026-07-15,-1,10.566666666666666,,-2.192521716964793,UNKNOWN,OVERNIGHT,0.0,15.85,31.7,29728.5,29696.8,31.7,61.9,TARGET,21.3,50.75
1784156040,2026-07-15,1,9.5,0.0038610038610038,9.610538012297576,DEAD-CHOP,OVERNIGHT,0.25,14.25,28.5,29690.75,29719.25,28.5,55.5,TARGET,2.0,46.25
1784157480,2026-07-15,-1,9.45,0.3445945945945945,-3.082109353717569,BUILDING,OVERNIGHT,-25.5,14.174999999999999,28.349999999999998,29701.75,29716.25,-14.5,-30.5,STOP,2.3,19.5
1784158980,2026-07-15,1,7.566666666666666,0.0855018587360594,2.432430845738521,DEAD-CHOP,OVERNIGHT,-5.75,11.35,22.7,29715.0,29703.25,-11.75,-25.0,STOP,5.1,50.25
1784160120,2026-07-16,1,13.633333333333333,0.2892156862745098,3.9265475120346633,BUILDING,OVERNIGHT,29.5,20.45,40.9,29737.75,29716.75,-21.0,-43.5,STOP,13.6,27.5
1784161560,2026-07-16,-1,17.05,0.3777777777777777,-2.974051423321342,BUILDING,OVERNIGHT,-51.0,25.575000000000003,51.150000000000006,29676.5,29625.35,51.15,100.8,TARGET,18.0,74.75
1784163600,2026-07-16,1,16.466666666666665,0.2394366197183098,2.431223874220005,BUILDING,OVERNIGHT,29.75,24.699999999999996,49.39999999999999,29653.75,29628.75,-25.0,-51.5,STOP,11.2,32.75
1784168100,2026-07-16,1,10.883333333333333,0.0308641975308641,2.6380542686700865,NORMAL-CHOP,OVERNIGHT,2.5,16.325,32.65,29645.25,29677.9,32.65,63.8,TARGET,6.9,107.25
1784169720,2026-07-16,-1,9.6,0.0678733031674208,-3.105966223271809,DEAD-CHOP,OVERNIGHT,-3.75,14.399999999999999,28.799999999999997,29685.75,29700.5,-14.75,-31.0,STOP,6.4,13.75
1784172120,2026-07-16,1,8.6,0.1774193548387097,2.362390348840845,DEAD-CHOP,OVERNIGHT,-11.0,12.899999999999999,25.799999999999997,29729.5,29716.25,-13.25,-28.0,STOP,1.1,26.5
1784173500,2026-07-16,-1,10.466666666666669,0.2781456953642384,-4.225871057699554,BUILDING,OVERNIGHT,-21.0,15.700000000000003,31.400000000000006,29712.5,29728.75,-16.25,-34.0,STOP,8.2,16.75
1784175240,2026-07-16,-1,8.85,0.1729323308270676,-2.1008533240446656,DEAD-CHOP,OVERNIGHT,11.5,13.274999999999999,26.549999999999997,29754.75,29728.2,26.55,51.6,TARGET,2.9,59.0
1784175660,2026-07-16,-1,10.183333333333334,0.27,-2.336405819531077,BUILDING,OVERNIGHT,-27.0,15.275,30.55,29714.0,29729.75,-15.75,-33.0,STOP,50.0,18.25
1784178780,2026-07-16,1,10.066666666666666,0.3865814696485623,2.054188143132702,BUILDING,OVERNIGHT,30.25,15.1,30.2,29741.75,29771.95,30.2,58.9,TARGET,11.6,54.75
1784179800,2026-07-16,1,11.433333333333334,0.2348284960422163,10.8519099864926,BUILDING,OVERNIGHT,22.25,17.15,34.3,29781.5,29764.0,-17.5,-36.5,STOP,0.6,3.0
1784180040,2026-07-16,-1,13.983333333333333,0.2747252747252747,-2.5149794225662103,BUILDING,OVERNIGHT,-37.5,20.974999999999998,41.949999999999996,29711.5,29669.55,41.95,82.4,TARGET,1.1,65.5
1784180580,2026-07-16,1,21.55,0.2434456928838951,2.2392889564481613,BUILDING,OVERNIGHT,-48.75,32.325,64.65,29709.75,29677.0,-32.75,-67.0,STOP,21.8,39.0
1784182080,2026-07-16,1,22.316666666666663,0.081351689612015,9.984480986095964,VIOLENT-WHIPSAW,OVERNIGHT,16.25,33.474999999999994,66.94999999999999,29709.5,29675.75,-33.75,-69.0,STOP,24.9,39.25
1784189460,2026-07-16,-1,15.7,0.4036511156186612,-2.096111034357409,CLEAN-TREND,PRE-OPEN,-49.75,23.549999999999997,47.099999999999994,29502.75,29527.0,-24.25,-50.0,STOP,8.3,24.75
1784195040,2026-07-16,-1,10.033333333333331,0.3774834437086092,-2.041514933063609,BUILDING,PRE-OPEN,-28.5,15.049999999999997,30.099999999999994,29584.25,29554.15,30.1,58.7,TARGET,11.7,74.25
1784195880,2026-07-16,1,12.933333333333334,0.6870026525198939,4.858481393051056,CLEAN-TREND,PRE-OPEN,-64.75,19.4,38.8,29535.5,29515.75,-19.75,-41.0,STOP,2.1,26.5
1784197800,2026-07-16,1,11.1,0.0027548209366391,3.506903921020762,NORMAL-CHOP,PRE-OPEN,0.25,16.65,33.3,29544.0,29527.0,-17.0,-35.5,STOP,7.4,11.75
1784199000,2026-07-16,-1,10.116666666666667,0.5058823529411764,-2.0406444132626795,BUILDING,PRE-OPEN,-32.25,15.175,30.35,29504.75,29520.25,-15.5,-32.5,STOP,1.9,151.25
1784200620,2026-07-16,1,14.05,0.2058111380145278,5.879477351226225,BUILDING,PRE-OPEN,-21.25,21.075000000000003,42.150000000000006,29468.0,29446.5,-21.5,-44.5,STOP,13.7,33.5
1784201520,2026-07-16,-1,13.65,0.1458333333333333,-2.111483146338714,NORMAL-CHOP,PRE-OPEN,-21.0,20.475,40.95,29446.5,29467.25,-20.75,-43.0,STOP,3.2,93.0
1784202540,2026-07-16,-1,19.98333333333333,0.4735294117647058,-44.40553465508359,CLEAN-TREND,PRE-OPEN,-80.5,29.974999999999994,59.94999999999999,29384.25,29414.75,-30.5,-62.5,STOP,0.8,21.0
1784208600,2026-07-16,1,18.48333333333333,0.4500941619585687,3.361712034897824,CLEAN-TREND,US,59.75,27.724999999999994,55.44999999999999,29507.75,29479.75,-28.0,-57.5,STOP,0.2,21.75
1784208840,2026-07-16,-1,28.75,0.1118279569892473,-2.6638973473670817,VIOLENT-WHIPSAW,US,-26.0,43.125,86.25,29431.75,29345.5,86.25,171.0,TARGET,7.0,174.0
1784209680,2026-07-16,-1,43.41666666666666,0.6815286624203821,-3.193167636170901,CLEAN-TREND,US,-187.25,65.12499999999999,130.24999999999997,29284.0,29349.5,-65.5,-132.5,STOP,3.6,26.25
1784210100,2026-07-16,-1,42.766666666666666,0.4176706827309236,-2.7188211555014625,CLEAN-TREND,US,-104.0,64.15,128.3,29294.25,29358.75,-64.5,-130.5,STOP,1.1,5.0
1784210700,2026-07-16,1,44.11666666666667,0.458008658008658,3.142861636083101,CLEAN-TREND,US,132.25,66.175,132.35,29426.25,29401.25,-25.0,-51.5,TIME,60.0,82.75
1784215500,2026-07-16,1,25.25,0.1948717948717948,2.08965789650454,VIOLENT-WHIPSAW,US,38.0,37.875,75.75,29425.25,29387.0,-38.25,-78.0,STOP,2.8,41.0
1784216460,2026-07-16,-1,27.916666666666668,0.1912168344007319,-2.5239083984392527,VIOLENT-WHIPSAW,US,-52.25,41.875,83.75,29391.0,29433.25,-42.25,-86.0,STOP,10.7,128.0
1784221200,2026-07-16,-1,21.1,0.0774410774410774,-2.111364786742416,VIOLENT-WHIPSAW,US,11.5,31.650000000000002,63.300000000000004,29295.0,29327.0,-32.0,-65.5,STOP,7.6,75.75
1784223600,2026-07-16,-1,19.45,0.2145110410094637,-7.03097084931461,BUILDING,US,-34.0,29.174999999999997,58.349999999999994,29252.25,29281.75,-29.5,-60.5,STOP,39.3,54.5
1784227200,2026-07-16,-1,19.216666666666665,0.4990791896869245,-4.42535386220839,CLEAN-TREND,US,-67.75,28.824999999999996,57.64999999999999,29205.5,29234.75,-29.25,-60.0,STOP,2.1,88.25
1784228820,2026-07-16,-1,20.216666666666665,0.1850828729281768,-2.858867286139986,VIOLENT-WHIPSAW,US,-33.5,30.324999999999996,60.64999999999999,29192.25,29131.6,60.65,119.8,TARGET,18.2,113.25
1784231400,2026-07-16,1,21.183333333333334,0.0105263157894736,6.091736577033033,VIOLENT-WHIPSAW,US,2.0,31.775,63.55,29135.25,29198.8,63.55,125.6,TARGET,4.0,99.75
1784241840,2026-07-16,1,9.783333333333331,0.1164179104477611,4.533212517654135,DEAD-CHOP,OVERNIGHT,9.75,14.674999999999997,29.349999999999994,29149.0,29134.0,-15.0,-31.5,STOP,3.3,2.75
1784244360,2026-07-16,-1,8.816666666666666,0.3380782918149466,-4.188553144611033,BUILDING,OVERNIGHT,-23.75,13.225,26.45,29088.0,29101.5,-13.5,-28.5,STOP,0.4,63.75
1784244720,2026-07-16,-1,10.066666666666666,0.627906976744186,-2.283597944141704,BUILDING,OVERNIGHT,-47.25,15.1,30.2,29071.5,29087.0,-15.5,-32.5,STOP,1.5,65.5
1784245200,2026-07-16,1,14.633333333333333,0.2885375494071146,2.9667348360457293,BUILDING,OVERNIGHT,36.5,21.95,43.9,29125.25,29090.25,-35.0,-71.5,STOP,4.7,0.75
1784246400,2026-07-17,1,14.833333333333334,0.2219679633867277,2.098308793058368,BUILDING,OVERNIGHT,24.25,22.25,44.5,29121.0,29098.0,-23.0,-47.5,STOP,0.9,3.0
1784246820,2026-07-17,-1,17.95,0.3087719298245614,-2.139846184620083,BUILDING,OVERNIGHT,-44.0,26.924999999999997,53.849999999999994,29060.5,29006.65,53.85,106.2,TARGET,23.1,67.0
1784248500,2026-07-17,-1,16.0,0.4942528735632184,-6.146104493267684,CLEAN-TREND,OVERNIGHT,-53.75,24.0,48.0,29001.5,29025.75,-24.25,-50.0,STOP,8.7,18.75
1784249400,2026-07-17,1,14.0,0.4615384615384615,2.5325388894893752,CLEAN-TREND,OVERNIGHT,51.0,21.0,42.0,29053.5,29095.5,42.0,82.5,TARGET,11.3,53.0
1784251980,2026-07-17,-1,15.333333333333334,0.2757009345794392,-4.244520998894869,BUILDING,OVERNIGHT,-29.5,23.0,46.0,28998.5,28952.5,46.0,90.5,TARGET,13.5,83.5
1784254680,2026-07-17,-1,10.816666666666666,0.4501718213058419,-2.807749432122064,BUILDING,OVERNIGHT,-32.75,16.225,32.45,28946.25,28913.8,32.45,63.4,TARGET,15.1,52.5
1784256180,2026-07-17,1,11.85,0.004524886877828,6.2554172381667135,NORMAL-CHOP,OVERNIGHT,-0.5,17.775,35.55,28936.75,28918.5,-18.25,-38.0,STOP,2.4,89.75
1784256900,2026-07-17,-1,12.466666666666669,0.1650485436893204,-3.1470130637149154,NORMAL-CHOP,OVERNIGHT,-17.0,18.700000000000003,37.400000000000006,28907.75,28926.75,-19.0,-39.5,STOP,2.1,1.75
1784258520,2026-07-17,1,9.083333333333334,0.9242424242424242,4.598763391605279,BUILDING,OVERNIGHT,61.0,13.625,27.25,29015.25,29001.25,-14.0,-29.5,STOP,1.6,11.25
1784259600,2026-07-17,-1,13.25,0.3953488372093023,-2.342560804551076,BUILDING,OVERNIGHT,-46.75,19.875,39.75,28955.5,28915.75,39.75,78.0,TARGET,15.2,181.75
1784263260,2026-07-17,1,14.583333333333334,0.320754716981132,2.938480172384284,BUILDING,OVERNIGHT,-29.75,21.875,43.75,28792.75,28836.5,43.75,86.0,TARGET,10.9,48.5
1784264220,2026-07-17,-1,12.066666666666666,0.0539956803455723,-3.063416841350603,NORMAL-CHOP,OVERNIGHT,6.25,18.1,36.2,28813.5,28777.3,36.2,70.9,TARGET,36.2,87.0
1784266620,2026-07-17,-1,15.066666666666666,0.5663956639566395,-2.5228777950950705,CLEAN-TREND,OVERNIGHT,-52.25,22.6,45.2,28744.5,28767.75,-23.25,-48.0,STOP,11.3,22.5
1784268360,2026-07-17,-1,15.133333333333333,0.0041493775933609,-2.2477708451235388,NORMAL-CHOP,OVERNIGHT,-0.5,22.7,45.4,28748.75,28771.75,-23.0,-47.5,STOP,10.0,26.75
1784272260,2026-07-17,-1,15.483333333333333,0.0603015075376884,-2.512895191477849,VIOLENT-WHIPSAW,PRE-OPEN,-6.0,23.224999999999998,46.449999999999996,28732.0,28755.5,-23.5,-48.5,STOP,3.0,65.0
1784272980,2026-07-17,1,15.216666666666669,0.1246819338422391,2.133068143168709,NORMAL-CHOP,PRE-OPEN,-12.25,22.825000000000003,45.650000000000006,28724.5,28701.25,-23.25,-48.0,STOP,19.1,35.25
1784274300,2026-07-17,-1,14.016666666666667,0.5989010989010989,-7.309635507785607,CLEAN-TREND,PRE-OPEN,-54.5,21.025000000000002,42.050000000000004,28698.5,28720.0,-21.5,-44.5,STOP,10.1,143.75
1784275200,2026-07-17,1,15.55,0.005524861878453,3.299355295098285,VIOLENT-WHIPSAW,PRE-OPEN,0.5,23.325000000000003,46.650000000000006,28698.75,28675.0,-23.75,-49.0,STOP,9.7,36.75
1784276280,2026-07-17,1,22.0,0.4671445639187574,2.9248883081693564,CLEAN-TREND,PRE-OPEN,-97.75,33.0,66.0,28604.5,28571.25,-33.25,-68.0,STOP,19.4,71.75
1784281140,2026-07-17,1,13.433333333333334,0.3611111111111111,2.2878963211290166,BUILDING,PRE-OPEN,39.0,20.15,40.3,28707.25,28685.75,-21.5,-44.5,STOP,1.7,114.75
1784283120,2026-07-17,1,15.85,0.3861386138613861,3.8906993450836262,BUILDING,PRE-OPEN,29.25,23.775,47.55,28737.5,28785.05,47.55,93.6,TARGET,3.2,88.5
1784283960,2026-07-17,-1,17.6,0.0352941176470588,-2.9835549301483653,VIOLENT-WHIPSAW,PRE-OPEN,4.5,26.400000000000002,52.800000000000004,28750.25,28777.0,-26.75,-55.0,STOP,2.4,21.75
1784284860,2026-07-17,1,13.383333333333333,0.6490384615384616,2.0509585798434773,CLEAN-TREND,PRE-OPEN,67.5,20.075,40.15,28817.0,28796.5,-20.5,-42.5,STOP,2.7,1.25
1784286840,2026-07-17,-1,15.783333333333331,0.1666666666666666,-2.012947381633303,VIOLENT-WHIPSAW,PRE-OPEN,-24.0,23.674999999999997,47.349999999999994,28758.75,28711.4,47.35,93.2,TARGET,48.4,83.25
1784290320,2026-07-17,-1,13.516666666666667,0.4844868735083532,-4.1576456832226825,CLEAN-TREND,PRE-OPEN,-50.75,20.275000000000002,40.550000000000004,28688.5,28647.95,40.55,79.6,TARGET,37.0,66.75
1784292900,2026-07-17,1,13.583333333333334,0.0962099125364431,2.624485825372052,NORMAL-CHOP,PRE-OPEN,8.25,20.375,40.75,28670.5,28649.75,-20.75,-43.0,STOP,4.4,15.75
1784293680,2026-07-17,1,13.416666666666666,0.5807560137457045,2.5854553976383983,CLEAN-TREND,PRE-OPEN,-42.25,20.125,40.25,28629.5,28609.0,-20.5,-42.5,STOP,13.5,183.75
1784294700,2026-07-17,1,13.866666666666667,0.0988505747126436,8.375915428244559,NORMAL-CHOP,PRE-OPEN,10.75,20.8,41.6,28640.5,28619.25,-21.25,-44.0,STOP,1.7,247.0
1784295000,2026-07-17,1,23.9,0.1083123425692695,9.966149861418309,VIOLENT-WHIPSAW,US,21.5,35.849999999999994,71.69999999999999,28645.5,28609.25,-36.25,-74.0,STOP,2.3,242.0
1784295600,2026-07-17,1,43.56666666666667,0.4510344827586207,4.449382440336964,CLEAN-TREND,US,-163.5,65.35000000000001,130.70000000000002,28475.75,28410.0,-65.75,-133.0,STOP,3.1,420.25
1784295900,2026-07-17,1,44.66666666666666,0.5580898075552387,2.114454656729349,CLEAN-TREND,US,-195.75,66.99999999999999,133.99999999999997,28449.0,28583.0,134.0,266.5,TARGET,7.5,447.0
1784296800,2026-07-17,1,44.16666666666666,0.9180457052797478,3.796598199075098,CLEAN-TREND,US,291.25,66.24999999999999,132.49999999999997,28737.0,28869.5,132.5,263.5,TARGET,16.1,159.0
1784298900,2026-07-17,1,38.53333333333333,0.0454545454545454,3.636213106570746,VIOLENT-WHIPSAW,US,11.5,57.8,115.6,28844.5,28786.25,-58.25,-118.0,STOP,10.1,51.5
1784299620,2026-07-17,1,37.95,0.2359963269054178,2.75421390303882,BUILDING,US,64.25,56.925000000000004,113.85000000000001,28839.0,28781.75,-57.25,-116.0,STOP,2.0,6.75
1784304060,2026-07-17,-1,27.4,0.2691315563198624,-3.023165084981692,BUILDING,US,78.25,41.099999999999994,82.19999999999999,28887.75,28929.25,-41.5,-84.5,STOP,8.2,42.25
1784307060,2026-07-17,1,22.15,0.5270655270655271,3.1388860889138472,CLEAN-TREND,US,92.5,33.224999999999994,66.44999999999999,29020.5,28987.0,-33.5,-68.5,STOP,4.1,26.5
1784312580,2026-07-17,1,17.833333333333332,0.2433734939759036,2.389888688706621,BUILDING,US,-25.25,26.75,53.5,28856.5,28829.5,-27.0,-55.5,STOP,1.7,34.75
1784313000,2026-07-17,1,19.55,0.1403812824956672,3.0036902783038477,VIOLENT-WHIPSAW,US,20.25,29.325000000000003,58.650000000000006,28875.25,28845.5,-29.75,-61.0,STOP,1.8,11.0
1784313600,2026-07-17,-1,21.166666666666668,0.0590277777777777,-2.501198220554045,VIOLENT-WHIPSAW,US,-8.5,31.75,63.5,28818.0,28850.0,-32.0,-65.5,STOP,7.0,99.5
1784314800,2026-07-17,-1,19.73333333333333,0.2721202003338898,-3.162789481064633,BUILDING,US,40.75,29.599999999999994,59.19999999999999,28852.75,28793.55,59.2,116.9,TARGET,10.4,134.25
1784315640,2026-07-17,1,18.08333333333333,0.7294332723948812,3.369449346123264,CLEAN-TREND,US,-99.75,27.124999999999993,54.249999999999986,28762.0,28734.5,-27.5,-56.5,STOP,2.2,91.75
1784316480,2026-07-17,1,20.65,0.09375,2.3061868394893805,VIOLENT-WHIPSAW,US,16.5,30.974999999999998,61.949999999999996,28791.25,28760.0,-31.25,-64.0,STOP,11.1,62.5
1784317560,2026-07-17,-1,24.75,0.1326053042121684,-2.9668397709380234,VIOLENT-WHIPSAW,US,-21.25,37.125,74.25,28798.25,28835.75,-37.5,-76.5,STOP,3.0,85.75
1784318040,2026-07-17,-1,25.466666666666665,0.4536585365853658,-2.7621976605401968,CLEAN-TREND,US,69.75,38.199999999999996,76.39999999999999,28837.75,28761.35,76.4,151.3,TARGET,4.9,125.25
1784856900,2026-07-24,-1,17.033333333333335,0.0881801125703564,-2.2648221462368854,VIOLENT-WHIPSAW,OVERNIGHT,11.75,25.550000000000004,51.10000000000001,28675.5,28624.4,51.1,100.7,TARGET,21.0,115.25
1784858280,2026-07-24,-1,12.983333333333333,0.6051948051948052,-2.638071909898124,CLEAN-TREND,OVERNIGHT,-58.25,19.474999999999998,38.949999999999996,28617.0,28578.05,38.95,76.4,TARGET,34.2,100.75
1784861280,2026-07-24,-1,11.233333333333333,0.4551282051282051,-2.458678698492433,BUILDING,OVERNIGHT,-35.5,16.849999999999998,33.699999999999996,28535.75,28553.0,-17.25,-36.0,STOP,27.9,42.0
1784863140,2026-07-24,-1,12.683333333333334,0.0617977528089887,-3.485174036150522,NORMAL-CHOP,OVERNIGHT,-5.5,19.025,38.05,28531.25,28550.75,-19.5,-40.5,STOP,7.4,65.0
1784864160,2026-07-24,-1,14.266666666666667,0.1750741839762611,-2.242298058927892,NORMAL-CHOP,OVERNIGHT,-14.75,21.400000000000002,42.800000000000004,28518.5,28475.7,42.8,84.1,TARGET,23.6,52.25
1784865780,2026-07-24,1,9.633333333333333,0.5278969957081545,2.0059812555789027,BUILDING,OVERNIGHT,-30.75,14.45,28.9,28477.75,28506.65,28.9,56.3,TARGET,3.7,98.0
1784869020,2026-07-24,-1,12.116666666666667,0.5561959654178674,-2.652586213442522,BUILDING,OVERNIGHT,48.25,18.175,36.35,28569.25,28587.75,-18.5,-38.5,STOP,9.2,25.75
1784873520,2026-07-24,-1,9.833333333333334,0.4693877551020408,-2.023224126600798,BUILDING,OVERNIGHT,-28.75,14.75,29.5,28517.0,28532.0,-15.0,-31.5,STOP,6.1,35.5
1784874000,2026-07-24,1,11.866666666666667,0.3812154696132597,2.0149741617557693,BUILDING,OVERNIGHT,34.5,17.8,35.6,28555.75,28537.5,-18.25,-38.0,STOP,7.5,100.75
1784876460,2026-07-24,1,12.816666666666666,0.4952561669829222,2.0868240729810634,CLEAN-TREND,PRE-OPEN,65.25,19.225,38.45,28563.75,28602.2,38.45,75.4,TARGET,8.0,99.75
1784877120,2026-07-24,1,14.8,0.8089668615984406,2.316279209727782,CLEAN-TREND,PRE-OPEN,103.75,22.200000000000003,44.400000000000006,28624.25,28601.75,-22.5,-46.5,STOP,49.1,39.25
1784880180,2026-07-24,-1,10.2,0.2979591836734694,-2.7418990720682905,BUILDING,PRE-OPEN,-18.25,15.299999999999999,30.599999999999998,28602.75,28572.15,30.6,59.7,TARGET,7.0,45.75
1784881140,2026-07-24,-1,14.216666666666669,0.0111358574610244,-2.2246804035641614,NORMAL-CHOP,PRE-OPEN,1.25,21.325000000000003,42.650000000000006,28593.75,28615.5,-21.75,-45.0,STOP,9.2,12.75
1784883300,2026-07-24,1,10.083333333333334,0.0,2.0440499552160456,DEAD-CHOP,PRE-OPEN,0.0,15.125,30.25,28630.0,28614.5,-15.5,-32.5,STOP,2.6,72.75
1784884140,2026-07-24,1,14.166666666666666,0.4015151515151515,4.821786428419242,CLEAN-TREND,PRE-OPEN,53.0,21.25,42.5,28677.5,28656.0,-21.5,-44.5,STOP,2.2,28.25
1784885100,2026-07-24,1,12.966666666666669,0.0118577075098814,2.16368576587975,NORMAL-CHOP,PRE-OPEN,-1.5,19.450000000000003,38.900000000000006,28672.75,28658.25,-14.5,-30.5,TIME,60.0,33.0
1784890260,2026-07-24,-1,9.25,0.2907801418439716,-3.022810640228145,BUILDING,PRE-OPEN,-20.5,13.875,27.75,28635.75,28650.0,-14.25,-30.0,STOP,6.4,33.5
1784890860,2026-07-24,-1,10.4,0.0033898305084745,-2.662698792701527,NORMAL-CHOP,PRE-OPEN,0.25,15.600000000000001,31.200000000000003,28649.5,28665.5,-16.0,-33.5,STOP,5.3,48.5
1784891700,2026-07-24,1,10.316666666666666,0.1836734693877551,2.183654368975465,NORMAL-CHOP,PRE-OPEN,13.5,15.475,30.95,28653.0,28637.25,-15.75,-33.0,STOP,11.1,46.0
1784892660,2026-07-24,-1,10.783333333333331,0.2831325301204819,-3.500137831640094,BUILDING,PRE-OPEN,-23.5,16.174999999999997,32.349999999999994,28629.25,28646.0,-16.75,-35.0,STOP,5.0,28.25
1784893020,2026-07-24,1,12.083333333333334,0.1062801932367149,2.5506700363947457,NORMAL-CHOP,PRE-OPEN,-11.0,18.125,36.25,28629.5,28611.0,-18.5,-38.5,STOP,9.5,69.5
1784893740,2026-07-24,-1,11.583333333333334,0.0909090909090909,-2.24137010707349,NORMAL-CHOP,PRE-OPEN,-10.0,17.375,34.75,28615.25,28633.0,-17.75,-37.0,STOP,8.6,14.25
1784894340,2026-07-24,1,15.766666666666667,0.4214046822742475,2.184009565648344,CLEAN-TREND,PRE-OPEN,63.0,23.650000000000002,47.300000000000004,28679.0,28655.0,-24.0,-49.5,STOP,1.2,16.25
1784895480,2026-07-24,1,15.066666666666666,0.3925925925925926,2.0663282625660333,BUILDING,PRE-OPEN,53.0,22.6,45.2,28693.75,28670.75,-23.0,-47.5,STOP,1.5,1.25
1784895900,2026-07-24,-1,14.683333333333334,0.1150895140664961,-11.065566316778476,NORMAL-CHOP,PRE-OPEN,11.25,22.025,44.05,28679.5,28635.45,44.05,86.6,TARGET,15.4,107.75
1784899020,2026-07-24,1,10.733333333333333,0.0967741935483871,3.281429407773976,NORMAL-CHOP,PRE-OPEN,8.25,16.099999999999998,32.199999999999996,28605.5,28589.0,-16.5,-34.5,STOP,4.0,16.75
1784899500,2026-07-24,1,12.416666666666666,0.0967741935483871,2.630322154940898,NORMAL-CHOP,PRE-OPEN,9.0,18.625,37.25,28595.5,28576.5,-19.0,-39.5,STOP,1.7,26.75
1784899800,2026-07-24,1,17.883333333333333,0.4735042735042735,7.752014894676038,CLEAN-TREND,US,-69.25,26.825,53.65,28530.0,28502.75,-27.25,-56.0,STOP,0.4,92.25
1784899920,2026-07-24,-1,21.45,0.2904238618524333,-2.373670853325329,BUILDING,US,-46.25,32.175,64.35,28556.0,28588.5,-32.5,-66.5,STOP,1.4,257.0
1784900340,2026-07-24,-1,36.93333333333333,0.2684210526315789,-3.30805396109714,BUILDING,US,-76.5,55.39999999999999,110.79999999999998,28527.5,28416.7,110.8,220.1,TARGET,10.5,254.75
1784901780,2026-07-24,-1,42.18333333333333,0.2941176470588235,-2.336509157502923,BUILDING,US,-96.25,63.27499999999999,126.54999999999998,28363.25,28427.0,-63.75,-129.0,STOP,5.4,109.0
1784902440,2026-07-24,1,40.083333333333336,0.3611374407582938,2.509714032621456,BUILDING,US,95.25,60.125,120.25,28421.25,28360.75,-60.5,-122.5,STOP,1.4,88.75
1784903940,2026-07-24,-1,33.766666666666666,0.4165067178502879,-2.742578545041262,CLEAN-TREND,US,-108.5,50.65,101.3,28282.0,28333.0,-51.0,-103.5,STOP,10.2,27.75
1784905020,2026-07-24,1,34.9,0.4367726920093095,2.060111268425882,CLEAN-TREND,US,140.75,52.349999999999994,104.69999999999999,28415.75,28363.0,-52.75,-107.0,STOP,12.0,164.25
1784905800,2026-07-24,1,34.483333333333334,0.1622769753610875,5.147961468643185,VIOLENT-WHIPSAW,US,47.75,51.725,103.45,28423.5,28526.95,103.45,205.4,TARGET,4.1,207.75
1784907660,2026-07-24,-1,28.216666666666665,0.106060606060606,-2.144435730703456,VIOLENT-WHIPSAW,US,24.5,42.324999999999996,84.64999999999999,28533.25,28576.0,-42.75,-87.0,STOP,14.9,43.75
1784912760,2026-07-24,-1,18.85,0.1782477341389728,-2.66244531224268,VIOLENT-WHIPSAW,US,-14.75,28.275000000000002,56.550000000000004,28462.5,28491.25,-28.75,-59.0,STOP,13.2,35.5
1784914920,2026-07-24,-1,16.283333333333335,0.3688699360341151,-2.161472702781322,BUILDING,US,-43.25,24.425000000000004,48.85000000000001,28471.0,28495.75,-24.75,-51.0,STOP,8.0,212.0
1784917680,2026-07-24,1,15.133333333333333,0.9488636363636364,2.24014504504046,CLEAN-TREND,US,-83.5,22.7,45.4,28343.75,28320.75,-23.0,-47.5,STOP,2.3,11.25
1784917980,2026-07-24,-1,17.216666666666665,0.9322033898305084,-3.3350785611973683,CLEAN-TREND,US,-110.0,25.824999999999996,51.64999999999999,28305.75,28254.1,51.65,101.8,TARGET,33.4,93.25
1784920320,2026-07-24,1,22.066666666666663,0.5111111111111111,2.1138383000066456,CLEAN-TREND,US,-74.75,33.099999999999994,66.19999999999999,28238.5,28290.0,51.5,101.5,TIME,60.0,65.0
1785114780,2026-07-27,1,18.316666666666663,0.1923076923076923,2.213771445610271,VIOLENT-WHIPSAW,OVERNIGHT,-35.0,27.474999999999994,54.94999999999999,28574.25,28546.5,-27.75,-57.0,STOP,6.1,54.0
1785115740,2026-07-27,-1,16.55,0.3567839195979899,-2.5291946596863104,BUILDING,OVERNIGHT,-35.5,24.825000000000003,49.650000000000006,28538.5,28563.75,-25.25,-52.0,STOP,1.5,3.25
1785118740,2026-07-27,1,13.783333333333331,0.4645669291338583,2.0078096535705194,CLEAN-TREND,OVERNIGHT,29.5,20.674999999999997,41.349999999999994,28624.75,28603.75,-21.0,-43.5,STOP,49.7,33.5
1785123660,2026-07-27,1,10.85,0.0304568527918781,3.2973606007081733,NORMAL-CHOP,OVERNIGHT,-3.0,16.275,32.55,28627.5,28610.75,-16.75,-35.0,STOP,4.1,26.25
1785126840,2026-07-27,-1,10.8,0.0278637770897832,-2.264614699032217,NORMAL-CHOP,OVERNIGHT,2.25,16.200000000000003,32.400000000000006,28641.0,28657.5,-16.5,-34.5,STOP,19.1,7.5
1785129120,2026-07-27,-1,9.416666666666666,0.1968503937007874,-2.2963123099955443,DEAD-CHOP,OVERNIGHT,12.5,14.125,28.25,28666.5,28681.0,-14.5,-30.5,STOP,5.4,4.5
1785130500,2026-07-27,1,7.716666666666667,0.1634615384615384,4.157455571965926,DEAD-CHOP,OVERNIGHT,8.5,11.575,23.15,28691.75,28714.9,23.15,44.8,TARGET,27.2,36.75
1785138060,2026-07-27,-1,9.183333333333334,0.2251655629139073,-2.4244657733022894,BUILDING,PRE-OPEN,-17.0,13.775,27.55,28691.25,28663.7,27.55,53.6,TARGET,17.9,32.5
1785139200,2026-07-27,-1,11.033333333333331,0.2534818941504178,-5.632526033561625,BUILDING,PRE-OPEN,-22.75,16.549999999999997,33.099999999999994,28676.75,28693.75,-17.0,-35.5,STOP,2.0,4.25
1785140340,2026-07-27,1,11.083333333333334,0.1908396946564885,2.502492007176929,NORMAL-CHOP,PRE-OPEN,12.5,16.625,33.25,28697.0,28730.25,33.25,65.0,TARGET,22.2,52.0
1785144540,2026-07-27,-1,6.383333333333334,0.0253164556962025,-2.2352115620849173,DEAD-CHOP,PRE-OPEN,1.0,9.575000000000001,19.150000000000002,28725.75,28735.75,-10.0,-21.5,STOP,5.4,7.75
1785145080,2026-07-27,-1,8.733333333333333,0.0277777777777777,-5.618658795907796,DEAD-CHOP,PRE-OPEN,-2.0,13.099999999999998,26.199999999999996,28730.5,28744.0,-13.5,-28.5,STOP,5.0,3.75
1785145560,2026-07-27,1,8.316666666666666,0.3170731707317073,3.1253840193500264,BUILDING,PRE-OPEN,26.0,12.475,24.95,28751.0,28738.25,-12.75,-27.0,STOP,23.3,12.75
1785148200,2026-07-27,1,6.466666666666667,0.0062111801242236,2.474251418179636,DEAD-CHOP,PRE-OPEN,-0.25,9.7,19.4,28740.5,28730.5,-10.0,-21.5,STOP,29.8,18.25
1785150060,2026-07-27,-1,6.9,0.4368932038834951,-2.2623228417873773,BUILDING,PRE-OPEN,-22.5,10.350000000000001,20.700000000000003,28724.5,28703.8,20.7,39.9,TARGET,18.0,78.75
1785151560,2026-07-27,-1,8.816666666666666,0.5294117647058824,-2.33816852685194,BUILDING,PRE-OPEN,-38.25,13.225,26.45,28678.25,28651.8,26.45,51.4,TARGET,3.0,49.5
1785151800,2026-07-27,1,11.966666666666669,0.3263598326359833,2.2677574496391717,BUILDING,PRE-OPEN,-39.0,17.950000000000003,35.900000000000006,28673.25,28655.0,-18.25,-38.0,STOP,12.1,24.5
1785154380,2026-07-27,-1,10.616666666666667,0.3529411764705882,-4.141011484108428,BUILDING,PRE-OPEN,-33.0,15.925,31.85,28641.25,28657.5,-16.25,-34.0,STOP,16.2,12.5
1785155700,2026-07-27,1,11.283333333333331,0.1818181818181818,2.6425511199388008,NORMAL-CHOP,PRE-OPEN,16.0,16.924999999999997,33.849999999999994,28659.0,28692.85,33.85,66.2,TARGET,19.4,43.75
1785157200,2026-07-27,1,10.15,0.1761006289308176,3.018498038058365,DEAD-CHOP,PRE-OPEN,14.0,15.225000000000001,30.450000000000003,28683.5,28668.0,-15.5,-32.5,STOP,0.4,4.75
1785159000,2026-07-27,1,15.5,0.7981220657276995,2.545464822326224,CLEAN-TREND,US,-85.0,23.25,46.5,28580.75,28557.25,-23.5,-48.5,STOP,0.3,33.25
1785159120,2026-07-27,-1,21.7,0.9320388349514565,-5.502587523257418,CLEAN-TREND,US,-144.0,32.55,65.1,28520.75,28553.75,-33.0,-67.5,STOP,2.3,469.25
1785159360,2026-07-27,1,31.78333333333333,0.1928783382789317,2.398381440515468,VIOLENT-WHIPSAW,US,-48.75,47.675,95.35,28589.25,28541.25,-48.0,-97.5,STOP,2.1,19.25
1785159600,2026-07-27,-1,40.21666666666667,0.376061776061776,-3.285110691504096,BUILDING,US,-121.75,60.325,120.65,28504.5,28383.85,120.65,239.8,TARGET,17.0,518.5
1785160680,2026-07-27,-1,38.03333333333333,0.3582497721057429,-2.0560217284882274,BUILDING,US,-98.25,57.05,114.1,28346.0,28231.9,114.1,226.7,TARGET,12.4,407.5
1785161700,2026-07-27,1,39.53333333333333,0.3159968479117415,2.341504269331835,BUILDING,US,-100.25,59.3,118.6,28264.25,28204.5,-59.75,-121.0,STOP,7.6,21.75
1785162540,2026-07-27,-1,38.16666666666666,0.6053097345132743,-3.783783136963329,CLEAN-TREND,US,-171.0,57.249999999999986,114.49999999999997,28083.0,27968.5,114.5,227.5,TARGET,11.3,144.5
1785163500,2026-07-27,1,43.55,0.32,2.1433121754205176,BUILDING,US,-76.0,65.32499999999999,130.64999999999998,27996.25,28126.9,130.65,259.8,TARGET,7.0,202.5
1785164400,2026-07-27,-1,36.63333333333333,0.6838021338506305,-2.410509957626048,CLEAN-TREND,US,176.25,54.95,109.9,28173.5,28063.6,109.9,218.3,TARGET,17.3,193.25
1785169500,2026-07-27,1,30.883333333333333,0.1685185185185185,8.790696521360793,VIOLENT-WHIPSAW,US,45.5,46.325,92.65,28192.5,28145.75,-46.75,-95.0,STOP,3.5,12.0
1785177660,2026-07-27,1,19.58333333333333,0.1301482701812191,10.675008890792098,VIOLENT-WHIPSAW,US,-19.75,29.374999999999993,58.749999999999986,28062.25,28121.0,58.75,116.0,TARGET,10.5,192.75
1785181020,2026-07-27,-1,17.65,0.1638655462184874,-2.05730956074104,VIOLENT-WHIPSAW,US,-19.5,26.474999999999998,52.949999999999996,28203.25,28230.0,-26.75,-55.0,STOP,57.1,49.0
1785190800,2026-07-27,-1,8.683333333333334,0.5732217573221757,-3.90129673452268,BUILDING,OVERNIGHT,-34.25,13.025,26.05,28154.75,28128.7,26.05,50.6,TARGET,8.3,49.75
1785191760,2026-07-27,1,8.966666666666667,0.1891891891891892,3.972239462631295,DEAD-CHOP,OVERNIGHT,-12.25,13.45,26.9,28151.75,28138.0,-13.75,-29.0,STOP,0.5,11.75
1785192360,2026-07-27,1,8.933333333333334,0.104602510460251,2.6283889520114525,DEAD-CHOP,OVERNIGHT,-6.25,13.4,26.8,28131.25,28117.5,-13.75,-29.0,STOP,14.5,32.25
1785193500,2026-07-27,1,9.05,0.0129032258064516,3.473835087987241,DEAD-CHOP,OVERNIGHT,1.0,13.575000000000001,27.150000000000002,28137.0,28123.0,-14.0,-29.5,STOP,9.5,58.0
1785194400,2026-07-27,1,10.566666666666666,0.0320284697508896,4.015802846396733,NORMAL-CHOP,OVERNIGHT,2.25,15.85,31.7,28138.25,28122.0,-16.25,-34.0,STOP,28.0,56.75
1785196800,2026-07-28,-1,14.983333333333333,0.38544474393531,-3.700685015414365,BUILDING,OVERNIGHT,35.75,22.474999999999998,44.949999999999996,28170.75,28193.5,-22.75,-47.0,STOP,3.3,120.0
1785197100,2026-07-28,-1,19.183333333333334,0.0925925925925925,-3.0577409972814427,VIOLENT-WHIPSAW,OVERNIGHT,12.5,28.775,57.55,28142.25,28084.7,57.55,113.6,TARGET,16.7,104.25
1785198600,2026-07-28,1,20.066666666666663,0.3783783783783784,3.015099759604888,BUILDING,OVERNIGHT,-56.0,30.099999999999994,60.19999999999999,28074.5,28134.7,60.2,118.9,TARGET,4.8,65.25
1785199200,2026-07-28,1,21.98333333333333,0.0932203389830508,2.430241534061675,VIOLENT-WHIPSAW,OVERNIGHT,16.5,32.974999999999994,65.94999999999999,28110.5,28077.25,-33.25,-68.0,STOP,7.4,28.75
1785201060,2026-07-28,1,19.366666666666667,0.5193798449612403,2.283926811112639,CLEAN-TREND,OVERNIGHT,-67.0,29.05,58.1,28003.5,27974.0,-29.5,-60.5,STOP,0.8,93.5
1785201600,2026-07-28,1,16.916666666666668,0.2421441774491682,2.923097546208351,BUILDING,OVERNIGHT,-32.75,25.375,50.75,28011.25,28062.0,50.75,100.0,TARGET,7.2,85.75
1785204720,2026-07-28,-1,12.316666666666666,0.1586206896551724,-2.1791611097486663,NORMAL-CHOP,OVERNIGHT,-11.5,18.475,36.95,28004.25,28023.0,-18.75,-39.0,STOP,7.3,71.75
1785207000,2026-07-28,-1,14.216666666666669,0.0997150997150997,-3.6027507980542404,NORMAL-CHOP,OVERNIGHT,-8.75,21.325000000000003,42.650000000000006,27961.0,27982.75,-21.75,-45.0,STOP,0.6,28.5
1785207960,2026-07-28,-1,13.7,0.1373493975903614,-5.168721779778589,NORMAL-CHOP,OVERNIGHT,-14.25,20.549999999999997,41.099999999999994,27958.75,27979.75,-21.0,-43.5,STOP,8.8,26.25
1785209520,2026-07-28,-1,17.033333333333335,0.1654135338345864,-2.054869662376919,VIOLENT-WHIPSAW,OVERNIGHT,-22.0,25.550000000000004,51.10000000000001,27984.5,28010.5,-26.0,-53.5,STOP,0.3,22.5
1785210000,2026-07-28,1,17.616666666666667,0.1503875968992248,2.12490415729954,VIOLENT-WHIPSAW,OVERNIGHT,24.25,26.425,52.85,28056.75,28030.0,-26.75,-55.0,STOP,14.8,14.25
1785216120,2026-07-28,-1,10.133333333333333,0.4036363636363636,-2.4974233649674527,BUILDING,OVERNIGHT,-27.75,15.2,30.4,27931.75,27901.35,30.4,59.3,TARGET,8.2,92.5
1785216900,2026-07-28,-1,11.183333333333334,0.8321678321678322,-2.3295414641024133,BUILDING,OVERNIGHT,-59.5,16.775,33.55,27883.25,27900.5,-17.25,-36.0,STOP,1.3,44.0
1785218040,2026-07-28,-1,11.633333333333333,0.0222222222222222,-2.212647305171628,NORMAL-CHOP,OVERNIGHT,-2.0,17.45,34.9,27898.25,27863.35,34.9,68.3,TARGET,9.6,59.0
1785219180,2026-07-28,1,13.833333333333334,0.227621483375959,5.402095409729752,BUILDING,OVERNIGHT,-22.25,20.75,41.5,27853.25,27894.75,41.5,81.5,TARGET,14.4,127.5
1785225060,2026-07-28,1,13.95,0.1139240506329113,2.238372604315248,NORMAL-CHOP,PRE-OPEN,-13.5,20.924999999999997,41.849999999999994,27927.25,27906.0,-21.25,-44.0,STOP,8.4,125.5
1785225660,2026-07-28,1,17.066666666666666,0.0836653386454183,3.855014640919187,VIOLENT-WHIPSAW,PRE-OPEN,-10.5,25.6,51.2,27918.25,27892.25,-26.0,-53.5,STOP,8.0,134.5
1785226680,2026-07-28,-1,17.3,0.0627062706270627,-2.416498718465407,VIOLENT-WHIPSAW,PRE-OPEN,9.5,25.950000000000003,51.900000000000006,27944.5,27971.5,-27.0,-55.5,STOP,0.4,-0.25
1785234600,2026-07-28,-1,11.383333333333333,0.257985257985258,-7.143779552469451,BUILDING,PRE-OPEN,26.25,17.075,34.15,27975.0,27940.85,34.15,66.8,TARGET,4.2,110.25
1785235200,2026-07-28,-1,16.25,0.2129277566539923,-3.024027596441117,BUILDING,PRE-OPEN,-28.0,24.375,48.75,27911.25,27936.5,-25.25,-52.0,STOP,5.6,55.25
1785235980,2026-07-28,1,14.016666666666667,0.0381355932203389,2.0296876904298884,NORMAL-CHOP,PRE-OPEN,4.5,21.025000000000002,42.050000000000004,27942.0,27920.25,-21.75,-45.0,STOP,8.0,16.75
1785237300,2026-07-28,1,18.7,0.1322033898305084,7.820042126670762,VIOLENT-WHIPSAW,PRE-OPEN,-19.5,28.049999999999997,56.099999999999994,27917.75,27889.25,-28.5,-58.5,STOP,11.5,83.75
1785238560,2026-07-28,1,17.65,0.1185185185185185,8.771398489021628,VIOLENT-WHIPSAW,PRE-OPEN,-16.0,26.474999999999998,52.949999999999996,27911.5,27884.75,-26.75,-55.0,STOP,2.2,116.5
1785241620,2026-07-28,1,16.55,0.4632034632034632,2.6830335165310766,CLEAN-TREND,PRE-OPEN,53.5,24.825000000000003,49.650000000000006,28011.5,27986.25,-25.25,-52.0,STOP,6.1,22.5
1785242760,2026-07-28,1,19.95,0.1348314606741573,3.2553038601276825,VIOLENT-WHIPSAW,PRE-OPEN,18.0,29.924999999999997,59.849999999999994,28020.0,27989.75,-30.25,-62.0,STOP,3.8,8.5
1785245280,2026-07-28,-1,17.283333333333335,0.4046345811051693,-2.0145213207353256,CLEAN-TREND,PRE-OPEN,-56.75,25.925000000000004,51.85000000000001,27948.75,27975.0,-26.25,-54.0,STOP,1.0,345.5
1785245460,2026-07-28,1,24.416666666666668,0.4936386768447837,3.899248907695516,CLEAN-TREND,US,-97.0,36.625,73.25,27906.5,27869.5,-37.0,-75.5,STOP,4.4,19.75
1785246060,2026-07-28,1,43.03333333333333,0.5261044176706827,3.719516596101754,CLEAN-TREND,US,-163.75,64.55,129.1,27811.5,27746.5,-65.0,-131.5,STOP,1.2,4.5
1785246420,2026-07-28,-1,44.5,0.6040738383195416,-2.442859293061762,CLEAN-TREND,US,-237.25,66.75,133.5,27660.25,27727.25,-67.0,-135.5,STOP,0.8,57.0
1785246540,2026-07-28,1,47.18333333333333,0.2803071859572134,2.3137116271335776,BUILDING,US,-127.75,70.77499999999999,141.54999999999998,27753.75,27682.5,-71.25,-144.0,STOP,3.4,102.0
1785246900,2026-07-28,-1,50.766666666666666,0.3223529411764705,-3.02120532383849,BUILDING,US,-137.0,76.15,152.3,27675.75,27752.25,-76.5,-154.5,STOP,9.4,72.5
1785247560,2026-07-28,-1,49.05,0.1428571428571428,-2.153187017266046,VIOLENT-WHIPSAW,US,53.5,73.57499999999999,147.14999999999998,27779.75,27632.6,147.15,292.8,TARGET,7.1,176.5
1785248460,2026-07-28,1,45.53333333333333,0.2670419011882426,2.711137395637955,BUILDING,US,-106.75,68.3,136.6,27676.75,27813.35,136.6,271.7,TARGET,26.0,286.5
1785251340,2026-07-28,1,30.08333333333333,0.1332533013205282,2.075455384276803,VIOLENT-WHIPSAW,US,-27.75,45.12499999999999,90.24999999999999,27826.5,27916.75,90.25,179.0,TARGET,8.4,242.25
1785259140,2026-07-28,1,18.1,0.2824427480916031,2.200436375502252,BUILDING,US,-27.75,27.150000000000002,54.300000000000004,27992.75,27965.25,-27.5,-56.5,STOP,23.3,53.0
1785261240,2026-07-28,-1,18.8,0.3589315525876461,-2.0872793512896584,BUILDING,US,-53.75,28.200000000000003,56.400000000000006,27941.0,27969.5,-28.5,-58.5,STOP,4.4,29.0
1785261600,2026-07-28,1,19.716666666666665,0.2437223042836041,2.0564555314586555,BUILDING,US,41.25,29.574999999999996,59.14999999999999,27991.0,27961.0,-30.0,-61.5,STOP,1.0,8.25
1785266520,2026-07-28,1,16.0,0.1272727272727272,2.4916445338515167,VIOLENT-WHIPSAW,US,15.75,24.0,48.0,28008.5,27984.25,-24.25,-50.0,STOP,12.7,15.5
1785268440,2026-07-28,1,15.4,0.3460620525059666,4.067845156373374,BUILDING,US,36.25,23.1,46.2,27983.25,27959.75,-23.5,-48.5,STOP,0.0,8.5
1785268740,2026-07-28,1,19.766666666666666,0.2135922330097087,2.398926891142286,BUILDING,US,-33.0,29.65,59.3,27922.25,27892.25,-30.0,-61.5,STOP,6.5,69.5
1785276900,2026-07-28,1,12.75,0.0166666666666666,2.2856076649841675,NORMAL-CHOP,OVERNIGHT,1.5,19.125,38.25,27973.5,27954.0,-19.5,-40.5,STOP,2.2,-0.5
1785277560,2026-07-28,1,13.933333333333334,0.625,2.041817675574876,CLEAN-TREND,OVERNIGHT,-70.0,20.9,41.8,27924.75,27903.5,-21.25,-44.0,STOP,5.2,19.25
1785278280,2026-07-28,-1,16.116666666666667,0.2962226640159046,-5.253029661812014,BUILDING,OVERNIGHT,-37.25,24.175,48.35,27877.75,27829.4,48.35,95.2,TARGET,7.9,146.25
1785278880,2026-07-28,1,17.883333333333333,0.3710879284649776,2.828208769397926,BUILDING,OVERNIGHT,-62.25,26.825,53.65,27831.25,27804.0,-27.25,-56.0,STOP,4.3,217.5
1785279540,2026-07-28,-1,20.23333333333333,0.6122448979591837,-2.116715616254305,CLEAN-TREND,OVERNIGHT,-105.0,30.349999999999994,60.69999999999999,27757.5,27788.25,-30.75,-63.0,STOP,5.1,26.0
1785280380,2026-07-28,-1,26.48333333333333,0.2299349240780911,-2.278096332960831,BUILDING,OVERNIGHT,53.0,39.724999999999994,79.44999999999999,27827.5,27867.5,-40.0,-81.5,STOP,8.2,18.75
1785283020,2026-07-28,-1,30.866666666666667,0.6721030042918454,-2.1830511232414924,CLEAN-TREND,OVERNIGHT,195.75,46.3,92.6,28093.75,28140.5,-46.75,-95.0,STOP,3.9,75.25
1785283320,2026-07-29,1,28.65,0.4588235294117647,2.628763262356856,CLEAN-TREND,OVERNIGHT,97.5,42.974999999999994,85.94999999999999,28139.0,28095.75,-43.25,-88.0,STOP,21.7,29.75
1785284940,2026-07-29,1,26.28333333333333,0.3819742489270386,2.050270115340849,BUILDING,OVERNIGHT,-66.75,39.425,78.85,28076.5,28036.75,-39.75,-81.0,STOP,1.4,8.75
1785286680,2026-07-29,-1,20.6,0.3821656050955414,-3.068653085662034,BUILDING,OVERNIGHT,-60.0,30.900000000000002,61.800000000000004,28011.75,27949.95,61.8,122.1,TARGET,12.1,226.5
1785289860,2026-07-29,-1,22.116666666666667,0.5868945868945868,-2.093390911495988,CLEAN-TREND,OVERNIGHT,-103.0,33.175,66.35,27839.5,27773.15,66.35,131.2,TARGET,8.3,69.5
1785292560,2026-07-29,1,21.516666666666666,0.1398963730569948,2.36050148216812,VIOLENT-WHIPSAW,OVERNIGHT,20.25,32.275,64.55,27870.25,27837.5,-32.75,-67.0,STOP,16.6,34.5
1785294360,2026-07-29,1,16.183333333333334,0.3309352517985611,2.313766223360928,BUILDING,OVERNIGHT,-46.0,24.275,48.55,27820.25,27868.8,48.55,95.6,TARGET,2.4,61.75
1785296040,2026-07-29,1,17.516666666666666,0.2631578947368421,2.168943548455448,BUILDING,OVERNIGHT,-32.5,26.275,52.55,27782.75,27756.0,-26.75,-55.0,STOP,4.4,10.5
1785297060,2026-07-29,-1,17.1,0.4188562596599691,-6.380751840239307,CLEAN-TREND,OVERNIGHT,-67.75,25.650000000000002,51.300000000000004,27722.0,27670.7,51.3,101.1,TARGET,23.8,81.5
1785298980,2026-07-29,-1,20.53333333333333,0.0244604316546762,-2.13619119442414,VIOLENT-WHIPSAW,OVERNIGHT,-4.25,30.799999999999997,61.599999999999994,27694.25,27725.5,-31.25,-64.0,STOP,28.5,53.75
1785301620,2026-07-29,1,21.816666666666663,0.4894217207334274,2.275359085630754,CLEAN-TREND,OVERNIGHT,86.75,32.724999999999994,65.44999999999999,27806.0,27773.0,-33.0,-67.5,STOP,12.3,48.75
1785303360,2026-07-29,1,18.866666666666667,0.4904458598726114,2.051981724509214,CLEAN-TREND,OVERNIGHT,57.75,28.3,56.6,27841.0,27812.25,-28.75,-59.0,STOP,15.0,46.25
1785306540,2026-07-29,-1,17.4,0.3344887348353553,-2.6147147560431647,BUILDING,OVERNIGHT,48.25,26.099999999999998,52.199999999999996,27809.5,27836.0,-26.5,-54.5,STOP,0.5,0.5
1785313800,2026-07-29,1,15.8,0.002004008016032,2.333798103862192,VIOLENT-WHIPSAW,PRE-OPEN,0.25,23.700000000000003,47.400000000000006,27859.25,27906.65,47.4,93.3,TARGET,1.6,128.5
1785314700,2026-07-29,-1,15.933333333333334,0.5412474849094567,-2.8388970857682505,CLEAN-TREND,PRE-OPEN,67.25,23.9,47.8,27922.75,27947.0,-24.25,-50.0,STOP,20.6,27.0
1785317940,2026-07-29,1,13.2,0.080091533180778,4.331791586601724,NORMAL-CHOP,PRE-OPEN,8.75,19.799999999999997,39.599999999999994,27978.25,28017.85,39.6,77.7,TARGET,7.5,81.75
1785318900,2026-07-29,1,13.966666666666669,0.2149532710280373,3.321279836243656,BUILDING,PRE-OPEN,23.0,20.950000000000003,41.900000000000006,28018.25,27997.0,-21.25,-44.0,STOP,29.3,27.75
1785321420,2026-07-29,-1,13.133333333333333,0.4334975369458128,-2.227007168797229,CLEAN-TREND,PRE-OPEN,-44.0,19.7,39.4,27969.5,27930.1,39.4,77.3,TARGET,28.6,41.0
1785327240,2026-07-29,-1,15.533333333333331,0.4517958412098298,-5.124923507024557,CLEAN-TREND,PRE-OPEN,-59.75,23.299999999999997,46.599999999999994,27940.75,27894.15,46.6,91.7,TARGET,1.5,96.0
1785327480,2026-07-29,-1,21.45,0.4733893557422969,-2.4101187005052047,CLEAN-TREND,PRE-OPEN,-84.5,32.175,64.35,27896.0,27928.5,-32.5,-66.5,STOP,30.2,51.25
1785329700,2026-07-29,1,12.066666666666666,0.5075987841945289,2.192385857033565,BUILDING,PRE-OPEN,41.75,18.1,36.2,27927.25,27908.75,-18.5,-38.5,STOP,1.9,69.75
1785331140,2026-07-29,1,12.1,0.1394658753709199,2.830139404438892,NORMAL-CHOP,PRE-OPEN,-11.75,18.15,36.3,27868.75,27905.05,36.3,71.1,TARGET,5.0,128.25
1785331620,2026-07-29,-1,17.083333333333332,0.2384769539078156,-5.006832706568949,BUILDING,PRE-OPEN,29.75,25.625,51.25,27913.0,27939.0,-26.0,-53.5,STOP,2.2,374.5
1785331920,2026-07-29,1,29.466666666666665,0.1336787564766839,5.663477724216232,VIOLENT-WHIPSAW,US,32.25,44.199999999999996,88.39999999999999,27903.75,27992.15,88.4,175.3,TARGET,2.5,93.25
1785332160,2026-07-29,-1,38.91666666666666,0.1650485436893204,-3.19561736148473,VIOLENT-WHIPSAW,US,55.25,58.374999999999986,116.74999999999997,27934.25,27817.5,116.75,232.0,TARGET,10.8,395.75
1785332880,2026-07-29,1,46.66666666666666,0.3967714528462192,2.738923566427716,BUILDING,US,-116.75,69.99999999999999,139.99999999999997,27836.0,27765.75,-70.25,-142.0,STOP,2.2,21.75
1785333600,2026-07-29,1,45.38333333333333,0.3859872611464968,3.598642343288513,BUILDING,US,-151.5,68.075,136.15,27753.0,27684.5,-68.5,-138.5,STOP,11.6,74.0
1785335040,2026-07-29,-1,37.083333333333336,0.3823008849557522,-4.148841647995558,BUILDING,US,-108.0,55.625,111.25,27620.5,27603.5,17.0,32.5,TIME,60.0,110.5
1785340440,2026-07-29,-1,24.08333333333333,0.2507204610951009,-4.5172606417350485,BUILDING,US,-43.5,36.12499999999999,72.24999999999999,27494.5,27531.0,-36.5,-74.5,STOP,5.1,85.5
1785342180,2026-07-29,1,22.4,0.315112540192926,4.60504308904729,BUILDING,US,49.0,33.599999999999994,67.19999999999999,27512.0,27579.2,67.2,132.9,TARGET,6.6,237.75
1785348000,2026-07-29,1,25.916666666666668,0.7214700193423598,6.174411546120006,CLEAN-TREND,US,186.5,38.875,77.75,27850.75,27811.0,-39.75,-81.0,STOP,0.5,246.25
1785349920,2026-07-29,-1,34.833333333333336,0.18562874251497,-4.11969963647769,VIOLENT-WHIPSAW,US,-38.75,52.25,104.5,27753.75,27806.25,-52.5,-106.5,STOP,4.6,112.75
1785350400,2026-07-29,1,45.45,0.5697569756975698,3.23787240536577,CLEAN-TREND,US,158.25,68.17500000000001,136.35000000000002,27905.75,28042.1,136.35,271.2,TARGET,6.7,194.0
1785352860,2026-07-29,-1,47.333333333333336,0.5986301369863014,-8.0401566359331,CLEAN-TREND,US,-218.5,71.0,142.0,27738.25,27596.25,142.0,282.5,TARGET,11.9,538.25
1785353700,2026-07-29,1,47.23333333333333,0.5694098088113051,2.133866755774945,CLEAN-TREND,US,-171.25,70.85,141.7,27601.5,27530.25,-71.25,-144.0,STOP,2.8,29.75
1785354720,2026-07-29,-1,43.93333333333333,0.5626072041166381,-3.002964565079828,CLEAN-TREND,US,-164.0,65.89999999999999,131.79999999999998,27414.75,27282.95,131.8,262.1,TARGET,7.7,214.75
1785363240,2026-07-29,1,33.61666666666667,,2.8545241985289214,UNKNOWN,OVERNIGHT,0.0,50.425,100.85,27436.5,27477.5,41.0,80.5,TIME,60.0,88.25
1785368280,2026-07-29,-1,12.95,0.1662125340599455,-2.593598386051894,NORMAL-CHOP,OVERNIGHT,15.25,19.424999999999997,38.849999999999994,27534.5,27554.25,-19.75,-41.0,STOP,0.4,62.25
1785368400,2026-07-29,-1,13.816666666666666,0.1246537396121883,-2.78019045040139,NORMAL-CHOP,OVERNIGHT,-11.25,20.725,41.45,27515.5,27536.5,-21.0,-43.5,STOP,5.0,43.25
1785368940,2026-07-29,-1,18.1,0.2023121387283237,-2.075757621276036,BUILDING,OVERNIGHT,-26.25,27.150000000000002,54.300000000000004,27514.0,27541.5,-27.5,-56.5,STOP,5.0,41.75
1785369960,2026-07-30,1,29.83333333333333,0.279395900755124,2.2668689138998026,BUILDING,OVERNIGHT,64.75,44.74999999999999,89.49999999999999,27575.0,27530.0,-45.0,-91.5,STOP,31.4,58.5
1785373560,2026-07-30,1,23.466666666666665,0.5902061855670103,2.484456048478104,CLEAN-TREND,OVERNIGHT,114.5,35.199999999999996,70.39999999999999,27630.0,27594.5,-35.5,-72.5,STOP,3.2,67.0
1785377040,2026-07-30,-1,17.666666666666668,0.2862190812720848,-2.3267578068131844,BUILDING,OVERNIGHT,-40.5,26.5,53.0,27640.75,27667.5,-26.75,-55.0,STOP,7.1,104.75
1785379920,2026-07-30,-1,19.4,0.0595419847328244,-2.7734357780641483,VIOLENT-WHIPSAW,OVERNIGHT,9.75,29.099999999999998,58.199999999999996,27582.25,27524.05,58.2,114.9,TARGET,16.5,110.75
1785381300,2026-07-30,1,16.983333333333334,0.3169934640522875,2.2224056071898053,BUILDING,OVERNIGHT,-48.5,25.475,50.95,27490.0,27540.95,50.95,100.4,TARGET,18.0,73.5
1785382500,2026-07-30,1,19.316666666666663,0.405189620758483,2.1423290521205622,CLEAN-TREND,OVERNIGHT,50.75,28.974999999999994,57.94999999999999,27540.75,27511.5,-29.25,-60.0,STOP,0.6,22.75
1785382860,2026-07-30,-1,21.95,0.107361963190184,-2.6045731962902665,VIOLENT-WHIPSAW,OVERNIGHT,17.5,32.925,65.85,27523.0,27556.25,-33.25,-68.0,STOP,7.0,63.75
1785384900,2026-07-30,-1,15.6,0.3672055427251732,-4.259457798850571,BUILDING,OVERNIGHT,-39.75,23.4,46.8,27478.5,27502.25,-23.75,-49.0,STOP,9.9,58.0
1785387600,2026-07-30,-1,16.316666666666666,0.3378076062639821,-2.028371983462939,BUILDING,OVERNIGHT,-37.75,24.475,48.95,27449.25,27474.0,-24.75,-51.0,STOP,14.5,28.75
1785390360,2026-07-30,1,17.466666666666665,0.4947916666666667,3.867694169199928,CLEAN-TREND,OVERNIGHT,47.5,26.199999999999996,52.39999999999999,27537.25,27510.75,-26.5,-54.5,STOP,1.5,0.5
1785392760,2026-07-30,1,15.1,0.106290672451193,2.7526554499068787,NORMAL-CHOP,OVERNIGHT,12.25,22.65,45.3,27487.0,27464.0,-23.0,-47.5,STOP,5.6,34.5
1785394740,2026-07-30,-1,15.433333333333334,0.0176817288801571,-2.2138081506913028,VIOLENT-WHIPSAW,OVERNIGHT,-2.25,23.15,46.3,27434.75,27458.25,-23.5,-48.5,STOP,0.7,83.0
1785394860,2026-07-30,1,19.78333333333333,0.2988505747126437,7.864063244734138,BUILDING,PRE-OPEN,52.0,29.674999999999997,59.349999999999994,27507.25,27477.25,-30.0,-61.5,STOP,6.0,14.25
1785395520,2026-07-30,1,28.366666666666667,0.2414486921529175,2.553220397675556,BUILDING,PRE-OPEN,60.0,42.55,85.1,27493.75,27450.75,-43.0,-87.5,STOP,3.8,4.75
1785396060,2026-07-30,-1,21.03333333333333,0.5225464190981433,-2.177088251463533,CLEAN-TREND,PRE-OPEN,-98.5,31.549999999999997,63.099999999999994,27408.0,27440.0,-32.0,-65.5,STOP,21.8,71.0
1785402840,2026-07-30,-1,15.2,0.5661971830985916,-2.311007261501414,CLEAN-TREND,PRE-OPEN,50.25,22.799999999999997,45.599999999999994,27534.75,27558.0,-23.25,-48.0,STOP,6.6,46.75
1785404160,2026-07-30,-1,12.383333333333333,0.264367816091954,-2.3470187632278257,BUILDING,PRE-OPEN,17.25,18.575,37.15,27577.25,27540.1,37.15,72.8,TARGET,6.2,89.25
1785405540,2026-07-30,-1,10.333333333333334,0.3557046979865771,-2.25361255507472,BUILDING,PRE-OPEN,-26.5,15.5,31.0,27516.25,27532.0,-15.75,-33.0,STOP,5.9,28.25
1785406860,2026-07-30,-1,15.283333333333331,0.6495238095238095,-2.8135302978892254,CLEAN-TREND,PRE-OPEN,85.25,22.924999999999997,45.849999999999994,27612.0,27635.25,-23.25,-48.0,STOP,9.4,16.0
1785409200,2026-07-30,1,13.3,0.010752688172043,5.020005457221098,NORMAL-CHOP,PRE-OPEN,1.25,19.950000000000003,39.900000000000006,27638.5,27678.4,39.9,78.3,TARGET,5.9,106.5
1785410880,2026-07-30,1,12.516666666666667,0.6363636363636364,3.0854585709415865,CLEAN-TREND,PRE-OPEN,49.0,18.775000000000002,37.550000000000004,27710.5,27691.25,-19.25,-40.0,STOP,3.7,55.5
1785411840,2026-07-30,-1,16.583333333333332,0.081081081081081,-2.1591513465543866,VIOLENT-WHIPSAW,PRE-OPEN,-14.25,24.875,49.75,27701.0,27726.25,-25.25,-52.0,STOP,3.9,5.5
1785414600,2026-07-30,1,18.85,0.1598513011152416,2.50735295090857,VIOLENT-WHIPSAW,PRE-OPEN,21.5,28.275000000000002,56.550000000000004,27772.75,27743.75,-29.0,-59.5,STOP,0.4,120.0
1785414720,2026-07-30,-1,21.45,0.0714285714285714,-2.7958081968249475,VIOLENT-WHIPSAW,PRE-OPEN,-12.0,32.175,64.35,27734.5,27767.0,-32.5,-66.5,STOP,2.6,19.5
1785414960,2026-07-30,-1,24.316666666666663,0.2688172043010752,-2.302570780754224,BUILDING,PRE-OPEN,50.0,36.474999999999994,72.94999999999999,27774.5,27811.25,-36.75,-75.0,STOP,20.7,20.25
1785416460,2026-07-30,1,18.433333333333334,0.6395604395604395,2.613486073925976,CLEAN-TREND,PRE-OPEN,72.75,27.65,55.3,27847.25,27819.25,-28.0,-57.5,STOP,31.6,321.75
1785418500,2026-07-30,1,29.83333333333333,0.2895622895622896,5.303686810231787,BUILDING,US,43.0,44.74999999999999,89.49999999999999,27892.25,27847.25,-45.0,-91.5,STOP,1.6,353.5
1785418800,2026-07-30,1,42.266666666666666,0.2403100775193798,2.835855658385688,BUILDING,US,38.75,63.4,126.8,27882.5,28009.3,126.8,252.1,TARGET,4.7,363.25
1785419160,2026-07-30,1,45.63333333333333,0.581573896353167,2.7763793747343413,CLEAN-TREND,US,151.5,68.45,136.9,28028.5,28165.4,136.9,272.3,TARGET,14.0,217.25
1785420420,2026-07-30,-1,33.25,0.1882480957562568,-3.632192069949863,VIOLENT-WHIPSAW,US,43.25,49.875,99.75,28104.75,28155.0,-50.25,-102.0,STOP,13.6,92.75
1785421620,2026-07-30,1,30.25,0.5726495726495726,5.93691905017448,CLEAN-TREND,US,100.5,45.375,90.75,28212.0,28166.25,-45.75,-93.0,STOP,16.3,33.75
1785423780,2026-07-30,1,36.11666666666667,0.1901234567901234,2.870087299285483,VIOLENT-WHIPSAW,US,-57.75,54.175,108.35,28104.25,28049.75,-54.5,-110.5,STOP,7.6,33.75
1785425160,2026-07-30,-1,35.56666666666667,0.0300546448087431,-3.3687412641957244,VIOLENT-WHIPSAW,US,-5.5,53.35000000000001,106.70000000000002,28042.0,28095.75,-53.75,-109.0,STOP,17.0,41.0
1785427440,2026-07-30,1,29.216666666666665,0.142578125,2.2674081536773545,VIOLENT-WHIPSAW,US,36.5,43.824999999999996,87.64999999999999,28151.25,28107.0,-44.25,-90.0,STOP,35.2,41.5
1785430800,2026-07-30,1,19.6,0.3868613138686131,4.603129919133326,BUILDING,US,66.25,29.400000000000002,58.800000000000004,28159.25,28192.0,32.75,64.0,TIME,60.0,49.25
1785438120,2026-07-30,1,12.3,0.3,2.6150675428056207,BUILDING,US,19.5,18.450000000000003,36.900000000000006,28202.75,28239.65,36.9,72.3,TARGET,5.5,162.75
1785438540,2026-07-30,1,13.583333333333334,0.802247191011236,3.1120065152759517,CLEAN-TREND,US,89.25,20.375,40.75,28254.75,28295.5,40.75,80.0,TARGET,3.0,110.75
1785441060,2026-07-30,-1,15.533333333333331,0.002710027100271,-3.14633171443058,VIOLENT-WHIPSAW,US,-0.25,23.299999999999997,46.599999999999994,28219.25,28243.0,-23.75,-49.0,STOP,6.6,17.0
1785441600,2026-07-30,-1,23.15,0.125,-3.4135039101063285,VIOLENT-WHIPSAW,OVERNIGHT,-16.0,34.724999999999994,69.44999999999999,28221.25,28256.25,-35.0,-71.5,STOP,0.0,5.75
1785450180,2026-07-30,-1,14.65,0.2166666666666666,-2.1183207228915224,BUILDING,OVERNIGHT,-26.0,21.975,43.95,28360.5,28382.75,-22.25,-46.0,STOP,13.4,28.5
1785451140,2026-07-30,-1,15.1,0.2219959266802444,-2.8268430653796672,BUILDING,OVERNIGHT,27.25,22.65,45.3,28385.75,28408.75,-23.0,-47.5,STOP,13.2,28.0
1785453000,2026-07-30,-1,11.716666666666669,0.2580645161290322,-3.046101397386002,BUILDING,OVERNIGHT,-24.0,17.575000000000003,35.150000000000006,28384.0,28402.0,-18.0,-37.5,STOP,30.4,26.25
1785455460,2026-07-30,1,14.95,0.2848484848484848,2.272297811890251,BUILDING,OVERNIGHT,35.25,22.424999999999997,44.849999999999994,28420.75,28398.0,-22.75,-47.0,STOP,10.0,89.25
1785456120,2026-07-31,1,15.55,0.0559440559440559,2.271981805876245,VIOLENT-WHIPSAW,OVERNIGHT,-8.0,23.325000000000003,46.650000000000006,28407.25,28453.9,46.65,91.8,TARGET,3.1,145.0
1785456840,2026-07-31,1,18.133333333333333,0.3604887983706721,2.00586575872234,BUILDING,OVERNIGHT,44.25,27.2,54.4,28468.25,28522.65,54.4,107.3,TARGET,44.6,101.75
1785459960,2026-07-31,1,11.283333333333331,0.7596371882086168,3.125011644373199,BUILDING,OVERNIGHT,83.75,16.924999999999997,33.849999999999994,28566.75,28549.5,-17.25,-36.0,STOP,17.4,13.25
1785461520,2026-07-31,1,11.266666666666667,0.4213836477987421,2.053392622269318,BUILDING,OVERNIGHT,-33.5,16.900000000000002,33.800000000000004,28533.0,28515.75,-17.25,-36.0,STOP,3.3,9.0
1785462480,2026-07-31,1,14.5,0.7947214076246334,2.5317690333031533,CLEAN-TREND,OVERNIGHT,-67.75,21.75,43.5,28471.75,28449.75,-22.0,-45.5,STOP,15.4,28.0
1785465420,2026-07-31,-1,12.316666666666666,0.2903225806451613,-2.0748741852425043,BUILDING,OVERNIGHT,-22.5,18.475,36.95,28393.25,28412.0,-18.75,-39.0,STOP,0.4,0.5
1785467760,2026-07-31,1,13.983333333333333,0.1959798994974874,2.759473740920842,NORMAL-CHOP,OVERNIGHT,19.5,20.974999999999998,41.949999999999996,28439.5,28472.25,32.75,64.0,TIME,60.0,39.25
1785472380,2026-07-31,1,10.333333333333334,0.6129032258064516,2.1369063114518965,BUILDING,OVERNIGHT,42.75,15.5,31.0,28526.25,28557.25,31.0,60.5,TARGET,33.1,56.5
1785475680,2026-07-31,1,7.2,0.5129533678756477,6.845016716881816,BUILDING,OVERNIGHT,24.75,10.8,21.6,28578.25,28567.0,-11.25,-24.0,STOP,2.3,34.0
1785477180,2026-07-31,1,12.183333333333334,0.3408577878103837,4.576779652525721,BUILDING,OVERNIGHT,37.75,18.275,36.55,28586.0,28567.25,-18.75,-39.0,STOP,2.1,26.25
1785477600,2026-07-31,1,11.166666666666666,0.3453453453453453,2.9099566636242917,BUILDING,OVERNIGHT,28.75,16.75,33.5,28593.0,28576.0,-17.0,-35.5,STOP,29.5,19.25
1785479640,2026-07-31,-1,11.2,0.80440097799511,-2.1906595882940008,BUILDING,OVERNIGHT,-82.25,16.799999999999997,33.599999999999994,28523.5,28489.9,33.6,65.7,TARGET,1.7,73.25
1785480060,2026-07-31,-1,17.55,0.7259380097879282,-2.057349442762999,CLEAN-TREND,OVERNIGHT,-111.25,26.325000000000003,52.650000000000006,28477.0,28504.0,-27.0,-55.5,STOP,13.0,26.75
1785484800,2026-07-31,-1,12.85,0.0642673521850899,-2.003817938656153,NORMAL-CHOP,PRE-OPEN,6.25,19.275,38.55,28585.25,28546.7,38.55,75.6,TARGET,2.6,61.5
1785485040,2026-07-31,-1,15.066666666666666,0.0993914807302231,-4.669876127259298,NORMAL-CHOP,PRE-OPEN,-12.25,22.6,45.2,28540.75,28563.75,-23.0,-47.5,STOP,2.4,17.0
1785485940,2026-07-31,1,18.183333333333334,0.3413793103448276,2.9608480926575536,BUILDING,PRE-OPEN,49.5,27.275,54.55,28593.5,28565.75,-27.75,-57.0,STOP,3.7,48.5
1785488400,2026-07-31,1,12.4,0.472,6.233646974555197,CLEAN-TREND,PRE-OPEN,44.25,18.6,37.2,28616.25,28597.25,-19.0,-39.5,STOP,27.5,25.75
1785490560,2026-07-31,1,10.833333333333334,0.7948717948717948,2.295259882919984,BUILDING,PRE-OPEN,-62.0,16.25,32.5,28552.5,28536.0,-16.5,-34.5,STOP,1.8,31.5
1785492000,2026-07-31,-1,11.116666666666667,0.4358974358974359,-2.089919815275572,BUILDING,PRE-OPEN,-38.25,16.675,33.35,28523.0,28540.0,-17.0,-35.5,STOP,0.7,3.75
1785493200,2026-07-31,1,10.383333333333333,0.5736677115987461,2.1494353188525537,BUILDING,PRE-OPEN,45.75,15.575,31.15,28572.0,28556.0,-16.0,-33.5,STOP,3.9,54.0
1785494940,2026-07-31,-1,9.95,0.208955223880597,-2.3150693126997086,BUILDING,PRE-OPEN,-14.0,14.924999999999999,29.849999999999998,28553.75,28569.0,-15.25,-32.0,STOP,0.9,31.5
1785495780,2026-07-31,1,14.55,0.3892473118279569,2.1929961862696907,BUILDING,PRE-OPEN,45.25,21.825000000000003,43.650000000000006,28613.5,28591.25,-22.25,-46.0,STOP,9.5,12.5
1785496560,2026-07-31,-1,13.916666666666666,0.3421750663129973,-2.8118673738153976,BUILDING,PRE-OPEN,-32.25,20.875,41.75,28566.5,28524.75,41.75,82.0,TARGET,16.7,109.5
1785497700,2026-07-31,1,15.416666666666666,0.0,3.499743460849023,VIOLENT-WHIPSAW,PRE-OPEN,0.0,23.125,46.25,28560.0,28536.0,-24.0,-49.5,STOP,1.0,1.5
1785499380,2026-07-31,-1,11.083333333333334,0.4556962025316455,-3.2793477251340053,BUILDING,PRE-OPEN,-36.0,16.625,33.25,28510.5,28477.25,33.25,65.0,TARGET,10.6,78.5
1785500340,2026-07-31,-1,13.6,0.6766467065868264,-2.2946288437563758,CLEAN-TREND,PRE-OPEN,-56.5,20.4,40.8,28456.0,28476.75,-20.75,-43.0,STOP,1.1,24.0
1785500640,2026-07-31,1,15.533333333333331,0.1447963800904977,2.2158696042526795,VIOLENT-WHIPSAW,PRE-OPEN,-16.0,23.299999999999997,46.599999999999994,28484.75,28460.75,-24.0,-49.5,STOP,5.0,75.75
1785501540,2026-07-31,-1,18.78333333333333,0.28,-3.4126644396152908,BUILDING,PRE-OPEN,-31.5,28.174999999999997,56.349999999999994,28452.25,28480.75,-28.5,-58.5,STOP,11.9,20.25
1785502920,2026-07-31,1,14.016666666666667,0.3411764705882353,2.301181716833816,BUILDING,PRE-OPEN,36.25,21.025000000000002,42.050000000000004,28486.5,28528.55,42.05,82.6,TARGET,7.9,239.25
1785504300,2026-07-31,1,11.633333333333333,0.4612794612794613,3.451653312721099,BUILDING,PRE-OPEN,34.25,17.45,34.9,28561.25,28543.5,-17.75,-37.0,STOP,4.0,164.5
1785504660,2026-07-31,1,21.33333333333333,0.7063829787234043,2.9356572912897847,CLEAN-TREND,US,83.0,31.999999999999993,63.999999999999986,28627.0,28691.0,64.0,126.5,TARGET,1.1,98.75
1785504840,2026-07-31,1,26.35,0.8554913294797688,4.661007897376174,CLEAN-TREND,US,148.0,39.525000000000006,79.05000000000001,28683.25,28643.25,-40.0,-81.5,STOP,3.1,42.5
1785505260,2026-07-31,1,46.0,0.0867924528301886,5.2328861708485,VIOLENT-WHIPSAW,US,-28.75,69.0,138.0,28527.25,28458.0,-69.25,-140.0,STOP,1.4,16.0
1785505500,2026-07-31,1,54.46666666666667,0.406913280776228,2.593730837824212,CLEAN-TREND,US,-167.75,81.7,163.4,28428.5,28346.5,-82.0,-165.5,STOP,2.3,5.5
1785505740,2026-07-31,1,58.48333333333333,0.7663716814159292,2.221314242416001,CLEAN-TREND,US,-324.75,87.725,175.45,28362.0,28274.0,-88.0,-177.5,STOP,12.8,54.0
1785506640,2026-07-31,-1,54.21666666666667,0.3065976714100905,-3.779151118283109,BUILDING,US,-118.5,81.325,162.65,28243.0,28080.35,162.65,323.8,TARGET,11.3,163.25
1785507840,2026-07-31,-1,55.75,0.1130434782608695,-3.8576510353539257,VIOLENT-WHIPSAW,US,42.25,83.625,167.25,28194.75,28278.75,-84.0,-169.5,STOP,6.4,34.75
1785508620,2026-07-31,1,42.21666666666667,0.2121951219512195,2.0157954432067537,BUILDING,US,43.5,63.325,126.65,28277.25,28213.5,-63.75,-129.0,STOP,4.3,70.0
1785509100,2026-07-31,-1,35.833333333333336,0.0182207931404072,-2.4603269186490517,VIOLENT-WHIPSAW,US,-4.25,53.75,107.5,28249.0,28303.0,-54.0,-109.5,STOP,0.8,133.5
1785510900,2026-07-31,1,38.61666666666667,0.0909090909090909,5.452263079088523,VIOLENT-WHIPSAW,US,22.75,57.925,115.85,28307.0,28248.75,-58.25,-118.0,STOP,0.7,3.25
1785517260,2026-07-31,1,19.5,0.4496402877697841,2.107072931284048,CLEAN-TREND,US,62.5,29.25,58.5,28405.25,28375.5,-29.75,-61.0,STOP,5.4,97.5
1785519480,2026-07-31,1,16.333333333333332,0.4285714285714285,2.341444160294758,CLEAN-TREND,US,51.75,24.5,49.0,28478.75,28454.0,-24.75,-51.0,STOP,1.0,0.25
1785525780,2026-07-31,-1,14.683333333333334,0.4862385321100917,-2.380100489138539,CLEAN-TREND,US,53.0,22.025,44.05,28479.5,28435.45,44.05,86.6,TARGET,18.0,139.0
1785527040,2026-07-31,1,16.75,0.0199203187250996,2.2265859328120667,VIOLENT-WHIPSAW,US,2.5,25.125,50.25,28477.5,28452.0,-25.5,-52.5,STOP,13.0,47.0
1785527940,2026-07-31,-1,27.33333333333333,0.3083743842364532,-6.919239298179798,BUILDING,US,-78.25,40.99999999999999,81.99999999999999,28402.25,28320.25,82.0,162.5,TARGET,53.6,136.25
1785719100,2026-08-03,1,15.233333333333333,0.0865384615384615,2.3999930169230552,NORMAL-CHOP,OVERNIGHT,9.0,22.849999999999998,45.699999999999996,28628.0,28604.75,-23.25,-48.0,STOP,1.9,35.75
1785719580,2026-08-03,-1,15.166666666666666,0.2850241545893719,-3.3339961700926035,BUILDING,OVERNIGHT,-29.5,22.75,45.5,28585.75,28608.75,-23.0,-47.5,STOP,13.1,21.75
1785722280,2026-08-03,1,10.55,0.335423197492163,5.0912129836728495,BUILDING,OVERNIGHT,26.75,15.825000000000001,31.650000000000002,28647.25,28631.0,-16.25,-34.0,STOP,1.6,33.5
1785723780,2026-08-03,-1,10.566666666666666,0.1978319783197832,-2.19703013598134,NORMAL-CHOP,OVERNIGHT,18.25,15.85,31.7,28665.5,28643.5,22.0,42.5,TIME,60.0,31.0
1785729000,2026-08-03,1,7.9,0.6814159292035398,8.522105087630996,BUILDING,OVERNIGHT,38.5,11.850000000000001,23.700000000000003,28693.25,28681.0,-12.25,-26.0,STOP,4.9,5.0
1785732480,2026-08-03,1,6.05,0.0635838150289017,2.3296621651874423,DEAD-CHOP,OVERNIGHT,2.75,9.075,18.15,28684.75,28675.25,-9.5,-20.5,STOP,1.8,4.75
1785732900,2026-08-03,-1,7.45,0.3063063063063063,-2.8179569942708893,BUILDING,OVERNIGHT,-17.0,11.175,22.35,28653.5,28665.0,-11.5,-24.5,STOP,4.7,36.0
1785733500,2026-08-03,-1,8.983333333333333,0.4983498349834983,-2.90366447030504,BUILDING,OVERNIGHT,-37.75,13.474999999999998,26.949999999999996,28638.0,28651.75,-13.75,-29.0,STOP,5.6,20.5
1785734760,2026-08-03,-1,8.233333333333333,0.1948051948051948,-2.036931098987338,DEAD-CHOP,OVERNIGHT,-11.25,12.349999999999998,24.699999999999996,28645.0,28620.3,24.7,47.9,TARGET,27.3,27.5
1785736800,2026-08-03,1,8.183333333333334,0.1948051948051948,2.4126333863227454,DEAD-CHOP,OVERNIGHT,11.25,12.275,24.55,28646.0,28633.25,-12.75,-27.0,STOP,6.6,15.25
1785738300,2026-08-03,-1,8.9,0.6612021857923497,-3.204796977977978,BUILDING,OVERNIGHT,-30.25,13.350000000000001,26.700000000000003,28625.75,28639.5,-13.75,-29.0,STOP,5.7,63.0
1785739140,2026-08-03,-1,8.866666666666667,0.1622641509433962,-5.209377865050756,DEAD-CHOP,OVERNIGHT,-10.75,13.3,26.6,28621.0,28594.4,26.6,51.7,TARGET,9.6,58.25
1785741420,2026-08-03,-1,16.266666666666666,0.0526315789473684,-3.4359501669796804,VIOLENT-WHIPSAW,PRE-OPEN,-7.25,24.4,48.8,28572.5,28597.25,-24.75,-51.0,STOP,3.6,53.5
1785743460,2026-08-03,-1,10.366666666666667,0.2519685039370078,-2.170374885428467,BUILDING,PRE-OPEN,-16.0,15.55,31.1,28571.75,28587.75,-16.0,-33.5,STOP,7.5,99.75
1785744180,2026-08-03,-1,12.4,0.3854748603351955,-3.549360784445037,BUILDING,PRE-OPEN,-34.5,18.6,37.2,28539.25,28558.25,-19.0,-39.5,STOP,8.3,67.25
1785749760,2026-08-03,1,11.333333333333334,0.0786516853932584,2.1216844267661337,NORMAL-CHOP,PRE-OPEN,-7.0,17.0,34.0,28562.0,28544.75,-17.25,-36.0,STOP,7.8,5.0
1785750540,2026-08-03,1,12.316666666666666,0.1351351351351351,2.5644525256154083,NORMAL-CHOP,PRE-OPEN,-11.25,18.475,36.95,28544.5,28525.75,-18.75,-39.0,STOP,2.6,21.5
1785752400,2026-08-03,1,12.8,0.3802083333333333,2.0698423909234718,BUILDING,PRE-OPEN,-36.5,19.200000000000003,38.400000000000006,28509.25,28489.75,-19.5,-40.5,STOP,4.6,38.5
1785754320,2026-08-03,1,10.833333333333334,0.0177514792899408,2.306678786542602,NORMAL-CHOP,PRE-OPEN,0.75,16.25,32.5,28526.25,28509.75,-16.5,-34.5,STOP,7.4,21.5
1785754920,2026-08-03,-1,13.033333333333331,0.3550135501355013,-2.624857444327529,BUILDING,PRE-OPEN,-32.75,19.549999999999997,39.099999999999994,28494.0,28454.9,39.1,76.7,TARGET,37.3,103.0
1785757680,2026-08-03,-1,13.583333333333334,0.4977578475336323,-2.7562193471966068,CLEAN-TREND,PRE-OPEN,-55.5,20.375,40.75,28445.5,28404.75,40.75,80.0,TARGET,7.1,62.75
1785758580,2026-08-03,1,14.033333333333331,0.5036144578313253,2.1841450956990056,CLEAN-TREND,PRE-OPEN,-52.25,21.049999999999997,42.099999999999994,28393.5,28435.6,42.1,82.7,TARGET,10.8,98.0
1785759660,2026-08-03,1,13.683333333333334,0.5853131749460043,3.2770817182171856,CLEAN-TREND,PRE-OPEN,67.75,20.525,41.05,28453.75,28432.75,-21.0,-43.5,STOP,2.8,42.75
1785760020,2026-08-03,-1,14.266666666666667,0.2805429864253393,-2.393785747469928,BUILDING,PRE-OPEN,31.0,21.400000000000002,42.800000000000004,28449.5,28471.25,-21.75,-45.0,STOP,15.2,47.5
1785761580,2026-08-03,-1,14.066666666666666,0.1822660098522167,-2.1821070944543752,NORMAL-CHOP,PRE-OPEN,18.5,21.1,42.2,28465.0,28486.5,-21.5,-44.5,STOP,24.7,152.0
1785763620,2026-08-03,-1,17.766666666666666,0.2840722495894909,-4.575162196517118,BUILDING,PRE-OPEN,-43.25,26.65,53.3,28412.25,28358.95,53.3,105.1,TARGET,3.0,99.25
1785763860,2026-08-03,-1,25.933333333333334,0.592814371257485,-6.290221935521773,CLEAN-TREND,US,-123.75,38.9,77.8,28349.75,28389.0,-39.25,-80.0,STOP,2.1,36.75
1785764100,2026-08-03,1,37.0,0.106115107913669,11.779514299105175,VIOLENT-WHIPSAW,US,-29.5,55.5,111.0,28449.5,28560.5,111.0,220.5,TARGET,19.9,248.25
1785765600,2026-08-03,-1,41.56666666666667,0.3085182534001431,-2.127456185061339,BUILDING,US,107.75,62.35000000000001,124.70000000000002,28605.0,28667.75,-62.75,-127.0,STOP,24.0,80.0
1785767940,2026-08-03,1,20.45,0.5328467153284672,2.2761988166052163,CLEAN-TREND,US,54.75,30.674999999999997,61.349999999999994,28717.0,28778.35,61.35,121.2,TARGET,11.9,88.0
1785772380,2026-08-03,1,14.066666666666666,0.6826568265682657,5.062294863661012,CLEAN-TREND,US,46.25,21.1,42.2,28807.25,28785.75,-21.5,-44.5,STOP,3.3,40.25
1785777000,2026-08-03,1,10.45,0.392156862745098,3.756857441100879,BUILDING,US,30.0,15.674999999999999,31.349999999999998,28852.75,28884.1,31.35,61.2,TARGET,16.2,112.25
1785779700,2026-08-03,1,7.2,0.7055214723926381,2.222183447874187,BUILDING,US,28.75,10.8,21.6,28910.0,28931.6,21.6,41.7,TARGET,5.6,55.0
1785780240,2026-08-03,1,8.183333333333334,0.9728506787330315,2.4606211500965927,BUILDING,US,53.75,12.275,24.55,28946.0,28933.25,-12.75,-27.0,STOP,13.7,19.0
1785781260,2026-08-03,1,12.183333333333334,0.3313432835820895,2.10977342340043,BUILDING,US,-27.75,18.275,36.55,28926.75,28908.0,-18.75,-39.0,STOP,5.0,17.0
1785781860,2026-08-03,-1,12.3,0.7151702786377709,-2.027525845309809,BUILDING,US,-57.75,18.450000000000003,36.900000000000006,28897.25,28916.0,-18.75,-39.0,STOP,13.0,15.0
1785784080,2026-08-03,-1,13.416666666666666,0.0591549295774647,-3.037581359364792,NORMAL-CHOP,US,-5.25,20.125,40.25,28915.25,28935.75,-20.5,-42.5,STOP,43.4,49.5
1785786780,2026-08-03,-1,12.55,0.0451612903225806,-2.201308039012696,NORMAL-CHOP,US,3.5,18.825000000000003,37.650000000000006,28909.25,28871.6,37.65,73.8,TARGET,2.2,43.5
1785787500,2026-08-03,1,17.8,0.1307550644567219,2.8473630579648748,VIOLENT-WHIPSAW,OVERNIGHT,-17.75,26.700000000000003,53.400000000000006,28901.75,28929.0,27.25,53.0,TIME,54.0,40.75
1785796440,2026-08-03,-1,6.616666666666666,0.1812865497076023,-4.541245517616135,DEAD-CHOP,OVERNIGHT,7.75,9.924999999999999,19.849999999999998,28950.75,28961.0,-10.25,-22.0,STOP,5.2,21.25
1785798360,2026-08-03,-1,6.65,0.2356020942408377,-2.788076902877848,BUILDING,OVERNIGHT,-11.25,9.975000000000001,19.950000000000003,28932.0,28942.25,-10.25,-22.0,STOP,8.9,1.5
1785799380,2026-08-03,-1,6.116666666666666,0.5074626865671642,-2.399711870808988,BUILDING,OVERNIGHT,17.0,9.174999999999999,18.349999999999998,28951.5,28933.15,18.35,35.2,TARGET,15.2,51.5
1785800820,2026-08-03,1,7.783333333333333,0.0875912408759124,4.84367414630177,DEAD-CHOP,OVERNIGHT,6.0,11.675,23.35,28959.5,28947.5,-12.0,-25.5,STOP,12.4,19.5
1785801660,2026-08-04,1,10.45,0.1159420289855072,2.088961323239184,NORMAL-CHOP,OVERNIGHT,8.0,15.674999999999999,31.349999999999998,28965.5,28949.5,-16.0,-33.5,STOP,5.3,13.5
1785802320,2026-08-04,-1,15.166666666666666,0.2535885167464115,-6.825135935116659,BUILDING,OVERNIGHT,-26.5,22.75,45.5,28931.5,28886.0,45.5,89.5,TARGET,21.8,100.0
1785804840,2026-08-04,-1,14.883333333333333,0.1020408163265306,-2.2646554407969965,NORMAL-CHOP,OVERNIGHT,11.25,22.325,44.65,28893.25,28848.6,44.65,87.8,TARGET,8.1,61.75
1785806400,2026-08-04,1,14.85,0.2391304347826087,2.134861233949013,BUILDING,OVERNIGHT,27.5,22.275,44.55,28888.25,28932.8,44.55,87.6,TARGET,14.7,161.0
1785808260,2026-08-04,1,13.65,0.7303822937625755,6.242982737251691,CLEAN-TREND,OVERNIGHT,90.75,20.475,40.95,29011.75,28991.0,-20.75,-43.0,STOP,14.2,37.5
1785810060,2026-08-04,-1,14.766666666666667,0.4716981132075472,-2.2818119576801785,CLEAN-TREND,OVERNIGHT,-50.0,22.150000000000002,44.300000000000004,28947.75,28970.25,-22.5,-46.5,STOP,8.9,17.75
1785815880,2026-08-04,1,9.766666666666667,0.6014234875444839,3.969280544736385,BUILDING,OVERNIGHT,42.25,14.650000000000002,29.300000000000004,29004.5,28989.5,-15.0,-31.5,STOP,5.2,19.0
1785818160,2026-08-04,-1,6.033333333333333,0.0833333333333333,-2.7744613702802843,DEAD-CHOP,OVERNIGHT,-3.5,9.05,18.1,28997.5,29007.0,-9.5,-20.5,STOP,8.8,19.0
1785820500,2026-08-04,1,10.666666666666666,0.0986842105263157,2.2589646642318764,NORMAL-CHOP,OVERNIGHT,-7.5,16.0,32.0,28997.5,29029.5,32.0,62.5,TARGET,13.3,96.5
1785821640,2026-08-04,-1,9.116666666666667,0.5730337078651685,-2.292010574517437,BUILDING,OVERNIGHT,38.25,13.675,27.35,29041.25,29055.25,-14.0,-29.5,STOP,0.9,0.25
1785830880,2026-08-04,-1,11.533333333333331,0.3836477987421384,-2.256864566912708,BUILDING,PRE-OPEN,30.5,17.299999999999997,34.599999999999994,29117.0,29082.4,34.6,67.7,TARGET,24.0,96.75
1785833100,2026-08-04,-1,11.383333333333333,0.5411764705882353,-4.0408106371325845,BUILDING,PRE-OPEN,-46.0,17.075,34.15,29054.75,29072.5,-17.75,-37.0,STOP,9.1,47.25
1785834360,2026-08-04,-1,10.116666666666667,0.3422818791946309,-3.101094444854415,BUILDING,PRE-OPEN,-25.5,15.175,30.35,29035.5,29051.0,-15.5,-32.5,STOP,23.5,28.0
1785836700,2026-08-04,-1,8.6,0.6306306306306306,-5.585105618720665,BUILDING,PRE-OPEN,35.0,12.899999999999999,25.799999999999997,29082.5,29095.75,-13.25,-28.0,STOP,23.1,24.5
1785838560,2026-08-04,-1,8.583333333333334,0.3179723502304147,-2.475864839783774,BUILDING,PRE-OPEN,17.25,12.875,25.75,29096.25,29109.5,-13.25,-28.0,STOP,5.0,22.75
1785839760,2026-08-04,-1,9.483333333333333,0.395017793594306,-6.120737568457025,BUILDING,PRE-OPEN,-27.75,14.224999999999998,28.449999999999996,29080.0,29094.5,-14.5,-30.5,STOP,6.3,6.5
1785840240,2026-08-04,1,13.633333333333333,0.2179487179487179,8.864979306726724,BUILDING,PRE-OPEN,25.5,20.45,40.9,29121.75,29162.65,40.9,80.3,TARGET,36.8,90.75
1785843780,2026-08-04,1,11.883333333333333,0.2623376623376623,10.7960184960225,BUILDING,PRE-OPEN,25.25,17.825,35.65,29194.75,29176.5,-18.25,-38.0,STOP,0.4,51.25
1785848220,2026-08-04,1,9.166666666666666,0.1176470588235294,2.2380577520698326,DEAD-CHOP,PRE-OPEN,-7.0,13.75,27.5,29207.25,29193.25,-14.0,-29.5,STOP,2.5,297.25
1785848520,2026-08-04,1,11.683333333333334,0.2597864768683274,3.49429423323744,BUILDING,PRE-OPEN,18.25,17.525,35.05,29220.5,29255.55,35.05,68.6,TARGET,17.7,284.0
1785850020,2026-08-04,-1,16.816666666666666,0.0170212765957446,-2.2808697310960997,VIOLENT-WHIPSAW,PRE-OPEN,2.0,25.225,50.45,29236.5,29262.0,-25.5,-52.5,STOP,2.4,28.5
1785850560,2026-08-04,-1,28.466666666666665,0.5386199794026777,-2.438557229703471,CLEAN-TREND,US,130.75,42.699999999999996,85.39999999999999,29386.25,29429.25,-43.0,-87.5,STOP,4.4,33.75
1785851040,2026-08-04,-1,38.65,0.52906548933039,-2.269165570789876,CLEAN-TREND,US,179.75,57.974999999999994,115.94999999999999,29411.25,29469.5,-58.25,-118.0,STOP,5.1,1.0
1785851820,2026-08-04,-1,30.116666666666667,0.0172043010752688,-2.30292075103498,VIOLENT-WHIPSAW,US,-4.0,45.175,90.35,29445.25,29490.75,-45.5,-92.5,STOP,4.1,12.75
1785852300,2026-08-04,1,28.883333333333333,0.1708683473389355,4.928645937056792,VIOLENT-WHIPSAW,US,30.5,43.325,86.65,29515.75,29572.5,56.75,112.0,TIME,60.0,73.5
1785857880,2026-08-04,1,13.733333333333333,0.1471321695760598,5.9472438781736825,NORMAL-CHOP,US,14.75,20.599999999999998,41.199999999999996,29672.5,29713.7,41.2,80.9,TARGET,42.0,59.0
1785862800,2026-08-04,1,9.4,0.4307116104868914,2.7492480958973324,BUILDING,US,28.75,14.100000000000001,28.200000000000003,29761.5,29789.7,28.2,54.9,TARGET,4.4,136.75
1785864360,2026-08-04,1,11.8,0.2923076923076923,2.86976626109459,BUILDING,US,23.75,17.700000000000003,35.400000000000006,29817.5,29852.9,35.4,69.3,TARGET,13.4,80.75
1785866400,2026-08-04,-1,17.033333333333335,0.4684512428298279,-4.495849561544723,CLEAN-TREND,US,-61.25,25.550000000000004,51.10000000000001,29819.25,29845.25,-26.0,-53.5,STOP,1.0,9.25
1785867660,2026-08-04,-1,14.033333333333331,0.4260869565217391,-2.178391694713823,CLEAN-TREND,US,36.75,21.049999999999997,42.099999999999994,29863.0,29884.5,-21.5,-44.5,STOP,0.7,23.0
1785868620,2026-08-04,-1,11.433333333333334,0.125,-2.2734224536438203,NORMAL-CHOP,US,-11.5,17.15,34.3,29859.25,29876.75,-17.5,-36.5,STOP,5.7,19.25
1785870000,2026-08-04,1,11.35,0.403076923076923,2.528805153696215,BUILDING,US,32.75,17.025,34.05,29902.25,29936.3,34.05,66.6,TARGET,10.9,54.25
1785871680,2026-08-04,-1,11.85,0.445859872611465,-2.4386814043156533,BUILDING,US,-35.0,17.775,35.55,29893.25,29911.5,-18.25,-38.0,STOP,2.9,135.5
1785873240,2026-08-04,-1,15.983333333333333,0.447191011235955,-3.538560647437425,CLEAN-TREND,US,-49.75,23.974999999999998,47.949999999999996,29871.5,29895.75,-24.25,-50.0,STOP,5.1,113.75
1785874500,2026-08-04,-1,27.466666666666665,0.152963671128107,-2.43330237748376,VIOLENT-WHIPSAW,OVERNIGHT,-40.0,41.199999999999996,82.39999999999999,29821.25,29819.25,2.0,2.5,TIME,44.0,63.5
1785883380,2026-08-04,-1,9.15,0.528957528957529,-4.11860859492878,BUILDING,OVERNIGHT,-34.25,13.725000000000001,27.450000000000003,29796.25,29810.25,-14.0,-29.5,STOP,2.8,3.25
1785884580,2026-08-04,1,8.683333333333334,0.3828125,2.547604264575897,BUILDING,OVERNIGHT,24.5,13.025,26.05,29828.25,29814.75,-13.5,-28.5,STOP,29.4,29.0
1785887280,2026-08-04,-1,12.4,0.1473684210526315,-2.5637489400896527,NORMAL-CHOP,OVERNIGHT,14.0,18.6,37.2,29828.75,29847.75,-19.0,-39.5,STOP,2.0,16.25
1785887940,2026-08-04,-1,13.166666666666666,0.0623655913978494,-2.2091737777467384,NORMAL-CHOP,OVERNIGHT,-7.25,19.75,39.5,29833.75,29853.75,-20.0,-41.5,STOP,2.0,21.25
1785888360,2026-08-05,1,17.033333333333335,0.1132075471698113,3.954566675035714,VIOLENT-WHIPSAW,OVERNIGHT,15.0,25.550000000000004,51.10000000000001,29861.0,29835.0,-26.0,-53.5,STOP,1.7,16.5
1785890340,2026-08-05,-1,9.816666666666666,0.0188679245283018,-4.818476335083178,DEAD-CHOP,OVERNIGHT,1.0,14.725,29.45,29851.75,29822.3,29.45,57.4,TARGET,8.0,55.0
1785891120,2026-08-05,1,13.366666666666667,0.2750809061488673,3.985022996529995,BUILDING,OVERNIGHT,-21.25,20.05,40.1,29845.75,29825.25,-20.5,-42.5,STOP,0.5,29.0
1785892620,2026-08-05,-1,12.216666666666669,0.1266149870801033,-3.34158398489276,NORMAL-CHOP,OVERNIGHT,-12.25,18.325000000000003,36.650000000000006,29816.0,29834.75,-18.75,-39.0,STOP,14.9,19.25
1785895020,2026-08-05,1,9.9,0.4710144927536231,3.206064371852213,BUILDING,OVERNIGHT,32.5,14.850000000000001,29.700000000000003,29875.5,29860.25,-15.25,-32.0,STOP,28.6,13.5
1785903120,2026-08-05,-1,5.383333333333334,0.1811023622047244,-4.538771964996252,DEAD-CHOP,OVERNIGHT,5.75,8.075000000000001,16.150000000000002,29892.75,29876.6,16.15,30.8,TARGET,4.0,33.5
1785904800,2026-08-05,1,6.383333333333334,0.6380090497737556,5.028582995316759,BUILDING,OVERNIGHT,35.25,9.575000000000001,19.150000000000002,29905.25,29895.25,-10.0,-21.5,STOP,10.4,43.75
1785906360,2026-08-05,1,8.683333333333334,0.5753424657534246,3.4451216484383624,BUILDING,OVERNIGHT,42.0,13.025,26.05,29931.75,29957.8,26.05,50.6,TARGET,44.1,55.0
1785909660,2026-08-05,-1,7.633333333333334,0.4976303317535545,-3.693008539974088,BUILDING,OVERNIGHT,26.25,11.450000000000001,22.900000000000002,29969.25,29981.0,-11.75,-25.0,STOP,8.1,44.0
1785914640,2026-08-05,-1,9.966666666666669,0.4564459930313589,-3.4757381782935304,BUILDING,PRE-OPEN,-32.75,14.950000000000003,29.900000000000006,29929.5,29899.6,29.9,58.3,TARGET,5.7,104.5
1785917400,2026-08-05,-1,11.983333333333333,0.1625,-4.6383165308359855,NORMAL-CHOP,PRE-OPEN,-13.0,17.974999999999998,35.949999999999996,29881.75,29845.8,35.95,70.4,TARGET,10.8,85.0
1785918900,2026-08-05,-1,15.216666666666669,0.1207920792079207,-2.044360785103976,NORMAL-CHOP,PRE-OPEN,-15.25,22.825000000000003,45.650000000000006,29839.75,29863.0,-23.25,-48.0,STOP,49.7,43.0
1785924480,2026-08-05,1,9.05,0.0610328638497652,2.0061688695232016,DEAD-CHOP,PRE-OPEN,-3.25,13.575000000000001,27.150000000000002,29860.75,29846.75,-14.0,-29.5,STOP,1.5,45.5
1785925560,2026-08-05,1,7.683333333333334,0.6455696202531646,2.088561354409701,BUILDING,PRE-OPEN,25.5,11.525,23.05,29862.5,29850.5,-12.0,-25.5,STOP,3.8,58.75
1785926700,2026-08-05,1,9.8,0.1530944625407166,2.8402005781846147,DEAD-CHOP,PRE-OPEN,-11.75,14.700000000000001,29.400000000000002,29839.25,29868.65,29.4,57.3,TARGET,8.0,92.5
1785927600,2026-08-05,1,10.966666666666669,0.485254691689008,8.860896827896724,BUILDING,PRE-OPEN,45.25,16.450000000000003,32.900000000000006,29884.0,29916.9,32.9,64.3,TARGET,8.4,59.75
1785929580,2026-08-05,1,10.333333333333334,0.243076923076923,3.186510525982626,BUILDING,PRE-OPEN,19.75,15.5,31.0,29923.0,29907.25,-15.75,-33.0,STOP,11.2,20.75
1785931020,2026-08-05,1,11.633333333333333,0.0917874396135265,2.2248745987565264,NORMAL-CHOP,PRE-OPEN,-9.5,17.45,34.9,29918.5,29900.75,-17.75,-37.0,STOP,7.0,28.5
1785932100,2026-08-05,1,13.05,0.0918114143920595,2.298025484825574,NORMAL-CHOP,PRE-OPEN,-9.25,19.575000000000003,39.150000000000006,29907.25,29946.4,39.15,76.8,TARGET,19.9,42.75
1785935100,2026-08-05,1,9.783333333333331,0.0833333333333333,2.969205963425832,DEAD-CHOP,PRE-OPEN,7.5,14.674999999999997,29.349999999999994,29946.25,29931.25,-15.0,-31.5,STOP,8.1,127.0
1785936060,2026-08-05,-1,9.9,0.5736434108527132,-2.411625858826992,BUILDING,PRE-OPEN,-37.0,14.850000000000001,29.700000000000003,29910.0,29925.25,-15.25,-32.0,STOP,3.4,14.25
1785936360,2026-08-05,1,11.0,0.2152777777777778,2.2658406524869283,BUILDING,PRE-OPEN,-15.5,16.5,33.0,29926.5,29959.5,33.0,64.5,TARGET,1.0,146.75
1785936660,2026-08-05,-1,17.2,0.5506958250497018,-3.364784829262557,CLEAN-TREND,US,69.25,25.799999999999997,51.599999999999994,29984.0,30010.25,-26.25,-54.0,STOP,2.9,125.0
1785936900,2026-08-05,1,26.466666666666665,0.4532019704433497,2.854949771536656,CLEAN-TREND,US,92.0,39.699999999999996,79.39999999999999,30008.75,29968.75,-40.0,-81.5,STOP,0.4,64.5
1785937080,2026-08-05,1,37.18333333333333,0.2098569157392686,5.612919724454509,BUILDING,US,66.0,55.77499999999999,111.54999999999998,29973.0,29916.75,-56.25,-114.0,STOP,44.3,100.25
1785940200,2026-08-05,-1,35.7,0.4699029126213592,-2.297206548344531,CLEAN-TREND,US,-121.0,53.550000000000004,107.10000000000001,29892.0,29784.9,107.1,212.7,TARGET,47.1,129.75
1785945360,2026-08-05,-1,20.516666666666666,0.5645161290322581,-2.628611608279932,CLEAN-TREND,US,-87.5,30.775,61.55,29752.0,29783.25,-31.25,-64.0,STOP,24.0,50.25
1785953700,2026-08-05,-1,15.166666666666666,0.1711711711711711,-2.047147148390994,NORMAL-CHOP,US,19.0,22.75,45.5,29780.75,29735.25,45.5,89.5,TARGET,15.6,62.75
1785956160,2026-08-05,-1,11.433333333333334,0.1929824561403508,-2.836845511002043,NORMAL-CHOP,US,-13.75,17.15,34.3,29727.5,29745.0,-17.5,-36.5,STOP,4.6,53.75
1785956640,2026-08-05,1,12.516666666666667,0.0581717451523545,2.696912215613936,NORMAL-CHOP,US,5.25,18.775000000000002,37.550000000000004,29760.5,29741.25,-19.25,-40.0,STOP,26.9,19.5
1785958500,2026-08-05,-1,12.55,0.5049019607843137,-2.7203529434486167,CLEAN-TREND,US,-51.5,18.825000000000003,37.650000000000006,29717.0,29736.25,-19.25,-40.0,STOP,2.1,186.25
1785959160,2026-08-05,-1,14.166666666666666,0.4657534246575342,-6.849198182306531,CLEAN-TREND,US,-51.0,21.25,42.5,29692.5,29714.0,-21.5,-44.5,STOP,2.8,161.75
1785959400,2026-08-05,1,14.783333333333331,0.0385487528344671,3.718149014830923,NORMAL-CHOP,US,-4.25,22.174999999999997,44.349999999999994,29716.0,29693.5,-22.5,-46.5,STOP,5.0,8.0
1785959820,2026-08-05,1,16.433333333333334,0.4408163265306122,2.165486481988298,CLEAN-TREND,US,-54.0,24.65,49.3,29673.25,29648.25,-25.0,-51.5,STOP,1.5,1.5
1785960120,2026-08-05,-1,25.066666666666663,0.6692913385826772,-2.5523368266271507,CLEAN-TREND,OVERNIGHT,-127.5,37.599999999999994,75.19999999999999,29580.75,29618.75,-38.0,-77.5,STOP,11.3,50.0
1785968220,2026-08-05,-1,12.0,0.0622950819672131,-3.31042611394898,NORMAL-CHOP,OVERNIGHT,-4.75,18.0,36.0,29582.75,29601.0,-18.25,-38.0,STOP,2.3,-0.75
1785968460,2026-08-05,1,10.6,0.4450867052023121,2.7113818850119564,BUILDING,OVERNIGHT,38.5,15.899999999999999,31.799999999999997,29609.75,29641.55,31.8,62.1,TARGET,10.5,69.0
1785970020,2026-08-05,1,8.666666666666666,0.2017543859649122,3.119458404505843,BUILDING,OVERNIGHT,11.5,13.0,26.0,29668.0,29654.75,-13.25,-28.0,STOP,0.3,0.25
1785970200,2026-08-05,-1,9.466666666666669,0.3660377358490566,-3.4162857131316624,BUILDING,OVERNIGHT,-24.25,14.200000000000003,28.400000000000006,29638.75,29610.35,28.4,55.3,TARGET,41.8,72.25
1785973020,2026-08-05,-1,14.133333333333333,0.5097493036211699,-5.996306642113178,CLEAN-TREND,OVERNIGHT,-45.75,21.2,42.4,29591.75,29549.35,42.4,83.3,TARGET,23.5,45.5
1785974880,2026-08-06,1,16.133333333333333,0.0926365795724465,2.0521660994565845,VIOLENT-WHIPSAW,OVERNIGHT,9.75,24.2,48.4,29592.5,29568.0,-24.5,-50.5,STOP,1.7,16.25
1785976620,2026-08-06,1,14.283333333333331,0.2668329177057356,2.5245939564212585,BUILDING,OVERNIGHT,-26.75,21.424999999999997,42.849999999999994,29564.25,29542.5,-21.75,-45.0,STOP,14.1,23.0
1785978060,2026-08-06,-1,12.283333333333331,0.4419753086419753,-2.018143969822353,BUILDING,OVERNIGHT,-44.75,18.424999999999997,36.849999999999994,29511.0,29529.75,-18.75,-39.0,STOP,6.2,56.75
1785979200,2026-08-06,-1,14.0,0.1923076923076923,-3.5068397666345885,NORMAL-CHOP,OVERNIGHT,-25.0,21.0,42.0,29480.25,29501.5,-21.25,-44.0,STOP,12.6,26.0
1785981000,2026-08-06,1,14.116666666666667,0.239766081871345,2.6597533490262046,BUILDING,OVERNIGHT,30.75,21.175,42.35,29507.25,29549.6,42.35,83.2,TARGET,20.8,113.75
1785985620,2026-08-06,-1,9.383333333333333,0.3511450381679389,-2.53959269100534,BUILDING,OVERNIGHT,-23.0,14.075,28.15,29579.5,29551.35,28.15,54.8,TARGET,12.5,56.75
1785987180,2026-08-06,-1,10.65,0.3617021276595745,-3.1095893768487364,BUILDING,OVERNIGHT,-25.5,15.975000000000001,31.950000000000003,29536.25,29552.75,-16.5,-34.5,STOP,1.9,4.25
1785988740,2026-08-06,1,11.633333333333333,0.362126245847176,3.3334648967547698,BUILDING,OVERNIGHT,27.25,17.45,34.9,29581.0,29563.25,-17.75,-37.0,STOP,0.4,19.5
1785994440,2026-08-06,1,9.983333333333333,0.1927272727272727,2.1294219282091897,DEAD-CHOP,OVERNIGHT,-13.25,14.974999999999998,29.949999999999996,29565.25,29550.0,-15.25,-32.0,STOP,2.1,19.0
1785995040,2026-08-06,-1,12.15,0.0276923076923076,-2.10056318469434,NORMAL-CHOP,OVERNIGHT,2.25,18.225,36.45,29582.25,29545.8,36.45,71.4,TARGET,4.0,98.25
1785996360,2026-08-06,-1,13.333333333333334,0.0496453900709219,-3.625102457811084,NORMAL-CHOP,OVERNIGHT,-5.25,20.0,40.0,29539.75,29499.75,40.0,78.5,TARGET,7.4,55.75
1785996900,2026-08-06,1,10.2,0.7757009345794392,2.183356551921858,BUILDING,OVERNIGHT,-41.5,15.299999999999999,30.599999999999998,29507.25,29491.5,-15.75,-33.0,STOP,1.9,56.75
1785997200,2026-08-06,1,10.983333333333333,0.9166666666666666,2.282343048262899,BUILDING,OVERNIGHT,-55.0,16.474999999999998,32.949999999999996,29488.25,29521.2,32.95,64.4,TARGET,3.5,75.75
1785997860,2026-08-06,-1,12.85,0.1139240506329113,-2.2591002816038994,NORMAL-CHOP,OVERNIGHT,13.5,19.275,38.55,29519.0,29538.75,-19.75,-41.0,STOP,34.5,32.75
1786001760,2026-08-06,-1,9.65,0.4329501915708812,-2.433375202453794,BUILDING,PRE-OPEN,-28.25,14.475000000000001,28.950000000000003,29521.5,29536.25,-14.75,-31.0,STOP,12.5,77.25
1786002600,2026-08-06,1,9.7,0.1300813008130081,2.0946378929750864,DEAD-CHOP,PRE-OPEN,-8.0,14.549999999999999,29.099999999999998,29522.5,29507.5,-15.0,-31.5,STOP,1.3,10.25
1786003800,2026-08-06,-1,17.166666666666668,0.4085470085470085,-6.418192915313028,CLEAN-TREND,PRE-OPEN,-59.75,25.75,51.5,29449.75,29475.75,-26.0,-53.5,STOP,5.8,12.0
1786004460,2026-08-06,1,16.433333333333334,0.1981351981351981,2.032412465363742,VIOLENT-WHIPSAW,PRE-OPEN,-21.25,24.65,49.3,29477.5,29526.8,49.3,97.1,TARGET,12.2,55.25
1786006200,2026-08-06,1,10.633333333333333,0.1753246753246753,3.7012177611769648,NORMAL-CHOP,PRE-OPEN,-13.5,15.95,31.9,29503.75,29487.5,-16.25,-34.0,STOP,11.0,20.75
1786007700,2026-08-06,-1,12.033333333333331,0.3638443935926773,-2.7217477085118515,BUILDING,PRE-OPEN,-39.75,18.049999999999997,36.099999999999994,29463.5,29482.0,-18.5,-38.5,STOP,1.5,5.75
1786010520,2026-08-06,1,8.716666666666667,0.2716049382716049,3.179832390296033,BUILDING,PRE-OPEN,22.0,13.075,26.15,29531.75,29518.0,-13.75,-29.0,STOP,1.1,2.75
1786011540,2026-08-06,1,7.716666666666667,0.173469387755102,3.0626384386387104,DEAD-CHOP,PRE-OPEN,-8.5,11.575,23.15,29509.5,29497.5,-12.0,-25.5,STOP,16.0,17.0
1786014180,2026-08-06,1,15.8,0.6753246753246753,2.9532761793031077,CLEAN-TREND,PRE-OPEN,-104.0,23.700000000000003,47.400000000000006,29386.0,29433.4,47.4,93.3,TARGET,12.0,130.0
1786015080,2026-08-06,-1,16.566666666666666,0.4981949458483754,-2.121658465636946,CLEAN-TREND,PRE-OPEN,69.0,24.85,49.7,29453.5,29478.75,-25.25,-52.0,STOP,11.2,65.25
1786016880,2026-08-06,-1,14.95,0.3193473193473193,-4.541629698466878,BUILDING,PRE-OPEN,-34.25,22.424999999999997,44.849999999999994,29461.75,29416.9,44.85,88.2,TARGET,20.1,73.5
1786019400,2026-08-06,1,14.533333333333331,0.2186046511627907,3.552083304399752,BUILDING,PRE-OPEN,23.5,21.799999999999997,43.599999999999994,29444.0,29421.75,-22.25,-46.0,STOP,15.2,18.75
1786021200,2026-08-06,-1,12.4,0.4597156398104265,-2.6891277106766585,CLEAN-TREND,PRE-OPEN,-48.5,18.6,37.2,29376.75,29395.75,-19.0,-39.5,STOP,1.0,135.75
1786021500,2026-08-06,-1,13.733333333333333,0.4522968197879858,-4.024343544046879,CLEAN-TREND,PRE-OPEN,-64.0,20.599999999999998,41.199999999999996,29367.5,29326.3,41.2,80.9,TARGET,24.0,126.5
1786023120,2026-08-06,1,23.133333333333333,0.6084656084656085,4.66091524023833,CLEAN-TREND,US,-86.25,34.7,69.4,29263.25,29332.65,69.4,137.3,TARGET,1.8,403.25
1786023300,2026-08-06,-1,32.13333333333333,0.0792996910401647,-2.539433905954496,VIOLENT-WHIPSAW,US,19.25,48.2,96.4,29369.5,29418.0,-48.5,-98.5,STOP,0.8,2.5
1786023420,2026-08-06,1,35.85,0.2553956834532374,3.653448068406601,BUILDING,US,71.0,53.775000000000006,107.55000000000001,29421.5,29529.05,107.55,213.6,TARGET,11.1,245.0
1786024260,2026-08-06,1,35.55,0.5153846153846153,2.390237429440032,CLEAN-TREND,US,134.0,53.324999999999996,106.64999999999999,29548.25,29494.5,-53.75,-109.0,STOP,2.9,118.25
1786024740,2026-08-06,-1,32.7,0.342534504391468,-2.437946655512475,BUILDING,US,68.25,49.050000000000004,98.10000000000001,29527.25,29576.75,-49.5,-100.5,STOP,7.2,39.5
1786026240,2026-08-06,-1,25.3,0.3042328042328042,-2.5339961660825807,BUILDING,US,57.5,37.95,75.9,29632.75,29556.85,75.9,150.3,TARGET,14.5,100.0
1786032960,2026-08-06,-1,22.0,0.1273996509598604,-2.694646757996283,VIOLENT-WHIPSAW,US,-18.25,33.0,66.0,29482.75,29516.0,-33.25,-68.0,STOP,21.7,34.0
1786036440,2026-08-06,-1,17.233333333333334,0.2774193548387096,-2.481592168266488,BUILDING,US,-32.25,25.85,51.7,29524.25,29550.5,-26.25,-54.0,STOP,4.8,31.0
1786037940,2026-08-06,-1,16.133333333333333,0.1111111111111111,-2.431861879860859,VIOLENT-WHIPSAW,US,-11.75,24.2,48.4,29511.5,29536.0,-24.5,-50.5,STOP,20.1,18.25
1786040160,2026-08-06,-1,17.366666666666667,0.3987473903966597,-5.42091992237715,BUILDING,US,47.75,26.05,52.1,29567.25,29515.15,52.1,102.7,TARGET,22.7,66.5
1786044600,2026-08-06,-1,16.316666666666666,0.0700389105058365,-2.191981138105119,VIOLENT-WHIPSAW,US,-9.0,24.475,48.95,29520.0,29544.75,-24.75,-51.0,STOP,1.3,45.0
1786045800,2026-08-06,-1,13.266666666666667,0.4569536423841059,-5.3562022165781125,CLEAN-TREND,US,-51.75,19.900000000000002,39.800000000000004,29480.25,29500.5,-20.25,-42.0,STOP,2.5,5.25
1786046340,2026-08-06,-1,19.366666666666667,0.0269413629160063,-2.5160901010953323,VIOLENT-WHIPSAW,US,-4.25,29.05,58.1,29497.75,29527.25,-29.5,-60.5,STOP,0.2,17.75
1786055040,2026-08-06,1,9.0,0.1083333333333333,2.414040563195408,DEAD-CHOP,OVERNIGHT,6.5,13.5,27.0,29555.75,29542.0,-13.75,-29.0,STOP,7.1,41.5
1786056060,2026-08-06,1,8.583333333333334,0.1013215859030837,2.4893541189127064,DEAD-CHOP,OVERNIGHT,-5.75,12.875,25.75,29556.0,29581.75,25.75,50.0,TARGET,37.5,41.5
1786058700,2026-08-06,1,7.883333333333334,0.6405529953917051,2.881240801549428,BUILDING,OVERNIGHT,34.75,11.825000000000001,23.650000000000002,29595.0,29582.75,-12.25,-26.0,STOP,1.1,24.25
1786059420,2026-08-06,-1,8.733333333333333,0.0561797752808988,-3.7377570868230103,DEAD-CHOP,OVERNIGHT,-3.75,13.099999999999998,26.199999999999996,29574.25,29587.75,-13.5,-28.5,STOP,9.4,78.0
1786060140,2026-08-06,1,9.2,0.1119402985074626,2.208453512021295,DEAD-CHOP,OVERNIGHT,7.5,13.799999999999999,27.599999999999998,29595.75,29578.5,-17.25,-36.0,STOP,10.0,23.5
1786061520,2026-08-07,-1,15.033333333333331,0.165266106442577,-2.311545142181472,NORMAL-CHOP,OVERNIGHT,-14.75,22.549999999999997,45.099999999999994,29577.0,29531.9,45.1,88.7,TARGET,3.8,80.75
1786062720,2026-08-07,-1,16.45,0.0448343079922027,-3.261365146700984,VIOLENT-WHIPSAW,OVERNIGHT,5.75,24.674999999999997,49.349999999999994,29536.5,29561.5,-25.0,-51.5,STOP,1.6,53.75
1786064400,2026-08-07,1,19.166666666666668,0.2245557350565428,3.188792741321964,BUILDING,OVERNIGHT,34.75,28.75,57.5,29572.0,29543.0,-29.0,-59.5,STOP,9.9,9.5
1786065240,2026-08-07,1,15.4,0.3438202247191011,3.290883967416027,BUILDING,OVERNIGHT,-38.25,23.1,46.2,29525.5,29502.0,-23.5,-48.5,STOP,5.1,56.0
1786065900,2026-08-07,1,14.616666666666667,0.5068493150684932,2.403778223439447,CLEAN-TREND,OVERNIGHT,-55.5,21.925,43.85,29490.25,29534.1,43.85,86.2,TARGET,3.6,91.25
1786068180,2026-08-07,1,13.45,0.3141486810551558,4.089634489166941,BUILDING,OVERNIGHT,32.75,20.174999999999997,40.349999999999994,29543.0,29522.5,-20.5,-42.5,STOP,1.9,5.5
1786070340,2026-08-07,-1,12.083333333333334,0.4906542056074766,-2.9565125760409763,BUILDING,OVERNIGHT,-52.5,18.125,36.25,29485.75,29504.25,-18.5,-38.5,STOP,4.0,9.75
1786073040,2026-08-07,1,8.916666666666666,0.6086956521739131,2.694598126437866,BUILDING,OVERNIGHT,-35.0,13.375,26.75,29507.5,29493.75,-13.75,-29.0,STOP,2.0,15.25
1786075200,2026-08-07,-1,7.8,0.3958333333333333,-2.299267717238895,BUILDING,OVERNIGHT,-19.0,11.7,23.4,29483.0,29495.0,-12.0,-25.5,STOP,5.4,28.0
1786075980,2026-08-07,-1,8.5,0.2254901960784313,-6.989189287503516,BUILDING,OVERNIGHT,-11.5,12.75,25.5,29476.5,29489.5,-13.0,-27.5,STOP,6.4,21.5
1786076460,2026-08-07,1,11.6,0.175531914893617,3.172562643169801,NORMAL-CHOP,OVERNIGHT,16.5,17.4,34.8,29509.5,29491.75,-17.75,-37.0,STOP,4.7,47.5
1786077480,2026-08-07,-1,9.866666666666667,0.1073825503355704,-2.1836998475309906,DEAD-CHOP,OVERNIGHT,-8.0,14.8,29.6,29503.25,29518.5,-15.25,-32.0,STOP,22.5,14.5
1786079280,2026-08-07,1,9.716666666666669,0.8217821782178217,6.944108392087021,BUILDING,OVERNIGHT,62.25,14.575000000000003,29.150000000000006,29554.25,29539.25,-15.0,-31.5,STOP,1.1,5.75
1786086000,2026-08-07,-1,6.283333333333333,0.312,-2.234017522292659,BUILDING,PRE-OPEN,9.75,9.425,18.85,29553.0,29534.15,18.85,36.2,TARGET,1.4,21.25
1786086360,2026-08-07,-1,9.683333333333334,0.3285714285714285,-2.023979538774852,BUILDING,PRE-OPEN,23.0,14.525,29.05,29568.0,29583.0,-15.0,-31.5,STOP,3.5,5.75
1786087680,2026-08-07,1,7.95,0.0292397660818713,2.5544489144839924,DEAD-CHOP,PRE-OPEN,1.25,11.925,23.85,29582.5,29570.25,-12.25,-26.0,STOP,5.2,47.5
1786088460,2026-08-07,1,8.1,0.1304347826086956,5.541809518166922,DEAD-CHOP,PRE-OPEN,6.75,12.149999999999999,24.299999999999997,29590.5,29578.0,-12.5,-26.5,STOP,3.2,57.0
1786089660,2026-08-07,-1,9.066666666666666,0.2575757575757575,-2.3761106553517006,BUILDING,PRE-OPEN,17.0,13.6,27.2,29592.25,29606.25,-14.0,-29.5,STOP,0.7,1.75
1786090380,2026-08-07,1,10.633333333333333,0.3562005277044855,4.345733412570576,BUILDING,PRE-OPEN,33.75,15.95,31.9,29619.75,29603.25,-16.5,-34.5,STOP,4.4,29.0
1786091400,2026-08-07,1,9.1,0.0476190476190476,4.717315237319396,DEAD-CHOP,PRE-OPEN,3.0,13.649999999999999,27.299999999999997,29632.25,29618.25,-14.0,-29.5,STOP,5.6,18.25
1786094640,2026-08-07,1,7.466666666666667,0.1569506726457399,2.59124414511042,DEAD-CHOP,PRE-OPEN,8.75,11.2,22.4,29644.25,29632.75,-11.5,-24.5,STOP,2.7,6.25
1786095720,2026-08-07,-1,7.466666666666667,0.1093117408906882,-3.0960110419529907,DEAD-CHOP,PRE-OPEN,-6.75,11.2,22.4,29625.75,29603.35,22.4,43.3,TARGET,34.0,33.5
1786098060,2026-08-07,1,7.233333333333333,0.5025380710659898,2.353423294902644,BUILDING,PRE-OPEN,-24.75,10.85,21.7,29598.25,29619.95,21.7,41.9,TARGET,7.8,50.25
1786099980,2026-08-07,-1,6.683333333333334,0.3377483443708609,-2.5059469383152986,BUILDING,PRE-OPEN,-12.75,10.025,20.05,29605.0,29615.5,-10.5,-22.5,STOP,6.2,2.75
1786100460,2026-08-07,1,8.133333333333333,0.2694063926940639,3.1221547429039957,BUILDING,PRE-OPEN,14.75,12.2,24.4,29631.5,29655.9,24.4,47.3,TARGET,25.5,38.25
1786102080,2026-08-07,1,7.05,0.3114754098360656,2.4988750184086053,BUILDING,PRE-OPEN,14.25,10.575,21.15,29658.0,29647.0,-11.0,-23.5,STOP,2.0,20.0
1786102620,2026-08-07,1,6.466666666666667,0.26,2.666131518519011,BUILDING,PRE-OPEN,13.0,9.7,19.4,29653.5,29643.5,-10.0,-21.5,STOP,14.6,119.5
1786103880,2026-08-07,-1,8.033333333333333,0.9292035398230089,-2.0124349702223454,BUILDING,PRE-OPEN,-52.5,12.05,24.1,29613.75,29626.25,-12.5,-26.5,STOP,1.7,17.75
1786104060,2026-08-07,-1,11.516666666666667,0.1099476439790576,-2.7747474630754065,NORMAL-CHOP,PRE-OPEN,-10.5,17.275000000000002,34.550000000000004,29653.75,29671.5,-17.75,-37.0,STOP,1.6,57.75
1786104660,2026-08-07,1,13.183333333333334,0.1503267973856209,2.011222321468562,NORMAL-CHOP,PRE-OPEN,17.25,19.775,39.55,29650.75,29630.5,-20.25,-42.0,STOP,17.8,216.5
1786105860,2026-08-07,1,24.85,0.5059288537549407,2.246125810797268,CLEAN-TREND,PRE-OPEN,64.0,37.275000000000006,74.55000000000001,29729.25,29803.8,74.55,147.6,TARGET,9.0,138.0
1786106700,2026-08-07,1,22.5,0.7119476268412439,2.9678918712728763,CLEAN-TREND,PRE-OPEN,108.75,33.75,67.5,29824.5,29790.5,-34.0,-69.5,STOP,18.2,42.75
1786108200,2026-08-07,1,16.566666666666666,0.5367647058823529,2.360269085266088,CLEAN-TREND,PRE-OPEN,-73.0,24.85,49.7,29766.25,29741.0,-25.25,-52.0,STOP,1.3,55.5
1786109100,2026-08-07,1,15.6,0.432712215320911,2.954709579394648,CLEAN-TREND,PRE-OPEN,-52.25,23.4,46.8,29714.75,29691.0,-23.75,-49.0,STOP,2.0,107.0
1786109400,2026-08-07,1,20.666666666666668,0.0197368421052631,8.79945829515278,VIOLENT-WHIPSAW,US,-3.0,31.0,62.0,29726.25,29695.0,-31.25,-64.0,STOP,0.2,95.5
1786109640,2026-08-07,-1,27.433333333333334,0.3785166240409207,-4.122738671729716,BUILDING,US,74.0,41.15,82.3,29805.0,29722.7,82.3,163.1,TARGET,1.5,240.75
1786109940,2026-08-07,-1,43.65,0.005259203606311,-3.26530851359568,VIOLENT-WHIPSAW,US,1.75,65.475,130.95,29732.25,29798.0,-65.75,-133.0,STOP,5.1,168.0
1786110360,2026-08-07,-1,49.61666666666667,0.0134874759152215,-8.092423015301586,VIOLENT-WHIPSAW,US,-5.25,74.425,148.85,29735.5,29586.65,148.85,296.2,TARGET,25.1,171.25
1786112220,2026-08-07,1,40.333333333333336,0.0798192771084337,2.078235426479704,VIOLENT-WHIPSAW,US,-26.5,60.5,121.0,29647.75,29768.75,121.0,240.5,TARGET,9.8,135.25
1786116360,2026-08-07,1,17.15,0.5630630630630631,2.070822858741561,CLEAN-TREND,US,62.5,25.724999999999998,51.449999999999996,29818.75,29792.75,-26.0,-53.5,STOP,52.2,36.25
1786119600,2026-08-07,1,14.15,0.1715976331360946,5.467260392751619,NORMAL-CHOP,US,-14.5,21.225,42.45,29799.25,29777.75,-21.5,-44.5,STOP,0.8,2.5
1786119900,2026-08-07,-1,18.866666666666667,0.7413479052823315,-5.639404945140306,CLEAN-TREND,US,-101.75,28.3,56.6,29720.75,29749.5,-28.75,-59.0,STOP,13.1,51.75
1786123500,2026-08-07,-1,12.516666666666667,0.2334293948126801,-2.081418976989777,BUILDING,US,-20.25,18.775000000000002,37.550000000000004,29735.75,29755.0,-19.25,-40.0,STOP,3.2,26.0
1786123980,2026-08-07,1,11.9,0.0940766550522648,3.622624794881779,NORMAL-CHOP,US,-6.75,17.85,35.7,29744.5,29726.25,-18.25,-38.0,STOP,39.5,20.0
1786127700,2026-08-07,-1,12.016666666666667,0.3535911602209944,-2.59142334589978,BUILDING,US,-32.0,18.025000000000002,36.050000000000004,29692.75,29711.25,-18.5,-38.5,STOP,15.9,16.0
1786129140,2026-08-07,1,11.0,0.4521963824289405,4.752952190940617,BUILDING,US,43.75,16.5,33.0,29724.0,29757.0,33.0,64.5,TARGET,1.4,136.5
1786130100,2026-08-07,1,13.95,0.6489151873767258,2.2224974195234557,CLEAN-TREND,US,82.25,20.924999999999997,41.849999999999994,29820.75,29799.5,-21.25,-44.0,STOP,2.4,39.75
1786322100,2026-08-10,-1,14.583333333333334,0.3432203389830508,-3.204593772312029,BUILDING,OVERNIGHT,-40.5,21.875,43.75,29834.5,29790.75,43.75,86.0,TARGET,20.5,46.5
1786324920,2026-08-10,1,12.683333333333334,0.5472972972972973,2.9889983656741017,CLEAN-TREND,OVERNIGHT,40.5,19.025,38.05,29868.25,29848.75,-19.5,-40.5,STOP,8.8,27.0
1786326360,2026-08-10,1,12.316666666666666,0.4465753424657534,2.14380367609332,BUILDING,OVERNIGHT,40.75,18.475,36.95,29884.25,29865.5,-18.75,-39.0,STOP,28.6,11.0
1786332060,2026-08-10,-1,7.066666666666666,0.1414141414141414,-2.396939157972608,DEAD-CHOP,OVERNIGHT,7.0,10.6,21.2,29880.25,29891.25,-11.0,-23.5,STOP,13.8,9.75
1786333980,2026-08-10,-1,5.583333333333333,0.1653543307086614,-2.1370813010673864,DEAD-CHOP,OVERNIGHT,-5.25,8.375,16.75,29888.25,29871.5,16.75,32.0,TARGET,2.0,24.5
1786335000,2026-08-10,-1,8.266666666666667,0.2753623188405797,-2.6732457911427483,BUILDING,OVERNIGHT,19.0,12.400000000000002,24.800000000000004,29891.25,29904.0,-12.75,-27.0,STOP,15.3,27.5
1786336020,2026-08-10,-1,5.05,0.1949685534591195,-2.265448612598245,DEAD-CHOP,OVERNIGHT,7.75,7.574999999999999,15.149999999999999,29895.75,29880.6,15.15,28.8,TARGET,12.3,32.0
1786338840,2026-08-10,1,7.45,0.7216494845360825,4.941030475375474,BUILDING,OVERNIGHT,35.0,11.175,22.35,29917.25,29905.75,-11.5,-24.5,STOP,25.0,44.75
1786341180,2026-08-10,1,5.933333333333334,0.3866666666666666,2.1371950018645056,BUILDING,OVERNIGHT,14.5,8.9,17.8,29923.75,29941.55,17.8,34.1,TARGET,7.5,40.0
1786342080,2026-08-10,1,6.316666666666666,0.3953488372093023,2.401784729178459,BUILDING,OVERNIGHT,21.25,9.475,18.95,29945.25,29935.5,-9.75,-21.0,STOP,11.5,18.5
1786342860,2026-08-10,1,9.0,0.0297029702970297,6.070663256862601,DEAD-CHOP,OVERNIGHT,2.25,13.5,27.0,29941.75,29928.0,-13.75,-29.0,STOP,1.5,1.75
1786343100,2026-08-10,-1,10.35,0.3107692307692307,-2.093681289747664,BUILDING,OVERNIGHT,-25.25,15.524999999999999,31.049999999999997,29922.25,29891.2,31.05,60.6,TARGET,45.0,35.5
1786347900,2026-08-10,1,7.2,0.3422818791946309,7.265918905575418,BUILDING,PRE-OPEN,12.75,10.8,21.6,29966.75,29955.5,-11.25,-24.0,STOP,0.8,14.5
1786349100,2026-08-10,-1,9.216666666666669,0.5727272727272728,-2.0430459431153203,BUILDING,PRE-OPEN,31.5,13.825000000000003,27.650000000000006,29971.5,29943.85,27.65,53.8,TARGET,16.0,32.5
1786356180,2026-08-10,1,7.416666666666667,0.2328767123287671,3.1972480109497767,BUILDING,PRE-OPEN,12.75,11.125,22.25,29956.5,29945.0,-11.5,-24.5,STOP,4.5,2.75
1786356660,2026-08-10,-1,8.716666666666667,0.1969111969111969,-2.516128723626464,DEAD-CHOP,PRE-OPEN,-12.75,13.075,26.15,29925.75,29939.25,-13.5,-28.5,STOP,8.8,53.25
1786357260,2026-08-10,1,7.366666666666666,0.3148148148148148,2.645626120384489,BUILDING,PRE-OPEN,-17.0,11.049999999999999,22.099999999999998,29936.75,29925.25,-11.5,-24.5,STOP,14.1,15.25
1786358400,2026-08-10,-1,7.316666666666666,0.6090909090909091,-4.554958523361793,BUILDING,PRE-OPEN,-33.5,10.975,21.95,29914.25,29925.5,-11.25,-24.0,STOP,9.5,62.5
1786359120,2026-08-10,-1,6.266666666666667,0.3246753246753247,-3.491977135702317,BUILDING,PRE-OPEN,12.5,9.4,18.8,29933.75,29914.95,18.8,36.1,TARGET,5.0,88.5
1786361520,2026-08-10,1,10.583333333333334,0.3559322033898305,2.3297528258419864,BUILDING,PRE-OPEN,31.5,15.875,31.75,29912.25,29896.0,-16.25,-34.0,STOP,5.2,1.5
1786362120,2026-08-10,-1,9.816666666666666,0.2363636363636363,-2.234634041185782,BUILDING,PRE-OPEN,-16.25,14.725,29.45,29881.5,29852.05,29.45,57.4,TARGET,5.6,101.25
1786363020,2026-08-10,1,12.016666666666667,0.1436950146627566,2.3174052456992333,NORMAL-CHOP,PRE-OPEN,-12.25,18.025000000000002,36.050000000000004,29870.0,29851.5,-18.5,-38.5,STOP,15.5,14.25
1786364160,2026-08-10,-1,11.183333333333334,0.2779220779220779,-2.672839584490115,BUILDING,PRE-OPEN,-26.75,16.775,33.55,29835.0,29801.45,33.55,65.6,TARGET,17.2,64.0
1786365300,2026-08-10,-1,9.666666666666666,0.6305220883534136,-2.259584589398989,BUILDING,PRE-OPEN,-39.25,14.5,29.0,29793.25,29808.0,-14.75,-31.0,STOP,0.9,66.5
1786365660,2026-08-10,1,11.5,0.2222222222222222,2.209522560216377,BUILDING,PRE-OPEN,-20.0,17.25,34.5,29802.0,29784.5,-17.5,-36.5,STOP,8.5,39.25
1786366260,2026-08-10,-1,11.066666666666666,0.4125412541254125,-3.1346591062673363,BUILDING,PRE-OPEN,-31.25,16.6,33.2,29778.25,29795.25,-17.0,-35.5,STOP,8.3,59.25
1786368420,2026-08-10,-1,13.4,0.1004784688995215,-3.838065150263023,NORMAL-CHOP,PRE-OPEN,-10.5,20.1,40.2,29794.0,29814.5,-20.5,-42.5,STOP,2.0,75.0
1786368660,2026-08-10,-1,17.35,0.0655391120507399,-4.68844552746903,VIOLENT-WHIPSAW,US,7.75,26.025000000000002,52.050000000000004,29814.0,29840.5,-26.5,-54.5,STOP,1.4,95.0
1786368840,2026-08-10,-1,24.616666666666667,0.3703703703703703,-22.03639974451549,BUILDING,US,-75.0,36.925,73.85,29740.5,29777.75,-37.25,-76.0,STOP,0.8,21.5
1786369260,2026-08-10,-1,35.93333333333333,0.2166172106824926,-4.383016482384054,BUILDING,US,-54.75,53.89999999999999,107.79999999999998,29755.25,29809.5,-54.25,-110.0,STOP,6.0,5.25
1786369800,2026-08-10,-1,29.53333333333333,0.1274961597542242,-2.7112119114693733,VIOLENT-WHIPSAW,US,20.75,44.3,88.6,29805.25,29850.0,-44.75,-91.0,STOP,15.3,51.0
1786371840,2026-08-10,-1,19.516666666666666,0.3112033195020747,-2.8450483437541623,BUILDING,US,-37.5,29.275,58.55,29838.25,29868.0,-29.75,-61.0,STOP,4.4,73.5
1786372440,2026-08-10,-1,22.466666666666665,0.010204081632653,-2.307708671950297,VIOLENT-WHIPSAW,US,-1.5,33.699999999999996,67.39999999999999,29860.5,29793.1,67.4,133.3,TARGET,19.1,113.0
1786382880,2026-08-10,-1,8.716666666666667,0.3302325581395349,-2.335884773195543,BUILDING,US,-17.75,13.075,26.15,29784.0,29797.5,-13.5,-28.5,STOP,2.2,41.75
1786383420,2026-08-10,-1,8.25,0.5178571428571429,-2.1713928254877106,BUILDING,US,-29.0,12.375,24.75,29765.25,29778.0,-12.75,-27.0,STOP,4.1,23.0
1786384680,2026-08-10,1,9.766666666666667,0.0224215246636771,3.570281010050877,DEAD-CHOP,US,-1.25,14.650000000000002,29.300000000000004,29764.5,29749.5,-15.0,-31.5,STOP,3.3,20.25
1786385280,2026-08-10,1,9.233333333333333,0.2857142857142857,2.7509834298648057,BUILDING,US,15.0,13.849999999999998,27.699999999999996,29768.0,29753.75,-14.25,-30.0,STOP,4.4,25.25
1786387320,2026-08-10,1,7.95,0.4007782101167315,2.573120600386233,BUILDING,US,25.75,11.925,23.85,29771.75,29759.5,-12.25,-26.0,STOP,6.4,24.75
1786388220,2026-08-10,1,7.533333333333333,0.1931330472103004,2.048494065995233,DEAD-CHOP,US,11.25,11.3,22.6,29783.0,29771.25,-11.75,-25.0,STOP,43.5,13.5
1786391220,2026-08-10,-1,8.266666666666667,0.0978723404255319,-2.921238700827458,DEAD-CHOP,US,-5.75,12.400000000000002,24.800000000000004,29774.25,29749.45,24.8,48.1,TARGET,2.9,51.5
1786391580,2026-08-10,1,12.316666666666666,0.4060324825986079,2.021954862774368,BUILDING,US,-43.75,18.475,36.95,29742.75,29724.0,-18.75,-39.0,STOP,5.2,25.25
1786400220,2026-08-10,-1,7.083333333333333,0.5238095238095238,-2.303919890568195,BUILDING,OVERNIGHT,-22.0,10.625,21.25,29756.75,29735.5,21.25,41.0,TARGET,3.9,37.5
1786400700,2026-08-10,1,6.333333333333333,0.3401015228426396,2.395160301531053,BUILDING,OVERNIGHT,-16.75,9.5,19.0,29742.0,29732.25,-9.75,-21.0,STOP,5.7,8.25
1786401420,2026-08-10,1,6.45,0.2238805970149253,2.755076553123096,BUILDING,OVERNIGHT,-11.25,9.675,19.35,29729.5,29719.5,-10.0,-21.5,STOP,23.8,7.25
1786404000,2026-08-10,-1,4.266666666666667,0.5555555555555556,-10.10559644600012,BUILDING,OVERNIGHT,-15.0,6.4,12.8,29713.75,29720.5,-6.75,-15.0,STOP,0.3,47.75
1786405620,2026-08-10,1,5.816666666666666,0.4528301886792453,2.965036054677848,BUILDING,OVERNIGHT,12.0,8.725,17.45,29718.0,29708.75,-9.25,-20.0,STOP,3.9,74.0
1786405920,2026-08-10,-1,6.6,0.1186440677966101,-4.192643850530507,DEAD-CHOP,OVERNIGHT,-3.5,9.899999999999999,19.799999999999997,29707.25,29687.45,19.8,38.1,TARGET,2.1,41.25
1786406520,2026-08-11,-1,11.7,0.4576271186440678,-3.4196683545748585,BUILDING,OVERNIGHT,-47.25,17.549999999999997,35.099999999999994,29671.0,29689.0,-18.0,-37.5,STOP,2.0,3.5
1786407120,2026-08-11,-1,16.966666666666665,0.4828767123287671,-3.265543020901021,CLEAN-TREND,OVERNIGHT,70.5,25.449999999999996,50.89999999999999,29749.0,29774.75,-25.75,-53.0,STOP,31.4,24.25
1786410000,2026-08-11,1,7.083333333333333,0.0978260869565217,3.3474569882716763,DEAD-CHOP,OVERNIGHT,4.5,10.625,21.25,29795.0,29784.0,-11.0,-23.5,STOP,1.5,47.75
1786410600,2026-08-11,1,10.733333333333333,0.0956521739130434,2.5728985008788023,NORMAL-CHOP,OVERNIGHT,8.25,16.099999999999998,32.199999999999996,29799.0,29831.2,32.2,62.9,TARGET,12.1,43.75
1786416360,2026-08-11,1,6.15,0.2932330827067669,3.1193851848358385,BUILDING,OVERNIGHT,9.75,9.225000000000001,18.450000000000003,29839.25,29829.75,-9.5,-20.5,STOP,3.3,8.25
1786418820,2026-08-11,1,6.066666666666666,0.4318181818181818,2.702656420812011,BUILDING,OVERNIGHT,19.0,9.1,18.2,29846.25,29836.75,-9.5,-20.5,STOP,3.5,4.5
1786419120,2026-08-11,-1,5.933333333333334,0.3333333333333333,-2.703338588368253,BUILDING,OVERNIGHT,13.25,8.9,17.8,29835.0,29844.25,-9.25,-20.0,STOP,37.5,8.75
1786422660,2026-08-11,1,4.75,0.3875,2.6961317251055488,BUILDING,OVERNIGHT,15.5,7.125,14.25,29861.25,29853.5,-7.75,-17.0,STOP,2.2,0.25
1786424040,2026-08-11,-1,4.266666666666667,0.4214876033057851,-2.3304996607729294,BUILDING,OVERNIGHT,-12.75,6.4,12.8,29835.75,29842.5,-6.75,-15.0,STOP,5.4,47.5
1786424460,2026-08-11,1,4.166666666666667,0.0769230769230769,2.341583115429537,DEAD-CHOP,OVERNIGHT,-1.5,6.25,12.5,29841.5,29835.0,-6.5,-14.5,STOP,0.5,13.5
1786425480,2026-08-11,1,5.9,0.1256830601092896,2.481331955490202,DEAD-CHOP,OVERNIGHT,-5.75,8.850000000000001,17.700000000000003,29832.5,29823.25,-9.25,-20.0,STOP,1.7,0.25
1786426260,2026-08-11,1,7.3,0.8640776699029126,2.516829047209924,BUILDING,OVERNIGHT,-44.5,10.95,21.9,29802.75,29824.65,21.9,42.3,TARGET,3.7,26.75
1786427460,2026-08-11,-1,7.533333333333333,0.7282608695652174,-3.153535920520804,BUILDING,OVERNIGHT,-33.5,11.3,22.6,29789.5,29801.25,-11.75,-25.0,STOP,4.7,57.25
1786428600,2026-08-11,1,7.083333333333333,0.4077669902912621,3.546998193651812,BUILDING,OVERNIGHT,21.0,10.625,21.25,29820.5,29809.5,-11.0,-23.5,STOP,6.8,7.0
1786429320,2026-08-11,1,8.116666666666667,0.3992395437262357,5.345793996455599,BUILDING,OVERNIGHT,-26.25,12.175,24.35,29786.25,29773.75,-12.5,-26.5,STOP,2.3,3.25
1786429920,2026-08-11,1,10.533333333333331,0.6813186813186813,2.2878745361484936,BUILDING,OVERNIGHT,-62.0,15.799999999999997,31.599999999999994,29746.25,29777.85,31.6,61.7,TARGET,7.3,43.25
1786430460,2026-08-11,-1,12.9,0.0628019323671497,-2.773559750859771,NORMAL-CHOP,OVERNIGHT,6.5,19.35,38.7,29782.75,29744.05,38.7,75.9,TARGET,12.2,56.75
1786432980,2026-08-11,-1,10.25,0.1951219512195122,-3.954262545071408,NORMAL-CHOP,PRE-OPEN,-12.0,15.375,30.75,29736.25,29752.0,-15.75,-33.0,STOP,1.7,18.25
1786434780,2026-08-11,-1,8.216666666666667,0.2625698324022346,-2.3503123096015024,BUILDING,PRE-OPEN,-11.75,12.325,24.65,29758.25,29771.0,-12.75,-27.0,STOP,2.9,40.75
1786435740,2026-08-11,-1,13.2,0.086859688195991,-2.062571539777198,NORMAL-CHOP,PRE-OPEN,-9.75,19.799999999999997,39.599999999999994,29748.0,29721.5,26.5,51.5,TIME,60.0,30.5
1786440600,2026-08-11,1,9.15,0.2454212454212454,2.9203057913103185,BUILDING,PRE-OPEN,16.75,13.725000000000001,27.450000000000003,29766.0,29752.0,-14.0,-29.5,STOP,34.4,67.25
1786443420,2026-08-11,1,7.433333333333334,0.1607142857142857,2.309406472182905,DEAD-CHOP,PRE-OPEN,9.0,11.15,22.3,29771.75,29794.05,22.3,43.1,TARGET,4.7,115.25
1786443780,2026-08-11,-1,7.933333333333334,0.5389830508474577,-2.252269713744391,BUILDING,PRE-OPEN,39.75,11.9,23.8,29801.5,29813.75,-12.25,-26.0,STOP,2.1,6.0
1786446060,2026-08-11,1,8.333333333333334,0.6595744680851063,5.757238496737261,BUILDING,PRE-OPEN,54.25,12.5,25.0,29873.25,29860.5,-12.75,-27.0,STOP,1.2,13.75
1786447920,2026-08-11,-1,7.85,0.5935828877005348,-2.9845838181152717,BUILDING,PRE-OPEN,-27.75,11.774999999999999,23.549999999999997,29822.5,29834.75,-12.25,-26.0,STOP,9.6,12.0
1786450920,2026-08-11,-1,9.716666666666669,0.0736842105263157,-11.667074217822488,DEAD-CHOP,PRE-OPEN,5.25,14.575000000000003,29.150000000000006,29843.75,29814.6,29.15,56.8,TARGET,52.2,30.75
1786454220,2026-08-11,1,8.866666666666667,0.2251655629139073,3.0595730888696893,BUILDING,PRE-OPEN,-17.0,13.3,26.6,29832.5,29818.75,-13.75,-29.0,STOP,8.5,13.5
1786454880,2026-08-11,1,9.516666666666667,0.2319391634980988,2.1371654497977643,BUILDING,PRE-OPEN,15.25,14.275000000000002,28.550000000000004,29844.25,29829.5,-14.75,-31.0,STOP,1.0,-0.5
1786455180,2026-08-11,1,19.15,0.636986301369863,4.240794175545116,CLEAN-TREND,US,-93.0,28.724999999999998,57.449999999999996,29737.0,29708.0,-29.0,-59.5,STOP,1.7,56.0
1786455420,2026-08-11,1,26.4,0.5455650060753341,3.6128950892863214,CLEAN-TREND,US,-112.25,39.599999999999994,79.19999999999999,29722.0,29682.0,-40.0,-81.5,STOP,0.5,71.0
1786455900,2026-08-11,-1,35.53333333333333,0.4011976047904191,-2.847281659154045,CLEAN-TREND,US,-100.5,53.3,106.6,29682.75,29736.5,-53.75,-109.0,STOP,14.3,46.75
1786456860,2026-08-11,1,29.2,0.4232121922626026,3.380578209822451,CLEAN-TREND,US,90.25,43.8,87.6,29755.0,29788.75,33.75,66.0,TIME,60.0,50.0
1786460880,2026-08-11,-1,15.483333333333333,0.541371158392435,-2.4135015655867,CLEAN-TREND,US,-57.25,23.224999999999998,46.449999999999996,29726.75,29680.3,46.45,91.4,TARGET,25.1,79.75
1786464060,2026-08-11,-1,11.183333333333334,0.1705882352941176,-2.030320478409546,NORMAL-CHOP,US,-14.5,16.775,33.55,29657.25,29674.5,-17.25,-36.0,STOP,4.4,41.25
1786465500,2026-08-11,-1,12.633333333333333,0.4418604651162791,-4.463927988172316,CLEAN-TREND,US,-42.75,18.95,37.9,29634.75,29654.0,-19.25,-40.0,STOP,10.5,61.75
1786471560,2026-08-11,-1,9.216666666666669,0.4063604240282685,-2.25003642927271,BUILDING,US,-28.75,13.825000000000003,27.650000000000006,29605.5,29577.85,27.65,53.8,TARGET,14.5,72.0
1786472820,2026-08-11,-1,10.366666666666667,0.6395759717314488,-7.731736111076831,BUILDING,US,-45.25,15.55,31.1,29561.75,29577.75,-16.0,-33.5,STOP,21.2,28.25
1786476600,2026-08-11,1,9.2,0.44,2.185134321649714,BUILDING,US,27.5,13.799999999999999,27.599999999999998,29631.75,29659.35,27.6,53.7,TARGET,9.0,45.75
1786477500,2026-08-11,-1,10.066666666666666,0.0921501706484641,-2.47147808933867,DEAD-CHOP,US,-6.75,15.1,30.2,29625.25,29640.75,-15.5,-32.5,STOP,8.7,18.5
1786486440,2026-08-11,1,10.55,,2.1553160862725163,UNKNOWN,OVERNIGHT,0.0,15.825000000000001,31.650000000000002,29659.0,29642.75,-16.25,-34.0,STOP,16.8,8.25
1786487520,2026-08-11,-1,5.35,0.1156462585034013,-2.3602976757877965,DEAD-CHOP,OVERNIGHT,-4.25,8.024999999999999,16.049999999999997,29648.5,29644.0,4.5,7.5,TIME,60.0,14.75
1786491240,2026-08-11,-1,4.416666666666667,0.0891089108910891,-2.959828167336359,DEAD-CHOP,OVERNIGHT,-2.25,6.625,13.25,29640.5,29647.5,-7.0,-15.5,STOP,15.5,15.5
1786492800,2026-08-12,1,7.9,0.4426229508196721,4.2735174977146055,BUILDING,OVERNIGHT,20.25,11.850000000000001,23.700000000000003,29659.5,29647.25,-12.25,-26.0,STOP,0.1,22.0
1786493760,2026-08-12,1,12.433333333333334,0.2782874617737003,2.506891626589085,BUILDING,OVERNIGHT,22.75,18.65,37.3,29656.75,29662.25,5.5,9.5,TIME,60.0,24.75
1786499100,2026-08-12,-1,7.683333333333334,0.256,-3.064987648000268,BUILDING,OVERNIGHT,16.0,11.525,23.05,29671.5,29683.5,-12.0,-25.5,STOP,4.2,25.5
1786501800,2026-08-12,1,6.733333333333333,0.4560669456066946,5.980151827814709,BUILDING,OVERNIGHT,27.25,10.1,20.2,29683.5,29703.7,20.2,38.9,TARGET,28.9,27.0
1786505040,2026-08-12,-1,4.566666666666666,0.0476190476190476,-2.829575617358722,DEAD-CHOP,OVERNIGHT,-1.5,6.85,13.7,29696.25,29703.5,-7.25,-16.0,STOP,1.4,12.25
1786506780,2026-08-12,-1,4.75,0.2436974789915966,-2.4579509889399107,BUILDING,OVERNIGHT,-7.25,7.125,14.25,29688.25,29695.75,-7.5,-16.5,STOP,4.0,5.25
1786510020,2026-08-12,1,4.8,0.4558823529411764,3.504965850989985,BUILDING,OVERNIGHT,15.5,7.199999999999999,14.399999999999999,29704.0,29696.5,-7.5,-16.5,STOP,18.2,12.75
1786511700,2026-08-12,-1,5.9,0.492822966507177,-5.9178786862508455,BUILDING,OVERNIGHT,-25.75,8.850000000000001,17.700000000000003,29685.25,29694.5,-9.25,-20.0,STOP,14.4,17.25
1786514400,2026-08-12,1,4.6,0.6058394160583942,2.3933907786844038,BUILDING,OVERNIGHT,20.75,6.8999999999999995,13.799999999999999,29721.0,29713.75,-7.25,-16.0,STOP,10.3,28.0
1786516680,2026-08-12,1,5.583333333333333,0.6352201257861635,3.5704560985964835,BUILDING,OVERNIGHT,25.25,8.375,16.75,29724.5,29715.75,-8.75,-19.0,STOP,2.4,30.25
1786517220,2026-08-12,1,6.15,0.3246753246753247,2.44268803070398,BUILDING,OVERNIGHT,12.5,9.225000000000001,18.450000000000003,29725.5,29743.95,18.45,35.4,TARGET,12.2,29.25
1786518180,2026-08-12,1,5.65,0.3333333333333333,2.085241629977229,BUILDING,PRE-OPEN,13.75,8.475000000000001,16.950000000000003,29741.25,29732.5,-8.75,-19.0,STOP,21.0,40.0
1786521600,2026-08-12,1,4.816666666666666,0.6880733944954128,7.040949582744071,BUILDING,PRE-OPEN,18.75,7.225,14.45,29753.75,29768.2,14.45,27.4,TARGET,1.3,45.75
1786525740,2026-08-12,1,5.1,0.3617021276595745,3.0473530000630817,BUILDING,PRE-OPEN,12.75,7.6499999999999995,15.299999999999999,29811.0,29826.3,15.3,29.1,TARGET,13.7,38.0
1786526640,2026-08-12,-1,6.983333333333333,0.72,-3.7811219319356617,BUILDING,PRE-OPEN,36.0,10.475,20.95,29844.75,29823.8,20.95,40.4,TARGET,2.9,42.25
1786528860,2026-08-12,-1,6.9,0.0434782608695652,-2.70405864712164,DEAD-CHOP,PRE-OPEN,2.25,10.350000000000001,20.700000000000003,29824.25,29835.0,-10.75,-23.0,STOP,8.8,42.0
1786531680,2026-08-12,-1,5.816666666666666,0.4814814814814814,-9.038095879818512,BUILDING,PRE-OPEN,-22.75,8.725,17.45,29808.5,29791.05,17.45,33.4,TARGET,0.0,26.25
1786533360,2026-08-12,1,6.9,0.3113207547169811,2.07306185521996,BUILDING,PRE-OPEN,-16.5,10.350000000000001,20.700000000000003,29810.0,29830.7,20.7,39.9,TARGET,23.1,48.0
1786536960,2026-08-12,1,7.316666666666666,0.5234042553191489,2.173048403453024,BUILDING,PRE-OPEN,-30.75,10.975,21.95,29825.5,29847.45,21.95,42.4,TARGET,9.7,124.5
1786537620,2026-08-12,1,9.683333333333334,0.2413793103448276,3.309219094141616,BUILDING,PRE-OPEN,17.5,14.525,29.05,29855.0,29884.05,29.05,56.6,TARGET,1.4,132.5
1786537800,2026-08-12,-1,26.78333333333333,0.0055710306406685,-5.802376312424246,VIOLENT-WHIPSAW,PRE-OPEN,-1.0,40.175,80.35,29834.75,29875.25,-40.5,-82.5,STOP,1.0,13.75
1786539900,2026-08-12,1,9.516666666666667,0.4757281553398058,2.070792219675353,BUILDING,PRE-OPEN,24.5,14.275000000000002,28.550000000000004,29931.0,29959.55,28.55,55.6,TARGET,13.7,70.5
1786540980,2026-08-12,-1,7.9,0.5532646048109966,-2.130807866253685,BUILDING,PRE-OPEN,40.25,11.850000000000001,23.700000000000003,29970.5,29982.75,-12.25,-26.0,STOP,3.7,122.25
1786541400,2026-08-12,-1,13.066666666666666,0.3386243386243386,-5.969078323421255,BUILDING,US,32.0,19.6,39.2,29975.0,29935.8,39.2,76.9,TARGET,0.3,126.75
1786541580,2026-08-12,1,20.25,0.2462908011869436,4.2321848676243,BUILDING,US,-41.5,30.375,60.75,29910.25,29879.5,-30.75,-63.0,STOP,1.0,59.75
1786541700,2026-08-12,-1,24.016666666666666,0.3635250917992656,-6.129047311650484,BUILDING,US,-74.25,36.025,72.05,29897.5,29934.0,-36.5,-74.5,STOP,0.5,61.75
1786542120,2026-08-12,1,34.46666666666667,0.3434163701067615,4.648344855519816,BUILDING,US,-96.5,51.7,103.4,29888.0,29836.0,-52.0,-105.5,STOP,48.3,82.0
1786548720,2026-08-12,-1,15.966666666666669,0.3558558558558558,-2.994026308628888,BUILDING,US,-39.5,23.950000000000003,47.900000000000006,29843.5,29867.75,-24.25,-50.0,STOP,36.8,24.75
1786553400,2026-08-12,1,9.95,0.7125382262996942,3.3560674351117696,BUILDING,US,58.25,14.924999999999999,29.849999999999998,29911.75,29896.5,-15.25,-32.0,STOP,21.3,12.75
1786556400,2026-08-12,-1,7.016666666666667,0.0705882352941176,-2.0978507471683967,DEAD-CHOP,US,3.0,10.525,21.05,29917.0,29895.95,21.05,40.6,TARGET,25.4,27.25
1786560060,2026-08-12,1,6.8,0.4351851851851852,3.2104073438688183,BUILDING,US,23.5,10.2,20.4,29925.75,29915.25,-10.5,-22.5,STOP,3.6,1.75
1786561020,2026-08-12,-1,7.233333333333333,0.5276752767527675,-2.131282659043748,BUILDING,US,-35.75,10.85,21.7,29886.5,29897.75,-11.25,-24.0,STOP,1.5,61.0
1786561860,2026-08-12,-1,8.25,0.176,-2.740171644128114,DEAD-CHOP,US,-11.0,12.375,24.75,29884.25,29897.0,-12.75,-27.0,STOP,5.3,58.75
1786562400,2026-08-12,-1,8.033333333333333,0.4838709677419355,-2.391966584415151,BUILDING,US,-22.5,12.05,24.1,29876.75,29852.65,24.1,46.7,TARGET,13.1,51.25
1786564020,2026-08-12,1,9.883333333333333,0.0696202531645569,2.2114402505364974,DEAD-CHOP,US,-5.5,14.825,29.65,29857.0,29841.75,-15.25,-32.0,STOP,3.2,49.0
1786564500,2026-08-12,1,14.35,0.167608286252354,6.365875188613548,NORMAL-CHOP,US,-22.25,21.525,43.05,29829.5,29872.55,43.05,84.6,TARGET,5.1,76.5
1786565100,2026-08-12,1,16.3,0.3395872420262664,3.762067059160872,BUILDING,OVERNIGHT,45.25,24.450000000000003,48.900000000000006,29895.0,29870.25,-24.75,-51.0,STOP,1.1,1.0
1786572960,2026-08-12,-1,7.85,0.4035087719298245,-3.0273216766354487,BUILDING,OVERNIGHT,-17.25,11.774999999999999,23.549999999999997,29799.75,29812.0,-12.25,-26.0,STOP,55.4,19.25
1786576440,2026-08-12,1,5.5,0.3230769230769231,2.352544312461885,BUILDING,OVERNIGHT,10.5,8.25,16.5,29809.5,29801.0,-8.5,-18.5,STOP,17.5,54.75
1786577880,2026-08-12,1,5.066666666666666,0.0059880239520958,2.159062744687569,DEAD-CHOP,OVERNIGHT,-0.25,7.6,15.2,29810.25,29802.25,-8.0,-17.5,STOP,7.4,56.25
1786578480,2026-08-12,-1,5.966666666666667,0.0887573964497041,-2.099004183094098,DEAD-CHOP,OVERNIGHT,-3.75,8.95,17.9,29797.0,29806.25,-9.25,-20.0,STOP,2.7,4.0
1786579020,2026-08-12,-1,6.383333333333334,0.1910112359550561,-2.632995962695498,DEAD-CHOP,OVERNIGHT,-8.5,9.575000000000001,19.150000000000002,29799.5,29809.5,-10.0,-21.5,STOP,2.7,3.0
1786579260,2026-08-13,1,8.533333333333333,0.6144578313253012,6.204757425087121,BUILDING,OVERNIGHT,38.25,12.8,25.6,29836.5,29862.1,25.6,49.7,TARGET,5.5,30.0
1786582800,2026-08-13,1,9.033333333333331,0.0505050505050505,2.3017641627315584,DEAD-CHOP,OVERNIGHT,-3.75,13.549999999999997,27.099999999999994,29829.25,29815.25,-14.0,-29.5,STOP,28.0,36.5
1786586040,2026-08-13,1,7.7,0.2489795918367346,2.951308582862907,BUILDING,OVERNIGHT,15.25,11.55,23.1,29855.0,29843.0,-12.0,-25.5,STOP,37.9,22.75
1786588380,2026-08-13,-1,7.1,0.4778761061946903,-2.578595121721396,BUILDING,OVERNIGHT,-27.0,10.649999999999999,21.299999999999997,29837.25,29848.25,-11.0,-23.5,STOP,4.0,3.5
1786588920,2026-08-13,1,9.0,0.1164383561643835,2.1188238373130672,DEAD-CHOP,OVERNIGHT,8.5,13.5,27.0,29873.0,29874.25,1.25,1.0,TIME,60.0,7.25
1786593780,2026-08-13,1,2.75,0.3548387096774194,6.238796251033213,BUILDING,OVERNIGHT,5.5,4.125,8.25,29882.0,29890.25,8.25,15.0,TARGET,6.0,14.25
1786594800,2026-08-13,-1,4.883333333333334,0.3742331288343558,-2.5536740214669584,BUILDING,OVERNIGHT,-15.25,7.325000000000001,14.650000000000002,29870.0,29855.35,14.65,27.8,TARGET,1.7,16.0
1786595040,2026-08-13,-1,6.383333333333334,0.3562231759656652,-2.570067446985413,BUILDING,OVERNIGHT,-20.75,9.575000000000001,19.150000000000002,29867.5,29877.5,-10.0,-21.5,STOP,0.2,-0.0
1786595760,2026-08-13,1,6.783333333333333,0.5181818181818182,2.0269142877689896,BUILDING,OVERNIGHT,28.5,10.175,20.35,29890.25,29879.75,-10.5,-22.5,STOP,3.1,34.0
1786598340,2026-08-13,-1,4.5,0.4744525547445255,-2.085822875179826,BUILDING,OVERNIGHT,16.25,6.75,13.5,29909.75,29917.0,-7.25,-16.0,STOP,0.7,41.25
1786599000,2026-08-13,1,5.3,0.037037037037037,2.95440841192963,DEAD-CHOP,OVERNIGHT,1.75,7.949999999999999,15.899999999999999,29919.25,29911.0,-8.25,-18.0,STOP,1.8,5.0
1786599540,2026-08-13,-1,6.8,0.0829694323144104,-2.5198463494469987,DEAD-CHOP,OVERNIGHT,-4.75,10.2,20.4,29907.0,29886.6,20.4,39.3,TARGET,19.9,38.5
1786603320,2026-08-13,-1,7.95,0.4532374100719424,-6.383509313366529,BUILDING,OVERNIGHT,-31.5,11.925,23.85,29863.25,29875.5,-12.25,-26.0,STOP,13.8,19.5
1786604340,2026-08-13,-1,6.366666666666666,0.5463917525773195,-2.5481172252086344,BUILDING,OVERNIGHT,26.5,9.549999999999999,19.099999999999998,29888.0,29868.9,19.1,36.7,TARGET,3.5,44.25
1786604820,2026-08-13,-1,8.933333333333334,0.2066666666666666,-4.153637472865138,BUILDING,PRE-OPEN,-15.5,13.4,26.8,29849.0,29862.75,-13.75,-29.0,STOP,9.1,20.25
1786608000,2026-08-13,-1,6.666666666666667,0.2325581395348837,-3.642346970956485,BUILDING,PRE-OPEN,-10.0,10.0,20.0,29864.75,29844.75,20.0,38.5,TARGET,1.5,37.25
1786608180,2026-08-13,-1,8.516666666666667,0.6892430278884463,-3.9077453473568298,BUILDING,PRE-OPEN,-43.25,12.775000000000002,25.550000000000004,29830.25,29843.5,-13.25,-28.0,STOP,2.3,2.75
1786611060,2026-08-13,1,6.166666666666667,0.4035087719298245,2.788284607767593,BUILDING,PRE-OPEN,23.0,9.25,18.5,29873.5,29864.0,-9.5,-20.5,STOP,1.1,1.75
1786612500,2026-08-13,1,7.783333333333333,0.7403846153846154,2.556107976811942,BUILDING,PRE-OPEN,-38.5,11.675,23.35,29828.75,29852.1,23.35,45.2,TARGET,17.4,51.0
1786616520,2026-08-13,1,4.35,0.4845360824742268,2.532075369038177,BUILDING,PRE-OPEN,11.75,6.5249999999999995,13.049999999999999,29884.0,29877.0,-7.0,-15.5,STOP,0.5,8.25
1786618800,2026-08-13,1,5.033333333333333,0.3205128205128205,5.705087692134772,BUILDING,PRE-OPEN,12.5,7.55,15.1,29888.5,29880.25,-8.25,-18.0,STOP,1.3,6.5
1786619100,2026-08-13,-1,5.466666666666667,0.0222222222222222,-2.666525764843066,DEAD-CHOP,PRE-OPEN,0.75,8.2,16.4,29876.75,29885.25,-8.5,-18.5,STOP,0.8,38.5
1786620840,2026-08-13,1,5.733333333333333,0.3223140495867768,4.9671053980955415,BUILDING,PRE-OPEN,9.75,8.6,17.2,29871.25,29888.45,17.2,32.9,TARGET,9.9,23.75
1786621500,2026-08-13,1,6.65,0.6881720430107527,4.031942231051246,BUILDING,PRE-OPEN,32.0,9.975000000000001,19.950000000000003,29893.75,29883.5,-10.25,-22.0,STOP,4.3,0.75
1786622400,2026-08-13,-1,7.716666666666667,0.4896551724137931,-3.350731311959714,BUILDING,PRE-OPEN,-35.5,11.575,23.15,29857.5,29834.35,23.15,44.8,TARGET,9.8,44.5
1786623480,2026-08-13,-1,8.983333333333333,0.3,-2.5717736275349603,BUILDING,PRE-OPEN,-21.0,13.474999999999998,26.949999999999996,29819.75,29833.5,-13.75,-29.0,STOP,8.0,6.75
1786624200,2026-08-13,1,14.316666666666666,0.1133501259445843,3.916110293930665,NORMAL-CHOP,PRE-OPEN,11.25,21.475,42.95,29851.25,29829.5,-21.75,-45.0,STOP,0.3,69.75
1786624920,2026-08-13,1,19.366666666666667,0.1682419659735349,5.877015722791311,VIOLENT-WHIPSAW,PRE-OPEN,22.25,29.05,58.1,29858.0,29916.1,58.1,114.7,TARGET,26.8,195.75
1786626960,2026-08-13,-1,8.016666666666667,0.2816326530612245,-2.1557435951165465,BUILDING,PRE-OPEN,17.25,12.025000000000002,24.050000000000004,29903.25,29915.75,-12.5,-26.5,STOP,3.9,40.5
1786627800,2026-08-13,-1,9.3,0.1557788944723618,-4.905798114452666,DEAD-CHOP,US,-7.75,13.950000000000001,27.900000000000002,29893.75,29865.85,27.9,54.3,TARGET,1.2,31.0
1786628040,2026-08-13,1,17.566666666666666,0.2548330404217926,9.888516150923042,BUILDING,US,36.25,26.35,52.7,29945.25,29997.95,52.7,103.9,TARGET,1.7,321.5
1786628340,2026-08-13,1,24.33333333333333,0.5733041575492341,3.8919556286119343,CLEAN-TREND,US,131.0,36.49999999999999,72.99999999999999,30039.5,30002.75,-36.75,-75.0,STOP,4.2,227.5
1786628700,2026-08-13,1,32.45,0.4996265870052278,2.208194395339091,CLEAN-TREND,US,167.25,48.675000000000004,97.35000000000001,30064.5,30161.85,97.35,193.2,TARGET,12.2,202.5
1786630260,2026-08-13,1,17.916666666666668,0.449438202247191,2.5173261368764472,CLEAN-TREND,US,60.0,26.875,53.75,30209.0,30262.75,53.75,106.0,TARGET,22.6,58.0
1786632300,2026-08-13,-1,12.666666666666666,0.154228855721393,-3.1783543014625493,NORMAL-CHOP,US,-15.5,19.0,38.0,30219.75,30239.0,-19.25,-40.0,STOP,0.9,91.25
1786632900,2026-08-13,-1,15.916666666666666,0.4071146245059288,-2.2288298843852874,CLEAN-TREND,US,-51.5,23.875,47.75,30204.75,30229.0,-24.25,-50.0,STOP,5.9,100.75
1786634400,2026-08-13,1,15.316666666666666,0.0603674540682414,3.092317918926901,VIOLENT-WHIPSAW,US,5.75,22.975,45.95,30225.25,30202.0,-23.25,-48.0,STOP,6.7,13.5
1786638300,2026-08-13,1,12.116666666666667,0.2171428571428571,2.2885762680988435,BUILDING,US,19.0,18.175,36.35,30184.75,30221.1,36.35,71.2,TARGET,39.5,65.5
1786645800,2026-08-13,1,9.1,0.0148367952522255,2.934146587191758,DEAD-CHOP,US,-1.25,13.649999999999999,27.299999999999997,30202.75,30230.05,27.3,53.1,TARGET,10.9,70.5
1786647600,2026-08-13,1,6.716666666666667,0.4619883040935672,3.834989480030209,BUILDING,US,19.75,10.075,20.15,30253.75,30243.25,-10.5,-22.5,STOP,3.4,19.5
1786648080,2026-08-13,1,7.95,0.4545454545454545,3.3975540338982086,BUILDING,US,26.25,11.925,23.85,30268.75,30256.5,-12.25,-26.0,STOP,3.2,4.5
1786648380,2026-08-13,-1,9.433333333333334,0.092063492063492,-2.2498234775675647,DEAD-CHOP,US,-7.25,14.15,28.3,30235.0,30206.7,28.3,55.1,TARGET,30.5,94.0
1786650600,2026-08-13,-1,9.416666666666666,0.4015151515151515,-3.996313768048316,BUILDING,US,-26.5,14.125,28.25,30189.75,30204.25,-14.5,-30.5,STOP,3.5,48.75
1786650900,2026-08-13,-1,11.683333333333334,0.5384615384615384,-7.601095903464275,BUILDING,US,-40.25,17.525,35.05,30180.0,30198.0,-18.0,-37.5,STOP,4.1,39.0
1786651260,2026-08-13,-1,16.316666666666666,0.0693641618497109,-2.335071255848908,VIOLENT-WHIPSAW,OVERNIGHT,-6.0,24.475,48.95,30196.75,30216.5,-19.75,-41.0,TIME,58.0,8.5
1786659420,2026-08-13,1,7.783333333333333,0.1489361702127659,2.1559533945391123,DEAD-CHOP,OVERNIGHT,-8.75,11.675,23.35,30200.5,30223.85,23.35,45.2,TARGET,56.3,26.75
1786663320,2026-08-13,-1,5.883333333333334,0.1182795698924731,-2.047117689432104,DEAD-CHOP,OVERNIGHT,-5.5,8.825000000000001,17.650000000000002,30208.75,30191.1,17.65,33.8,TARGET,22.7,30.75
1786665900,2026-08-14,1,7.3,0.4948453608247423,2.6736619212550927,BUILDING,OVERNIGHT,24.0,10.95,21.9,30217.0,30205.75,-11.25,-24.0,STOP,0.7,4.5
1786666140,2026-08-14,1,9.966666666666669,0.1806451612903225,2.323446466503294,DEAD-CHOP,OVERNIGHT,14.0,14.950000000000003,29.900000000000006,30211.25,30196.0,-15.25,-32.0,STOP,5.5,2.25
1786666560,2026-08-14,-1,11.533333333333331,0.4606060606060606,-7.669569833500801,BUILDING,OVERNIGHT,-38.0,17.299999999999997,34.599999999999994,30180.75,30146.15,34.6,67.7,TARGET,45.8,56.5
1786669380,2026-08-14,1,8.0,0.6030534351145038,2.927768094645849,BUILDING,OVERNIGHT,-39.5,12.0,24.0,30136.0,30160.0,24.0,46.5,TARGET,35.1,37.25
1786672980,2026-08-14,1,7.4,0.1358024691358024,2.39971567013469,DEAD-CHOP,OVERNIGHT,8.25,11.100000000000001,22.200000000000003,30169.75,30158.25,-11.5,-24.5,STOP,15.0,11.25
1786674720,2026-08-14,1,5.65,0.2837837837837837,2.973590898275964,BUILDING,OVERNIGHT,10.5,8.475000000000001,16.950000000000003,30172.25,30163.5,-8.75,-19.0,STOP,14.0,16.0
1786678200,2026-08-14,1,4.766666666666667,0.3109243697478991,6.964453263863059,BUILDING,OVERNIGHT,9.25,7.15,14.3,30176.0,30168.5,-7.5,-16.5,STOP,0.9,1.0
1786682100,2026-08-14,-1,5.216666666666667,0.4074074074074074,-5.5097756448170045,BUILDING,OVERNIGHT,-13.75,7.825,15.65,30143.5,30151.75,-8.25,-18.0,STOP,2.0,15.5
1786684740,2026-08-14,-1,5.7,0.1636363636363636,-2.297685526984712,DEAD-CHOP,OVERNIGHT,6.75,8.55,17.1,30142.5,30151.5,-9.0,-19.5,STOP,4.1,2.5
1786685640,2026-08-14,1,4.8,0.4081632653061224,3.3653887523610413,BUILDING,OVERNIGHT,10.0,7.199999999999999,14.399999999999999,30152.75,30167.15,14.4,27.3,TARGET,9.7,31.25
1786686300,2026-08-14,1,5.233333333333333,0.4909090909090909,3.3111035440090766,BUILDING,OVERNIGHT,20.25,7.85,15.7,30167.75,30183.45,15.7,29.9,TARGET,9.9,16.25
1786688100,2026-08-14,-1,6.35,0.5048543689320388,-3.202558901398576,BUILDING,OVERNIGHT,-26.0,9.524999999999999,19.049999999999997,30149.5,30159.5,-10.0,-21.5,STOP,3.7,1.25
1786689360,2026-08-14,-1,5.116666666666666,0.0259740259740259,-2.730649462914895,DEAD-CHOP,OVERNIGHT,-1.0,7.674999999999999,15.349999999999998,30152.0,30160.0,-8.0,-17.5,STOP,0.5,-0.5
1786690140,2026-08-14,1,3.966666666666667,0.4049586776859504,2.67688289969981,BUILDING,OVERNIGHT,12.25,5.95,11.9,30167.25,30179.15,11.9,22.3,TARGET,10.0,36.5
1786690980,2026-08-14,1,5.15,0.7062937062937062,5.431857116871398,BUILDING,PRE-OPEN,25.25,7.7250000000000005,15.450000000000001,30192.75,30184.75,-8.0,-17.5,STOP,1.4,18.5
1786693440,2026-08-14,1,4.6,0.6235294117647059,5.471860651938699,BUILDING,PRE-OPEN,26.5,6.8999999999999995,13.799999999999999,30203.5,30196.25,-7.25,-16.0,STOP,1.9,37.5
1786694340,2026-08-14,-1,5.05,0.2117647058823529,-7.372447298206646,BUILDING,PRE-OPEN,-9.0,7.574999999999999,15.149999999999999,30194.25,30202.25,-8.0,-17.5,STOP,0.2,7.25
1786694700,2026-08-14,1,9.833333333333334,0.2298850574712643,6.663957200631179,BUILDING,PRE-OPEN,20.0,14.75,29.5,30220.75,30205.75,-15.0,-31.5,STOP,16.8,23.75
1786696440,2026-08-14,-1,8.283333333333333,0.3469387755102041,-2.7701922656869287,BUILDING,PRE-OPEN,21.25,12.425,24.85,30231.75,30244.5,-12.75,-27.0,STOP,14.2,21.5
1786698000,2026-08-14,-1,5.616666666666666,0.3098591549295774,-2.033151839068387,BUILDING,PRE-OPEN,-11.0,8.424999999999999,16.849999999999998,30219.75,30228.5,-8.75,-19.0,STOP,23.5,13.75
1786702380,2026-08-14,-1,4.716666666666667,0.3675213675213675,-2.0687497411440825,BUILDING,PRE-OPEN,10.75,7.075,14.15,30240.0,30225.85,14.15,26.8,TARGET,14.5,17.5
1786703640,2026-08-14,1,5.116666666666666,0.0,2.206078553195847,DEAD-CHOP,PRE-OPEN,0.0,7.674999999999999,15.349999999999998,30235.0,30227.0,-8.0,-17.5,STOP,1.2,27.25
1786704300,2026-08-14,1,5.55,0.2235294117647059,2.4759934312613767,BUILDING,PRE-OPEN,9.5,8.325,16.65,30240.0,30256.65,16.65,31.8,TARGET,14.0,22.25
1786706820,2026-08-14,1,5.583333333333333,0.1929824561403508,2.007584613815762,DEAD-CHOP,PRE-OPEN,-8.25,8.375,16.75,30247.5,30238.75,-8.75,-19.0,STOP,3.8,32.75
1786708980,2026-08-14,1,5.75,0.5407407407407407,6.401712119129798,BUILDING,PRE-OPEN,18.25,8.625,17.25,30280.25,30271.25,-9.0,-19.5,STOP,0.1,0.0
1786709520,2026-08-14,-1,8.4,0.3098591549295774,-3.7228699521815782,BUILDING,PRE-OPEN,-22.0,12.600000000000001,25.200000000000003,30240.25,30215.05,25.2,48.9,TARGET,0.5,33.5
1786712700,2026-08-14,1,6.766666666666667,0.2521739130434782,2.590173613183285,BUILDING,PRE-OPEN,14.5,10.15,20.3,30281.0,30270.5,-10.5,-22.5,STOP,0.2,-0.25
1786714260,2026-08-14,-1,14.333333333333334,0.0522388059701492,-2.0278568193657227,NORMAL-CHOP,US,-3.5,21.5,43.0,30246.5,30203.5,43.0,84.5,TARGET,3.0,117.5
1786714560,2026-08-14,-1,19.466666666666665,0.7002237136465325,-4.1460412562568685,CLEAN-TREND,US,-78.25,29.199999999999996,58.39999999999999,30177.25,30206.75,-29.5,-60.5,STOP,1.5,48.25
1786714800,2026-08-14,-1,23.6,0.2876712328767123,-2.783667067117652,BUILDING,US,-42.0,35.400000000000006,70.80000000000001,30207.25,30243.0,-35.75,-73.0,STOP,2.5,78.25
1786715100,2026-08-14,1,26.3,0.0909090909090909,3.740995283125256,VIOLENT-WHIPSAW,US,16.75,39.45,78.9,30264.5,30224.75,-39.75,-81.0,STOP,1.2,16.25
1786715280,2026-08-14,1,26.58333333333333,0.280593325092707,2.4422508356151607,BUILDING,US,56.75,39.87499999999999,79.74999999999999,30270.25,30230.0,-40.25,-82.0,STOP,1.7,4.5
1786715820,2026-08-14,-1,26.23333333333333,0.1211717709720372,-3.2753165714436925,VIOLENT-WHIPSAW,US,-22.75,39.349999999999994,78.69999999999999,30216.75,30256.5,-39.75,-81.0,STOP,6.5,87.75
1786716480,2026-08-14,-1,19.416666666666668,0.0115830115830115,-2.568330266461776,VIOLENT-WHIPSAW,US,-1.5,29.125,58.25,30242.75,30184.5,58.25,115.0,TARGET,9.2,135.75
1786719540,2026-08-14,-1,13.666666666666666,0.2935560859188544,-2.482821883052349,BUILDING,US,-30.75,20.5,41.0,30123.5,30144.25,-20.75,-43.0,STOP,1.1,98.5
1786720860,2026-08-14,-1,12.866666666666667,0.50920245398773,-2.629060694229505,CLEAN-TREND,US,-41.5,19.3,38.6,30082.25,30043.65,38.6,75.7,TARGET,4.2,57.25
1786725120,2026-08-14,-1,8.666666666666666,0.1925925925925926,-2.293190929997156,DEAD-CHOP,US,-13.0,13.0,26.0,30071.5,30084.75,-13.25,-28.0,STOP,2.9,24.5
1786730220,2026-08-14,1,7.55,0.4033613445378151,2.0676479638348253,BUILDING,US,24.0,11.325,22.65,30078.75,30067.0,-11.75,-25.0,STOP,30.0,25.25
1786733400,2026-08-14,1,6.166666666666667,0.6230366492146597,2.865608888001771,BUILDING,US,29.75,9.25,18.5,30098.5,30089.0,-9.5,-20.5,STOP,7.3,31.25
1786734000,2026-08-14,-1,6.916666666666667,0.1052631578947368,-2.016440792460073,DEAD-CHOP,US,-6.0,10.375,20.75,30078.5,30089.25,-10.75,-23.0,STOP,8.3,3.5
1786735080,2026-08-14,-1,7.283333333333333,0.09,-3.1308995530904946,DEAD-CHOP,US,4.5,10.925,21.85,30090.75,30102.0,-11.25,-24.0,STOP,9.7,10.25
1786736160,2026-08-14,-1,6.466666666666667,0.4715025906735751,-2.8816916545961018,BUILDING,US,22.75,9.7,19.4,30104.0,30114.0,-10.0,-21.5,STOP,6.5,7.75
1786737000,2026-08-14,1,7.9,0.3189655172413793,5.461536693259889,BUILDING,US,18.5,11.850000000000001,23.700000000000003,30122.75,30146.45,23.7,45.9,TARGET,8.9,30.25
1786737600,2026-08-14,-1,10.583333333333334,0.494047619047619,-3.207180185212349,BUILDING,OVERNIGHT,41.5,15.875,31.75,30148.25,30155.0,-6.75,-15.0,TIME,59.0,21.75
