ts,day,dir,atr,er,fz,regime,session,ext,stop_pt,targ_pt,entry,exit,pts,net,reason,held_min,mfe
1783290720,2026-07-05,1,17.0,0.3321167883211678,,BUILDING,OVERNIGHT,45.5,25.5,51.0,29957.25,29931.5,-25.75,-53.0,STOP,37.3,52.75
1783293120,2026-07-05,1,12.883333333333333,0.4247787610619469,-0.2997972338187061,CLEAN-TREND,OVERNIGHT,48.0,19.325,38.65,29993.25,29973.5,-19.75,-41.0,STOP,1.1,16.75
1783294260,2026-07-05,1,10.566666666666666,0.1135531135531135,-0.0835465244020533,NORMAL-CHOP,OVERNIGHT,7.75,15.85,31.7,30004.25,29987.75,-16.5,-34.5,STOP,4.4,3.75
1783296000,2026-07-06,-1,15.25,0.2415349887133182,-2.785634804127876,BUILDING,OVERNIGHT,-26.75,22.875,45.75,29947.25,29901.5,45.75,90.0,TARGET,1.1,102.25
1783296900,2026-07-06,1,21.3,0.3323485967503692,1.5353544456118549,BUILDING,OVERNIGHT,56.25,31.950000000000003,63.900000000000006,30001.5,29969.25,-32.25,-66.0,STOP,6.4,3.0
1783297500,2026-07-06,-1,16.116666666666667,0.1016949152542373,0.3053972101402695,VIOLENT-WHIPSAW,OVERNIGHT,-12.0,24.175,48.35,29943.0,29894.65,48.35,95.2,TARGET,3.8,120.25
1783298580,2026-07-06,1,23.416666666666668,0.1134328358208955,0.3281913734492229,VIOLENT-WHIPSAW,OVERNIGHT,19.0,35.125,70.25,29942.5,29907.0,-35.5,-72.5,STOP,16.2,27.25
1783299840,2026-07-06,-1,18.05,0.4688221709006928,0.3932722085672981,CLEAN-TREND,OVERNIGHT,-50.75,27.075000000000003,54.150000000000006,29894.5,29840.35,54.15,106.8,TARGET,19.2,143.75
1783301160,2026-07-06,-1,19.116666666666667,0.4975206611570248,-2.787290612763065,CLEAN-TREND,OVERNIGHT,-75.25,28.675,57.35,29797.25,29826.25,-29.0,-59.5,STOP,4.0,51.25
1783302000,2026-07-06,1,18.883333333333333,0.1439842209072978,-0.234176908899339,VIOLENT-WHIPSAW,OVERNIGHT,18.25,28.325,56.65,29845.25,29816.5,-28.75,-59.0,STOP,2.1,6.75
1783303920,2026-07-06,-1,18.016666666666666,0.0766208251473477,-0.7337165006141515,VIOLENT-WHIPSAW,OVERNIGHT,-9.75,27.025,54.05,29761.25,29788.75,-27.5,-56.5,STOP,9.1,78.0
1783304940,2026-07-06,-1,17.6,0.1912350597609561,-1.0231682138095282,VIOLENT-WHIPSAW,OVERNIGHT,-24.0,26.400000000000002,52.800000000000004,29735.75,29762.5,-26.75,-55.0,STOP,40.0,52.5
1783307460,2026-07-06,1,12.4,0.827027027027027,1.7066460693881351,CLEAN-TREND,OVERNIGHT,76.5,18.6,37.2,29780.5,29761.25,-19.25,-40.0,STOP,1.1,26.0
1783309380,2026-07-06,-1,13.833333333333334,0.3319148936170212,1.1305656536517334,BUILDING,OVERNIGHT,-39.0,20.75,41.5,29743.5,29702.0,41.5,81.5,TARGET,10.3,49.75
1783311060,2026-07-06,1,10.516666666666667,0.3848987108655617,0.6119327894191244,BUILDING,OVERNIGHT,52.25,15.775000000000002,31.550000000000004,29759.0,29790.55,31.55,61.6,TARGET,7.9,81.5
1783311600,2026-07-06,1,9.65,0.5504587155963303,0.0161682797635688,BUILDING,OVERNIGHT,60.0,14.475000000000001,28.950000000000003,29797.0,29782.0,-15.0,-31.5,STOP,6.4,43.5
1783312200,2026-07-06,1,5.65,0.3784860557768924,0.0220934251819828,BUILDING,OVERNIGHT,23.75,8.475000000000001,16.950000000000003,29801.5,29792.75,-8.75,-19.0,STOP,0.7,39.0
1783315260,2026-07-06,-1,7.733333333333333,0.2931726907630522,-1.508695183257132,BUILDING,OVERNIGHT,-18.25,11.6,23.2,29789.25,29766.05,23.2,44.9,TARGET,8.1,36.75
1783316580,2026-07-06,1,11.316666666666666,0.1123595505617977,2.43433459683958,NORMAL-CHOP,OVERNIGHT,10.0,16.975,33.95,29792.25,29774.75,-17.5,-36.5,STOP,3.6,62.75
1783318200,2026-07-06,-1,11.083333333333334,,-0.7162288760518264,UNKNOWN,OVERNIGHT,0.0,16.625,33.25,29763.5,29780.75,-17.25,-36.0,STOP,13.3,8.5
1783319280,2026-07-06,1,9.65,0.4927536231884058,0.0540104562022003,BUILDING,OVERNIGHT,34.0,14.475000000000001,28.950000000000003,29794.0,29822.95,28.95,56.4,TARGET,6.2,70.25
1783319820,2026-07-06,1,9.8,0.7156398104265402,2.970748604930707,BUILDING,OVERNIGHT,75.5,14.700000000000001,29.400000000000002,29839.0,29819.25,-19.75,-41.0,STOP,51.5,25.25
1783323660,2026-07-06,1,6.216666666666667,0.2796934865900383,-0.697490610884082,BUILDING,PRE-OPEN,18.25,9.325,18.65,29849.75,29868.4,18.65,35.8,TARGET,1.6,31.5
1783323840,2026-07-06,1,6.4,0.7443609022556391,-0.1469213603168176,BUILDING,PRE-OPEN,49.5,9.600000000000001,19.200000000000003,29870.0,29860.0,-10.0,-21.5,STOP,8.1,11.25
1783324740,2026-07-06,-1,4.25,0.5238095238095238,-0.0242314424869532,BUILDING,PRE-OPEN,-19.25,6.375,12.75,29850.5,29857.25,-6.75,-15.0,STOP,0.0,58.25
1783325280,2026-07-06,1,7.5,0.2597864768683274,-0.5525060879946317,BUILDING,PRE-OPEN,18.25,11.25,22.5,29880.25,29868.75,-11.5,-24.5,STOP,0.3,0.25
1783325460,2026-07-06,-1,9.85,0.1464646464646464,-0.5229751098671724,DEAD-CHOP,PRE-OPEN,-14.5,14.774999999999999,29.549999999999997,29840.25,29810.7,29.55,57.6,TARGET,1.8,48.0
1783325700,2026-07-06,-1,10.85,0.4660831509846827,-1.141907531563039,BUILDING,PRE-OPEN,-53.25,16.275,32.55,29806.75,29823.5,-16.75,-35.0,STOP,9.8,14.5
1783327200,2026-07-06,1,6.6,0.1291866028708134,0.2336393361133366,DEAD-CHOP,PRE-OPEN,6.75,9.899999999999999,19.799999999999997,29836.5,29856.3,19.8,38.1,TARGET,14.2,35.0
1783331340,2026-07-06,-1,5.366666666666666,0.2,0.0876691727539495,BUILDING,PRE-OPEN,-10.75,8.049999999999999,16.099999999999998,29834.25,29867.5,-33.25,-68.0,STOP,1.7,2.75
1783331520,2026-07-06,1,6.683333333333334,0.1194539249146757,0.4601113755913186,DEAD-CHOP,PRE-OPEN,8.75,10.025,20.05,29874.0,29861.25,-12.75,-27.0,STOP,14.2,12.25
1783332480,2026-07-06,-1,5.616666666666666,0.392156862745098,-1.2104263696274018,BUILDING,PRE-OPEN,-20.0,8.424999999999999,16.849999999999998,29860.5,29869.25,-8.75,-19.0,STOP,3.4,19.5
1783333080,2026-07-06,1,5.116666666666666,0.3493975903614458,-0.2975056838620405,BUILDING,PRE-OPEN,14.5,7.674999999999999,15.349999999999998,29881.5,29873.25,-8.25,-18.0,STOP,2.8,14.25
1783333860,2026-07-06,-1,4.266666666666667,0.4666666666666667,-0.1129662574035871,BUILDING,PRE-OPEN,-15.75,6.4,12.8,29860.5,29872.25,-11.75,-25.0,STOP,2.0,19.5
1783337520,2026-07-06,1,11.033333333333331,0.3293413173652694,1.738910074219249,BUILDING,PRE-OPEN,27.5,16.549999999999997,33.099999999999994,29895.75,29878.75,-17.0,-35.5,STOP,5.7,40.5
1783339620,2026-07-06,1,7.733333333333333,0.2303664921465968,-1.7026507051552922,BUILDING,PRE-OPEN,22.0,11.6,23.2,29916.25,29904.25,-12.0,-25.5,STOP,14.9,20.0
1783340640,2026-07-06,-1,8.8,0.5,-2.5168572233946764,BUILDING,PRE-OPEN,-38.0,13.200000000000001,26.400000000000002,29880.5,29894.0,-13.5,-28.5,STOP,3.9,52.25
1783341480,2026-07-06,1,8.366666666666667,0.2225201072386059,0.4256012756033045,BUILDING,PRE-OPEN,20.75,12.55,25.1,29919.0,29906.0,-13.0,-27.5,STOP,2.7,18.25
1783344720,2026-07-06,1,26.966666666666665,,2.049996748360245,UNKNOWN,US,0.0,40.449999999999996,80.89999999999999,29912.25,29871.5,-40.75,-83.0,STOP,3.3,137.75
1783345500,2026-07-06,1,56.55,0.2036441586280814,3.083093487957546,BUILDING,US,95.0,84.82499999999999,169.64999999999998,29955.25,30052.75,97.5,193.5,TIME,60.0,101.75
1783349400,2026-07-06,1,21.716666666666665,0.1258992805755395,2.6142597086497745,VIOLENT-WHIPSAW,US,17.5,32.574999999999996,65.14999999999999,30059.75,30026.75,-33.0,-67.5,STOP,1.8,25.25
1783350780,2026-07-06,-1,22.33333333333333,0.3062409288824383,-1.2856141191834247,BUILDING,US,-52.75,33.49999999999999,66.99999999999999,29968.5,30002.25,-33.75,-69.0,STOP,10.8,27.25
1783351560,2026-07-06,1,23.75,0.2256341789052069,0.6008557469024561,BUILDING,US,42.25,35.625,71.25,30037.5,30037.0,-0.5,-2.5,TIME,60.0,56.5
1783355880,2026-07-06,-1,13.216666666666669,0.5170278637770898,-2.687745414752498,CLEAN-TREND,US,-41.75,19.825000000000003,39.650000000000006,30006.0,30026.25,-20.25,-42.0,STOP,1.2,92.5
1783356840,2026-07-06,-1,13.233333333333333,0.2278177458033573,-1.7828850227867767,BUILDING,US,-23.75,19.849999999999998,39.699999999999996,29996.25,30016.5,-20.25,-42.0,STOP,11.0,114.5
1783358400,2026-07-06,-1,12.483333333333333,0.3273273273273273,-0.5666294601331548,BUILDING,US,-27.25,18.724999999999998,37.449999999999996,29985.5,29948.05,37.45,73.4,TARGET,8.6,103.75
1783359000,2026-07-06,-1,16.2,0.6932515337423313,-1.227954106143467,CLEAN-TREND,US,-84.75,24.299999999999997,48.599999999999994,29941.75,29893.15,48.6,95.7,TARGET,11.5,60.0
1783361160,2026-07-06,1,14.883333333333333,0.1392405063291139,2.6243120537565106,NORMAL-CHOP,US,16.5,22.325,44.65,29945.0,29989.65,44.65,87.8,TARGET,9.2,64.5
1783362720,2026-07-06,-1,12.566666666666666,0.1096345514950166,-0.617840964073267,NORMAL-CHOP,US,-8.25,18.85,37.7,29961.5,29980.75,-19.25,-40.0,STOP,9.5,13.5
1783363500,2026-07-06,1,13.05,0.1473684210526315,0.5771079458268253,NORMAL-CHOP,US,14.0,19.575000000000003,39.150000000000006,29985.5,30024.65,39.15,76.8,TARGET,26.8,66.5
1783365420,2026-07-06,1,12.033333333333331,0.5454545454545454,0.9264266902397812,BUILDING,US,45.0,18.049999999999997,36.099999999999994,30029.25,30010.75,-18.5,-38.5,STOP,13.1,22.75
1783366800,2026-07-06,-1,12.633333333333333,0.5880597014925373,0.4302460800051863,CLEAN-TREND,US,-49.25,18.95,37.9,29998.75,30018.0,-19.25,-40.0,STOP,0.6,67.25
1783367400,2026-07-06,-1,14.35,0.2882703777335984,-5.092818989901308,BUILDING,US,-36.25,21.525,43.05,29986.25,29943.2,43.05,84.6,TARGET,4.1,54.75
1783369560,2026-07-06,-1,5.716666666666667,0.21875,0.0436206923824179,BUILDING,OVERNIGHT,-7.0,8.575,17.15,29951.25,29960.25,-9.0,-19.5,STOP,2.9,20.0
1783370880,2026-07-06,-1,3.8,0.4712643678160919,-0.1046125451685885,BUILDING,OVERNIGHT,-10.25,5.699999999999999,11.399999999999999,29946.5,29935.1,11.4,21.3,TARGET,3.2,15.25
1783376460,2026-07-06,1,7.183333333333334,0.5828877005347594,0.5023023676459787,BUILDING,OVERNIGHT,27.25,10.775,21.55,29973.0,29961.75,-11.25,-24.0,STOP,3.6,0.5
1783376760,2026-07-06,-1,5.983333333333333,0.1870967741935484,-1.3081443826943857,DEAD-CHOP,OVERNIGHT,-7.25,8.975,17.95,29957.0,29966.25,-9.25,-20.0,STOP,13.6,85.0
1783377900,2026-07-06,-1,8.066666666666666,0.25,-1.5997206014047356,BUILDING,OVERNIGHT,-16.5,12.1,24.2,29933.25,29909.05,24.2,46.9,TARGET,7.5,73.75
1783378500,2026-07-06,-1,10.216666666666669,0.8125,0.5778637458475684,BUILDING,OVERNIGHT,-71.5,15.325000000000003,30.650000000000006,29894.25,29910.0,-15.75,-33.0,STOP,4.8,54.25
1783379760,2026-07-06,-1,8.616666666666667,0.2571428571428571,-1.0269972985823956,BUILDING,OVERNIGHT,-15.75,12.925,25.85,29893.0,29906.25,-13.25,-28.0,STOP,12.0,76.5
1783381140,2026-07-06,-1,7.683333333333334,0.2539682539682539,-0.8533686083032963,BUILDING,OVERNIGHT,-16.0,11.525,23.05,29880.25,29857.2,23.05,44.6,TARGET,6.2,68.25
1783381800,2026-07-06,-1,9.983333333333333,0.6528301886792452,-5.089460121690187,BUILDING,OVERNIGHT,-43.25,14.974999999999998,29.949999999999996,29848.0,29863.25,-15.25,-32.0,STOP,9.9,40.0
1783382820,2026-07-07,1,13.816666666666666,0.2837837837837837,3.759644848212997,BUILDING,OVERNIGHT,21.0,20.725,41.45,29879.25,29858.25,-21.0,-43.5,STOP,1.2,37.5
1783383660,2026-07-07,1,17.533333333333335,0.2516778523489933,-1.1612677571941048,BUILDING,OVERNIGHT,37.5,26.300000000000004,52.60000000000001,29898.75,29872.0,-26.75,-55.0,STOP,6.8,18.0
1783384500,2026-07-07,-1,18.366666666666667,0.307563025210084,-1.570137199733428,BUILDING,OVERNIGHT,-45.75,27.55,55.1,29834.75,29779.65,55.1,108.7,TARGET,45.6,117.75
1783387440,2026-07-07,-1,14.366666666666667,0.6709677419354839,1.1472109152112937,CLEAN-TREND,OVERNIGHT,-52.0,21.55,43.1,29759.5,29781.5,-22.0,-45.5,STOP,19.4,42.5
1783388700,2026-07-07,1,16.383333333333333,0.4512635379061371,0.181174486862685,CLEAN-TREND,OVERNIGHT,62.5,24.575,49.15,29799.5,29774.5,-25.0,-51.5,STOP,13.2,22.25
1783390920,2026-07-07,-1,10.933333333333334,0.3398692810457516,-0.6339783988599234,BUILDING,OVERNIGHT,-26.0,16.4,32.8,29784.25,29751.45,32.8,64.1,TARGET,10.8,54.75
1783393080,2026-07-07,-1,10.283333333333331,0.3212121212121212,-0.3632288731878779,BUILDING,OVERNIGHT,-26.5,15.424999999999997,30.849999999999994,29747.25,29763.0,-15.75,-33.0,STOP,2.1,118.75
1783393680,2026-07-07,1,12.066666666666666,0.2041343669250646,0.7958644185335615,BUILDING,OVERNIGHT,19.75,18.1,36.2,29782.0,29763.5,-18.5,-38.5,STOP,3.9,2.25
1783394160,2026-07-07,-1,11.433333333333334,0.1026392961876832,-3.85003525380576,NORMAL-CHOP,OVERNIGHT,-8.75,17.15,34.3,29740.75,29706.45,34.3,67.1,TARGET,10.6,112.25
1783394880,2026-07-07,-1,12.566666666666666,0.6310160427807486,-2.4058267091666714,CLEAN-TREND,OVERNIGHT,-59.0,18.85,37.7,29703.0,29665.3,37.7,73.9,TARGET,15.1,87.25
1783395900,2026-07-07,-1,13.783333333333331,0.4757281553398058,-1.0081058277953046,CLEAN-TREND,OVERNIGHT,-49.0,20.674999999999997,41.349999999999994,29646.75,29667.75,-21.0,-43.5,STOP,13.1,31.0
1783397100,2026-07-07,1,13.983333333333333,0.323943661971831,2.201700317197324,BUILDING,OVERNIGHT,28.75,20.974999999999998,41.949999999999996,29679.0,29657.75,-21.25,-44.0,STOP,3.7,1.75
1783397580,2026-07-07,-1,13.833333333333334,0.2166666666666666,0.477924754305163,BUILDING,OVERNIGHT,-19.5,20.75,41.5,29640.5,29599.0,41.5,81.5,TARGET,48.8,53.5
1783400700,2026-07-07,-1,8.816666666666666,0.2208588957055214,-0.179878469840635,BUILDING,OVERNIGHT,-18.0,13.225,26.45,29595.25,29608.75,-13.5,-28.5,STOP,17.1,37.75
1783402020,2026-07-07,-1,12.566666666666666,0.3850267379679144,1.3122205792037451,BUILDING,OVERNIGHT,-36.0,18.85,37.7,29560.75,29580.0,-19.25,-40.0,STOP,1.5,3.25
1783402260,2026-07-07,1,14.166666666666666,0.2458333333333333,-0.2279311950402091,BUILDING,OVERNIGHT,29.5,21.25,42.5,29622.0,29664.5,42.5,83.5,TARGET,9.5,82.25
1783403460,2026-07-07,1,12.85,0.4382022471910112,-0.9497818907495392,CLEAN-TREND,OVERNIGHT,39.0,19.275,38.55,29684.0,29664.25,-19.75,-41.0,STOP,15.9,20.25
1783404480,2026-07-07,-1,11.15,0.1631578947368421,-0.8030815686973801,NORMAL-CHOP,OVERNIGHT,-15.5,16.725,33.45,29659.0,29676.0,-17.0,-35.5,STOP,27.1,27.75
1783407240,2026-07-07,1,8.183333333333334,0.2063492063492063,1.0250472510647386,BUILDING,OVERNIGHT,13.0,12.275,24.55,29686.0,29673.25,-12.75,-27.0,STOP,5.1,58.0
1783407660,2026-07-07,1,9.116666666666667,0.4113207547169811,2.699980780920735,BUILDING,PRE-OPEN,27.25,13.675,27.35,29698.0,29725.35,27.35,53.2,TARGET,13.3,46.0
1783408920,2026-07-07,1,12.3,0.2701421800947867,-1.5971499712531878,BUILDING,PRE-OPEN,28.5,18.450000000000003,36.900000000000006,29737.25,29718.5,-18.75,-39.0,STOP,3.5,4.25
1783409460,2026-07-07,-1,11.2,0.2328767123287671,-1.0048722315312015,BUILDING,PRE-OPEN,-21.25,16.799999999999997,33.599999999999994,29705.75,29672.15,33.6,65.7,TARGET,20.8,64.5
1783410900,2026-07-07,-1,8.133333333333333,0.5313807531380753,-0.6665557266036235,BUILDING,PRE-OPEN,-31.75,12.2,24.4,29667.25,29642.85,24.4,47.3,TARGET,4.2,26.0
1783411860,2026-07-07,1,13.4,0.0512129380053908,-0.8012833138080148,NORMAL-CHOP,PRE-OPEN,4.75,20.1,40.2,29674.25,29653.75,-20.5,-42.5,STOP,48.2,35.5
1783415280,2026-07-07,1,10.833333333333334,0.1861198738170347,2.815514001459541,NORMAL-CHOP,PRE-OPEN,14.75,16.25,32.5,29684.25,29667.75,-16.5,-34.5,STOP,14.7,9.5
1783416540,2026-07-07,-1,8.033333333333333,0.4943396226415094,0.709333964869297,BUILDING,PRE-OPEN,-32.75,12.05,24.1,29655.5,29631.4,24.1,46.7,TARGET,5.0,33.25
1783417620,2026-07-07,-1,11.016666666666667,0.1830985915492957,-2.473689660193865,NORMAL-CHOP,PRE-OPEN,-16.25,16.525000000000002,33.050000000000004,29628.75,29645.75,-17.0,-35.5,STOP,3.2,2.25
1783418340,2026-07-07,1,9.5,0.1483870967741935,1.6863891651157246,DEAD-CHOP,PRE-OPEN,11.5,14.25,28.5,29663.0,29648.5,-14.5,-30.5,STOP,14.1,26.5
1783420440,2026-07-07,-1,10.216666666666669,0.3830508474576271,-0.6123212467520561,BUILDING,PRE-OPEN,-28.25,15.325000000000003,30.650000000000006,29651.0,29620.35,30.65,59.8,TARGET,26.1,51.75
1783422120,2026-07-07,-1,11.916666666666666,0.3004291845493562,0.3778157241393059,BUILDING,PRE-OPEN,-35.0,17.875,35.75,29612.25,29630.5,-18.25,-38.0,STOP,13.2,21.0
1783423080,2026-07-07,1,12.266666666666667,0.3240223463687151,0.9216710467493814,BUILDING,PRE-OPEN,29.0,18.400000000000002,36.800000000000004,29640.0,29621.25,-18.75,-39.0,STOP,12.7,76.25
1783423920,2026-07-07,-1,10.316666666666666,0.2680115273775216,-3.5838296828193936,BUILDING,PRE-OPEN,-23.25,15.475,30.95,29604.75,29620.5,-15.75,-33.0,STOP,11.8,13.5
1783424880,2026-07-07,1,11.933333333333334,0.2789115646258503,-0.1021629547559337,BUILDING,PRE-OPEN,20.5,17.9,35.8,29631.0,29612.75,-18.25,-38.0,STOP,4.0,85.25
1783425480,2026-07-07,1,12.05,0.3125,0.1591669150788594,BUILDING,PRE-OPEN,30.0,18.075000000000003,36.150000000000006,29640.25,29676.4,36.15,70.8,TARGET,6.6,76.0
1783425960,2026-07-07,1,13.95,0.5334685598377282,-0.7405025726882485,CLEAN-TREND,PRE-OPEN,65.75,20.924999999999997,41.849999999999994,29689.25,29668.0,-21.25,-44.0,STOP,11.7,27.0
1783426860,2026-07-07,-1,14.383333333333333,0.2429667519181585,1.679549012947408,BUILDING,PRE-OPEN,-23.75,21.575,43.15,29664.75,29686.75,-22.0,-45.5,STOP,5.4,68.5
1783428000,2026-07-07,1,10.883333333333333,0.2842105263157894,-0.3846063784192483,BUILDING,PRE-OPEN,20.25,16.325,32.65,29698.75,29682.0,-16.75,-35.0,STOP,4.1,9.5
1783428480,2026-07-07,-1,13.5,0.2567849686847599,-0.5942514754707796,BUILDING,PRE-OPEN,-30.75,20.25,40.5,29639.0,29598.5,40.5,79.5,TARGET,32.5,148.0
1783430700,2026-07-07,-1,14.3,0.42997542997543,-5.177793207139026,CLEAN-TREND,PRE-OPEN,-43.75,21.450000000000003,42.900000000000006,29591.75,29613.5,-21.75,-45.0,STOP,4.2,326.25
1783431180,2026-07-07,-1,30.73333333333333,0.2682926829268293,-5.531053239121063,BUILDING,US,-55.0,46.099999999999994,92.19999999999999,29562.25,29470.05,92.2,182.9,TARGET,19.2,302.75
1783432440,2026-07-07,-1,45.78333333333333,0.3375912408759124,0.4375536652865596,BUILDING,US,-92.5,68.675,137.35,29455.5,29318.15,137.35,273.2,TARGET,20.4,245.75
1783434240,2026-07-07,-1,33.666666666666664,0.7017341040462428,-0.4099550609762324,CLEAN-TREND,US,-151.75,50.5,101.0,29292.75,29343.5,-50.75,-103.0,STOP,46.6,83.0
1783437120,2026-07-07,1,23.83333333333333,0.3636363636363636,0.0949878178589162,BUILDING,US,38.0,35.74999999999999,71.49999999999999,29346.0,29310.0,-36.0,-73.5,STOP,2.0,112.5
1783437540,2026-07-07,-1,24.383333333333333,0.2305025996533795,-0.4684910369073949,BUILDING,US,-33.25,36.575,73.15,29280.5,29317.5,-37.0,-75.5,STOP,1.7,32.5
1783438740,2026-07-07,-1,23.05,0.1382405745062836,-0.9872647487626438,VIOLENT-WHIPSAW,US,-19.25,34.575,69.15,29258.0,29293.0,-35.0,-71.5,STOP,2.6,10.0
1783439040,2026-07-07,1,24.08333333333333,0.0977443609022556,1.3138193945129908,VIOLENT-WHIPSAW,US,13.0,36.12499999999999,72.24999999999999,29329.75,29402.0,72.25,143.0,TARGET,15.8,228.75
1783440060,2026-07-07,1,22.566666666666663,0.3622377622377622,-0.0422805504946605,BUILDING,US,64.75,33.849999999999994,67.69999999999999,29413.5,29481.2,67.7,133.9,TARGET,18.1,145.0
1783441320,2026-07-07,1,21.05,0.5619047619047619,2.068770547657156,CLEAN-TREND,US,103.25,31.575000000000003,63.150000000000006,29530.0,29498.0,-32.0,-65.5,STOP,13.3,51.0
1783443000,2026-07-07,1,18.866666666666667,0.3046471600688468,-0.4031570194300268,BUILDING,US,44.25,28.3,56.6,29547.75,29519.0,-28.75,-59.0,STOP,4.5,33.25
1783443900,2026-07-07,1,17.616666666666667,0.077757685352622,1.2235954539706666,VIOLENT-WHIPSAW,US,10.75,26.425,52.85,29560.0,29533.0,-27.0,-55.5,STOP,8.4,21.0
1783444560,2026-07-07,-1,18.566666666666663,0.1887125220458553,-0.6574344417751972,VIOLENT-WHIPSAW,US,-26.75,27.849999999999994,55.69999999999999,29513.25,29541.5,-28.25,-58.0,STOP,4.2,3.0
1783448880,2026-07-07,-1,13.883333333333333,0.435064935064935,-0.8739247114102926,CLEAN-TREND,US,-33.5,20.825,41.65,29517.75,29476.1,41.65,81.8,TARGET,12.8,247.25
1783449720,2026-07-07,-1,18.53333333333333,0.5130111524163569,-0.3924333899962907,CLEAN-TREND,US,-69.0,27.799999999999997,55.599999999999994,29460.25,29404.65,55.6,109.7,TARGET,10.9,189.75
1783450620,2026-07-07,-1,21.133333333333333,0.4904214559386973,0.1135423294153673,CLEAN-TREND,US,-64.0,31.7,63.4,29396.75,29333.35,63.4,125.3,TARGET,12.0,126.25
1783451700,2026-07-07,-1,20.866666666666667,0.3904761904761905,-0.3833062447202231,BUILDING,US,-61.5,31.3,62.6,29311.25,29343.0,-31.75,-65.0,STOP,14.2,40.75
1783454040,2026-07-07,1,21.433333333333334,0.3752620545073375,-0.1440785319028432,BUILDING,US,44.75,32.15,64.3,29370.0,29434.3,64.3,127.1,TARGET,13.3,67.25
1783455480,2026-07-07,-1,11.816666666666666,0.0505617977528089,-1.26605273012595,NORMAL-CHOP,OVERNIGHT,-4.5,17.725,35.45,29398.25,29416.25,-18.0,-37.5,STOP,6.0,-0.25
1783464000,2026-07-07,1,8.25,0.4976744186046511,3.627030805576908,BUILDING,OVERNIGHT,26.75,12.375,24.75,29397.75,29385.0,-12.75,-27.0,STOP,0.6,9.25
1783465380,2026-07-07,-1,10.133333333333333,0.2888888888888888,-5.231239240946203,BUILDING,OVERNIGHT,-26.0,15.2,30.4,29368.0,29383.5,-15.5,-32.5,STOP,1.8,102.0
1783466280,2026-07-07,1,11.966666666666669,0.3577981651376147,1.814721597970162,BUILDING,OVERNIGHT,29.25,17.950000000000003,35.900000000000006,29397.5,29379.25,-18.25,-38.0,STOP,13.2,44.5
1783467300,2026-07-07,-1,8.65,0.456221198156682,0.1977490817168792,BUILDING,OVERNIGHT,-24.75,12.975000000000001,25.950000000000003,29373.25,29347.3,25.95,50.4,TARGET,2.8,107.25
1783468260,2026-07-07,-1,14.116666666666667,0.5080213903743316,-0.8611859233124107,CLEAN-TREND,OVERNIGHT,-47.5,21.175,42.35,29322.75,29280.4,42.35,83.2,TARGET,8.7,56.75
1783469100,2026-07-08,1,19.966666666666665,0.1733333333333333,-3.5284490430791973,VIOLENT-WHIPSAW,OVERNIGHT,29.25,29.949999999999996,59.89999999999999,29360.75,29420.65,59.9,118.3,TARGET,8.4,188.0
1783470240,2026-07-08,1,22.183333333333334,0.3576437587657784,0.2841155530955639,BUILDING,OVERNIGHT,63.75,33.275,66.55,29464.25,29430.5,-33.75,-69.0,STOP,8.2,93.75
1783471200,2026-07-08,1,19.366666666666667,0.1361639824304538,-0.3361360633823936,VIOLENT-WHIPSAW,OVERNIGHT,23.25,29.05,58.1,29485.0,29543.1,58.1,114.7,TARGET,17.2,73.0
1783472700,2026-07-08,-1,12.716666666666669,0.3167259786476868,-1.3718990378037037,BUILDING,OVERNIGHT,-22.25,19.075000000000003,38.150000000000006,29507.25,29526.75,-19.5,-40.5,STOP,4.2,110.0
1783473180,2026-07-08,1,14.75,0.1757575757575757,1.8068036017079845,NORMAL-CHOP,OVERNIGHT,21.75,22.125,44.25,29555.75,29533.25,-22.5,-46.5,STOP,4.1,0.0
1783474020,2026-07-08,-1,13.9,0.4739130434782608,-2.1141471224946797,CLEAN-TREND,OVERNIGHT,-54.5,20.85,41.7,29490.25,29448.55,41.7,81.9,TARGET,8.7,102.75
1783474680,2026-07-08,-1,15.916666666666666,0.6632860040567952,0.4408090922153456,CLEAN-TREND,OVERNIGHT,-81.75,23.875,47.75,29432.0,29456.5,-24.5,-50.5,STOP,1.0,44.5
1783476000,2026-07-08,-1,16.1,0.462406015037594,-0.0125126286635543,CLEAN-TREND,OVERNIGHT,-61.5,24.150000000000002,48.300000000000004,29415.25,29439.75,-24.5,-50.5,STOP,23.1,27.75
1783477500,2026-07-08,1,17.45,0.2631578947368421,-0.1568206217864194,BUILDING,OVERNIGHT,37.5,26.174999999999997,52.349999999999994,29449.0,29422.5,-26.5,-54.5,STOP,3.9,58.75
1783478640,2026-07-08,1,12.966666666666669,0.4090909090909091,0.7783028762264438,CLEAN-TREND,OVERNIGHT,36.0,19.450000000000003,38.900000000000006,29456.25,29495.15,38.9,76.3,TARGET,27.7,75.75
1783481100,2026-07-08,1,9.7,0.2704918032786885,0.1479871107327825,BUILDING,OVERNIGHT,16.5,14.549999999999999,29.099999999999998,29507.5,29492.5,-15.0,-31.5,STOP,14.7,24.5
1783482180,2026-07-08,-1,10.8,0.4110032362459547,-1.4674669349342928,BUILDING,OVERNIGHT,-31.75,16.200000000000003,32.400000000000006,29484.25,29451.85,32.4,63.3,TARGET,24.0,93.0
1783483980,2026-07-08,-1,10.0,0.470383275261324,1.5407303349659545,BUILDING,OVERNIGHT,-33.75,15.0,30.0,29437.25,29452.5,-15.25,-32.0,STOP,8.0,61.0
1783485060,2026-07-08,-1,10.416666666666666,0.1450381679389313,0.8822961891593942,NORMAL-CHOP,OVERNIGHT,-9.5,15.625,31.25,29427.75,29396.5,31.25,61.0,TARGET,6.8,65.5
1783486440,2026-07-08,-1,13.15,0.1651376146788991,-0.7444443596404252,NORMAL-CHOP,OVERNIGHT,-18.0,19.725,39.45,29384.5,29404.5,-20.0,-41.5,STOP,2.1,72.5
1783486800,2026-07-08,1,13.716666666666669,0.2430278884462151,2.7705289017180585,BUILDING,OVERNIGHT,30.5,20.575000000000003,41.150000000000006,29431.75,29410.75,-21.0,-43.5,STOP,0.8,15.5
1783487160,2026-07-08,1,15.266666666666667,0.3197026022304832,1.62578094374886,BUILDING,OVERNIGHT,43.0,22.900000000000002,45.800000000000004,29446.0,29422.75,-23.25,-48.0,STOP,3.1,0.25
1783488180,2026-07-08,-1,15.716666666666669,0.3526785714285714,-0.2219796233835518,BUILDING,OVERNIGHT,-39.5,23.575000000000003,47.150000000000006,29393.0,29345.85,47.15,92.8,TARGET,22.2,81.0
1783489620,2026-07-08,-1,13.866666666666667,0.3248081841432225,0.483480881349539,BUILDING,OVERNIGHT,-31.75,20.8,41.6,29327.25,29348.5,-21.25,-44.0,STOP,7.2,44.5
1783491600,2026-07-08,-1,11.166666666666666,0.1578947368421052,-0.2452648517138301,NORMAL-CHOP,OVERNIGHT,-13.5,16.75,33.5,29329.25,29346.25,-17.0,-35.5,STOP,3.0,48.75
1783492200,2026-07-08,-1,15.033333333333331,0.25,-0.9983071541391956,BUILDING,OVERNIGHT,-29.0,22.549999999999997,45.099999999999994,29311.0,29334.0,-23.0,-47.5,STOP,19.7,30.5
1783493460,2026-07-08,1,12.733333333333333,0.4166666666666667,0.3467269106863645,CLEAN-TREND,OVERNIGHT,42.5,19.099999999999998,38.199999999999996,29348.25,29328.75,-19.5,-40.5,STOP,5.6,61.0
1783494300,2026-07-08,-1,13.0,0.6534954407294833,-2.2048768331633988,CLEAN-TREND,PRE-OPEN,-53.75,19.5,39.0,29287.5,29307.25,-19.75,-41.0,STOP,5.1,7.0
1783495380,2026-07-08,1,16.55,0.3382352941176471,-0.9301498340475024,BUILDING,PRE-OPEN,34.5,24.825000000000003,49.650000000000006,29327.0,29376.65,49.65,97.8,TARGET,7.0,88.25
1783496040,2026-07-08,1,15.3,0.7580645161290323,0.3615923070665956,CLEAN-TREND,PRE-OPEN,94.0,22.950000000000003,45.900000000000006,29399.25,29376.0,-23.25,-48.0,STOP,3.2,16.0
1783497660,2026-07-08,-1,11.833333333333334,0.3681318681318681,0.1175041956448301,BUILDING,PRE-OPEN,-33.5,17.75,35.5,29364.0,29382.0,-18.0,-37.5,STOP,8.3,406.25
1783498260,2026-07-08,1,15.316666666666666,0.1581108829568788,-0.7639558230083846,VIOLENT-WHIPSAW,PRE-OPEN,19.25,22.975,45.95,29403.75,29380.5,-23.25,-48.0,STOP,4.4,11.5
1783498620,2026-07-08,-1,25.25,0.3739669421487603,-5.7901986375348375,BUILDING,PRE-OPEN,-90.5,37.875,75.75,29271.5,29195.75,75.75,150.0,TARGET,5.8,361.25
1783499040,2026-07-08,-1,38.6,0.7026447462473195,-1.4100159258333274,CLEAN-TREND,PRE-OPEN,-245.75,57.900000000000006,115.80000000000001,29126.0,29010.2,115.8,230.1,TARGET,12.5,215.75
1783499880,2026-07-08,-1,37.43333333333333,0.584875301689461,-1.5978906607945187,CLEAN-TREND,PRE-OPEN,-181.75,56.14999999999999,112.29999999999998,28991.0,29047.5,-56.5,-114.5,STOP,8.5,80.75
1783500660,2026-07-08,1,31.1,0.2206235011990407,1.6455435579702131,BUILDING,PRE-OPEN,46.0,46.650000000000006,93.30000000000001,29065.75,29018.75,-47.0,-95.5,STOP,6.6,33.75
1783501560,2026-07-08,-1,25.616666666666667,0.5063829787234042,-0.8656643285652402,CLEAN-TREND,PRE-OPEN,-89.25,38.425,76.85,28976.25,28937.0,39.25,77.0,TIME,60.0,66.0
1783505820,2026-07-08,1,17.733333333333334,0.0543478260869565,0.0575074424481235,VIOLENT-WHIPSAW,PRE-OPEN,7.5,26.6,53.2,28971.25,29024.45,53.2,104.9,TARGET,13.8,91.0
1783506900,2026-07-08,1,17.866666666666667,0.3752244165170557,-0.7116519214981143,BUILDING,PRE-OPEN,52.25,26.8,53.6,29050.25,29023.0,-27.25,-56.0,STOP,23.1,12.0
1783508400,2026-07-08,-1,13.566666666666666,0.5717884130982368,-0.8985557606566787,CLEAN-TREND,PRE-OPEN,-56.75,20.35,40.7,28995.25,29016.25,-21.0,-43.5,STOP,0.7,22.25
1783509060,2026-07-08,-1,18.683333333333334,0.4290030211480362,-1.1518864808894431,CLEAN-TREND,PRE-OPEN,-71.0,28.025,56.05,28977.5,29006.0,-28.5,-58.5,STOP,0.9,4.5
1783510440,2026-07-08,1,13.466666666666669,0.155015197568389,0.6812443445928994,NORMAL-CHOP,PRE-OPEN,12.75,20.200000000000003,40.400000000000006,29017.0,28996.5,-20.5,-42.5,STOP,6.4,176.0
1783510980,2026-07-08,1,21.03333333333333,0.6041979010494752,9.44516041185218,CLEAN-TREND,PRE-OPEN,100.75,31.549999999999997,63.099999999999994,29091.75,29059.75,-32.0,-65.5,STOP,6.3,101.25
1783512300,2026-07-08,1,21.78333333333333,0.3846153846153846,-0.938157251410175,BUILDING,PRE-OPEN,77.5,32.675,65.35,29137.0,29202.35,65.35,129.2,TARGET,48.3,102.0
1783515540,2026-07-08,-1,19.35,0.1759656652360515,-1.3829115976576785,VIOLENT-WHIPSAW,PRE-OPEN,-30.75,29.025000000000002,58.050000000000004,29152.75,29182.25,-29.5,-60.5,STOP,2.5,4.75
1783516320,2026-07-08,1,22.9,0.1952662721893491,3.3066890368136206,VIOLENT-WHIPSAW,PRE-OPEN,33.0,34.349999999999994,68.69999999999999,29210.5,29175.75,-34.75,-71.0,STOP,10.5,188.5
1783517400,2026-07-08,1,24.766666666666666,0.2764786795048143,10.517537145111003,BUILDING,US,50.25,37.15,74.3,29255.5,29329.8,74.3,147.1,TARGET,4.6,143.5
1783518000,2026-07-08,1,49.7,0.6333595594020456,8.651387205196784,CLEAN-TREND,US,201.25,74.55000000000001,149.10000000000002,29374.25,29299.25,-75.0,-151.5,STOP,9.6,24.75
1783519800,2026-07-08,-1,36.16666666666666,0.0814814814814814,-2.2654664261240938,VIOLENT-WHIPSAW,US,-19.25,54.249999999999986,108.49999999999997,29286.25,29340.75,-54.5,-110.5,STOP,10.3,135.0
1783521780,2026-07-08,-1,37.95,0.2357875116495806,-0.7658796339049032,BUILDING,US,-63.25,56.925000000000004,113.85000000000001,29234.25,29291.5,-57.25,-116.0,STOP,9.8,200.25
1783523640,2026-07-08,-1,29.433333333333334,0.3355704697986577,-1.978675881479119,BUILDING,US,-75.0,44.15,88.3,29137.75,29049.45,88.3,175.1,TARGET,10.5,103.75
1783524960,2026-07-08,1,30.53333333333333,0.0769230769230769,0.7273623722170618,VIOLENT-WHIPSAW,US,14.25,45.8,91.6,29141.0,29094.75,-46.25,-94.0,STOP,8.2,190.0
1783525860,2026-07-08,-1,26.48333333333333,0.3832599118942731,-0.8683881732212058,BUILDING,US,-65.25,39.724999999999994,79.44999999999999,29075.0,29115.0,-40.0,-81.5,STOP,8.3,24.0
1783526700,2026-07-08,1,25.616666666666667,0.3871951219512195,2.972524116709597,BUILDING,US,63.5,38.425,76.85,29151.75,29228.6,76.85,152.2,TARGET,11.3,225.5
1783527600,2026-07-08,1,23.716666666666665,0.6417910447761194,0.5819111251201904,CLEAN-TREND,US,107.5,35.574999999999996,71.14999999999999,29260.25,29331.4,71.15,140.8,TARGET,19.7,129.75
1783529400,2026-07-08,1,27.366666666666667,0.4005449591280653,-0.396756116805126,CLEAN-TREND,US,73.5,41.05,82.1,29354.0,29436.1,82.1,162.7,TARGET,34.1,104.5
1783531800,2026-07-08,1,18.716666666666665,0.7760910815939279,0.3451433001853459,CLEAN-TREND,US,102.25,28.074999999999996,56.14999999999999,29448.75,29420.25,-28.5,-58.5,STOP,9.1,9.75
1783532460,2026-07-08,-1,15.683333333333334,0.2824427480916031,-0.898042621599325,BUILDING,US,-27.75,23.525,47.05,29397.0,29349.95,47.05,92.6,TARGET,6.5,73.0
1783533300,2026-07-08,-1,20.58333333333333,0.4082998661311914,-1.0614944488843214,CLEAN-TREND,US,-76.25,30.874999999999993,61.749999999999986,29341.0,29372.25,-31.25,-64.0,STOP,4.7,17.0
1783533660,2026-07-08,1,22.9,0.1212553495007132,1.062419801061529,VIOLENT-WHIPSAW,US,21.25,34.349999999999994,68.69999999999999,29398.5,29363.75,-34.75,-71.0,STOP,28.0,38.25
1783538940,2026-07-08,1,14.85,0.29973474801061,0.4678418535618777,BUILDING,US,28.25,22.275,44.55,29425.75,29403.0,-22.75,-47.0,STOP,0.8,74.25
1783540020,2026-07-08,-1,14.75,0.1238532110091743,-0.0614617158260787,NORMAL-CHOP,US,-13.5,22.125,44.25,29389.0,29411.5,-22.5,-46.5,STOP,1.6,36.5
1783540260,2026-07-08,1,18.066666666666663,0.1062992125984252,1.479123971965952,VIOLENT-WHIPSAW,US,13.5,27.099999999999994,54.19999999999999,29435.75,29489.95,54.2,106.9,TARGET,5.5,64.25
1783541460,2026-07-08,-1,17.816666666666666,0.3995943204868154,-1.860727648271096,BUILDING,OVERNIGHT,-49.25,26.725,53.45,29421.75,29368.3,53.45,105.4,TARGET,23.4,69.25
1783543860,2026-07-08,1,11.116666666666667,0.4919614147909968,0.2698750809697747,BUILDING,OVERNIGHT,38.25,16.675,33.35,29402.0,29384.75,-17.25,-36.0,STOP,3.3,7.0
1783548960,2026-07-08,1,13.416666666666666,0.2491467576791808,0.2200828680378044,BUILDING,OVERNIGHT,18.25,20.125,40.25,29446.5,29426.0,-20.5,-42.5,STOP,1.7,10.5
1783550040,2026-07-08,1,11.15,0.0965732087227414,3.972061479752888,NORMAL-CHOP,OVERNIGHT,7.75,16.725,33.45,29433.5,29416.5,-17.0,-35.5,STOP,3.8,23.5
1783551540,2026-07-08,1,7.266666666666667,0.358695652173913,0.7658425172176243,BUILDING,OVERNIGHT,16.5,10.9,21.8,29425.5,29447.3,21.8,42.1,TARGET,6.6,79.0
1783552620,2026-07-08,-1,9.4,0.1582491582491582,-4.481741695299074,DEAD-CHOP,OVERNIGHT,-11.75,14.100000000000001,28.200000000000003,29414.0,29428.5,-14.5,-30.5,STOP,15.1,19.0
1783553700,2026-07-08,1,14.433333333333334,0.5658362989323843,12.825365687499673,CLEAN-TREND,OVERNIGHT,79.5,21.65,43.3,29484.0,29462.0,-22.0,-45.5,STOP,0.2,98.5
1783554300,2026-07-08,1,18.85,0.4557823129251701,-0.4748344253168475,CLEAN-TREND,OVERNIGHT,83.75,28.275000000000002,56.550000000000004,29493.0,29549.55,56.55,111.6,TARGET,22.8,89.5
1783555860,2026-07-09,1,18.566666666666663,0.5415730337078651,0.3965611995066263,CLEAN-TREND,OVERNIGHT,60.25,27.849999999999994,55.69999999999999,29552.25,29524.0,-28.25,-58.0,STOP,6.6,30.25
1783557000,2026-07-09,1,15.8,0.0438095238095238,1.835966210893426,VIOLENT-WHIPSAW,OVERNIGHT,5.75,23.700000000000003,47.400000000000006,29570.25,29546.25,-24.0,-49.5,STOP,0.9,5.0
1783558140,2026-07-09,1,15.5,0.1597374179431072,-1.8391866211085808,VIOLENT-WHIPSAW,OVERNIGHT,18.25,23.25,46.5,29558.25,29534.75,-23.5,-48.5,STOP,1.5,4.0
1783558440,2026-07-09,-1,16.616666666666667,0.3164556962025316,-1.2823644238054424,BUILDING,OVERNIGHT,-37.5,24.925,49.85,29499.25,29524.5,-25.25,-52.0,STOP,14.3,36.25
1783561920,2026-07-09,-1,14.3,0.2010050251256281,-0.4466357402665479,BUILDING,OVERNIGHT,-20.0,21.450000000000003,42.900000000000006,29500.5,29457.6,42.9,84.3,TARGET,2.1,76.25
1783562520,2026-07-09,-1,17.316666666666666,0.8356164383561644,0.5646201072927444,CLEAN-TREND,OVERNIGHT,-91.5,25.975,51.95,29436.25,29462.5,-26.25,-54.0,STOP,1.5,31.5
1783563060,2026-07-09,1,18.65,0.5070707070707071,-3.770186795094836,CLEAN-TREND,OVERNIGHT,62.75,27.974999999999998,55.949999999999996,29521.0,29576.95,55.95,110.4,TARGET,9.4,57.25
1783564380,2026-07-09,-1,14.716666666666669,0.2516703786191537,0.092039410240274,BUILDING,OVERNIGHT,-28.25,22.075000000000003,44.150000000000006,29515.0,29470.85,44.15,86.8,TARGET,10.8,119.0
1783565100,2026-07-09,-1,14.833333333333334,0.5992438563327032,0.5249107151670297,CLEAN-TREND,OVERNIGHT,-79.25,22.25,44.5,29458.75,29414.25,44.5,87.5,TARGET,14.4,62.75
1783567020,2026-07-09,-1,16.25,0.1408114558472553,0.2090892114893705,VIOLENT-WHIPSAW,OVERNIGHT,-14.75,24.375,48.75,29407.0,29431.75,-24.75,-51.0,STOP,4.4,11.0
1783567500,2026-07-09,1,14.35,0.3615819209039548,0.9582416239339744,BUILDING,OVERNIGHT,32.0,21.525,43.05,29455.5,29498.55,43.05,84.6,TARGET,7.3,63.25
1783568640,2026-07-09,1,13.95,0.4256055363321799,-0.3456874439666328,CLEAN-TREND,OVERNIGHT,30.75,20.924999999999997,41.849999999999994,29511.0,29489.75,-21.25,-44.0,STOP,36.1,28.25
1783570980,2026-07-09,-1,11.116666666666667,0.270440251572327,-0.4018505641351121,BUILDING,OVERNIGHT,-21.5,16.675,33.35,29484.5,29501.5,-17.0,-35.5,STOP,7.1,22.25
1783571520,2026-07-09,1,12.066666666666666,0.2224938875305623,2.1823095914325368,BUILDING,OVERNIGHT,22.75,18.1,36.2,29527.25,29508.75,-18.5,-38.5,STOP,3.1,70.0
1783572180,2026-07-09,1,13.85,0.5767441860465117,1.3644593868570074,CLEAN-TREND,OVERNIGHT,62.0,20.775,41.55,29536.75,29515.5,-21.25,-44.0,STOP,22.2,60.5
1783573860,2026-07-09,1,15.233333333333333,0.2791666666666667,19.33821135533582,BUILDING,OVERNIGHT,33.5,22.849999999999998,45.699999999999996,29579.0,29555.75,-23.25,-48.0,STOP,5.0,37.75
1783575000,2026-07-09,-1,14.233333333333333,0.6792873051224945,-1.307262380460198,CLEAN-TREND,OVERNIGHT,-76.25,21.349999999999998,42.699999999999996,29490.0,29511.75,-21.75,-45.0,STOP,3.5,15.75
1783575900,2026-07-09,1,16.583333333333332,0.4035087719298245,0.1352608640208666,CLEAN-TREND,OVERNIGHT,51.75,24.875,49.75,29542.75,29592.5,49.75,98.0,TARGET,9.9,100.5
1783576680,2026-07-09,1,12.45,0.7766749379652605,2.067301090726116,CLEAN-TREND,OVERNIGHT,78.25,18.674999999999997,37.349999999999994,29605.25,29586.25,-19.0,-39.5,STOP,6.2,38.0
1783577700,2026-07-09,1,14.333333333333334,0.0663900414937759,0.7603276731859124,NORMAL-CHOP,OVERNIGHT,8.0,21.5,43.0,29624.25,29602.25,-22.0,-45.5,STOP,17.1,35.0
1783580100,2026-07-09,-1,8.616666666666667,0.1208791208791208,-0.7839570282365338,DEAD-CHOP,OVERNIGHT,-8.25,12.925,25.85,29615.75,29629.0,-13.25,-28.0,STOP,4.7,14.0
1783581120,2026-07-09,1,15.066666666666666,0.3417721518987341,-1.362745661085846,BUILDING,PRE-OPEN,33.75,22.6,45.2,29642.0,29687.2,45.2,88.9,TARGET,34.3,92.25
1783583280,2026-07-09,1,11.3,0.324396782841823,0.6381104154315508,BUILDING,PRE-OPEN,30.25,16.950000000000003,33.900000000000006,29690.25,29673.0,-17.25,-36.0,STOP,9.0,45.75
1783584000,2026-07-09,-1,10.283333333333331,0.085173501577287,-3.022672007721822,NORMAL-CHOP,PRE-OPEN,-6.75,15.424999999999997,30.849999999999994,29669.5,29685.25,-15.75,-33.0,STOP,1.0,29.0
1783584180,2026-07-09,1,12.216666666666669,0.173076923076923,1.156504422185417,NORMAL-CHOP,PRE-OPEN,18.0,18.325000000000003,36.650000000000006,29708.75,29690.0,-18.75,-39.0,STOP,26.7,27.25
1783585980,2026-07-09,-1,12.216666666666669,0.2108843537414966,-0.8835442879591214,BUILDING,PRE-OPEN,-23.25,18.325000000000003,36.650000000000006,29681.0,29644.35,36.65,71.8,TARGET,13.5,51.75
1783587600,2026-07-09,-1,12.016666666666667,0.2329749103942652,1.292125448819092,BUILDING,PRE-OPEN,-16.25,18.025000000000002,36.050000000000004,29641.75,29660.25,-18.5,-38.5,STOP,2.4,30.75
1783588020,2026-07-09,-1,12.716666666666669,0.2263157894736842,0.0173234154363276,BUILDING,PRE-OPEN,-21.5,19.075000000000003,38.150000000000006,29637.25,29656.75,-19.5,-40.5,STOP,10.5,26.25
1783590060,2026-07-09,-1,13.85,0.3916083916083916,-5.731637825720588,BUILDING,PRE-OPEN,-28.0,20.775,41.55,29623.0,29644.25,-21.25,-44.0,STOP,11.5,8.0
1783591260,2026-07-09,1,8.25,0.4199134199134199,-0.2968244321967483,BUILDING,PRE-OPEN,24.25,12.375,24.75,29652.75,29640.0,-12.75,-27.0,STOP,6.0,16.75
1783592220,2026-07-09,1,9.4,0.1746031746031746,-0.8773376925153283,DEAD-CHOP,PRE-OPEN,13.75,14.100000000000001,28.200000000000003,29660.75,29646.25,-14.5,-30.5,STOP,7.1,8.75
1783593960,2026-07-09,-1,11.033333333333331,0.3790849673202614,-3.334053953147592,BUILDING,PRE-OPEN,-29.0,16.549999999999997,33.099999999999994,29608.75,29575.65,33.1,64.7,TARGET,5.9,44.75
1783594380,2026-07-09,-1,12.7,0.8266978922716628,1.9529572435893217,CLEAN-TREND,PRE-OPEN,-88.25,19.049999999999997,38.099999999999994,29570.5,29590.25,-19.75,-41.0,STOP,5.1,6.5
1783596000,2026-07-09,1,12.566666666666666,0.1434977578475336,-0.8272332860035377,NORMAL-CHOP,PRE-OPEN,16.0,18.85,37.7,29632.25,29613.0,-19.25,-40.0,STOP,1.9,100.25
1783596660,2026-07-09,1,15.383333333333333,0.4430894308943089,-0.7996317998867387,CLEAN-TREND,PRE-OPEN,54.5,23.075,46.15,29655.75,29701.9,46.15,90.8,TARGET,15.9,102.5
1783597800,2026-07-09,1,15.0,0.419047619047619,-0.5702688148443451,CLEAN-TREND,PRE-OPEN,44.0,22.5,45.0,29712.0,29689.25,-22.75,-47.0,STOP,9.3,74.5
1783598700,2026-07-09,-1,12.983333333333333,0.2825552825552825,0.1001606855208102,BUILDING,PRE-OPEN,-28.75,19.474999999999998,38.949999999999996,29682.5,29702.25,-19.75,-41.0,STOP,0.6,2.0
1783599840,2026-07-09,1,10.883333333333333,0.2373540856031128,-0.0266676029192361,BUILDING,PRE-OPEN,15.25,16.325,32.65,29739.0,29771.65,32.65,63.8,TARGET,7.6,47.5
1783600740,2026-07-09,1,13.016666666666667,0.5303867403314917,0.3403298592129269,CLEAN-TREND,PRE-OPEN,48.0,19.525000000000002,39.050000000000004,29784.5,29764.5,-20.0,-41.5,STOP,2.8,77.75
1783601160,2026-07-09,-1,12.35,0.2687651331719128,1.7560238358525389,BUILDING,PRE-OPEN,-27.75,18.525,37.05,29727.75,29746.75,-19.0,-39.5,STOP,3.7,56.25
1783602060,2026-07-09,1,12.233333333333333,0.293286219081272,0.670959476165933,BUILDING,PRE-OPEN,20.75,18.349999999999998,36.699999999999996,29749.5,29730.75,-18.75,-39.0,STOP,4.1,173.5
1783602840,2026-07-09,1,12.45,0.235127478753541,0.5283677866588851,BUILDING,PRE-OPEN,20.75,18.674999999999997,37.349999999999994,29757.0,29738.0,-19.0,-39.5,STOP,3.3,166.0
1783603800,2026-07-09,-1,18.3,0.4074074074074074,-2.9271408141358983,CLEAN-TREND,US,-55.0,27.450000000000003,54.900000000000006,29692.5,29720.25,-27.75,-57.0,STOP,0.2,78.75
1783604040,2026-07-09,1,27.05,0.1914357682619647,7.394069525358059,VIOLENT-WHIPSAW,US,38.0,40.575,81.15,29777.5,29858.65,81.15,160.8,TARGET,3.4,145.5
1783604520,2026-07-09,1,37.81666666666667,0.3526011560693641,3.413448977349145,BUILDING,US,106.75,56.72500000000001,113.45000000000002,29864.75,29807.75,-57.0,-115.5,STOP,28.8,58.25
1783609500,2026-07-09,1,28.08333333333333,0.1838565022421524,0.6514339216256464,VIOLENT-WHIPSAW,US,41.0,42.12499999999999,84.24999999999999,29827.25,29911.5,84.25,167.0,TARGET,55.7,91.75
1783613100,2026-07-09,1,11.85,0.2311977715877437,0.3979048651441363,BUILDING,US,20.75,17.775,35.55,29919.0,29900.75,-18.25,-38.0,STOP,5.6,5.5
1783614480,2026-07-09,-1,12.75,0.1825192802056555,-0.4264527638890509,NORMAL-CHOP,US,-17.75,19.125,38.25,29890.0,29909.5,-19.5,-40.5,STOP,3.1,25.5
1783614900,2026-07-09,-1,12.016666666666667,0.2531969309462916,-0.4318533175367081,BUILDING,US,-24.75,18.025000000000002,36.050000000000004,29873.0,29891.5,-18.5,-38.5,STOP,4.0,8.5
1783616400,2026-07-09,1,10.95,0.0969899665551839,-0.179640971545012,NORMAL-CHOP,US,7.25,16.424999999999997,32.849999999999994,29914.75,29947.6,32.85,64.2,TARGET,8.2,78.5
1783617000,2026-07-09,1,12.65,0.6623376623376623,2.7373393566436928,CLEAN-TREND,US,63.75,18.975,37.95,29962.25,29979.75,17.5,33.5,TIME,60.0,31.0
1783621200,2026-07-09,-1,8.816666666666666,0.2745098039215686,-0.9397402207917236,BUILDING,US,-14.0,13.225,26.45,29959.5,29933.05,26.45,51.4,TARGET,35.0,55.0
1783623600,2026-07-09,-1,10.15,0.5234899328859061,-0.666554685236413,BUILDING,US,-39.0,15.225000000000001,30.450000000000003,29922.0,29937.5,-15.5,-32.5,STOP,5.6,28.0
1783624680,2026-07-09,1,12.966666666666669,0.2364672364672364,2.320871002066341,BUILDING,US,20.75,19.450000000000003,38.900000000000006,29939.25,29919.5,-19.75,-41.0,STOP,11.2,34.5
1783626420,2026-07-09,1,10.55,0.4385964912280701,0.1886537787676656,BUILDING,US,31.25,15.825000000000001,31.650000000000002,29950.0,29933.75,-16.25,-34.0,STOP,2.0,23.75
1783626840,2026-07-09,-1,12.7,0.4757834757834758,-2.913645853117743,CLEAN-TREND,US,-41.75,19.049999999999997,38.099999999999994,29898.0,29917.5,-19.5,-40.5,STOP,0.0,1.0
1783627020,2026-07-09,1,15.633333333333333,0.1247672253258845,0.1395822160245935,VIOLENT-WHIPSAW,US,16.75,23.45,46.9,29952.25,29928.5,-23.75,-49.0,STOP,1.5,21.5
1783627560,2026-07-09,1,15.633333333333333,0.3539094650205761,0.2364477251025558,BUILDING,OVERNIGHT,43.0,23.45,46.9,29966.5,29942.75,-23.75,-49.0,STOP,20.6,7.25
1783630200,2026-07-09,-1,4.783333333333333,0.4545454545454545,0.0899091792420605,BUILDING,OVERNIGHT,-11.25,7.175,14.35,29931.25,29938.75,-7.5,-16.5,STOP,4.5,4.5
1783635540,2026-07-09,-1,11.416666666666666,0.2700296735905044,-13.152730405333244,BUILDING,OVERNIGHT,-22.75,17.125,34.25,29917.75,29935.25,-17.5,-36.5,STOP,44.5,13.75
1783638300,2026-07-09,1,8.266666666666667,0.2,0.3085768824250317,BUILDING,OVERNIGHT,13.25,12.400000000000002,24.800000000000004,29937.25,29962.05,24.8,48.1,TARGET,20.5,27.5
1783640700,2026-07-09,-1,6.266666666666667,0.3037974683544304,-0.1268738260109334,BUILDING,OVERNIGHT,-12.0,9.4,18.8,29934.0,29943.75,-9.75,-21.0,STOP,6.0,130.5
1783641360,2026-07-09,1,8.916666666666666,0.2413793103448276,0.410830515726821,BUILDING,OVERNIGHT,10.5,13.375,26.75,29957.5,29943.75,-13.75,-29.0,STOP,1.5,0.5
1783641660,2026-07-10,-1,12.883333333333333,0.3411078717201166,-2.642506306063248,BUILDING,OVERNIGHT,-29.25,19.325,38.65,29906.75,29868.1,38.65,75.8,TARGET,6.1,103.25
1783642200,2026-07-10,-1,20.916666666666668,0.5555555555555556,-3.844333793145799,CLEAN-TREND,OVERNIGHT,-90.0,31.375,62.75,29860.75,29892.5,-31.75,-65.0,STOP,3.7,57.25
1783642980,2026-07-10,-1,19.08333333333333,0.2295345104333868,-2.692920789782229,BUILDING,OVERNIGHT,-35.75,28.624999999999993,57.249999999999986,29847.5,29871.5,-24.0,-49.5,TIME,60.0,44.0
1783647180,2026-07-10,1,10.416666666666666,0.3462783171521035,0.4145610331523021,BUILDING,OVERNIGHT,26.75,15.625,31.25,29880.25,29911.5,31.25,61.0,TARGET,14.5,42.5
1783648800,2026-07-10,-1,11.216666666666669,0.1371571072319202,-1.3340267029986823,NORMAL-CHOP,OVERNIGHT,-13.75,16.825000000000003,33.650000000000006,29873.0,29890.25,-17.25,-36.0,STOP,4.2,18.75
1783649760,2026-07-10,-1,11.333333333333334,0.1391585760517799,-1.6793819748696084,NORMAL-CHOP,OVERNIGHT,-10.75,17.0,34.0,29861.75,29879.25,-17.5,-36.5,STOP,3.5,7.5
1783650120,2026-07-10,-1,10.933333333333334,0.3923303834808259,0.0884624066473896,BUILDING,OVERNIGHT,-33.25,16.4,32.8,29857.0,29873.75,-16.75,-35.0,STOP,2.1,2.75
1783650600,2026-07-10,1,10.45,0.1475409836065573,2.061408177058164,NORMAL-CHOP,OVERNIGHT,13.5,15.674999999999999,31.349999999999998,29888.25,29919.6,31.35,61.2,TARGET,16.5,75.5
1783651800,2026-07-10,1,8.75,0.6935483870967742,0.328323614597961,BUILDING,OVERNIGHT,43.0,13.125,26.25,29934.0,29960.25,26.25,51.0,TARGET,16.4,29.75
1783653660,2026-07-10,-1,6.45,0.3205741626794258,-0.3717211234343198,BUILDING,OVERNIGHT,-16.75,9.675,19.35,29937.0,29917.65,19.35,37.2,TARGET,15.4,25.25
1783655160,2026-07-10,-1,7.0,0.0980392156862745,-1.4519053508685067,DEAD-CHOP,OVERNIGHT,-5.0,10.5,21.0,29917.75,29928.5,-10.75,-23.0,STOP,11.4,13.25
1783656240,2026-07-10,1,7.783333333333333,0.3531914893617021,0.360646210037535,BUILDING,OVERNIGHT,20.75,11.675,23.35,29941.5,29929.5,-12.0,-25.5,STOP,16.6,7.0
1783657440,2026-07-10,-1,7.283333333333333,0.2208835341365461,-0.9598125733729173,BUILDING,OVERNIGHT,-13.75,10.925,21.85,29921.0,29899.15,21.85,42.2,TARGET,25.1,55.25
1783659120,2026-07-10,-1,7.783333333333333,0.3063063063063063,-1.6938606367964053,BUILDING,OVERNIGHT,-17.0,11.675,23.35,29894.5,29871.15,23.35,45.2,TARGET,10.2,47.0
1783660500,2026-07-10,1,8.716666666666667,0.2807017543859649,1.441287114506063,BUILDING,OVERNIGHT,16.0,13.075,26.15,29895.0,29881.5,-13.5,-28.5,STOP,1.2,0.75
1783661400,2026-07-10,-1,9.483333333333333,0.4545454545454545,-3.835253955967987,BUILDING,OVERNIGHT,-28.75,14.224999999999998,28.449999999999996,29866.0,29880.5,-14.5,-30.5,STOP,4.1,90.5
1783663560,2026-07-10,-1,10.016666666666667,0.4294294294294294,-2.1573778474953897,BUILDING,OVERNIGHT,-35.75,15.025000000000002,30.050000000000004,29834.25,29804.2,30.05,58.6,TARGET,14.8,58.75
1783664520,2026-07-10,-1,10.666666666666666,0.5719298245614035,0.2406194840717186,BUILDING,OVERNIGHT,-40.75,16.0,32.0,29792.25,29808.5,-16.25,-34.0,STOP,7.3,16.75
1783665180,2026-07-10,1,11.7,0.0909090909090909,-0.1722190269076643,NORMAL-CHOP,OVERNIGHT,8.5,17.549999999999997,35.099999999999994,29827.75,29809.75,-18.0,-37.5,STOP,1.0,4.75
1783666200,2026-07-10,1,9.15,0.1645569620253164,-0.0269815789161226,DEAD-CHOP,OVERNIGHT,9.75,13.725000000000001,27.450000000000003,29823.0,29809.0,-14.0,-29.5,STOP,9.2,9.5
1783667280,2026-07-10,-1,9.766666666666667,0.36,-1.020568580925762,BUILDING,PRE-OPEN,-27.0,14.650000000000002,29.300000000000004,29798.75,29813.75,-15.0,-31.5,STOP,3.1,55.5
1783667700,2026-07-10,-1,11.083333333333334,0.1610942249240121,0.4797161031554405,NORMAL-CHOP,PRE-OPEN,-13.25,16.625,33.25,29793.0,29810.0,-17.0,-35.5,STOP,1.8,49.75
1783669260,2026-07-10,-1,7.95,0.2586206896551724,-0.5010605492840894,BUILDING,PRE-OPEN,-15.0,11.925,23.85,29798.75,29774.9,23.85,46.2,TARGET,11.9,55.5
1783670040,2026-07-10,-1,8.55,0.7416267942583732,-2.587186101525616,BUILDING,PRE-OPEN,-38.75,12.825000000000001,25.650000000000002,29768.5,29781.75,-13.25,-28.0,STOP,5.1,25.25
1783670520,2026-07-10,-1,10.166666666666666,0.5130434782608696,-1.0833855651932214,BUILDING,PRE-OPEN,-29.5,15.25,30.5,29760.25,29775.75,-15.5,-32.5,STOP,5.8,44.0
1783671000,2026-07-10,1,12.733333333333333,0.267379679144385,0.609811789144396,BUILDING,PRE-OPEN,25.0,19.099999999999998,38.199999999999996,29792.25,29772.75,-19.5,-40.5,STOP,10.5,12.0
1783672680,2026-07-10,1,10.333333333333334,0.1621621621621621,0.0211625742716429,NORMAL-CHOP,PRE-OPEN,15.0,15.5,31.0,29782.0,29766.25,-15.75,-33.0,STOP,1.3,45.0
1783673040,2026-07-10,1,11.116666666666667,0.1611374407582938,-0.8840976195900632,NORMAL-CHOP,PRE-OPEN,17.0,16.675,33.35,29785.0,29768.0,-17.0,-35.5,STOP,16.0,42.25
1783674660,2026-07-10,1,14.283333333333331,0.0484581497797356,0.454056427157793,NORMAL-CHOP,PRE-OPEN,5.5,21.424999999999997,42.849999999999994,29788.25,29831.1,42.85,84.2,TARGET,50.5,53.5
1783677900,2026-07-10,1,8.05,0.4296296296296296,0.448267705319695,BUILDING,PRE-OPEN,29.0,12.075000000000001,24.150000000000002,29841.25,29828.75,-12.5,-26.5,STOP,2.8,33.75
1783678920,2026-07-10,-1,7.983333333333333,0.2555555555555555,-8.974838336967977,BUILDING,PRE-OPEN,-11.5,11.975,23.95,29819.5,29831.75,-12.25,-26.0,STOP,4.5,4.5
1783679400,2026-07-10,1,9.016666666666667,0.1860465116279069,0.3173883853224144,DEAD-CHOP,PRE-OPEN,12.0,13.525000000000002,27.050000000000004,29845.25,29872.3,27.05,52.6,TARGET,32.9,42.5
1783681440,2026-07-10,1,7.033333333333333,0.7,-0.1120160237388611,BUILDING,PRE-OPEN,31.5,10.55,21.1,29874.5,29863.5,-11.0,-23.5,STOP,2.5,13.25
1783682100,2026-07-10,1,8.1,0.4163424124513619,1.172943428858419,BUILDING,PRE-OPEN,26.75,12.149999999999999,24.299999999999997,29882.0,29869.5,-12.5,-26.5,STOP,10.0,5.75
1783682760,2026-07-10,-1,7.6,0.2734082397003745,-0.0528581772211075,BUILDING,PRE-OPEN,-18.25,11.399999999999999,22.799999999999997,29855.0,29832.2,22.8,44.1,TARGET,3.4,84.0
1783683060,2026-07-10,-1,9.333333333333334,0.5846994535519126,-0.1643010613617077,BUILDING,PRE-OPEN,-53.5,14.0,28.0,29829.5,29801.5,28.0,54.5,TARGET,30.7,58.5
1783685040,2026-07-10,-1,11.15,0.5058823529411764,-2.4267009489302054,BUILDING,PRE-OPEN,-43.0,16.725,33.45,29784.75,29801.75,-17.0,-35.5,STOP,8.7,13.75
1783688220,2026-07-10,-1,12.8,0.2354570637119113,-0.2363302012217885,BUILDING,PRE-OPEN,-21.25,19.200000000000003,38.400000000000006,29814.0,29833.5,-19.5,-40.5,STOP,25.4,24.0
1783689900,2026-07-10,1,11.633333333333333,0.504950495049505,0.7043385392451106,BUILDING,PRE-OPEN,38.25,17.45,34.9,29844.0,29826.25,-17.75,-37.0,STOP,1.5,124.5
1783690200,2026-07-10,1,17.4,0.4721189591078067,-2.722719808096861,CLEAN-TREND,US,63.5,26.099999999999998,52.199999999999996,29875.0,29927.2,52.2,102.9,TARGET,5.8,93.5
1783690800,2026-07-10,-1,35.31666666666667,0.1319073083778966,-3.0634324699860715,VIOLENT-WHIPSAW,US,-37.0,52.97500000000001,105.95000000000002,29803.5,29856.75,-53.25,-108.0,STOP,1.4,126.0
1783691340,2026-07-10,1,39.65,0.1208967173738991,2.288873791452936,VIOLENT-WHIPSAW,US,37.75,59.474999999999994,118.94999999999999,29941.25,29881.5,-59.75,-121.0,STOP,31.1,27.25
1783693920,2026-07-10,-1,43.03333333333333,0.4349617422012948,-5.629363052207207,CLEAN-TREND,US,-184.75,64.55,129.1,29760.25,29825.25,-65.0,-131.5,STOP,0.9,82.75
1783695300,2026-07-10,-1,31.33333333333333,0.2311320754716981,-0.3914004305818525,BUILDING,US,-49.0,46.99999999999999,93.99999999999999,29829.25,29876.5,-47.25,-96.0,STOP,14.5,49.25
1783696500,2026-07-10,1,27.133333333333333,0.5302197802197802,0.3924944206250496,CLEAN-TREND,US,96.5,40.7,81.4,29911.5,29870.5,-41.0,-83.5,STOP,25.5,85.5
1783698120,2026-07-10,-1,23.116666666666667,0.7595628415300546,-0.3010967817753565,CLEAN-TREND,US,-139.0,34.675,69.35,29840.5,29875.5,-35.0,-71.5,STOP,1.4,6.75
1783699140,2026-07-10,1,20.916666666666668,0.6147186147186147,0.1188722317693108,CLEAN-TREND,US,71.0,31.375,62.75,29945.25,30008.0,62.75,124.0,TARGET,16.4,97.5
1783700400,2026-07-10,1,15.2,0.4892601431980907,0.3151391914520374,CLEAN-TREND,US,51.25,22.799999999999997,45.599999999999994,30021.0,29997.75,-23.25,-48.0,STOP,53.2,21.75
1783704240,2026-07-10,1,10.666666666666666,0.3,0.0356933034700003,BUILDING,US,28.5,16.0,32.0,30035.75,30067.75,32.0,62.5,TARGET,12.7,36.75
1783706040,2026-07-10,-1,7.016666666666667,0.233160621761658,-1.4063428640904154,BUILDING,US,-11.25,10.525,21.05,30052.75,30031.7,21.05,40.6,TARGET,4.1,29.75
1783707360,2026-07-10,-1,10.133333333333333,0.1709844559585492,-0.9841638101362046,DEAD-CHOP,US,-8.25,15.2,30.4,30039.0,30054.5,-15.5,-32.5,STOP,8.3,16.0
1783713180,2026-07-10,-1,9.55,0.3129770992366412,-3.0327163782614632,BUILDING,US,-20.5,14.325000000000001,28.650000000000002,30040.0,30054.75,-14.75,-31.0,STOP,7.7,15.25
1783715280,2026-07-10,1,3.566666666666667,0.391304347826087,-0.3805751978941291,BUILDING,OVERNIGHT,9.0,5.3500000000000005,10.700000000000001,30058.75,30053.0,-5.75,-13.0,STOP,2.3,16.25
1783716360,2026-07-10,1,3.0166666666666666,0.543859649122807,0.5442981287530402,BUILDING,OVERNIGHT,7.75,4.525,9.05,30061.0,30056.0,-5.0,-11.5,STOP,0.9,14.0
1783895400,2026-07-12,1,11.866666666666667,0.3203883495145631,0.0337456924235085,BUILDING,OVERNIGHT,24.75,17.8,35.6,29898.5,29880.25,-18.25,-38.0,STOP,6.5,16.25
1783896900,2026-07-12,1,8.85,0.3527272727272727,-0.177494303290209,BUILDING,OVERNIGHT,24.25,13.274999999999999,26.549999999999997,29906.25,29892.5,-13.75,-29.0,STOP,4.6,8.5
1783898100,2026-07-12,-1,9.983333333333333,0.2028985507246377,-2.444698666515225,BUILDING,OVERNIGHT,-14.0,14.974999999999998,29.949999999999996,29872.75,29888.0,-15.25,-32.0,STOP,0.6,29.0
1783899600,2026-07-12,1,7.366666666666666,0.3430656934306569,0.1812624859055323,BUILDING,OVERNIGHT,11.75,11.049999999999999,22.099999999999998,29894.25,29882.5,-11.75,-25.0,STOP,4.3,148.25
1783899960,2026-07-12,-1,9.35,0.4852941176470588,-2.731716331979385,BUILDING,OVERNIGHT,-33.0,14.024999999999999,28.049999999999997,29854.25,29868.75,-14.5,-30.5,STOP,0.6,10.5
1783900860,2026-07-13,1,16.833333333333332,0.374757281553398,-0.2232290380898075,BUILDING,OVERNIGHT,48.25,25.25,50.5,29902.75,29953.25,50.5,99.5,TARGET,0.7,139.75
1783900980,2026-07-13,1,19.633333333333333,0.5666178623718887,0.7884742402677198,CLEAN-TREND,OVERNIGHT,96.75,29.45,58.9,29958.75,30017.65,58.9,116.3,TARGET,6.2,83.75
1783902660,2026-07-13,-1,18.73333333333333,0.3602584814216478,-1.7956176905410262,BUILDING,OVERNIGHT,-55.75,28.099999999999994,56.19999999999999,29944.5,29888.3,56.2,110.9,TARGET,7.2,156.0
1783903260,2026-07-13,-1,18.966666666666665,0.902097902097902,-3.0531707649235345,CLEAN-TREND,OVERNIGHT,-129.0,28.449999999999996,56.89999999999999,29870.5,29899.25,-28.75,-59.0,STOP,4.0,82.0
1783903920,2026-07-13,-1,23.366666666666667,0.4318471337579618,-2.6280913935804247,CLEAN-TREND,OVERNIGHT,-84.75,35.05,70.1,29816.5,29760.25,56.25,111.0,TIME,60.0,61.5
1783909200,2026-07-13,1,17.083333333333332,0.1245901639344262,0.3175825519379394,VIOLENT-WHIPSAW,OVERNIGHT,19.0,25.625,51.25,29780.0,29754.0,-26.0,-53.5,STOP,16.9,29.75
1783911240,2026-07-13,-1,12.466666666666669,0.2227979274611398,-0.7424961639258437,BUILDING,OVERNIGHT,-21.5,18.700000000000003,37.400000000000006,29736.75,29699.35,37.4,73.3,TARGET,13.7,54.25
1783912140,2026-07-13,-1,11.283333333333331,0.5971731448763251,-1.7325923210890506,BUILDING,OVERNIGHT,-42.25,16.924999999999997,33.849999999999994,29696.0,29713.25,-17.25,-36.0,STOP,18.8,45.0
1783914060,2026-07-13,1,10.933333333333334,0.1893333333333333,0.4157117268552407,NORMAL-CHOP,OVERNIGHT,17.75,16.4,32.8,29723.0,29706.25,-16.75,-35.0,STOP,1.6,4.75
1783915020,2026-07-13,-1,11.266666666666667,0.2864864864864865,-0.7131132073674878,BUILDING,OVERNIGHT,-26.5,16.900000000000002,33.800000000000004,29691.0,29657.2,33.8,66.1,TARGET,5.6,78.0
1783916760,2026-07-13,-1,10.766666666666667,0.1698113207547169,-2.1455089259604407,NORMAL-CHOP,OVERNIGHT,-11.25,16.150000000000002,32.300000000000004,29648.0,29615.7,32.3,63.1,TARGET,24.8,59.0
1783919100,2026-07-13,1,10.55,0.4841628959276018,-0.0745621705987491,BUILDING,OVERNIGHT,26.75,15.825000000000001,31.650000000000002,29645.25,29676.9,31.65,61.8,TARGET,4.2,48.25
1783920120,2026-07-13,-1,14.15,0.2830188679245283,-0.4007066517355693,BUILDING,OVERNIGHT,-33.75,21.225,42.45,29620.5,29578.05,42.45,83.4,TARGET,6.4,74.0
1783920600,2026-07-13,-1,15.483333333333333,0.8660508083140878,-5.625897056629693,CLEAN-TREND,OVERNIGHT,-93.75,23.224999999999998,46.449999999999996,29573.0,29596.5,-23.5,-48.5,STOP,3.1,11.5
1783921140,2026-07-13,1,18.366666666666667,0.4132841328413284,-0.0423566369710972,CLEAN-TREND,OVERNIGHT,56.0,27.55,55.1,29654.5,29626.5,-28.0,-57.5,STOP,5.3,15.5
1783922940,2026-07-13,-1,15.683333333333334,0.1319148936170212,0.3491098573743851,VIOLENT-WHIPSAW,OVERNIGHT,-15.5,23.525,47.05,29613.5,29637.5,-24.0,-49.5,STOP,20.0,28.25
1783924620,2026-07-13,-1,14.4,0.0501089324618736,-0.3802099750429038,NORMAL-CHOP,OVERNIGHT,-5.75,21.6,43.2,29600.0,29622.0,-22.0,-45.5,STOP,3.1,2.25
1783925220,2026-07-13,1,13.1,0.2455357142857142,0.2583898566590552,BUILDING,OVERNIGHT,27.5,19.65,39.3,29646.0,29626.0,-20.0,-41.5,STOP,5.4,44.0
1783926540,2026-07-13,1,15.933333333333334,0.316,-1.0734791369782957,BUILDING,PRE-OPEN,39.5,23.9,47.8,29662.5,29638.25,-24.25,-50.0,STOP,23.6,30.0
1783929600,2026-07-13,1,11.116666666666667,0.1912225705329153,-0.7508149379436184,NORMAL-CHOP,PRE-OPEN,15.25,16.675,33.35,29670.25,29653.25,-17.0,-35.5,STOP,4.6,84.0
1783930320,2026-07-13,1,15.55,0.6391437308868502,5.611639189110731,CLEAN-TREND,PRE-OPEN,52.25,23.325000000000003,46.650000000000006,29699.0,29745.65,46.65,91.8,TARGET,39.4,55.25
1783932780,2026-07-13,1,9.016666666666667,0.776,-2.1074469335408805,BUILDING,PRE-OPEN,48.5,13.525000000000002,27.050000000000004,29752.75,29738.75,-14.0,-29.5,STOP,2.0,24.0
1783933380,2026-07-13,-1,10.083333333333334,0.1710144927536231,0.4214378636516933,DEAD-CHOP,PRE-OPEN,-14.75,15.125,30.25,29720.75,29736.25,-15.5,-32.5,STOP,12.4,3.5
1783934280,2026-07-13,1,7.933333333333334,0.5981308411214953,0.0818905279512737,BUILDING,PRE-OPEN,32.0,11.9,23.8,29753.25,29777.05,23.8,46.1,TARGET,41.7,25.25
1783937220,2026-07-13,-1,7.583333333333333,0.2468619246861924,-0.6611576778214348,BUILDING,PRE-OPEN,-14.75,11.375,22.75,29742.0,29753.75,-11.75,-25.0,STOP,1.3,6.75
1783939680,2026-07-13,1,7.383333333333334,0.1724137931034483,-0.5613625719994082,DEAD-CHOP,PRE-OPEN,11.25,11.075000000000001,22.150000000000002,29757.25,29779.4,22.15,42.8,TARGET,11.3,42.75
1783940700,2026-07-13,1,11.033333333333331,0.3944444444444444,0.8643586389673777,BUILDING,PRE-OPEN,35.5,16.549999999999997,33.099999999999994,29794.25,29777.0,-17.25,-36.0,STOP,2.3,5.75
1783941600,2026-07-13,-1,11.55,0.5300546448087432,-1.1625004284430291,BUILDING,PRE-OPEN,-48.5,17.325000000000003,34.650000000000006,29745.75,29763.5,-17.75,-37.0,STOP,0.7,53.0
1783942440,2026-07-13,1,12.15,0.3107822410147992,0.904309538753686,BUILDING,PRE-OPEN,36.75,18.225,36.45,29789.5,29771.0,-18.5,-38.5,STOP,7.1,4.25
1783943040,2026-07-13,-1,10.466666666666669,0.0722222222222222,-0.6400144657869018,NORMAL-CHOP,PRE-OPEN,-6.5,15.700000000000003,31.400000000000006,29767.25,29735.85,31.4,61.3,TARGET,10.3,112.0
1783943820,2026-07-13,-1,9.883333333333333,0.542319749216301,-0.3513546554456527,BUILDING,PRE-OPEN,-43.25,14.825,29.65,29730.5,29745.75,-15.25,-32.0,STOP,2.0,75.25
1783944420,2026-07-13,-1,12.35,0.4747474747474747,-0.0919758899292965,BUILDING,PRE-OPEN,-47.0,18.525,37.05,29711.5,29730.5,-19.0,-39.5,STOP,1.9,56.25
1783945800,2026-07-13,-1,11.983333333333333,0.5543478260869565,-1.1095838969619949,BUILDING,PRE-OPEN,-51.0,17.974999999999998,35.949999999999996,29675.25,29693.5,-18.25,-38.0,STOP,13.6,25.0
1783946820,2026-07-13,1,12.8,0.3066666666666666,0.2052269961406186,BUILDING,PRE-OPEN,28.75,19.200000000000003,38.400000000000006,29699.5,29737.9,38.4,75.3,TARGET,14.3,49.0
1783948620,2026-07-13,-1,10.733333333333333,0.6425531914893617,-2.097760217568608,BUILDING,PRE-OPEN,-37.75,16.099999999999998,32.199999999999996,29704.0,29720.5,-16.5,-34.5,STOP,11.5,210.75
1783949640,2026-07-13,-1,27.73333333333333,0.3122302158273381,-7.146468473418692,BUILDING,US,-54.25,41.599999999999994,83.19999999999999,29646.0,29562.8,83.2,164.9,TARGET,7.0,152.75
1783950300,2026-07-13,-1,42.93333333333333,0.489766081871345,-8.322183308019124,CLEAN-TREND,US,-167.5,64.39999999999999,128.79999999999998,29545.0,29609.75,-64.75,-131.0,STOP,12.5,51.75
1783951140,2026-07-13,1,39.05,0.1216566005176876,1.4449036958755688,VIOLENT-WHIPSAW,US,35.25,58.574999999999996,117.14999999999999,29630.75,29571.75,-59.0,-119.5,STOP,5.4,93.25
1783952640,2026-07-13,1,47.88333333333333,0.1815616180620884,4.41943421951066,VIOLENT-WHIPSAW,US,48.25,71.825,143.65,29667.0,29720.0,53.0,104.5,TIME,60.0,85.25
1783956900,2026-07-13,-1,19.966666666666665,0.1964601769911504,-0.2045734509068075,VIOLENT-WHIPSAW,US,-27.75,29.949999999999996,59.89999999999999,29672.25,29612.35,59.9,118.3,TARGET,15.6,195.25
1783958400,2026-07-13,-1,19.25,0.308562197092084,-0.3737601190227875,BUILDING,US,-47.75,28.875,57.75,29596.0,29625.25,-29.25,-60.0,STOP,9.2,135.75
1783959360,2026-07-13,-1,17.8,0.2037735849056604,-1.521226832887937,BUILDING,US,-27.0,26.700000000000003,53.400000000000006,29580.5,29527.1,53.4,105.3,TARGET,13.7,120.25
1783960440,2026-07-13,-1,18.05,0.6621004566210046,-0.2534751537466645,CLEAN-TREND,US,-72.5,27.075000000000003,54.150000000000006,29511.0,29538.5,-27.5,-56.5,STOP,7.1,50.75
1783962420,2026-07-13,1,19.7,0.2405498281786941,0.5168445872158686,BUILDING,US,35.0,29.549999999999997,59.099999999999994,29556.75,29526.75,-30.0,-61.5,STOP,7.8,24.25
1783963500,2026-07-13,-1,17.3,0.660377358490566,-0.8441019366401457,CLEAN-TREND,US,-61.25,25.950000000000003,51.900000000000006,29502.5,29528.75,-26.25,-54.0,STOP,5.0,35.25
1783965000,2026-07-13,-1,15.833333333333334,0.2826086956521739,-0.1341335117223071,BUILDING,US,-32.5,23.75,47.5,29483.75,29507.75,-24.0,-49.5,STOP,9.8,29.75
1783965900,2026-07-13,1,19.73333333333333,0.3333333333333333,1.9790343348616055,BUILDING,US,51.25,29.599999999999994,59.19999999999999,29534.0,29504.0,-30.0,-61.5,STOP,3.6,5.5
1783967400,2026-07-13,-1,16.033333333333335,0.4564315352697095,-2.3311035353919,CLEAN-TREND,US,-55.0,24.050000000000004,48.10000000000001,29456.5,29481.0,-24.5,-50.5,STOP,0.9,51.75
1783969080,2026-07-13,-1,14.716666666666669,0.1383812010443864,-0.9843380977184052,NORMAL-CHOP,US,-13.25,22.075000000000003,44.150000000000006,29486.5,29509.0,-22.5,-46.5,STOP,3.0,91.5
1783969800,2026-07-13,-1,15.916666666666666,0.2007042253521127,-1.9463181978339044,BUILDING,US,-28.5,23.875,47.75,29469.5,29421.75,47.75,94.0,TARGET,12.6,74.5
1783970820,2026-07-13,-1,14.616666666666667,0.574750830564784,-2.3642891331197085,CLEAN-TREND,US,-43.25,21.925,43.85,29412.75,29435.0,-22.25,-46.0,STOP,2.4,26.25
1783971480,2026-07-13,-1,17.383333333333333,0.3177083333333333,-2.089994174660987,BUILDING,US,-30.5,26.075,52.15,29399.75,29426.25,-26.5,-54.5,STOP,3.0,13.25
1783971780,2026-07-13,1,17.7,0.2527472527472527,0.5861274346696308,BUILDING,US,28.75,26.549999999999997,53.099999999999994,29450.75,29503.85,53.1,104.7,TARGET,15.1,54.25
1783973700,2026-07-13,-1,12.633333333333333,0.5347432024169184,-1.028630032432699,CLEAN-TREND,OVERNIGHT,-44.25,18.95,37.9,29421.5,29440.75,-19.25,-40.0,STOP,13.3,35.0
1783975800,2026-07-13,-1,5.75,0.2980132450331126,0.4961568766758877,BUILDING,OVERNIGHT,-11.25,8.625,17.25,29422.0,29431.0,-9.0,-19.5,STOP,2.1,2.5
1783976160,2026-07-13,1,6.533333333333333,0.1933701657458563,0.2273593445475649,DEAD-CHOP,OVERNIGHT,8.75,9.8,19.6,29440.0,29429.75,-10.25,-22.0,STOP,2.0,4.5
1783981440,2026-07-13,-1,8.683333333333334,0.3501805054151624,0.6310852849786618,BUILDING,OVERNIGHT,-24.25,13.025,26.05,29440.75,29454.25,-13.5,-28.5,STOP,20.8,73.0
1783983120,2026-07-13,-1,8.95,0.0629370629370629,-0.41848465178973,DEAD-CHOP,OVERNIGHT,-4.5,13.424999999999999,26.849999999999998,29424.25,29397.4,26.85,52.2,TARGET,2.6,95.75
1783983840,2026-07-13,-1,11.316666666666666,0.7506493506493507,-5.359489385085574,BUILDING,OVERNIGHT,-72.25,16.975,33.95,29373.75,29391.0,-17.25,-36.0,STOP,11.6,45.25
1783984980,2026-07-13,1,9.116666666666667,0.2792792792792792,0.3075891911646213,BUILDING,OVERNIGHT,15.5,13.675,27.35,29397.25,29383.25,-14.0,-29.5,STOP,5.3,79.0
1783985400,2026-07-13,-1,9.35,0.3453237410071942,-1.1012801668582193,BUILDING,OVERNIGHT,-24.0,14.024999999999999,28.049999999999997,29356.5,29371.0,-14.5,-30.5,STOP,5.0,31.5
1783986060,2026-07-13,-1,10.166666666666666,0.5859872611464968,-3.63265600720785,BUILDING,OVERNIGHT,-46.0,15.25,30.5,29344.5,29360.0,-15.5,-32.5,STOP,10.4,19.5
1783986780,2026-07-13,1,13.933333333333334,0.3103448275862069,1.7363381047833029,BUILDING,OVERNIGHT,24.75,20.9,41.8,29378.75,29420.55,41.8,82.1,TARGET,5.3,123.75
1783987200,2026-07-14,1,18.516666666666666,0.8883928571428571,0.3368032557467814,CLEAN-TREND,OVERNIGHT,99.5,27.775,55.55,29443.5,29415.25,-28.25,-58.0,STOP,1.2,91.25
1783987620,2026-07-14,-1,27.766666666666666,0.0956719817767653,1.380467755238624,VIOLENT-WHIPSAW,OVERNIGHT,-21.0,41.65,83.3,29337.0,29379.0,-42.0,-85.5,STOP,2.1,12.0
1783988040,2026-07-14,1,35.78333333333333,0.1575342465753424,-0.5383979624395822,VIOLENT-WHIPSAW,OVERNIGHT,46.0,53.675,107.35,29462.75,29408.75,-54.0,-109.5,STOP,4.7,78.25
1783989180,2026-07-14,1,29.966666666666665,0.1146245059288537,1.9413340640692405,VIOLENT-WHIPSAW,OVERNIGHT,29.0,44.949999999999996,89.89999999999999,29456.5,29411.25,-45.25,-92.0,STOP,10.0,84.5
1783990260,2026-07-14,1,26.616666666666667,0.0721925133689839,-0.0054672766763187,VIOLENT-WHIPSAW,OVERNIGHT,13.5,39.925,79.85,29494.5,29454.25,-40.25,-82.0,STOP,45.3,46.5
1783993260,2026-07-14,-1,19.933333333333334,0.549407114624506,0.497581160155485,CLEAN-TREND,OVERNIGHT,-69.5,29.9,59.8,29445.5,29475.75,-30.25,-62.0,STOP,1.3,79.25
1783993680,2026-07-14,1,19.15,0.0853889943074003,0.3906158051459446,VIOLENT-WHIPSAW,OVERNIGHT,11.25,28.724999999999998,57.449999999999996,29502.5,29473.5,-29.0,-59.5,STOP,1.9,1.5
1783994400,2026-07-14,-1,17.533333333333335,0.3516129032258064,-1.932398287815416,BUILDING,OVERNIGHT,-54.5,26.300000000000004,52.60000000000001,29433.25,29460.0,-26.75,-55.0,STOP,1.5,67.0
1783995240,2026-07-14,-1,16.2,0.1631477927063339,1.2350948612267405,VIOLENT-WHIPSAW,OVERNIGHT,-21.25,24.299999999999997,48.599999999999994,29424.25,29375.65,48.6,95.7,TARGET,10.7,95.75
1783996740,2026-07-14,1,15.166666666666666,0.3832976445396145,0.6765595735563241,BUILDING,OVERNIGHT,44.75,22.75,45.5,29428.25,29405.25,-23.0,-47.5,STOP,12.2,27.25
1783997640,2026-07-14,-1,14.15,0.3245614035087719,1.0438742788630897,BUILDING,OVERNIGHT,-37.0,21.225,42.45,29390.0,29347.55,42.45,83.4,TARGET,15.6,86.75
1783998660,2026-07-14,-1,12.516666666666667,0.6222222222222222,-0.2792472658002896,CLEAN-TREND,OVERNIGHT,-42.0,18.775000000000002,37.550000000000004,29345.75,29308.2,37.55,73.6,TARGET,6.0,42.5
1783999260,2026-07-14,-1,13.366666666666667,0.6363636363636364,-0.0941676886409455,CLEAN-TREND,OVERNIGHT,-59.5,20.05,40.1,29305.5,29326.0,-20.5,-42.5,STOP,1.3,0.75
1783999620,2026-07-14,1,15.533333333333331,0.1,0.2270231906337077,VIOLENT-WHIPSAW,OVERNIGHT,13.5,23.299999999999997,46.599999999999994,29354.75,29401.35,46.6,91.7,TARGET,4.1,99.0
1784000880,2026-07-14,1,19.75,0.1924528301886792,-1.589526615910538,VIOLENT-WHIPSAW,OVERNIGHT,25.5,29.625,59.25,29396.25,29455.5,59.25,117.0,TARGET,41.7,102.5
1784003640,2026-07-14,1,12.083333333333334,0.8943894389438944,-0.1854443660221019,BUILDING,OVERNIGHT,67.75,18.125,36.25,29463.5,29499.75,36.25,71.0,TARGET,15.4,168.75
1784006040,2026-07-14,1,11.333333333333334,0.4897959183673469,2.237696592352213,BUILDING,OVERNIGHT,36.0,17.0,34.0,29546.0,29580.0,34.0,66.5,TARGET,7.4,88.25
1784006580,2026-07-14,1,12.366666666666667,0.7248157248157249,-0.132530311432376,BUILDING,OVERNIGHT,73.75,18.55,37.1,29589.75,29626.85,37.1,72.7,TARGET,7.0,60.0
1784008860,2026-07-14,1,11.266666666666667,0.2913907284768212,1.9256541116712436,BUILDING,OVERNIGHT,22.0,16.900000000000002,33.800000000000004,29610.5,29644.3,33.8,66.1,TARGET,17.4,39.25
1784010480,2026-07-14,-1,11.483333333333333,0.2994011976047904,-0.1411371323561936,BUILDING,OVERNIGHT,-25.0,17.224999999999998,34.449999999999996,29604.5,29622.0,-17.5,-36.5,STOP,1.8,59.0
1784011500,2026-07-14,-1,9.583333333333334,0.5983606557377049,-0.2722226606411308,BUILDING,OVERNIGHT,-36.5,14.375,28.75,29585.25,29556.5,28.75,56.0,TARGET,14.0,39.75
1784012700,2026-07-14,1,12.133333333333333,0.0689655172413793,1.306323673665252,NORMAL-CHOP,PRE-OPEN,7.0,18.2,36.4,29592.25,29573.5,-18.75,-39.0,STOP,36.0,31.25
1784015100,2026-07-14,-1,13.5,0.2908587257617728,-1.5405486217800768,BUILDING,PRE-OPEN,-26.25,20.25,40.5,29565.75,29586.25,-20.5,-42.5,STOP,1.9,18.25
1784016420,2026-07-14,-1,17.683333333333334,0.4134790528233151,0.5645361128001473,CLEAN-TREND,PRE-OPEN,-56.75,26.525,53.05,29548.25,29575.25,-27.0,-55.5,STOP,5.0,0.75
1784016960,2026-07-14,1,19.25,0.1677175283732661,-0.0774516290199235,VIOLENT-WHIPSAW,PRE-OPEN,33.25,28.875,57.75,29610.5,29581.25,-29.25,-60.0,STOP,32.9,25.75
1784019000,2026-07-14,-1,10.8,0.4867256637168141,0.5713854508250882,BUILDING,PRE-OPEN,-41.25,16.200000000000003,32.400000000000006,29578.0,29594.5,-16.5,-34.5,STOP,3.6,20.25
1784019840,2026-07-14,1,12.033333333333331,0.1666666666666666,3.438463035926585,NORMAL-CHOP,PRE-OPEN,16.0,18.049999999999997,36.099999999999994,29599.25,29580.75,-18.5,-38.5,STOP,24.3,30.0
1784022000,2026-07-14,1,9.283333333333331,0.1104477611940298,0.4756388468804047,DEAD-CHOP,PRE-OPEN,9.25,13.924999999999997,27.849999999999994,29598.0,29583.75,-14.25,-30.0,STOP,50.7,35.0
1784025420,2026-07-14,1,11.316666666666666,0.43026706231454,-3.5715074631749486,BUILDING,PRE-OPEN,36.25,16.975,33.95,29627.25,29610.0,-17.25,-36.0,STOP,2.2,43.25
1784026500,2026-07-14,-1,9.333333333333334,0.2631578947368421,0.1779403453620888,BUILDING,PRE-OPEN,-18.75,14.0,28.0,29593.5,29608.0,-14.5,-30.5,STOP,2.9,39.5
1784026860,2026-07-14,-1,11.15,0.2763157894736842,-1.4430960734059584,BUILDING,PRE-OPEN,-21.0,16.725,33.45,29586.5,29603.5,-17.0,-35.5,STOP,12.8,32.5
1784027940,2026-07-14,1,20.08333333333333,0.4129353233830846,-1.2052881316023387,CLEAN-TREND,PRE-OPEN,62.25,30.124999999999993,60.249999999999986,29635.25,29604.75,-30.5,-62.5,STOP,44.3,35.25
1784030700,2026-07-14,-1,11.716666666666669,0.5,-0.3489734916762023,BUILDING,PRE-OPEN,-51.0,17.575000000000003,35.150000000000006,29592.75,29610.75,-18.0,-37.5,STOP,13.4,22.75
1784031720,2026-07-14,1,14.25,0.3461538461538461,1.2861810121659167,BUILDING,PRE-OPEN,40.5,21.375,42.75,29628.0,29670.75,42.75,84.0,TARGET,5.1,294.0
1784032140,2026-07-14,1,16.133333333333333,0.6626916524701874,1.5869113996021786,CLEAN-TREND,PRE-OPEN,97.25,24.2,48.4,29693.0,29667.75,-25.25,-52.0,STOP,0.0,229.0
1784033220,2026-07-14,-1,29.883333333333333,0.4963325183374083,-0.637310364470763,CLEAN-TREND,PRE-OPEN,-101.5,44.825,89.65,29789.25,29699.6,89.65,177.8,TARGET,46.7,104.25
1784037720,2026-07-14,-1,36.8,0.1562207670720299,-2.215393210027113,VIOLENT-WHIPSAW,US,-41.75,55.199999999999996,110.39999999999999,29713.25,29602.85,110.4,219.3,TARGET,13.0,146.0
1784038920,2026-07-14,1,38.2,0.0915958451369216,1.4264051547988128,VIOLENT-WHIPSAW,US,24.25,57.300000000000004,114.60000000000001,29710.0,29652.25,-57.75,-117.0,STOP,2.1,164.25
1784039640,2026-07-14,1,42.93333333333333,0.409058231488138,0.3052061825626359,CLEAN-TREND,US,142.25,64.39999999999999,128.79999999999998,29773.5,29708.75,-64.75,-131.0,STOP,11.6,122.5
1784041080,2026-07-14,1,28.683333333333334,0.2243436754176611,0.2539132701311115,BUILDING,US,47.0,43.025,86.05,29780.5,29866.55,86.05,170.6,TARGET,16.4,115.5
1784042460,2026-07-14,1,20.433333333333334,0.3267326732673267,0.8459627752109741,BUILDING,US,41.25,30.65,61.3,29866.5,29835.5,-31.0,-63.5,STOP,13.2,29.5
1784043720,2026-07-14,-1,19.75,0.5206611570247934,-1.049912549554817,CLEAN-TREND,US,-63.0,29.625,59.25,29811.75,29841.75,-30.0,-61.5,STOP,1.3,107.5
1784044260,2026-07-14,-1,20.616666666666667,0.3289902280130293,-0.5766238819397624,BUILDING,US,-50.5,30.925,61.85,29796.25,29734.4,61.85,122.2,TARGET,10.1,92.0
1784044980,2026-07-14,-1,24.6,0.5638921453692849,-0.1170387652579672,CLEAN-TREND,US,-120.25,36.900000000000006,73.80000000000001,29723.75,29761.0,-37.25,-76.0,STOP,5.5,19.5
1784046300,2026-07-14,1,20.183333333333334,0.2668024439918534,1.1147256687477782,BUILDING,US,32.75,30.275,60.55,29764.75,29825.3,60.55,119.6,TARGET,19.4,99.75
1784048400,2026-07-14,1,12.283333333333331,0.3079365079365079,0.840081105772121,BUILDING,US,24.25,18.424999999999997,36.849999999999994,29834.5,29815.75,-18.75,-39.0,STOP,4.5,32.0
1784048940,2026-07-14,1,11.15,0.4932432432432432,-0.0243588765020907,BUILDING,US,36.5,16.725,33.45,29843.75,29826.75,-17.0,-35.5,STOP,4.3,26.25
1784049780,2026-07-14,1,12.366666666666667,0.2514285714285714,0.7833352999368293,BUILDING,US,22.0,18.55,37.1,29858.75,29839.75,-19.0,-39.5,STOP,8.9,19.0
1784050500,2026-07-14,-1,11.583333333333334,0.1515151515151515,0.2741584649516076,NORMAL-CHOP,US,-12.5,17.375,34.75,29829.5,29847.25,-17.75,-37.0,STOP,2.1,3.0
1784051460,2026-07-14,1,12.266666666666667,0.3045685279187817,-0.1485481520874234,BUILDING,US,30.0,18.400000000000002,36.800000000000004,29860.5,29841.75,-18.75,-39.0,STOP,45.7,17.25
1784054460,2026-07-14,-1,13.383333333333333,0.4385964912280701,-5.386199029041354,CLEAN-TREND,US,-37.5,20.075,40.15,29826.5,29786.35,40.15,78.8,TARGET,25.7,55.5
1784056920,2026-07-14,1,12.233333333333333,0.4745308310991957,1.0912818756049822,BUILDING,US,44.25,18.349999999999998,36.699999999999996,29834.5,29815.75,-18.75,-39.0,STOP,5.3,2.5
1784057340,2026-07-14,-1,10.883333333333333,0.2044817927170868,-2.305359499282673,BUILDING,US,-18.25,16.325,32.65,29797.5,29814.25,-16.75,-35.0,STOP,14.1,33.0
1784058300,2026-07-14,1,13.566666666666666,0.3797101449275362,0.0462467404681084,BUILDING,US,32.75,20.35,40.7,29817.75,29797.0,-20.75,-43.0,STOP,4.0,18.0
1784058720,2026-07-14,1,12.85,0.296398891966759,1.385322166997912,BUILDING,US,26.75,19.275,38.55,29829.75,29810.0,-19.75,-41.0,STOP,1.0,6.0
1784059140,2026-07-14,-1,15.183333333333334,0.2236286919831223,-2.573291720623976,BUILDING,US,-26.5,22.775,45.55,29787.0,29810.25,-23.25,-48.0,STOP,5.7,22.5
1784060460,2026-07-14,-1,7.7,0.3925233644859813,-0.1454084828324455,BUILDING,OVERNIGHT,-21.0,11.55,23.1,29774.25,29786.25,-12.0,-25.5,STOP,13.1,9.75
1784061360,2026-07-14,1,6.05,0.578125,0.0205292580820121,BUILDING,OVERNIGHT,18.5,9.075,18.15,29792.5,29794.5,2.0,2.5,TIME,23.0,9.5
1784067780,2026-07-14,1,10.65,0.1876923076923076,1.391922227903082,NORMAL-CHOP,OVERNIGHT,15.25,15.975000000000001,31.950000000000003,29787.75,29771.5,-16.25,-34.0,STOP,27.8,16.75
1784069520,2026-07-14,-1,5.333333333333333,0.680672268907563,-1.1586682612905383,BUILDING,OVERNIGHT,-20.25,8.0,16.0,29765.75,29774.0,-8.25,-18.0,STOP,1.2,7.75
1784070060,2026-07-14,-1,6.683333333333334,0.3942857142857143,0.0624407219827352,BUILDING,OVERNIGHT,-17.25,10.025,20.05,29762.25,29772.75,-10.5,-22.5,STOP,2.0,4.25
1784070300,2026-07-14,1,8.166666666666666,0.0948275862068965,2.5885233860242987,DEAD-CHOP,OVERNIGHT,5.5,12.25,24.5,29783.75,29808.25,24.5,47.5,TARGET,19.5,116.25
1784071740,2026-07-14,1,12.933333333333334,0.5568400770712909,-0.2781647700924554,CLEAN-TREND,OVERNIGHT,72.25,19.4,38.8,29867.25,29847.5,-19.75,-41.0,STOP,15.0,66.25
1784073120,2026-07-14,1,10.166666666666666,0.1603053435114503,0.922302174591284,DEAD-CHOP,OVERNIGHT,10.5,15.25,30.5,29879.75,29864.25,-15.5,-32.5,STOP,7.3,53.75
1784073900,2026-07-15,-1,16.083333333333332,0.2681912681912682,-1.798754852382659,BUILDING,OVERNIGHT,-32.25,24.125,48.25,29841.5,29866.0,-24.5,-50.5,STOP,2.2,3.75
1784074800,2026-07-15,1,17.55,0.7124735729386892,3.686358334055876,CLEAN-TREND,OVERNIGHT,84.25,26.325000000000003,52.650000000000006,29924.5,29897.75,-26.75,-55.0,STOP,13.8,5.5
1784075700,2026-07-15,-1,11.266666666666667,0.3927576601671309,-2.303282621506044,BUILDING,OVERNIGHT,-35.25,16.900000000000002,33.800000000000004,29890.5,29856.7,33.8,66.1,TARGET,7.1,49.75
1784076660,2026-07-15,1,16.683333333333334,0.1378763866877971,0.5764189030432981,VIOLENT-WHIPSAW,OVERNIGHT,21.75,25.025,50.05,29903.5,29878.0,-25.5,-52.5,STOP,11.3,40.5
1784078580,2026-07-15,1,13.083333333333334,0.4531645569620253,-0.4061227833855055,CLEAN-TREND,OVERNIGHT,44.75,19.625,39.25,29920.0,29900.0,-20.0,-41.5,STOP,19.1,63.0
1784079840,2026-07-15,-1,14.683333333333334,0.2847058823529412,-0.4525100065584861,BUILDING,OVERNIGHT,-30.25,22.025,44.05,29894.0,29916.75,-22.75,-47.0,STOP,1.6,1.25
1784080560,2026-07-15,1,12.5,0.2468193384223918,0.2558050523692163,BUILDING,OVERNIGHT,24.25,18.75,37.5,29940.75,29978.25,37.5,73.5,TARGET,15.8,48.25
1784083860,2026-07-15,-1,7.016666666666667,0.3485714285714286,-1.2348019779676531,BUILDING,OVERNIGHT,-15.25,10.525,21.05,29964.0,29975.0,-11.0,-23.5,STOP,4.0,17.25
1784084340,2026-07-15,-1,7.183333333333334,0.4429223744292237,-0.8640655392693684,BUILDING,OVERNIGHT,-24.25,10.775,21.55,29959.75,29971.0,-11.25,-24.0,STOP,16.8,13.0
1784085420,2026-07-15,1,8.083333333333334,0.0989010989010989,0.0689999351413155,DEAD-CHOP,OVERNIGHT,6.75,12.125,24.25,29975.25,29999.5,24.25,47.0,TARGET,24.0,44.25
1784087340,2026-07-15,1,7.416666666666667,0.2248803827751196,-0.015701236398501,BUILDING,OVERNIGHT,11.75,11.125,22.25,30008.25,29996.75,-11.5,-24.5,STOP,19.4,11.25
1784089740,2026-07-15,-1,6.116666666666666,0.270440251572327,-2.01407962567086,BUILDING,OVERNIGHT,-10.75,9.174999999999999,18.349999999999998,29989.75,29999.25,-9.5,-20.5,STOP,4.1,13.5
1784091120,2026-07-15,1,5.366666666666666,0.4117647058823529,0.5273411917999813,BUILDING,OVERNIGHT,14.0,8.049999999999999,16.099999999999998,30015.5,30007.0,-8.5,-18.5,STOP,4.9,43.0
1784091540,2026-07-15,1,6.3,0.3801169590643274,4.430383822747777,BUILDING,OVERNIGHT,16.25,9.45,18.9,30022.25,30041.15,18.9,36.3,TARGET,0.1,36.25
1784091960,2026-07-15,-1,15.266666666666667,0.1347826086956521,-0.6623554274640138,VIOLENT-WHIPSAW,OVERNIGHT,-15.5,22.900000000000002,45.800000000000004,29993.0,30016.25,-23.25,-48.0,STOP,2.2,25.75
1784093100,2026-07-15,-1,11.15,0.1800554016620498,0.4480220877738212,NORMAL-CHOP,OVERNIGHT,-16.25,16.725,33.45,29988.0,30005.0,-17.0,-35.5,STOP,11.5,20.75
1784093940,2026-07-15,1,11.233333333333333,0.0837988826815642,-1.8936514918924283,NORMAL-CHOP,OVERNIGHT,7.5,16.849999999999998,33.699999999999996,30008.5,29991.25,-17.25,-36.0,STOP,3.4,41.5
1784094840,2026-07-15,1,9.433333333333334,0.0215827338129496,-0.3886903037203431,DEAD-CHOP,OVERNIGHT,1.5,14.15,28.3,30011.0,30039.3,28.3,55.1,TARGET,5.5,39.0
1784095320,2026-07-15,1,8.95,0.6542372881355932,0.0139959698275375,BUILDING,OVERNIGHT,48.25,13.424999999999999,26.849999999999998,30045.5,30031.75,-13.75,-29.0,STOP,8.4,4.5
1784097060,2026-07-15,-1,8.883333333333333,0.2673992673992674,0.3248486726021585,BUILDING,OVERNIGHT,-18.25,13.325,26.65,30015.5,30029.25,-13.75,-29.0,STOP,3.9,87.25
1784098500,2026-07-15,1,7.716666666666667,0.303030303030303,1.127720774237632,BUILDING,OVERNIGHT,15.0,11.575,23.15,30034.25,30022.25,-12.0,-25.5,STOP,2.0,28.25
1784099040,2026-07-15,1,12.316666666666666,0.261455525606469,1.4522848722627324,BUILDING,PRE-OPEN,24.25,18.475,36.95,30047.25,30028.5,-18.75,-39.0,STOP,10.2,15.25
1784100000,2026-07-15,-1,10.516666666666667,0.4906166219839142,1.6924918363653754,BUILDING,PRE-OPEN,-45.75,15.775000000000002,31.550000000000004,30009.0,29977.45,31.55,61.6,TARGET,4.8,112.0
1784100360,2026-07-15,-1,12.816666666666666,0.7445972495088409,-0.251462177825303,CLEAN-TREND,PRE-OPEN,-94.75,19.225,38.45,29945.25,29964.75,-19.5,-40.5,STOP,1.5,73.5
1784101680,2026-07-15,1,9.783333333333331,0.4690909090909091,1.169691827311726,BUILDING,PRE-OPEN,32.25,14.674999999999997,29.349999999999994,29996.5,29981.5,-15.0,-31.5,STOP,11.3,8.5
1784102520,2026-07-15,-1,10.85,0.1923990498812351,0.3545964492401077,NORMAL-CHOP,PRE-OPEN,-20.25,16.275,32.55,29963.25,29930.7,32.55,63.6,TARGET,1.4,91.5
1784103060,2026-07-15,-1,14.066666666666666,0.6441441441441441,1.5704914498321427,CLEAN-TREND,PRE-OPEN,-71.5,21.1,42.2,29913.75,29935.25,-21.5,-44.5,STOP,33.8,42.0
1784106180,2026-07-15,1,8.616666666666667,0.3032786885245901,0.2341448906057946,BUILDING,PRE-OPEN,18.5,12.925,25.85,29949.5,29936.0,-13.5,-28.5,STOP,27.3,14.0
1784108100,2026-07-15,-1,6.383333333333334,0.6,-1.0172947591340828,BUILDING,PRE-OPEN,-26.25,9.575000000000001,19.150000000000002,29934.5,29944.75,-10.25,-22.0,STOP,2.5,48.5
1784109120,2026-07-15,-1,8.583333333333334,0.1757575757575757,-1.293911356321264,DEAD-CHOP,PRE-OPEN,-14.5,12.875,25.75,29924.25,29937.5,-13.25,-28.0,STOP,18.7,38.25
1784110320,2026-07-15,1,8.0,0.3708920187793427,0.0790383115784088,BUILDING,PRE-OPEN,19.75,12.0,24.0,29939.0,29926.75,-12.25,-26.0,STOP,9.9,14.75
1784110980,2026-07-15,-1,9.316666666666666,0.2387543252595155,1.291796160986795,BUILDING,PRE-OPEN,-17.25,13.975,27.95,29908.5,29922.75,-14.25,-30.0,STOP,30.9,22.5
1784112900,2026-07-15,1,6.866666666666666,0.3110047846889952,-1.3693610557296698,BUILDING,PRE-OPEN,16.25,10.299999999999999,20.599999999999998,29926.0,29946.6,20.6,39.7,TARGET,4.4,27.75
1784114820,2026-07-15,-1,8.85,0.2294372294372294,-2.0173760732229,BUILDING,PRE-OPEN,-13.25,13.274999999999999,26.549999999999997,29916.75,29930.5,-13.75,-29.0,STOP,6.6,61.25
1784115720,2026-07-15,1,8.133333333333333,0.4536082474226804,1.201093342320538,BUILDING,PRE-OPEN,22.0,12.2,24.4,29938.5,29926.0,-12.5,-26.5,STOP,1.7,34.0
1784117100,2026-07-15,-1,9.966666666666669,0.5155709342560554,0.912224430730166,BUILDING,PRE-OPEN,-37.25,14.950000000000003,29.900000000000006,29881.5,29896.75,-15.25,-32.0,STOP,3.8,31.5
1784118060,2026-07-15,-1,10.266666666666667,0.2491909385113268,-4.662681367394812,BUILDING,PRE-OPEN,-19.25,15.400000000000002,30.800000000000004,29858.0,29873.75,-15.75,-33.0,STOP,5.0,8.0
1784118600,2026-07-15,1,15.833333333333334,0.3150684931506849,6.681365136715384,BUILDING,PRE-OPEN,34.5,23.75,47.5,29925.75,29973.25,47.5,93.5,TARGET,12.1,73.5
1784119740,2026-07-15,1,15.9,0.2421441774491682,0.53629699792063,BUILDING,PRE-OPEN,32.75,23.85,47.7,29974.5,29950.25,-24.25,-50.0,STOP,23.3,24.75
1784122140,2026-07-15,1,11.066666666666666,0.1784511784511784,3.842160399373831,NORMAL-CHOP,PRE-OPEN,13.25,16.6,33.2,29957.25,29940.25,-17.0,-35.5,STOP,0.5,21.0
1784122260,2026-07-15,-1,15.7,0.0953678474114441,-0.3019648235849127,VIOLENT-WHIPSAW,US,-8.75,23.549999999999997,47.099999999999994,29941.0,29965.0,-24.0,-49.5,STOP,3.1,303.0
1784122620,2026-07-15,-1,27.85,0.3589403973509933,-4.759722490228205,BUILDING,US,-67.75,41.775000000000006,83.55000000000001,29879.25,29795.7,83.55,165.6,TARGET,9.2,267.0
1784123340,2026-07-15,-1,36.766666666666666,0.6112084063047285,-1.0463616081449878,CLEAN-TREND,US,-174.5,55.15,110.3,29781.75,29837.25,-55.5,-112.5,STOP,10.0,245.0
1784124060,2026-07-15,1,29.9,0.2033694344163658,-0.4905625896952363,BUILDING,US,42.25,44.849999999999994,89.69999999999999,29854.0,29808.75,-45.25,-92.0,STOP,12.5,38.25
1784124900,2026-07-15,-1,29.25,0.1856978085351787,-1.7936669586693454,VIOLENT-WHIPSAW,US,-40.25,43.875,87.75,29796.5,29708.75,87.75,174.0,TARGET,7.6,259.75
1784125440,2026-07-15,-1,34.35,0.6932966023875115,-3.130335551424248,CLEAN-TREND,US,-188.75,51.525000000000006,103.05000000000001,29672.5,29724.5,-52.0,-105.5,STOP,4.4,141.25
1784126160,2026-07-15,-1,40.38333333333333,0.4407652685798381,-3.056122693389546,CLEAN-TREND,US,-149.75,60.575,121.15,29618.75,29639.25,-20.5,-42.5,TIME,60.0,87.5
1784130600,2026-07-15,-1,22.166666666666668,0.2613827993254637,-0.7104362276311134,BUILDING,US,-38.75,33.25,66.5,29572.0,29505.5,66.5,131.5,TARGET,15.0,175.25
1784131560,2026-07-15,-1,21.766666666666666,0.4775036284470246,-0.544290273662398,CLEAN-TREND,US,-82.25,32.65,65.3,29493.25,29427.95,65.3,129.1,TARGET,27.8,96.5
1784133300,2026-07-15,-1,22.6,0.2793103448275862,-0.0388641342887865,BUILDING,US,-40.5,33.900000000000006,67.80000000000001,29423.5,29457.75,-34.25,-70.0,STOP,10.5,26.75
1784135160,2026-07-15,1,19.78333333333333,0.3291139240506329,0.4019969979676971,BUILDING,US,52.0,29.674999999999997,59.349999999999994,29543.75,29603.1,59.35,117.2,TARGET,22.6,181.25
1784136600,2026-07-15,1,15.916666666666666,0.5334608030592735,0.6126486109549074,CLEAN-TREND,US,69.75,23.875,47.75,29615.25,29663.0,47.75,94.0,TARGET,16.0,127.75
1784137740,2026-07-15,1,13.3,0.6010230179028133,0.6165357412283612,CLEAN-TREND,US,58.75,19.950000000000003,39.900000000000006,29676.5,29716.4,39.9,78.3,TARGET,16.2,66.5
1784139060,2026-07-15,1,13.333333333333334,0.4015748031496063,-0.0412082294356202,CLEAN-TREND,US,38.25,20.0,40.0,29728.0,29707.75,-20.25,-42.0,STOP,3.1,15.0
1784139660,2026-07-15,1,12.75,0.0693512304250559,0.5593204074605146,NORMAL-CHOP,US,7.75,19.125,38.25,29730.5,29711.0,-19.5,-40.5,STOP,13.5,12.5
1784140560,2026-07-15,-1,10.9,0.341692789968652,-1.3617546031158416,BUILDING,US,-27.25,16.35,32.7,29702.75,29670.05,32.7,63.9,TARGET,6.5,113.75
1784141040,2026-07-15,-1,13.866666666666667,0.5740740740740741,0.4587533560889363,CLEAN-TREND,US,-62.0,20.8,41.6,29662.0,29620.4,41.6,81.7,TARGET,6.7,73.0
1784141880,2026-07-15,-1,20.966666666666665,0.4414414414414414,0.4479661449887075,CLEAN-TREND,US,-73.5,31.449999999999996,62.89999999999999,29602.25,29634.0,-31.75,-65.0,STOP,3.3,13.25
1784143140,2026-07-15,-1,16.983333333333334,0.3561643835616438,0.0308687091386035,BUILDING,US,-39.0,25.475,50.95,29616.75,29642.5,-25.75,-53.0,STOP,10.0,27.75
1784143800,2026-07-15,1,15.416666666666666,0.1923076923076923,2.3916457600185552,VIOLENT-WHIPSAW,US,22.5,23.125,46.25,29660.75,29637.25,-23.5,-48.5,STOP,1.5,76.75
1784144400,2026-07-15,1,20.58333333333333,0.4092827004219409,0.9396635792305472,CLEAN-TREND,US,72.75,30.874999999999993,61.749999999999986,29671.0,29732.75,61.75,122.0,TARGET,21.3,66.5
1784145780,2026-07-15,1,17.666666666666668,0.8693467336683417,-0.375431113545102,CLEAN-TREND,OVERNIGHT,86.5,26.5,53.0,29736.75,29710.0,-26.75,-55.0,STOP,4.1,0.0
1784153940,2026-07-15,-1,7.433333333333334,0.247787610619469,-1.0380908182856956,BUILDING,OVERNIGHT,-14.0,11.15,22.3,29720.25,29697.95,22.3,43.1,TARGET,16.3,42.5
1784155440,2026-07-15,-1,7.766666666666667,0.6,-0.8929064841089815,BUILDING,OVERNIGHT,-32.25,11.65,23.3,29684.5,29696.75,-12.25,-26.0,STOP,0.2,6.75
1784155740,2026-07-15,-1,7.5,0.3777777777777777,-0.4657378490665662,BUILDING,OVERNIGHT,-25.5,11.25,22.5,29683.0,29694.5,-11.5,-24.5,STOP,0.4,5.25
1784157120,2026-07-15,1,8.85,0.2384615384615384,1.6208177954008178,BUILDING,OVERNIGHT,15.5,13.274999999999999,26.549999999999997,29734.0,29720.25,-13.75,-29.0,STOP,1.2,12.25
1784157420,2026-07-15,-1,9.0,0.3169014084507042,-0.8751976625539535,BUILDING,OVERNIGHT,-22.5,13.5,27.0,29706.5,29720.25,-13.75,-29.0,STOP,9.1,24.25
1784158380,2026-07-15,1,9.05,0.4113475177304964,1.7979277616911171,BUILDING,OVERNIGHT,29.0,13.575000000000001,27.150000000000002,29731.5,29717.5,-14.0,-29.5,STOP,4.5,33.75
1784159340,2026-07-15,-1,9.1,0.4610778443113772,-1.86860920037028,BUILDING,OVERNIGHT,-38.5,13.649999999999999,27.299999999999997,29692.25,29706.25,-14.0,-29.5,STOP,1.1,70.0
1784160120,2026-07-16,1,13.633333333333333,0.2892156862745098,3.9265475120346633,BUILDING,OVERNIGHT,29.5,20.45,40.9,29737.75,29716.75,-21.0,-43.5,STOP,13.6,27.5
1784161080,2026-07-16,-1,17.0,0.197452229299363,-0.3537179559450186,VIOLENT-WHIPSAW,OVERNIGHT,-23.25,25.5,51.0,29703.75,29652.75,51.0,100.5,TARGET,20.0,101.0
1784162400,2026-07-16,-1,18.633333333333333,0.2797858099062918,-0.9708056823919464,BUILDING,OVERNIGHT,-52.25,27.95,55.9,29648.0,29676.25,-28.25,-58.0,STOP,11.6,54.5
1784164320,2026-07-16,-1,16.283333333333335,0.2671755725190839,-1.169209215933234,BUILDING,OVERNIGHT,-26.25,24.425000000000004,48.85000000000001,29627.0,29651.75,-24.75,-51.0,STOP,34.3,33.5
1784166480,2026-07-16,1,14.966666666666669,0.4951076320939334,-0.1315402316647416,CLEAN-TREND,OVERNIGHT,63.25,22.450000000000003,44.900000000000006,29662.25,29639.5,-22.75,-47.0,STOP,12.4,45.0
1784167320,2026-07-16,-1,16.0,0.1229773462783171,-1.3659314036113237,VIOLENT-WHIPSAW,OVERNIGHT,-19.0,24.0,48.0,29630.25,29654.5,-24.25,-50.0,STOP,15.1,10.25
1784168340,2026-07-16,1,11.383333333333333,0.4609164420485175,-0.0637716464720857,BUILDING,OVERNIGHT,42.75,17.075,34.15,29668.5,29702.65,34.15,66.8,TARGET,7.0,84.0
1784169780,2026-07-16,-1,10.216666666666669,0.1726907630522088,-3.777175359086463,NORMAL-CHOP,OVERNIGHT,-10.75,15.325000000000003,30.650000000000006,29678.75,29694.5,-15.75,-33.0,STOP,4.4,6.75
1784170440,2026-07-16,1,10.866666666666667,0.3846153846153846,1.2273184030373856,BUILDING,OVERNIGHT,25.0,16.3,32.6,29721.25,29727.25,6.0,10.5,TIME,60.0,31.25
1784174280,2026-07-16,1,9.916666666666666,0.1929824561403508,0.4138050615239306,DEAD-CHOP,OVERNIGHT,13.75,14.875,29.75,29738.5,29723.25,-15.25,-32.0,STOP,10.9,17.5
1784175240,2026-07-16,1,8.85,0.1729323308270676,-2.1008533240446656,DEAD-CHOP,OVERNIGHT,11.5,13.274999999999999,26.549999999999997,29755.25,29741.5,-13.75,-29.0,STOP,1.2,0.25
1784175660,2026-07-16,-1,10.183333333333334,0.27,-2.336405819531077,BUILDING,OVERNIGHT,-27.0,15.275,30.55,29714.0,29729.75,-15.75,-33.0,STOP,50.0,18.25
1784178720,2026-07-16,1,9.783333333333331,0.3663366336633663,0.4453119437069004,BUILDING,OVERNIGHT,27.75,14.674999999999997,29.349999999999994,29735.25,29764.6,29.35,57.2,TARGET,2.4,61.25
1784179800,2026-07-16,1,11.433333333333334,0.2348284960422163,10.8519099864926,BUILDING,OVERNIGHT,22.25,17.15,34.3,29781.5,29764.0,-17.5,-36.5,STOP,0.6,3.0
1784179980,2026-07-16,-1,12.783333333333331,0.0330578512396694,-0.3216380231379274,NORMAL-CHOP,OVERNIGHT,-4.0,19.174999999999997,38.349999999999994,29736.25,29697.9,38.35,75.2,TARGET,1.2,90.25
1784181600,2026-07-16,1,12.283333333333331,0.3333333333333333,3.2730006710520736,BUILDING,OVERNIGHT,29.75,18.424999999999997,36.849999999999994,29725.25,29706.5,-18.75,-39.0,STOP,1.9,23.5
1784181900,2026-07-16,-1,15.05,0.1245136186770428,-0.9883336517877424,NORMAL-CHOP,OVERNIGHT,-16.0,22.575000000000003,45.150000000000006,29673.75,29696.75,-23.0,-47.5,STOP,2.8,36.5
1784183040,2026-07-16,-1,13.6,0.2216216216216216,-0.4747336799756289,BUILDING,OVERNIGHT,-20.5,20.4,40.8,29696.25,29655.45,40.8,80.1,TARGET,11.2,84.25
1784185200,2026-07-16,-1,11.166666666666666,0.1978319783197832,-0.5007621466481783,NORMAL-CHOP,PRE-OPEN,-18.25,16.75,33.5,29649.5,29616.0,33.5,65.5,TARGET,14.1,101.0
1784187120,2026-07-16,-1,12.05,0.2516129032258064,0.9165820778197185,BUILDING,PRE-OPEN,-19.5,18.075000000000003,36.150000000000006,29607.5,29571.35,36.15,70.8,TARGET,11.8,129.5
1784187900,2026-07-16,-1,11.133333333333333,0.696969696969697,-0.8014168056114582,BUILDING,PRE-OPEN,-57.5,16.7,33.4,29567.0,29584.0,-17.0,-35.5,STOP,3.6,89.0
1784188500,2026-07-16,-1,11.516666666666667,0.2923076923076923,-0.7017726836774815,BUILDING,PRE-OPEN,-23.75,17.275000000000002,34.550000000000004,29556.5,29521.95,34.55,67.6,TARGET,14.2,78.5
1784189460,2026-07-16,-1,15.7,0.4036511156186612,-2.096111034357409,CLEAN-TREND,PRE-OPEN,-49.75,23.549999999999997,47.099999999999994,29502.75,29527.0,-24.25,-50.0,STOP,8.3,24.75
1784190900,2026-07-16,1,15.283333333333331,0.3187250996015936,0.5935256241868289,BUILDING,PRE-OPEN,40.0,22.924999999999997,45.849999999999994,29561.0,29606.85,45.85,90.2,TARGET,24.2,83.75
1784193060,2026-07-16,1,12.316666666666666,0.4131455399061033,0.726770791253294,BUILDING,PRE-OPEN,44.0,18.475,36.95,29630.0,29611.25,-18.75,-39.0,STOP,17.9,14.75
1784194560,2026-07-16,-1,10.883333333333333,0.2737127371273712,0.2310767457962034,BUILDING,PRE-OPEN,-25.25,16.325,32.65,29603.25,29570.6,32.65,63.8,TARGET,9.9,92.5
1784195220,2026-07-16,-1,10.2,0.6908517350157729,1.5083205359466738,BUILDING,PRE-OPEN,-54.75,15.299999999999999,30.599999999999998,29564.75,29580.5,-15.75,-33.0,STOP,7.0,60.5
1784195760,2026-07-16,-1,11.833333333333334,0.5710144927536231,-1.163115594221207,BUILDING,PRE-OPEN,-49.25,17.75,35.5,29549.75,29514.25,35.5,69.5,TARGET,27.1,47.0
1784197980,2026-07-16,1,11.333333333333334,0.096590909090909,-0.917784865422627,NORMAL-CHOP,PRE-OPEN,8.5,17.0,34.0,29553.75,29536.5,-17.25,-36.0,STOP,2.1,2.0
1784198820,2026-07-16,-1,10.483333333333333,0.5145631067961165,-1.7939916752511789,BUILDING,PRE-OPEN,-39.75,15.724999999999998,31.449999999999996,29509.25,29525.25,-16.0,-33.5,STOP,7.6,80.25
1784199480,2026-07-16,1,10.333333333333334,0.2372881355932203,-0.6884066295834671,BUILDING,PRE-OPEN,14.0,15.5,31.0,29534.25,29518.5,-15.75,-33.0,STOP,1.0,4.25
1784199660,2026-07-16,-1,13.216666666666669,0.351063829787234,-0.5009126320091286,BUILDING,PRE-OPEN,-33.0,19.825000000000003,39.650000000000006,29483.5,29443.85,39.65,77.8,TARGET,29.9,130.0
1784202540,2026-07-16,-1,19.98333333333333,0.4735294117647058,-44.40553465508359,CLEAN-TREND,PRE-OPEN,-80.5,29.974999999999994,59.94999999999999,29384.25,29414.75,-30.5,-62.5,STOP,0.8,21.0
1784204640,2026-07-16,-1,14.116666666666667,0.2340425531914893,-0.5188488887422444,BUILDING,PRE-OPEN,-24.75,21.175,42.35,29384.75,29406.25,-21.5,-44.5,STOP,4.4,21.5
1784205420,2026-07-16,-1,17.633333333333333,0.2588652482269503,-0.6069162774733337,BUILDING,PRE-OPEN,-36.5,26.45,52.9,29370.0,29396.75,-26.75,-55.0,STOP,9.3,6.75
1784206380,2026-07-16,1,13.433333333333334,0.4339622641509434,0.4668517179121181,CLEAN-TREND,PRE-OPEN,28.75,20.15,40.3,29411.0,29390.5,-20.5,-42.5,STOP,6.0,121.0
1784207220,2026-07-16,1,12.783333333333331,0.3348519362186788,0.0571124723822324,BUILDING,PRE-OPEN,36.75,19.174999999999997,38.349999999999994,29439.25,29477.6,38.35,75.2,TARGET,15.7,92.75
1784208240,2026-07-16,1,11.6,0.608540925266904,-0.2730016875849716,BUILDING,PRE-OPEN,42.75,17.4,34.8,29484.25,29466.5,-17.75,-37.0,STOP,0.0,47.75
1784208600,2026-07-16,1,18.48333333333333,0.4500941619585687,3.361712034897824,CLEAN-TREND,US,59.75,27.724999999999994,55.44999999999999,29507.75,29479.75,-28.0,-57.5,STOP,0.2,21.75
1784208840,2026-07-16,-1,28.75,0.1118279569892473,-2.6638973473670817,VIOLENT-WHIPSAW,US,-26.0,43.125,86.25,29431.75,29345.5,86.25,171.0,TARGET,7.0,174.0
1784209440,2026-07-16,-1,48.1,0.4207955338450802,-0.4224410329464933,CLEAN-TREND,US,-150.75,72.15,144.3,29313.0,29385.5,-72.5,-146.5,STOP,15.8,55.25
1784210700,2026-07-16,1,44.11666666666667,0.458008658008658,3.142861636083101,CLEAN-TREND,US,132.25,66.175,132.35,29426.25,29401.25,-25.0,-51.5,TIME,60.0,82.75
1784214720,2026-07-16,-1,25.78333333333333,0.2177215189873417,-0.7087094905684885,BUILDING,US,-43.0,38.675,77.35,29361.25,29400.25,-39.0,-79.5,STOP,12.2,59.25
1784215560,2026-07-16,1,25.866666666666667,0.3407682775712515,0.3056185936695747,BUILDING,US,68.75,38.8,77.6,29444.75,29405.5,-39.25,-80.0,STOP,1.5,21.5
1784216340,2026-07-16,1,27.883333333333333,0.2584269662921348,1.451495057920056,BUILDING,US,69.0,41.825,83.65,29456.0,29413.75,-42.25,-86.0,STOP,1.4,4.0
1784216760,2026-07-16,-1,24.266666666666666,0.3007159904534606,-0.9604771090669446,BUILDING,US,-63.0,36.4,72.8,29361.75,29398.5,-36.75,-75.0,STOP,3.0,98.75
1784217840,2026-07-16,-1,22.95,0.301994301994302,0.2115941819821623,BUILDING,US,-53.0,34.425,68.85,29338.75,29269.9,68.85,136.2,TARGET,15.5,75.75
1784219460,2026-07-16,1,22.516666666666666,0.1139601139601139,0.0347283424245645,VIOLENT-WHIPSAW,US,20.0,33.775,67.55,29324.5,29290.25,-34.25,-70.0,STOP,3.8,28.0
1784220300,2026-07-16,-1,20.3,0.1616341030195381,-0.8130400066408348,VIOLENT-WHIPSAW,US,-22.75,30.450000000000003,60.900000000000006,29284.75,29315.5,-30.75,-63.0,STOP,5.3,65.5
1784220900,2026-07-16,1,18.966666666666665,0.3566739606126914,0.9302109871438272,BUILDING,US,40.75,28.449999999999996,56.89999999999999,29343.75,29315.0,-28.75,-59.0,STOP,4.5,8.75
1784222820,2026-07-16,1,17.483333333333334,0.0612244897959183,0.680271895374202,VIOLENT-WHIPSAW,US,8.25,26.225,52.45,29316.0,29289.5,-26.5,-54.5,STOP,6.2,28.5
1784223420,2026-07-16,-1,18.28333333333333,0.0579710144927536,-0.9404727623803116,VIOLENT-WHIPSAW,US,-8.0,27.424999999999997,54.849999999999994,29274.25,29219.4,54.85,108.2,TARGET,7.9,59.25
1784226000,2026-07-16,1,22.8,0.3127147766323024,2.921436908149901,BUILDING,US,45.5,34.2,68.4,29281.75,29247.25,-34.5,-70.5,STOP,9.3,22.5
1784226960,2026-07-16,-1,19.2,0.5551102204408818,-0.6410004426990213,CLEAN-TREND,US,-69.25,28.799999999999997,57.599999999999994,29227.0,29169.4,57.6,113.7,TARGET,38.6,109.75
1784229420,2026-07-16,-1,17.85,0.6576923076923077,-1.3048460641401074,CLEAN-TREND,US,-85.5,26.775000000000002,53.550000000000004,29151.75,29179.0,-27.25,-56.0,STOP,3.8,72.75
1784229900,2026-07-16,-1,16.133333333333333,0.3752535496957404,-0.5610358994460133,BUILDING,US,-46.25,24.2,48.4,29141.5,29166.0,-24.5,-50.5,STOP,4.5,62.5
1784231160,2026-07-16,-1,19.566666666666663,0.1277533039647577,-1.04281716730693,VIOLENT-WHIPSAW,US,-21.75,29.349999999999994,58.69999999999999,29104.0,29133.75,-29.75,-61.0,STOP,3.8,25.0
1784231640,2026-07-16,1,22.116666666666667,0.1210013908205841,-0.0839974165383105,VIOLENT-WHIPSAW,US,21.75,33.175,66.35,29174.5,29175.0,0.5,-0.5,TIME,60.0,60.5
1784240340,2026-07-16,-1,11.1,0.7431906614785992,-0.823398725539001,BUILDING,OVERNIGHT,-47.75,16.65,33.3,29165.75,29132.45,33.3,65.1,TARGET,22.6,57.75
1784242140,2026-07-16,-1,9.016666666666667,0.2182410423452769,-1.2133143372274622,BUILDING,OVERNIGHT,-16.75,13.525000000000002,27.050000000000004,29128.0,29142.0,-14.0,-29.5,STOP,8.4,67.5
1784244000,2026-07-16,-1,8.25,0.3,-0.1383180616526912,BUILDING,OVERNIGHT,-21.0,12.375,24.75,29106.75,29082.0,24.75,48.0,TARGET,5.1,75.75
1784244720,2026-07-16,-1,10.066666666666666,0.627906976744186,-2.283597944141704,BUILDING,OVERNIGHT,-47.25,15.1,30.2,29071.5,29087.0,-15.5,-32.5,STOP,1.5,65.5
1784244900,2026-07-16,-1,11.666666666666666,0.4825581395348837,0.6481186530486146,BUILDING,OVERNIGHT,-41.5,17.5,35.0,29066.0,29084.0,-18.0,-37.5,STOP,2.3,69.0
1784245200,2026-07-16,1,14.633333333333333,0.2885375494071146,2.9667348360457293,BUILDING,OVERNIGHT,36.5,21.95,43.9,29125.25,29090.25,-35.0,-71.5,STOP,4.7,0.75
1784246400,2026-07-17,1,14.833333333333334,0.2219679633867277,2.098308793058368,BUILDING,OVERNIGHT,24.25,22.25,44.5,29121.0,29098.0,-23.0,-47.5,STOP,0.9,3.0
1784246820,2026-07-17,-1,17.95,0.3087719298245614,-2.139846184620083,BUILDING,OVERNIGHT,-44.0,26.924999999999997,53.849999999999994,29060.5,29006.65,53.85,106.2,TARGET,23.1,67.0
1784248500,2026-07-17,-1,16.0,0.4942528735632184,-6.146104493267684,CLEAN-TREND,OVERNIGHT,-53.75,24.0,48.0,29001.5,29025.75,-24.25,-50.0,STOP,8.7,18.75
1784249160,2026-07-17,1,14.15,0.165,-1.1614288200281289,NORMAL-CHOP,OVERNIGHT,16.5,21.225,42.45,29034.75,29077.2,42.45,83.4,TARGET,8.3,71.75
1784250120,2026-07-17,1,15.716666666666669,0.5388026607538803,0.5015754926432426,CLEAN-TREND,OVERNIGHT,60.75,23.575000000000003,47.150000000000006,29086.5,29062.5,-24.0,-49.5,STOP,3.8,19.5
1784250420,2026-07-17,-1,18.2,0.1043165467625899,0.6151437173596083,VIOLENT-WHIPSAW,OVERNIGHT,-14.5,27.299999999999997,54.599999999999994,29053.5,28998.9,54.6,107.7,TARGET,25.4,107.25
1784252640,2026-07-17,-1,16.066666666666666,0.6063348416289592,0.6606380166075213,CLEAN-TREND,OVERNIGHT,-67.0,24.1,48.2,28974.0,28925.8,48.2,94.9,TARGET,38.6,70.0
1784255160,2026-07-17,-1,10.083333333333334,0.6088560885608856,-1.963058121100388,BUILDING,OVERNIGHT,-41.25,15.125,30.25,28921.75,28937.25,-15.5,-32.5,STOP,1.8,28.0
1784255640,2026-07-17,-1,10.8,0.4107142857142857,-2.357609959965526,BUILDING,OVERNIGHT,-34.5,16.200000000000003,32.400000000000006,28912.25,28928.75,-16.5,-34.5,STOP,8.5,18.5
1784257440,2026-07-17,1,11.9,0.3173333333333333,1.500581902495085,BUILDING,OVERNIGHT,29.75,17.85,35.7,28944.5,28980.2,35.7,69.9,TARGET,14.2,82.0
1784258400,2026-07-17,1,7.616666666666666,0.8863636363636364,0.5160840776085417,BUILDING,OVERNIGHT,39.0,11.424999999999999,22.849999999999998,28988.0,29010.85,22.85,44.2,TARGET,2.0,38.5
1784258820,2026-07-17,1,10.683333333333334,0.6895674300254453,0.3160997310206891,BUILDING,OVERNIGHT,67.75,16.025,32.05,29021.5,29005.0,-16.5,-34.5,STOP,2.1,1.75
1784259540,2026-07-17,-1,12.333333333333334,0.2803738317757009,-0.2741506787405228,BUILDING,OVERNIGHT,-30.0,18.5,37.0,28968.75,28931.75,37.0,72.5,TARGET,10.8,195.0
1784260380,2026-07-17,-1,11.066666666666666,0.5853018372703412,0.5685666075249796,BUILDING,OVERNIGHT,-55.75,16.6,33.2,28923.5,28890.3,33.2,64.9,TARGET,6.2,149.75
1784260920,2026-07-17,-1,11.633333333333333,0.7028571428571428,0.4244793272240667,BUILDING,OVERNIGHT,-61.5,17.45,34.9,28878.0,28843.1,34.9,68.3,TARGET,10.6,104.25
1784262060,2026-07-17,-1,16.333333333333332,0.2848484848484848,-1.6746228990603054,BUILDING,OVERNIGHT,-35.25,24.5,49.0,28833.25,28784.25,49.0,96.5,TARGET,12.8,59.5
1784263560,2026-07-17,1,13.6,0.1762013729977116,1.0929571321348002,NORMAL-CHOP,OVERNIGHT,19.25,20.4,40.8,28827.0,28806.25,-20.75,-43.0,STOP,11.2,14.25
1784264400,2026-07-17,-1,12.633333333333333,0.1488469601677149,-1.862122675763668,NORMAL-CHOP,OVERNIGHT,-17.75,18.95,37.9,28798.5,28817.75,-19.25,-40.0,STOP,3.4,72.0
1784266380,2026-07-17,-1,13.233333333333333,0.3398058252427184,0.1086674698880204,BUILDING,OVERNIGHT,-26.25,19.849999999999998,39.699999999999996,28784.0,28744.3,39.7,77.9,TARGET,3.4,62.0
1784266980,2026-07-17,-1,16.333333333333332,0.6720430107526881,0.0344719963058463,CLEAN-TREND,OVERNIGHT,-62.5,24.5,49.0,28731.25,28756.0,-24.75,-51.0,STOP,0.7,9.25
1784268480,2026-07-17,-1,15.95,0.1504761904761904,-0.3389692757497299,VIOLENT-WHIPSAW,OVERNIGHT,-19.75,23.924999999999997,47.849999999999994,28731.5,28755.75,-24.25,-50.0,STOP,2.4,5.0
1784269200,2026-07-17,1,13.65,0.1640449438202247,1.1032829752447606,NORMAL-CHOP,OVERNIGHT,18.25,20.475,40.95,28788.5,28767.75,-20.75,-43.0,STOP,20.1,36.5
1784270580,2026-07-17,-1,12.783333333333331,0.5322195704057279,-0.8731089612130184,CLEAN-TREND,OVERNIGHT,-55.75,19.174999999999997,38.349999999999994,28763.75,28725.4,38.35,75.2,TARGET,26.3,62.5
1784274060,2026-07-17,-1,12.083333333333334,0.5294117647058824,-0.8935090892138519,BUILDING,PRE-OPEN,-38.25,18.125,36.25,28707.0,28725.5,-18.5,-38.5,STOP,2.4,144.0
1784274300,2026-07-17,-1,14.016666666666667,0.5989010989010989,-7.309635507785607,CLEAN-TREND,PRE-OPEN,-54.5,21.025000000000002,42.050000000000004,28698.5,28720.0,-21.5,-44.5,STOP,10.1,143.75
1784275320,2026-07-17,1,16.05,0.2072892938496583,0.1310846523399952,BUILDING,PRE-OPEN,22.75,24.075000000000003,48.150000000000006,28728.0,28703.5,-24.5,-50.5,STOP,0.9,7.5
1784275800,2026-07-17,-1,21.05,0.1929824561403508,-2.0846804088788047,VIOLENT-WHIPSAW,PRE-OPEN,-35.75,31.575000000000003,63.150000000000006,28677.0,28613.85,63.15,124.8,TARGET,5.9,122.25
1784276220,2026-07-17,-1,22.28333333333333,0.6294591484464902,-1.4273099483380314,CLEAN-TREND,PRE-OPEN,-136.75,33.425,66.85,28590.75,28624.5,-33.75,-69.0,STOP,10.1,36.0
1784277480,2026-07-17,-1,17.733333333333334,0.3507462686567164,-2.4737224740776904,BUILDING,PRE-OPEN,-47.0,26.6,53.2,28568.25,28595.25,-27.0,-55.5,STOP,6.3,13.5
1784278020,2026-07-17,1,14.366666666666667,0.347962382445141,-0.0288176075999761,BUILDING,PRE-OPEN,27.75,21.55,43.1,28609.75,28652.85,43.1,84.7,TARGET,10.3,105.75
1784279640,2026-07-17,1,14.383333333333333,0.4782608695652174,0.0276999001734685,CLEAN-TREND,PRE-OPEN,44.0,21.575,43.15,28673.25,28651.25,-22.0,-45.5,STOP,0.7,98.5
1784280360,2026-07-17,1,15.083333333333334,0.2857142857142857,0.9246157322410268,BUILDING,PRE-OPEN,43.0,22.625,45.25,28684.75,28661.75,-23.0,-47.5,STOP,7.1,103.0
1784281140,2026-07-17,1,13.433333333333334,0.3611111111111111,2.2878963211290166,BUILDING,PRE-OPEN,39.0,20.15,40.3,28707.25,28685.75,-21.5,-44.5,STOP,1.7,114.75
1784282940,2026-07-17,1,14.35,0.2937853107344633,0.6861642234086904,BUILDING,PRE-OPEN,26.0,21.525,43.05,28741.75,28784.8,43.05,84.6,TARGET,5.7,84.25
1784284380,2026-07-17,1,15.933333333333334,0.1227272727272727,-0.5125697460885152,VIOLENT-WHIPSAW,PRE-OPEN,13.5,23.9,47.8,28784.0,28759.75,-24.25,-50.0,STOP,30.2,42.0
1784286420,2026-07-17,-1,16.25,0.2695984703632887,1.6400839509952396,BUILDING,PRE-OPEN,-35.25,24.375,48.75,28757.0,28708.25,48.75,96.0,TARGET,55.4,74.0
1784289840,2026-07-17,-1,12.4,0.417607223476298,0.7319452758144522,CLEAN-TREND,PRE-OPEN,-46.25,18.6,37.2,28698.25,28661.05,37.2,72.9,TARGET,25.4,63.25
1784292060,2026-07-17,-1,13.066666666666666,0.1443569553805774,-1.8577345516069816,NORMAL-CHOP,PRE-OPEN,-13.75,19.6,39.2,28657.75,28677.75,-20.0,-41.5,STOP,2.3,200.75
1784293260,2026-07-17,-1,14.083333333333334,0.3767441860465116,-1.4810771103442113,BUILDING,PRE-OPEN,-40.5,21.125,42.25,28643.5,28601.25,42.25,83.0,TARGET,22.5,235.25
1784294700,2026-07-17,1,13.866666666666667,0.0988505747126436,8.375915428244559,NORMAL-CHOP,PRE-OPEN,10.75,20.8,41.6,28640.5,28619.25,-21.25,-44.0,STOP,1.7,247.0
1784295060,2026-07-17,1,25.6,0.2481203007518796,0.8804208970931064,BUILDING,US,57.75,38.400000000000006,76.80000000000001,28680.25,28641.5,-38.75,-79.0,STOP,0.3,207.25
1784295180,2026-07-17,-1,32.81666666666667,0.1626139817629179,-6.665102953060785,VIOLENT-WHIPSAW,US,-53.5,49.22500000000001,98.45000000000002,28574.0,28475.55,98.45,195.4,TARGET,5.2,165.75
1784295720,2026-07-17,-1,44.8,0.4436090225563909,-1.147008985545564,CLEAN-TREND,US,-162.25,67.19999999999999,134.39999999999998,28435.0,28502.5,-67.5,-136.5,STOP,5.2,26.75
1784296320,2026-07-17,1,43.583333333333336,0.1510791366906475,2.9016466615505423,VIOLENT-WHIPSAW,US,42.0,65.375,130.75,28551.75,28682.5,130.75,260.0,TARGET,7.1,344.25
1784296920,2026-07-17,1,42.516666666666666,0.8476923076923077,-0.1889012174419979,CLEAN-TREND,US,275.5,63.775,127.55,28762.0,28889.55,127.55,253.6,TARGET,36.5,134.0
1784299860,2026-07-17,-1,37.3,0.3072916666666667,-0.9417799773891476,BUILDING,US,-88.5,55.949999999999996,111.89999999999999,28763.0,28819.25,-56.25,-114.0,STOP,46.5,91.0
1784303640,2026-07-17,1,28.23333333333333,0.2392392392392392,1.0359428521457776,BUILDING,US,59.75,42.349999999999994,84.69999999999999,28883.75,28968.45,84.7,167.9,TARGET,48.5,145.0
1784306820,2026-07-17,1,21.98333333333333,0.4873323397913562,0.0075818074462741,CLEAN-TREND,US,81.75,32.974999999999994,65.94999999999999,28989.5,28956.25,-33.25,-68.0,STOP,52.6,57.5
1784310600,2026-07-17,-1,18.5,0.3357271095152603,-0.9279991482189532,BUILDING,US,-46.75,27.75,55.5,28937.5,28882.0,55.5,109.5,TARGET,15.3,140.75
1784311800,2026-07-17,-1,21.28333333333333,0.3233082706766917,0.0890018955843041,BUILDING,US,-43.0,31.924999999999997,63.849999999999994,28868.25,28804.4,63.85,126.2,TARGET,31.7,71.5
1784313780,2026-07-17,-1,21.9,0.2655172413793103,-0.9377388502393104,BUILDING,US,-38.5,32.849999999999994,65.69999999999999,28799.5,28832.75,-33.25,-68.0,STOP,3.4,81.0
1784314080,2026-07-17,1,20.23333333333333,0.2007434944237918,1.884067706316775,BUILDING,US,27.0,30.349999999999994,60.69999999999999,28859.5,28828.75,-30.75,-63.0,STOP,17.7,26.5
1784315220,2026-07-17,-1,18.616666666666667,0.2313296903460837,-0.097176602849436,BUILDING,US,-31.75,27.925,55.85,28817.0,28761.15,55.85,110.2,TARGET,6.2,104.5
1784315700,2026-07-17,-1,18.33333333333333,0.7318840579710145,-1.6326916797590334,CLEAN-TREND,US,-101.0,27.499999999999993,54.999999999999986,28749.5,28777.25,-27.75,-57.0,STOP,12.1,37.0
1784316600,2026-07-17,1,22.48333333333333,0.3304473304473304,0.6458255249992153,BUILDING,US,57.25,33.724999999999994,67.44999999999999,28807.75,28773.75,-34.0,-69.5,STOP,8.3,46.0
1784318340,2026-07-17,-1,27.75,0.1536643026004728,-0.2310582476194653,VIOLENT-WHIPSAW,US,-32.5,41.625,83.25,28762.75,28768.5,-5.75,-13.0,TIME,60.0,50.25
1784852580,2026-07-24,1,22.78333333333333,0.2183908045977011,,BUILDING,OVERNIGHT,33.25,34.175,68.35,28669.5,28635.0,-34.5,-70.5,STOP,6.4,32.25
1784853720,2026-07-24,1,15.2,0.1858823529411764,-0.7068914145419174,NORMAL-CHOP,OVERNIGHT,19.75,22.799999999999997,45.599999999999994,28669.75,28646.5,-23.25,-48.0,STOP,11.0,32.0
1784854860,2026-07-24,1,15.966666666666669,0.2412177985948477,1.722492350510558,BUILDING,OVERNIGHT,25.75,23.950000000000003,47.900000000000006,28686.25,28662.0,-24.25,-50.0,STOP,1.3,15.5
1784855040,2026-07-24,1,17.016666666666666,0.158273381294964,1.168132227995598,VIOLENT-WHIPSAW,OVERNIGHT,22.0,25.525,51.05,28690.0,28664.0,-26.0,-53.5,STOP,9.7,11.75
1784855880,2026-07-24,-1,17.166666666666668,0.0542372881355932,-0.5600263242555356,VIOLENT-WHIPSAW,OVERNIGHT,-8.0,25.75,51.5,28654.5,28680.5,-26.0,-53.5,STOP,6.9,60.75
1784857740,2026-07-24,-1,15.633333333333333,0.3571428571428571,1.3341608143350532,BUILDING,OVERNIGHT,-35.0,23.45,46.9,28643.5,28596.6,46.9,92.3,TARGET,15.4,112.75
1784859660,2026-07-24,-1,14.266666666666667,0.0919220055710306,-1.0363795186394726,NORMAL-CHOP,OVERNIGHT,-8.25,21.400000000000002,42.800000000000004,28591.75,28613.5,-21.75,-45.0,STOP,3.2,75.5
1784860380,2026-07-24,-1,13.316666666666666,0.3212669683257919,0.735210874382488,BUILDING,OVERNIGHT,-35.5,19.975,39.95,28572.0,28532.05,39.95,78.4,TARGET,14.9,55.75
1784861880,2026-07-24,-1,12.35,0.3497267759562841,-5.677002808128576,BUILDING,OVERNIGHT,-32.0,18.525,37.05,28522.75,28541.75,-19.0,-39.5,STOP,5.4,40.75
1784862960,2026-07-24,1,11.683333333333334,0.3543859649122807,-0.8039389306323312,BUILDING,OVERNIGHT,25.25,17.525,35.05,28550.25,28532.25,-18.0,-37.5,STOP,3.0,11.25
1784863980,2026-07-24,-1,13.333333333333334,0.2784090909090909,-0.824363280772831,BUILDING,OVERNIGHT,-24.5,20.0,40.0,28521.0,28481.0,40.0,78.5,TARGET,25.7,54.75
1784865600,2026-07-24,-1,10.683333333333334,0.3519163763066202,-3.658099171813818,BUILDING,OVERNIGHT,-25.25,16.025,32.05,28476.75,28493.25,-16.5,-34.5,STOP,4.6,10.5
1784866020,2026-07-24,1,12.516666666666667,0.0604395604395604,-0.5397755474122468,NORMAL-CHOP,OVERNIGHT,5.5,18.775000000000002,37.550000000000004,28513.5,28494.25,-19.25,-40.0,STOP,3.2,77.25
1784866920,2026-07-24,1,12.516666666666667,0.0494505494505494,-1.0133405967205311,NORMAL-CHOP,OVERNIGHT,4.5,18.775000000000002,37.550000000000004,28517.0,28554.55,37.55,73.6,TARGET,5.3,83.25
1784868000,2026-07-24,-1,11.3,0.1156069364161849,-0.5555673225898283,NORMAL-CHOP,OVERNIGHT,-10.0,16.950000000000003,33.900000000000006,28519.0,28536.25,-17.25,-36.0,STOP,5.0,7.25
1784869020,2026-07-24,1,12.116666666666667,0.5561959654178674,-2.652586213442522,BUILDING,OVERNIGHT,48.25,18.175,36.35,28569.75,28551.25,-18.5,-38.5,STOP,3.6,37.5
1784869560,2026-07-24,1,12.95,0.4285714285714285,0.3972531915444531,CLEAN-TREND,OVERNIGHT,43.5,19.424999999999997,38.849999999999994,28576.0,28556.25,-19.75,-41.0,STOP,47.8,31.25
1784872500,2026-07-24,-1,11.833333333333334,0.2857142857142857,-0.3193784261892303,BUILDING,OVERNIGHT,-26.0,17.75,35.5,28549.25,28513.75,35.5,69.5,TARGET,9.4,67.75
1784873580,2026-07-24,-1,10.533333333333331,0.5508771929824562,0.3456631485214422,BUILDING,OVERNIGHT,-39.25,15.799999999999997,31.599999999999994,28506.75,28523.0,-16.25,-34.0,STOP,2.5,25.25
1784873940,2026-07-24,1,11.783333333333331,0.2947976878612717,-0.2961652820693425,BUILDING,OVERNIGHT,25.5,17.674999999999997,35.349999999999994,28548.0,28530.0,-18.0,-37.5,STOP,8.7,108.5
1784875380,2026-07-24,-1,12.066666666666666,0.1048951048951049,1.0613751315640545,NORMAL-CHOP,OVERNIGHT,-11.25,18.1,36.2,28516.5,28535.0,-18.5,-38.5,STOP,14.5,35.0
1784876340,2026-07-24,1,11.85,0.3190578158458244,1.126837181530726,BUILDING,OVERNIGHT,37.25,17.775,35.55,28544.75,28580.3,35.55,69.6,TARGET,3.6,118.75
1784876940,2026-07-24,1,14.35,0.6949152542372882,2.7242419464580463,CLEAN-TREND,PRE-OPEN,82.0,21.525,43.05,28598.0,28641.05,43.05,84.6,TARGET,6.5,65.5
1784877420,2026-07-24,1,14.533333333333331,0.7373271889400922,-1.1813586748790206,CLEAN-TREND,PRE-OPEN,80.0,21.799999999999997,43.599999999999994,28654.5,28632.25,-22.25,-46.0,STOP,6.1,9.0
1784877900,2026-07-24,1,13.783333333333331,0.4696969696969697,0.8397801703825651,CLEAN-TREND,PRE-OPEN,46.5,20.674999999999997,41.349999999999994,28659.0,28638.0,-21.0,-43.5,STOP,5.7,4.5
1784878800,2026-07-24,-1,10.9,0.4875444839857651,-0.9778549898274234,BUILDING,PRE-OPEN,-34.25,16.35,32.7,28623.25,28590.55,32.7,63.9,TARGET,23.4,66.25
1784880300,2026-07-24,-1,10.433333333333334,0.6235294117647059,2.371647263145137,BUILDING,PRE-OPEN,-39.75,15.65,31.3,28581.5,28597.5,-16.0,-33.5,STOP,3.5,24.5
1784880660,2026-07-24,-1,12.133333333333333,0.8346456692913385,-1.838095109077656,BUILDING,PRE-OPEN,-53.0,18.2,36.4,28569.5,28588.0,-18.5,-38.5,STOP,4.5,12.5
1784881740,2026-07-24,1,14.35,0.3821782178217822,0.5662153766100814,BUILDING,PRE-OPEN,48.25,21.525,43.05,28622.25,28665.3,43.05,84.6,TARGET,39.3,59.25
1784885460,2026-07-24,1,11.05,0.3573573573573573,-2.3726956358340194,BUILDING,PRE-OPEN,29.75,16.575000000000003,33.150000000000006,28676.5,28659.5,-17.0,-35.5,STOP,42.1,29.25
1784888820,2026-07-24,1,9.133333333333333,0.2109375,1.4474273208852233,BUILDING,PRE-OPEN,13.5,13.7,27.4,28677.5,28663.5,-14.0,-29.5,STOP,6.9,8.25
1784889420,2026-07-24,-1,11.166666666666666,0.1759036144578313,0.0868185640648961,NORMAL-CHOP,PRE-OPEN,-18.25,16.75,33.5,28651.0,28630.5,20.5,39.5,TIME,60.0,32.75
1784893440,2026-07-24,-1,11.583333333333334,0.2816537467700258,-0.4708354970885967,BUILDING,PRE-OPEN,-27.25,17.375,34.75,28616.0,28634.0,-18.0,-37.5,STOP,13.6,15.0
1784894340,2026-07-24,1,15.766666666666667,0.4214046822742475,2.184009565648344,CLEAN-TREND,PRE-OPEN,63.0,23.650000000000002,47.300000000000004,28679.0,28655.0,-24.0,-49.5,STOP,1.2,16.25
1784896440,2026-07-24,-1,14.85,0.4141414141414141,2.1525614793653345,CLEAN-TREND,PRE-OPEN,-41.0,22.275,44.55,28643.25,28598.7,44.55,87.6,TARGET,21.3,144.0
1784897820,2026-07-24,-1,9.566666666666666,0.6615384615384615,-0.4964416110961465,BUILDING,PRE-OPEN,-43.0,14.35,28.7,28592.0,28606.75,-14.75,-31.0,STOP,19.7,278.75
1784899620,2026-07-24,-1,14.833333333333334,0.2767676767676768,-1.7980487746654608,BUILDING,PRE-OPEN,-34.25,22.25,44.5,28557.0,28512.5,44.5,87.5,TARGET,2.2,258.0
1784900400,2026-07-24,-1,38.13333333333333,0.3263327948303716,-4.3986048335239945,BUILDING,US,-101.0,57.2,114.4,28491.25,28376.85,114.4,227.3,TARGET,11.3,224.0
1784901300,2026-07-24,-1,36.93333333333333,0.5798611111111112,-0.1037706192337297,CLEAN-TREND,US,-167.0,55.39999999999999,110.79999999999998,28326.5,28382.25,-55.75,-113.0,STOP,5.0,72.25
1784902080,2026-07-24,1,39.1,0.249063670411985,0.7676125288820678,BUILDING,US,66.5,58.650000000000006,117.30000000000001,28422.0,28363.0,-59.0,-119.5,STOP,7.3,56.5
1784902680,2026-07-24,-1,41.016666666666666,0.1567656765676567,-0.8355829105894934,VIOLENT-WHIPSAW,US,-47.5,61.525,123.05,28316.25,28378.25,-62.0,-125.5,STOP,2.8,62.0
1784903940,2026-07-24,-1,33.766666666666666,0.4165067178502879,-2.742578545041262,CLEAN-TREND,US,-108.5,50.65,101.3,28282.0,28333.0,-51.0,-103.5,STOP,10.2,27.75
1784904900,2026-07-24,1,35.36666666666667,0.3125,-0.3463625898286556,BUILDING,US,92.5,53.05,106.1,28377.5,28483.6,106.1,210.7,TARGET,15.3,199.5
1784906040,2026-07-24,1,40.38333333333333,0.152428810720268,2.0982721095540047,VIOLENT-WHIPSAW,US,45.5,60.575,121.15,28496.0,28617.15,121.15,240.8,TARGET,53.0,135.25
1784909400,2026-07-24,1,19.683333333333334,0.4480796586059744,1.175129666123585,CLEAN-TREND,US,78.75,29.525,59.05,28629.0,28599.0,-30.0,-61.5,STOP,1.8,1.5
1784910600,2026-07-24,-1,17.8,0.2015968063872255,-1.6452088460077383,BUILDING,US,-25.25,26.700000000000003,53.400000000000006,28538.5,28485.1,53.4,105.3,TARGET,16.6,111.5
1784913960,2026-07-24,1,18.683333333333334,0.4383838383838384,1.3234446758847072,CLEAN-TREND,US,54.25,28.025,56.05,28504.5,28476.0,-28.5,-58.5,STOP,13.3,39.75
1784914860,2026-07-24,-1,16.516666666666666,0.2662721893491124,-0.0245671832315327,BUILDING,US,-33.75,24.775,49.55,28471.0,28496.25,-25.25,-52.0,STOP,9.0,204.25
1784916360,2026-07-24,-1,15.55,0.2658227848101265,-0.0051802395412831,BUILDING,US,-26.25,23.325000000000003,46.650000000000006,28447.0,28400.35,46.65,91.8,TARGET,12.5,188.0
1784917200,2026-07-24,-1,15.45,0.6759493670886076,-0.3111927888957582,CLEAN-TREND,US,-66.75,23.174999999999997,46.349999999999994,28387.0,28340.65,46.35,91.2,TARGET,7.4,174.5
1784917740,2026-07-24,-1,15.583333333333334,0.9839142091152816,-0.2504699724801774,CLEAN-TREND,US,-91.75,23.375,46.75,28337.25,28290.5,46.75,92.0,TARGET,5.0,124.75
1784918400,2026-07-24,-1,20.433333333333334,0.6515426497277677,-0.8367837651259821,CLEAN-TREND,US,-89.75,30.65,61.3,28275.25,28306.25,-31.0,-63.5,STOP,4.5,62.75
1784920020,2026-07-24,-1,22.516666666666666,0.4847020933977455,-3.347463586575934,CLEAN-TREND,US,-75.25,33.775,67.55,28240.5,28274.75,-34.25,-70.0,STOP,23.3,28.0
1784921520,2026-07-24,1,16.85,0.4508928571428571,1.0875708363921228,CLEAN-TREND,US,50.5,25.275000000000002,50.550000000000004,28282.25,28256.5,-25.75,-53.0,STOP,8.3,47.0
1784922600,2026-07-24,-1,23.933333333333334,0.3106159895150721,3.190097032047819,BUILDING,US,-59.25,35.9,71.8,28235.75,28272.0,-36.25,-74.0,STOP,3.7,12.5
1784924280,2026-07-24,1,11.9,0.4621409921671018,0.6250787675948117,BUILDING,OVERNIGHT,44.25,17.85,35.7,28314.75,28296.25,-18.5,-38.5,STOP,11.7,14.5
1784925060,2026-07-24,-1,9.666666666666666,0.1788856304985337,-0.2067042988328546,DEAD-CHOP,OVERNIGHT,-15.25,14.5,29.0,28289.5,28304.25,-14.75,-31.0,STOP,12.7,4.75
1785111480,2026-07-27,-1,21.8,0.2397820163487738,,BUILDING,OVERNIGHT,-44.0,32.7,65.4,28603.25,28636.25,-33.0,-67.5,STOP,8.3,55.0
1785113460,2026-07-27,1,16.033333333333335,0.1238095238095238,-0.4351850001729176,VIOLENT-WHIPSAW,OVERNIGHT,19.5,24.050000000000004,48.10000000000001,28650.25,28625.75,-24.5,-50.5,STOP,2.0,5.75
1785114600,2026-07-27,-1,19.03333333333333,0.1188251001335113,-0.5649226955913855,VIOLENT-WHIPSAW,OVERNIGHT,-22.25,28.549999999999997,57.099999999999994,28587.0,28529.9,57.1,112.7,TARGET,18.4,61.75
1785115920,2026-07-27,1,17.25,0.2261904761904762,0.552298354549638,BUILDING,OVERNIGHT,28.5,25.875,51.75,28587.25,28561.0,-26.25,-54.0,STOP,2.2,65.75
1785116280,2026-07-27,1,19.05,0.3001555209953344,-1.5123510537696043,BUILDING,OVERNIGHT,48.25,28.575000000000003,57.150000000000006,28608.5,28579.5,-29.0,-59.5,STOP,5.0,44.5
1785117540,2026-07-27,1,16.466666666666665,0.185336048879837,-0.4497330606028037,VIOLENT-WHIPSAW,OVERNIGHT,22.75,24.699999999999996,49.39999999999999,28614.75,28589.75,-25.0,-51.5,STOP,6.3,43.5
1785119100,2026-07-27,1,16.4,0.3118811881188119,0.097308760417029,BUILDING,OVERNIGHT,31.5,24.599999999999998,49.199999999999996,28639.5,28614.5,-25.0,-51.5,STOP,5.1,18.75
1785122040,2026-07-27,1,13.3,0.2878048780487804,-0.0628933141424696,BUILDING,OVERNIGHT,29.5,19.950000000000003,39.900000000000006,28643.25,28623.0,-20.25,-42.0,STOP,13.5,7.5
1785122940,2026-07-27,-1,9.366666666666667,0.3310810810810811,0.525262512343477,BUILDING,OVERNIGHT,-24.5,14.05,28.1,28618.25,28633.0,-14.75,-31.0,STOP,12.8,25.0
1785124500,2026-07-27,-1,10.533333333333331,0.3247863247863248,-1.8022760757244964,BUILDING,OVERNIGHT,-19.0,15.799999999999997,31.599999999999994,28597.25,28613.5,-16.25,-34.0,STOP,0.8,4.0
1785125760,2026-07-27,1,12.016666666666667,0.149171270718232,-0.794309221825746,NORMAL-CHOP,OVERNIGHT,13.5,18.025000000000002,36.050000000000004,28631.25,28612.75,-18.5,-38.5,STOP,10.3,43.75
1785128040,2026-07-27,1,9.0,0.3100775193798449,1.3085121046623949,BUILDING,OVERNIGHT,20.0,13.5,27.0,28659.5,28645.75,-13.75,-29.0,STOP,4.0,46.0
1785129000,2026-07-27,1,9.716666666666669,0.1538461538461538,1.4329450121952878,DEAD-CHOP,OVERNIGHT,11.0,14.575000000000003,29.150000000000006,28664.25,28693.4,29.15,56.8,TARGET,27.9,64.25
1785130740,2026-07-27,1,8.4,0.3739130434782609,7.121568153134812,BUILDING,OVERNIGHT,21.5,12.600000000000001,25.200000000000003,28699.5,28686.5,-13.0,-27.5,STOP,1.8,29.0
1785132060,2026-07-27,1,6.883333333333334,0.4224598930481283,-0.2958659977201721,BUILDING,OVERNIGHT,19.75,10.325000000000001,20.650000000000002,28706.75,28727.4,20.65,39.8,TARGET,8.7,21.75
1785133380,2026-07-27,-1,7.566666666666666,0.1527777777777778,-0.0070115902769466,DEAD-CHOP,OVERNIGHT,-11.0,11.35,22.7,28702.5,28714.25,-11.75,-25.0,STOP,14.0,22.25
1785134700,2026-07-27,-1,6.9,0.1414634146341463,-0.7544949929093745,DEAD-CHOP,OVERNIGHT,-7.25,10.350000000000001,20.700000000000003,28689.25,28700.0,-10.75,-23.0,STOP,1.7,17.25
1785135000,2026-07-27,-1,6.683333333333334,0.4407582938388625,-0.9992981707875432,BUILDING,OVERNIGHT,-23.25,10.025,20.05,28685.25,28695.75,-10.5,-22.5,STOP,1.6,13.25
1785135600,2026-07-27,1,8.216666666666667,0.3079365079365079,1.0892471710242495,BUILDING,PRE-OPEN,24.25,12.325,24.65,28714.5,28701.5,-13.0,-27.5,STOP,6.7,17.5
1785136440,2026-07-27,1,11.583333333333334,0.3548387096774194,0.8343344411065027,BUILDING,PRE-OPEN,33.0,17.375,34.75,28727.5,28709.75,-17.75,-37.0,STOP,10.9,4.5
1785137400,2026-07-27,-1,8.95,0.4655172413793103,-0.7652181863829168,BUILDING,PRE-OPEN,-27.0,13.424999999999999,26.849999999999998,28693.0,28666.15,26.85,52.2,TARGET,28.1,34.25
1785140940,2026-07-27,1,9.466666666666669,0.3758389261744966,0.0565631064524225,BUILDING,PRE-OPEN,28.0,14.200000000000003,28.400000000000006,28720.25,28705.75,-14.5,-30.5,STOP,5.0,28.75
1785141720,2026-07-27,1,9.35,0.4715447154471545,2.897213321021833,BUILDING,PRE-OPEN,29.0,14.024999999999999,28.049999999999997,28735.75,28721.25,-14.5,-30.5,STOP,17.6,13.25
1785144060,2026-07-27,1,6.166666666666667,0.2222222222222222,-0.5010683348429674,BUILDING,PRE-OPEN,9.0,9.25,18.5,28735.0,28725.5,-9.5,-20.5,STOP,6.1,28.75
1785144600,2026-07-27,-1,6.583333333333333,0.2071005917159763,-0.2300991632618674,BUILDING,PRE-OPEN,-8.75,9.875,19.75,28719.5,28729.75,-10.25,-22.0,STOP,0.8,1.0
1785144900,2026-07-27,1,8.3,0.1505791505791505,-0.092852208911054,DEAD-CHOP,PRE-OPEN,9.75,12.450000000000001,24.900000000000002,28741.75,28729.0,-12.75,-27.0,STOP,3.0,22.0
1785145440,2026-07-27,1,8.566666666666666,0.2344213649851632,-0.0533765238014787,BUILDING,PRE-OPEN,19.75,12.85,25.7,28746.75,28733.5,-13.25,-28.0,STOP,25.5,17.0
1785147060,2026-07-27,-1,6.283333333333333,0.5567010309278351,-0.2159919002419237,BUILDING,PRE-OPEN,-27.0,9.425,18.85,28728.0,28737.75,-9.75,-21.0,STOP,2.4,18.0
1785148980,2026-07-27,1,6.016666666666667,0.180722891566265,2.21064262420827,DEAD-CHOP,PRE-OPEN,7.5,9.025,18.05,28748.25,28738.75,-9.5,-20.5,STOP,16.0,10.5
1785150060,2026-07-27,-1,6.9,0.4368932038834951,-2.2623228417873773,BUILDING,PRE-OPEN,-22.5,10.350000000000001,20.700000000000003,28724.5,28703.8,20.7,39.9,TARGET,18.0,78.75
1785151380,2026-07-27,-1,8.116666666666667,0.4336283185840708,-0.1943645602777493,BUILDING,PRE-OPEN,-24.5,12.175,24.35,28696.0,28671.65,24.35,47.2,TARGET,5.9,67.25
1785153600,2026-07-27,1,7.716666666666667,0.2701421800947867,-1.1262212059353274,BUILDING,PRE-OPEN,14.25,11.575,23.15,28683.25,28671.25,-12.0,-25.5,STOP,9.9,19.5
1785154260,2026-07-27,-1,9.733333333333333,0.0990990990990991,-0.7675295096491377,DEAD-CHOP,PRE-OPEN,-8.25,14.599999999999998,29.199999999999996,28658.75,28629.55,29.2,56.9,TARGET,10.3,30.0
1785155400,2026-07-27,1,9.35,0.2355212355212355,0.8230175446505356,BUILDING,PRE-OPEN,15.25,14.024999999999999,28.049999999999997,28656.0,28641.25,-14.75,-31.0,STOP,0.7,46.75
1785155880,2026-07-27,1,10.85,0.3146067415730337,-0.1681146099074552,BUILDING,PRE-OPEN,28.0,16.275,32.55,28667.75,28700.3,32.55,63.6,TARGET,21.2,35.0
1785157560,2026-07-27,-1,11.6,0.1742243436754176,0.5169530938290828,NORMAL-CHOP,PRE-OPEN,-18.25,17.4,34.8,28655.5,28673.25,-17.75,-37.0,STOP,5.0,379.0
1785158280,2026-07-27,-1,11.416666666666666,0.354066985645933,0.050953021174148,BUILDING,PRE-OPEN,-37.0,17.125,34.25,28646.25,28612.0,34.25,67.0,TARGET,9.0,421.75
1785158940,2026-07-27,-1,13.216666666666669,0.6777251184834123,0.3190657265918075,CLEAN-TREND,PRE-OPEN,-71.5,19.825000000000003,39.650000000000006,28588.5,28609.25,-20.75,-43.0,STOP,0.1,513.0
1785159060,2026-07-27,-1,17.633333333333333,0.8142548596112311,9.69092721753232,CLEAN-TREND,US,-94.25,26.45,52.9,28565.25,28592.0,-26.75,-55.0,STOP,0.1,513.75
1785159180,2026-07-27,-1,23.383333333333333,0.9310344827586208,-6.690662884548269,CLEAN-TREND,US,-141.75,35.075,70.15,28506.5,28542.0,-35.5,-72.5,STOP,1.1,455.0
1785159720,2026-07-27,-1,45.05,0.4362880886426593,-3.451143586387229,CLEAN-TREND,US,-157.5,67.57499999999999,135.14999999999998,28458.5,28323.35,135.15,268.8,TARGET,18.3,515.5
1785160980,2026-07-27,-1,38.16666666666666,0.567062818336163,-2.876504951156168,CLEAN-TREND,US,-167.0,57.249999999999986,114.49999999999997,28296.75,28182.25,114.5,227.5,TARGET,19.9,358.25
1785162420,2026-07-27,-1,38.48333333333333,0.5140712945590994,-1.1767105703978178,CLEAN-TREND,US,-137.0,57.724999999999994,115.44999999999999,28138.0,28022.55,115.45,229.4,TARGET,7.5,199.5
1785162960,2026-07-27,-1,39.66666666666666,0.9771309771309772,-1.775729150815614,CLEAN-TREND,US,-235.0,59.499999999999986,118.99999999999997,28010.25,28070.0,-59.75,-121.0,STOP,12.9,71.75
1785163800,2026-07-27,1,44.45,0.1548848292295472,1.2496748349308928,VIOLENT-WHIPSAW,US,48.75,66.67500000000001,133.35000000000002,28101.25,28034.25,-67.0,-135.5,STOP,41.5,97.5
1785166620,2026-07-27,-1,28.966666666666665,0.6598802395209581,0.138186961284671,CLEAN-TREND,US,-137.75,43.449999999999996,86.89999999999999,27989.75,28033.5,-43.75,-89.0,STOP,4.1,9.5
1785167820,2026-07-27,1,27.716666666666665,0.161875945537065,-0.3224403394420822,VIOLENT-WHIPSAW,US,26.75,41.574999999999996,83.14999999999999,28060.0,28143.15,83.15,164.8,TARGET,12.4,144.5
1785168960,2026-07-27,-1,25.75,0.0829383886255924,0.0881010423015914,VIOLENT-WHIPSAW,US,-17.5,38.625,77.25,28051.5,28090.5,-39.0,-79.5,STOP,7.4,57.75
1785169500,2026-07-27,1,30.883333333333333,0.1685185185185185,8.790696521360793,VIOLENT-WHIPSAW,US,45.5,46.325,92.65,28192.5,28145.75,-46.75,-95.0,STOP,3.5,12.0
1785171000,2026-07-27,-1,24.166666666666668,0.2503496503496503,-1.5813845101640094,BUILDING,US,-44.75,36.25,72.5,28084.75,28012.25,72.5,143.5,TARGET,11.1,98.0
1785173520,2026-07-27,1,19.55,0.2626582278481013,0.0391318795649336,BUILDING,US,41.5,29.325000000000003,58.650000000000006,28038.75,28097.4,58.65,115.8,TARGET,22.1,82.75
1785174960,2026-07-27,1,21.416666666666668,0.4131534569983137,0.0689461020425959,CLEAN-TREND,US,61.25,32.125,64.25,28098.0,28065.5,-32.5,-66.5,STOP,19.4,91.25
1785177060,2026-07-27,-1,18.166666666666668,0.1306209850107066,1.1350343533009055,VIOLENT-WHIPSAW,US,-15.25,27.25,54.5,28044.25,28071.75,-27.5,-56.5,STOP,9.7,25.5
1785178260,2026-07-27,1,21.633333333333333,0.3578274760383386,1.0696799159829262,BUILDING,US,56.0,32.45,64.9,28104.0,28168.9,64.9,128.3,TARGET,3.1,151.0
1785179160,2026-07-27,1,22.633333333333333,0.4883116883116883,0.3325734602990126,CLEAN-TREND,US,94.0,33.95,67.9,28200.0,28165.75,-34.25,-70.0,STOP,38.8,55.0
1785182400,2026-07-27,1,20.7,0.2951167728237792,0.7286059462693472,BUILDING,OVERNIGHT,34.75,31.049999999999997,62.099999999999994,28205.0,28173.5,-31.5,-64.5,STOP,10.7,26.0
1785184320,2026-07-27,1,6.383333333333334,0.1813471502590673,-0.0338313889865006,DEAD-CHOP,OVERNIGHT,8.75,9.575000000000001,19.150000000000002,28199.0,28218.15,19.15,36.8,TARGET,1.8,32.0
1785184500,2026-07-27,1,8.416666666666666,0.6,-0.5753543895308187,BUILDING,OVERNIGHT,39.75,12.625,25.25,28224.5,28211.5,-13.0,-27.5,STOP,4.7,5.0
1785185340,2026-07-27,-1,7.116666666666666,0.4470046082949309,0.1327930155357025,BUILDING,OVERNIGHT,-24.25,10.674999999999999,21.349999999999998,28194.25,28206.5,-12.25,-26.0,STOP,9.7,7.75
1785191040,2026-07-27,-1,8.966666666666667,0.3888888888888889,0.9258891569899024,BUILDING,OVERNIGHT,-28.0,13.45,26.9,28149.0,28122.1,26.9,52.3,TARGET,36.1,44.0
1785193320,2026-07-27,-1,7.066666666666666,0.5392670157068062,-1.4485443121317556,BUILDING,OVERNIGHT,-25.75,10.6,21.2,28112.0,28123.0,-11.0,-23.5,STOP,2.6,7.0
1785195780,2026-07-27,-1,8.133333333333333,0.4296875,-1.6419151346625322,BUILDING,OVERNIGHT,-27.5,12.2,24.4,28130.25,28142.75,-12.5,-26.5,STOP,1.4,70.0
1785195960,2026-07-27,-1,9.033333333333331,0.3968253968253968,-0.3222398941316639,BUILDING,OVERNIGHT,-25.0,13.549999999999997,27.099999999999994,28129.0,28143.0,-14.0,-29.5,STOP,4.2,68.75
1785197400,2026-07-28,-1,21.966666666666665,0.3480314960629921,-2.2237990823985765,BUILDING,OVERNIGHT,-55.25,32.949999999999996,65.89999999999999,28117.0,28051.1,65.9,130.3,TARGET,49.4,128.75
1785200760,2026-07-28,-1,18.016666666666666,0.3063583815028902,1.3384377880020475,BUILDING,OVERNIGHT,-39.75,27.025,54.05,28023.75,27969.7,54.05,106.6,TARGET,5.8,54.5
1785201960,2026-07-28,1,18.0,0.130718954248366,1.5072717277078962,VIOLENT-WHIPSAW,OVERNIGHT,20.0,27.0,54.0,28023.75,28077.75,54.0,106.5,TARGET,1.7,73.25
1785202440,2026-07-28,1,19.25,0.5321100917431193,-0.6669241219226174,CLEAN-TREND,OVERNIGHT,87.0,28.875,57.75,28089.0,28059.75,-29.25,-60.0,STOP,4.5,8.0
1785203520,2026-07-28,-1,17.116666666666667,0.2631578947368421,-0.7544820489787155,BUILDING,OVERNIGHT,-36.25,25.675,51.35,28041.25,27989.9,51.35,101.2,TARGET,10.5,89.75
1785204240,2026-07-28,-1,13.266666666666667,0.8414096916299559,1.2309831343451108,CLEAN-TREND,OVERNIGHT,-95.5,19.900000000000002,39.800000000000004,27988.0,28008.25,-20.25,-42.0,STOP,5.9,36.5
1785205140,2026-07-28,1,15.7,0.2086021505376344,1.2804717556304834,BUILDING,OVERNIGHT,24.25,23.549999999999997,47.099999999999994,28012.25,27988.25,-24.0,-49.5,STOP,6.9,18.0
1785205860,2026-07-28,-1,17.466666666666665,0.0867052023121387,-0.3900407812141925,VIOLENT-WHIPSAW,OVERNIGHT,-15.0,26.199999999999996,52.39999999999999,27970.75,27997.25,-26.5,-54.5,STOP,21.3,38.25
1785207900,2026-07-28,-1,14.6,0.0900692840646651,0.2632939308284738,NORMAL-CHOP,OVERNIGHT,-9.75,21.9,43.8,27950.75,27973.0,-22.25,-46.0,STOP,7.5,18.25
1785208560,2026-07-28,1,13.333333333333334,0.1833333333333333,-0.8924691007823237,NORMAL-CHOP,OVERNIGHT,16.5,20.0,40.0,27985.25,28025.25,40.0,78.5,TARGET,3.1,85.75
1785208860,2026-07-28,1,15.85,0.6437246963562753,0.0110826490762684,CLEAN-TREND,OVERNIGHT,79.5,23.775,47.55,28038.5,28014.25,-24.25,-50.0,STOP,4.9,32.5
1785210000,2026-07-28,1,17.616666666666667,0.1503875968992248,2.12490415729954,VIOLENT-WHIPSAW,OVERNIGHT,24.25,26.425,52.85,28056.75,28030.0,-26.75,-55.0,STOP,14.8,14.25
1785211620,2026-07-28,-1,13.6,0.1379310344827586,1.335007629000711,NORMAL-CHOP,OVERNIGHT,-14.0,20.4,40.8,28020.25,27979.45,40.8,80.1,TARGET,6.6,73.25
1785212580,2026-07-28,-1,13.65,0.4086538461538461,1.6062707440240571,CLEAN-TREND,OVERNIGHT,-42.5,20.475,40.95,27972.25,27993.0,-20.75,-43.0,STOP,22.4,48.5
1785214380,2026-07-28,-1,12.683333333333334,0.3716475095785441,-0.4165433497747743,BUILDING,OVERNIGHT,-24.25,19.025,38.05,27955.25,27974.75,-19.5,-40.5,STOP,7.1,78.5
1785215940,2026-07-28,-1,10.916666666666666,0.4773519163763066,-1.0308870757799944,BUILDING,OVERNIGHT,-34.25,16.375,32.75,27939.5,27906.75,32.75,64.0,TARGET,10.9,100.25
1785216660,2026-07-28,-1,10.766666666666667,0.7293233082706767,-3.104576858353421,BUILDING,OVERNIGHT,-48.5,16.150000000000002,32.300000000000004,27902.25,27918.75,-16.5,-34.5,STOP,19.6,63.0
1785218220,2026-07-28,-1,11.916666666666666,0.1335149863760218,-0.3079760852944154,NORMAL-CHOP,OVERNIGHT,-12.25,17.875,35.75,27877.5,27895.75,-18.25,-38.0,STOP,2.4,38.25
1785218640,2026-07-28,-1,13.266666666666667,0.4613466334164589,-2.921679542118252,CLEAN-TREND,OVERNIGHT,-46.25,19.900000000000002,39.800000000000004,27862.5,27882.75,-20.25,-42.0,STOP,17.8,23.25
1785219960,2026-07-28,1,15.383333333333333,0.3319327731092437,2.182203097063795,BUILDING,OVERNIGHT,39.5,23.075,46.15,27885.0,27931.15,46.15,90.8,TARGET,13.7,103.25
1785221700,2026-07-28,1,10.816666666666666,0.0974930362116991,0.0235853071659652,NORMAL-CHOP,OVERNIGHT,8.75,16.225,32.45,27941.5,27973.95,32.45,63.4,TARGET,13.3,46.75
1785222960,2026-07-28,1,14.45,0.2286501377410468,-0.0352198813585896,BUILDING,PRE-OPEN,20.75,21.674999999999997,43.349999999999994,27983.0,27961.0,-22.0,-45.5,STOP,3.9,5.25
1785223440,2026-07-28,-1,11.933333333333334,0.20625,-1.6618906007896133,BUILDING,PRE-OPEN,-16.5,17.9,35.8,27955.75,27919.95,35.8,70.1,TARGET,21.4,76.5
1785224880,2026-07-28,-1,13.25,0.2638888888888889,-0.5658477750753212,BUILDING,PRE-OPEN,-28.5,19.875,39.75,27912.25,27932.75,-20.5,-42.5,STOP,3.3,33.0
1785226140,2026-07-28,-1,18.066666666666663,0.3192982456140351,0.7593329757313904,BUILDING,PRE-OPEN,-45.5,27.099999999999994,54.19999999999999,27898.75,27926.25,-27.5,-56.5,STOP,6.0,19.5
1785226740,2026-07-28,1,18.466666666666665,0.23125,-0.7797345229087066,BUILDING,PRE-OPEN,37.0,27.699999999999996,55.39999999999999,27962.0,28017.4,55.4,109.3,TARGET,18.7,90.75
1785228000,2026-07-28,1,15.8,0.29490022172949,0.7731414944647975,BUILDING,PRE-OPEN,33.25,23.700000000000003,47.400000000000006,28025.75,28001.75,-24.0,-49.5,STOP,13.0,27.0
1785229020,2026-07-28,-1,13.083333333333334,0.5131964809384164,1.2428845310626015,CLEAN-TREND,PRE-OPEN,-43.75,19.625,39.25,27995.0,28015.0,-20.0,-41.5,STOP,14.3,48.75
1785230880,2026-07-28,1,9.216666666666669,0.4712643678160919,-0.3636036360682146,BUILDING,PRE-OPEN,20.5,13.825000000000003,27.650000000000006,28009.0,27994.75,-14.25,-30.0,STOP,1.5,9.5
1785231420,2026-07-28,-1,10.633333333333333,0.4581939799331103,-0.1330540084228574,BUILDING,PRE-OPEN,-34.25,15.95,31.9,27970.5,27986.75,-16.25,-34.0,STOP,4.7,52.5
1785232560,2026-07-28,-1,8.616666666666667,0.3384615384615385,0.5285628505685405,BUILDING,PRE-OPEN,-22.0,12.925,25.85,27955.0,27968.25,-13.25,-28.0,STOP,21.9,50.75
1785233940,2026-07-28,1,10.066666666666666,0.0874524714828897,0.5885414628332944,DEAD-CHOP,PRE-OPEN,5.75,15.1,30.2,27968.0,27952.5,-15.5,-32.5,STOP,1.4,13.25
1785234360,2026-07-28,-1,10.066666666666666,0.3049180327868852,-1.0749135075696965,BUILDING,PRE-OPEN,-23.25,15.1,30.2,27935.5,27951.0,-15.5,-32.5,STOP,1.1,70.75
1785234600,2026-07-28,1,11.383333333333333,0.257985257985258,-7.143779552469451,BUILDING,PRE-OPEN,26.25,17.075,34.15,27975.5,27958.0,-17.5,-36.5,STOP,3.4,5.75
1785235200,2026-07-28,-1,16.25,0.2129277566539923,-3.024027596441117,BUILDING,PRE-OPEN,-28.0,24.375,48.75,27911.25,27936.5,-25.25,-52.0,STOP,5.6,55.25
1785236460,2026-07-28,-1,13.733333333333333,0.1649484536082474,0.2708455432246061,NORMAL-CHOP,PRE-OPEN,-16.0,20.599999999999998,41.199999999999996,27922.25,27881.05,41.2,80.9,TARGET,9.4,73.25
1785237120,2026-07-28,-1,16.083333333333332,0.5866983372921615,-1.1304387076018356,CLEAN-TREND,PRE-OPEN,-61.75,24.125,48.25,27876.0,27900.5,-24.5,-50.5,STOP,2.4,27.0
1785237480,2026-07-28,1,19.216666666666665,0.2758037225042301,-3.717332824676215,BUILDING,PRE-OPEN,40.75,28.824999999999996,57.64999999999999,27941.0,27911.75,-29.25,-60.0,STOP,6.1,60.5
1785238800,2026-07-28,-1,17.616666666666667,0.3254637436762226,-0.7001924073855073,BUILDING,PRE-OPEN,-48.25,26.425,52.85,27860.25,27887.0,-26.75,-55.0,STOP,5.4,11.25
1785239880,2026-07-28,1,16.216666666666665,0.7995824634655533,-0.6836758188063118,CLEAN-TREND,PRE-OPEN,95.75,24.324999999999996,48.64999999999999,27957.75,28006.4,48.65,95.8,TARGET,28.6,76.25
1785241800,2026-07-28,1,17.233333333333334,0.477797513321492,0.0363397328766014,CLEAN-TREND,PRE-OPEN,67.25,25.85,51.7,28022.5,27996.0,-26.5,-54.5,STOP,0.6,11.5
1785242400,2026-07-28,-1,20.65,0.1886792452830188,0.5585524648133066,VIOLENT-WHIPSAW,PRE-OPEN,-30.0,30.974999999999998,61.949999999999996,27962.0,27993.25,-31.25,-64.0,STOP,1.9,175.0
1785244080,2026-07-28,1,15.816666666666666,0.3504672897196261,-0.461943814985518,BUILDING,PRE-OPEN,37.5,23.725,47.45,28020.75,27996.75,-24.0,-49.5,STOP,5.2,7.75
1785244980,2026-07-28,-1,13.683333333333334,0.3135802469135803,-0.0359735194929242,BUILDING,PRE-OPEN,-31.75,20.525,41.05,27987.5,27946.45,41.05,80.6,TARGET,4.0,384.25
1785245460,2026-07-28,-1,24.416666666666668,0.4936386768447837,3.899248907695516,CLEAN-TREND,US,-97.0,36.625,73.25,27906.0,27832.75,73.25,145.0,TARGET,5.7,302.75
1785245880,2026-07-28,-1,39.06666666666667,0.5823627287853578,1.656111047916604,CLEAN-TREND,US,-175.0,58.60000000000001,117.20000000000002,27812.25,27695.05,117.2,232.9,TARGET,7.1,209.0
1785246420,2026-07-28,-1,44.5,0.6040738383195416,-2.442859293061762,CLEAN-TREND,US,-237.25,66.75,133.5,27660.25,27727.25,-67.0,-135.5,STOP,0.8,57.0
1785248040,2026-07-28,-1,49.78333333333333,0.0866510538641686,-3.448678874244121,VIOLENT-WHIPSAW,US,-37.0,74.675,149.35,27630.25,27705.25,-75.0,-151.5,STOP,9.0,27.0
1785249300,2026-07-28,1,46.833333333333336,0.3094910591471801,1.2324181951750726,BUILDING,US,112.5,70.25,140.5,27731.25,27871.75,140.5,279.5,TARGET,14.2,279.5
1785250260,2026-07-28,1,32.916666666666664,0.5079513564078578,1.293922676481449,CLEAN-TREND,US,135.75,49.375,98.75,27882.75,27833.0,-49.75,-101.0,STOP,5.0,179.75
1785251040,2026-07-28,-1,30.15,0.2778947368421052,0.0588978514197739,BUILDING,US,-66.0,45.224999999999994,90.44999999999999,27782.75,27828.25,-45.5,-92.5,STOP,1.1,15.5
1785251880,2026-07-28,1,35.78333333333333,0.5912031047865459,2.8436736311850046,CLEAN-TREND,US,114.25,53.675,107.35,27913.0,28020.35,107.35,213.2,TARGET,24.4,155.75
1785253440,2026-07-28,1,20.633333333333333,0.447457627118644,0.4690200504399103,CLEAN-TREND,US,66.0,30.95,61.9,28033.5,28002.25,-31.25,-64.0,STOP,28.6,35.25
1785256200,2026-07-28,-1,18.95,0.2549019607843137,-0.1267956508374869,BUILDING,US,-35.75,28.424999999999997,56.849999999999994,27963.75,27992.5,-28.75,-59.0,STOP,2.3,9.75
1785256740,2026-07-28,1,19.58333333333333,0.1863117870722433,0.1203765375864798,VIOLENT-WHIPSAW,US,24.5,29.374999999999993,58.749999999999986,28024.0,27994.25,-29.75,-61.0,STOP,6.8,55.75
1785257400,2026-07-28,1,22.933333333333334,0.3108866442199775,0.989562899856672,BUILDING,US,69.25,34.4,68.8,28045.75,28011.0,-34.75,-71.0,STOP,15.3,34.0
1785258480,2026-07-28,-1,18.0,0.5981524249422633,-0.0021577036347527,CLEAN-TREND,US,-64.75,27.0,54.0,27998.0,28025.25,-27.25,-56.0,STOP,11.8,73.5
1785260460,2026-07-28,-1,17.583333333333332,0.1461988304093567,-0.3148670288805522,VIOLENT-WHIPSAW,US,-18.75,26.375,52.75,27980.25,27927.5,52.75,104.0,TARGET,13.9,68.25
1785261600,2026-07-28,1,19.716666666666665,0.2437223042836041,2.0564555314586555,BUILDING,US,41.25,29.574999999999996,59.14999999999999,27991.0,27961.0,-30.0,-61.5,STOP,1.0,8.25
1785263580,2026-07-28,1,15.9,0.2537313432835821,1.4839986431867966,BUILDING,US,29.75,23.85,47.7,27954.5,27930.25,-24.25,-50.0,STOP,5.2,69.5
1785264360,2026-07-28,1,17.283333333333335,0.3278688524590163,0.4697878653851767,BUILDING,US,40.0,25.925000000000004,51.85000000000001,27970.25,27944.0,-26.25,-54.0,STOP,6.9,53.75
1785265200,2026-07-28,1,16.433333333333334,0.3532110091743119,-0.4518658939963521,BUILDING,US,38.5,24.65,49.3,27989.5,27964.5,-25.0,-51.5,STOP,16.9,34.5
1785266640,2026-07-28,1,15.266666666666667,0.3222453222453222,-0.1984417552994107,BUILDING,US,38.75,22.900000000000002,45.800000000000004,28017.25,27994.0,-23.25,-48.0,STOP,1.8,6.75
1785267300,2026-07-28,-1,17.35,0.1344827586206896,-1.4482181416079951,VIOLENT-WHIPSAW,US,-19.5,26.025000000000002,52.050000000000004,27973.0,27920.95,52.05,102.6,TARGET,23.8,89.0
1785270180,2026-07-28,1,13.833333333333334,0.357630979498861,-0.3877436017747553,BUILDING,OVERNIGHT,39.25,20.75,41.5,27955.75,27959.5,3.75,6.0,TIME,36.0,36.0
1785277020,2026-07-28,-1,10.983333333333333,0.3225806451612903,-0.921148918888954,BUILDING,OVERNIGHT,-25.0,16.474999999999998,32.949999999999996,27961.5,27928.55,32.95,64.4,TARGET,0.4,230.0
1785277380,2026-07-28,-1,13.7,0.801354401805869,1.1978906401472782,CLEAN-TREND,OVERNIGHT,-88.75,20.549999999999997,41.099999999999994,27914.5,27935.5,-21.0,-43.5,STOP,3.0,183.0
1785277920,2026-07-28,-1,16.816666666666666,0.4395604395604395,-2.312842852228617,CLEAN-TREND,OVERNIGHT,-60.0,25.225,50.45,27901.0,27850.55,50.45,99.4,TARGET,12.2,169.5
1785278760,2026-07-28,-1,19.1,0.5036284470246735,4.019570507526932,CLEAN-TREND,OVERNIGHT,-86.75,28.650000000000002,57.300000000000004,27835.0,27777.7,57.3,113.1,TARGET,11.8,103.5
1785279540,2026-07-28,-1,20.23333333333333,0.6122448979591837,-2.116715616254305,CLEAN-TREND,OVERNIGHT,-105.0,30.349999999999994,60.69999999999999,27757.5,27788.25,-30.75,-63.0,STOP,5.1,26.0
1785280380,2026-07-28,1,26.48333333333333,0.2299349240780911,-2.278096332960831,BUILDING,OVERNIGHT,53.0,39.724999999999994,79.44999999999999,27828.0,27907.45,79.45,157.4,TARGET,17.9,349.25
1785283140,2026-07-28,1,24.85,0.4716981132075472,1.2066747364508938,CLEAN-TREND,OVERNIGHT,87.5,37.275000000000006,74.55000000000001,28102.25,28176.8,74.55,147.6,TARGET,2.2,75.0
1785284640,2026-07-29,-1,25.33333333333333,0.2841444270015698,-1.4221563092429224,BUILDING,OVERNIGHT,-45.25,37.99999999999999,75.99999999999999,28098.25,28022.25,76.0,150.5,TARGET,8.5,201.75
1785285900,2026-07-29,1,20.8,0.2283185840707964,1.0544926372703731,BUILDING,OVERNIGHT,32.25,31.200000000000003,62.400000000000006,28079.75,28048.25,-31.5,-64.5,STOP,2.7,4.5
1785286680,2026-07-29,-1,20.6,0.3821656050955414,-3.068653085662034,BUILDING,OVERNIGHT,-60.0,30.900000000000002,61.800000000000004,28011.75,27949.95,61.8,122.1,TARGET,12.1,226.5
1785287580,2026-07-29,-1,20.383333333333333,0.4442700156985871,1.9577238568928017,CLEAN-TREND,OVERNIGHT,-70.75,30.575,61.15,27939.5,27970.5,-31.0,-63.5,STOP,9.2,169.5
1785288420,2026-07-29,1,21.55,0.2869565217391304,1.5881888296041708,BUILDING,OVERNIGHT,41.25,32.325,64.65,27992.25,27959.5,-32.75,-67.0,STOP,2.1,3.0
1785289200,2026-07-29,-1,21.916666666666668,0.3315858453473132,-0.0582263831786963,BUILDING,OVERNIGHT,-63.25,32.875,65.75,27917.75,27852.0,65.75,130.0,TARGET,7.5,147.75
1785289860,2026-07-29,-1,22.116666666666667,0.5868945868945868,-2.093390911495988,CLEAN-TREND,OVERNIGHT,-103.0,33.175,66.35,27839.5,27773.15,66.35,131.2,TARGET,8.3,69.5
1785290820,2026-07-29,1,22.73333333333333,0.0452674897119341,0.343858150388931,VIOLENT-WHIPSAW,OVERNIGHT,8.25,34.099999999999994,68.19999999999999,27845.5,27811.0,-34.5,-70.5,STOP,9.4,66.5
1785292080,2026-07-29,1,23.85,0.2005571030640668,0.7664110159228056,BUILDING,OVERNIGHT,36.0,35.775000000000006,71.55000000000001,27883.75,27847.5,-36.25,-74.0,STOP,21.2,28.25
1785293580,2026-07-29,-1,17.016666666666666,0.2021466905187835,0.6514791296465959,BUILDING,OVERNIGHT,-28.25,25.525,51.05,27839.0,27865.0,-26.0,-53.5,STOP,15.1,133.5
1785294600,2026-07-29,1,17.75,0.2591362126245847,-0.1620634432442486,BUILDING,OVERNIGHT,39.0,26.625,53.25,27875.0,27848.0,-27.0,-55.5,STOP,1.8,0.0
1785295380,2026-07-29,-1,16.583333333333332,0.3690036900369003,0.2957455858177439,BUILDING,OVERNIGHT,-50.0,24.875,49.75,27805.75,27756.0,49.75,98.0,TARGET,6.5,158.0
1785297060,2026-07-29,-1,17.1,0.4188562596599691,-6.380751840239307,CLEAN-TREND,OVERNIGHT,-67.75,25.650000000000002,51.300000000000004,27722.0,27670.7,51.3,101.1,TARGET,23.8,81.5
1785298560,2026-07-29,-1,18.616666666666667,0.1788079470198675,-0.8315962540707573,VIOLENT-WHIPSAW,OVERNIGHT,-27.0,27.925,55.85,27666.25,27694.5,-28.25,-58.0,STOP,5.7,25.75
1785299820,2026-07-29,1,18.433333333333334,0.2,-0.0738183024193517,BUILDING,OVERNIGHT,20.75,27.65,55.3,27715.0,27687.0,-28.0,-57.5,STOP,2.1,130.0
1785300240,2026-07-29,-1,19.2,0.2783109404990403,-0.4659946355870859,BUILDING,OVERNIGHT,-36.25,28.799999999999997,57.599999999999994,27650.5,27679.75,-29.25,-60.0,STOP,1.4,10.0
1785300840,2026-07-29,1,20.266666666666666,0.233009708737864,0.4567390352936579,BUILDING,OVERNIGHT,36.0,30.4,60.8,27728.5,27789.3,60.8,120.1,TARGET,8.6,126.25
1785301620,2026-07-29,1,21.816666666666663,0.4894217207334274,2.275359085630754,CLEAN-TREND,OVERNIGHT,86.75,32.724999999999994,65.44999999999999,27806.0,27773.0,-33.0,-67.5,STOP,12.3,48.75
1785303360,2026-07-29,1,18.866666666666667,0.4904458598726114,2.051981724509214,CLEAN-TREND,OVERNIGHT,57.75,28.3,56.6,27841.0,27812.25,-28.75,-59.0,STOP,15.0,46.25
1785304560,2026-07-29,-1,17.516666666666666,0.1876208897485493,-0.4435571816635759,VIOLENT-WHIPSAW,OVERNIGHT,-24.25,26.275,52.55,27805.25,27752.7,52.55,103.6,TARGET,7.3,68.5
1785306360,2026-07-29,1,16.683333333333334,0.5377969762419006,-1.1041570845255808,CLEAN-TREND,OVERNIGHT,62.25,25.025,50.05,27804.75,27854.8,50.05,98.6,TARGET,5.9,147.75
1785306780,2026-07-29,1,18.683333333333334,0.505443234836703,-0.2738051784851555,CLEAN-TREND,OVERNIGHT,81.25,28.025,56.05,27866.25,27922.3,56.05,110.6,TARGET,14.6,95.0
1785307800,2026-07-29,1,14.266666666666667,0.4098360655737705,0.1106357442912556,CLEAN-TREND,OVERNIGHT,50.0,21.400000000000002,42.800000000000004,27927.25,27905.5,-21.75,-45.0,STOP,10.3,36.5
1785310260,2026-07-29,1,16.016666666666666,0.2558139534883721,0.6643523041626563,BUILDING,PRE-OPEN,27.5,24.025,48.05,27956.5,27932.0,-24.5,-50.5,STOP,10.9,7.25
1785311040,2026-07-29,-1,12.6,0.2792792792792792,0.6866540987930215,BUILDING,PRE-OPEN,-23.25,18.9,37.8,27921.0,27883.2,37.8,74.1,TARGET,24.4,101.25
1785312720,2026-07-29,-1,17.933333333333334,0.3995771670190274,-0.8971259899807889,BUILDING,PRE-OPEN,-47.25,26.9,53.8,27870.5,27897.75,-27.25,-56.0,STOP,19.4,50.75
1785314580,2026-07-29,1,17.383333333333333,0.6122448979591837,1.5892361825115884,CLEAN-TREND,PRE-OPEN,90.0,26.075,52.15,27922.0,27895.5,-26.5,-54.5,STOP,15.0,90.75
1785315780,2026-07-29,1,12.966666666666669,0.2117400419287211,1.4820850311235862,BUILDING,PRE-OPEN,25.25,19.450000000000003,38.900000000000006,27943.75,27982.65,38.9,76.3,TARGET,18.8,116.25
1785317880,2026-07-29,1,12.366666666666667,0.3317073170731707,0.3565148126440675,BUILDING,PRE-OPEN,34.0,18.55,37.1,27994.75,27975.75,-19.0,-39.5,STOP,0.6,65.25
1785318120,2026-07-29,1,13.233333333333333,0.3287037037037037,0.5289666106449857,BUILDING,PRE-OPEN,35.5,19.849999999999998,39.699999999999996,28006.75,28046.45,39.7,77.9,TARGET,7.4,53.25
1785318660,2026-07-29,1,14.783333333333331,0.6705882352941176,-0.6147718049090388,CLEAN-TREND,PRE-OPEN,85.5,22.174999999999997,44.349999999999994,28054.5,28031.75,-22.75,-47.0,STOP,3.0,5.5
1785320700,2026-07-29,-1,10.783333333333331,0.3460076045627376,-0.8127621352263953,BUILDING,PRE-OPEN,-22.75,16.174999999999997,32.349999999999994,27992.25,28008.75,-16.5,-34.5,STOP,3.1,63.75
1785321120,2026-07-29,-1,13.4,0.3220338983050847,-1.6667736699908162,BUILDING,PRE-OPEN,-33.25,20.1,40.2,27983.25,27943.05,40.2,78.9,TARGET,18.6,54.75
1785322320,2026-07-29,-1,14.433333333333334,0.2659340659340659,-0.2761024067417955,BUILDING,PRE-OPEN,-30.25,21.65,43.3,27940.75,27962.75,-22.0,-45.5,STOP,7.7,12.25
1785323340,2026-07-29,1,17.033333333333335,0.3659491193737769,-0.3261632310539719,BUILDING,PRE-OPEN,46.75,25.550000000000004,51.10000000000001,27988.5,27962.5,-26.0,-53.5,STOP,29.7,35.5
1785326340,2026-07-29,1,13.516666666666667,0.3154362416107382,1.4780993439704866,BUILDING,PRE-OPEN,35.25,20.275000000000002,40.550000000000004,28003.5,27982.75,-20.75,-43.0,STOP,2.7,3.75
1785327240,2026-07-29,-1,15.533333333333331,0.4517958412098298,-5.124923507024557,CLEAN-TREND,PRE-OPEN,-59.75,23.299999999999997,46.599999999999994,27940.75,27894.15,46.6,91.7,TARGET,1.5,96.0
1785328860,2026-07-29,1,17.916666666666668,0.1078066914498141,0.918174668397457,VIOLENT-WHIPSAW,PRE-OPEN,14.5,26.875,53.75,27907.0,27879.75,-27.25,-56.0,STOP,22.2,90.0
1785330300,2026-07-29,-1,12.716666666666669,0.6134969325153374,-0.9815222502636096,CLEAN-TREND,PRE-OPEN,-50.0,19.075000000000003,38.150000000000006,27877.5,27897.0,-19.5,-40.5,STOP,18.9,209.75
1785331500,2026-07-29,1,14.6,0.2222222222222222,-1.3897968901319335,BUILDING,PRE-OPEN,23.0,21.9,43.8,27913.25,27891.0,-22.25,-46.0,STOP,4.0,83.75
1785331860,2026-07-29,-1,25.866666666666667,0.1978465679676985,0.6620419735577635,VIOLENT-WHIPSAW,US,-36.75,38.8,77.6,27846.0,27885.25,-39.25,-80.0,STOP,0.6,307.5
1785331980,2026-07-29,1,33.38333333333333,0.3085566119273984,3.75110650761116,BUILDING,US,89.25,50.075,100.15,27960.25,27909.75,-50.5,-102.5,STOP,3.1,36.75
1785332820,2026-07-29,-1,48.96666666666667,0.1956363636363636,-3.272656064263503,VIOLENT-WHIPSAW,US,-67.25,73.45,146.9,27835.5,27688.6,146.9,292.3,TARGET,8.7,325.5
1785334380,2026-07-29,-1,40.833333333333336,0.2573463935886019,-0.2583741586768521,BUILDING,US,-72.25,61.25,122.5,27659.5,27537.0,122.5,243.5,TARGET,26.4,149.5
1785336120,2026-07-29,-1,32.333333333333336,0.1925,0.0548750337973299,VIOLENT-WHIPSAW,US,-38.5,48.5,97.0,27517.5,27566.25,-48.75,-99.0,STOP,4.3,7.5
1785337320,2026-07-29,1,32.733333333333334,0.3825503355704698,0.52507464144208,BUILDING,US,85.5,49.1,98.2,27631.75,27582.25,-49.5,-100.5,STOP,8.2,24.5
1785338340,2026-07-29,-1,34.96666666666667,0.3056379821958457,-1.4096990393650703,BUILDING,US,-77.25,52.45,104.9,27562.75,27615.5,-52.75,-107.0,STOP,6.3,153.75
1785339540,2026-07-29,-1,29.316666666666663,0.3866666666666666,-0.6979500576228342,BUILDING,US,-65.25,43.974999999999994,87.94999999999999,27536.0,27448.05,87.95,174.4,TARGET,25.1,127.0
1785341640,2026-07-29,-1,22.433333333333334,0.7045045045045045,-0.7689342806908045,CLEAN-TREND,US,-97.75,33.65,67.3,27419.25,27453.25,-34.0,-69.5,STOP,5.2,10.25
1785342120,2026-07-29,1,20.7,0.2513181019332162,-0.4156652247447565,BUILDING,US,35.75,31.049999999999997,62.099999999999994,27490.75,27552.85,62.1,122.7,TARGET,5.5,259.0
1785342600,2026-07-29,1,23.33333333333333,0.849624060150376,0.9909261295489726,CLEAN-TREND,US,141.25,34.99999999999999,69.99999999999999,27572.75,27537.5,-35.25,-72.0,STOP,1.5,177.0
1785343920,2026-07-29,1,22.916666666666668,0.2777777777777778,-0.4276202636593102,BUILDING,US,50.0,34.375,68.75,27568.25,27637.0,68.75,136.0,TARGET,10.9,181.5
1785344640,2026-07-29,1,22.03333333333333,0.7798507462686567,0.9734994451100896,CLEAN-TREND,US,104.5,33.05,66.1,27660.0,27726.1,66.1,130.7,TARGET,9.6,229.0
1785345660,2026-07-29,1,22.83333333333333,0.5616438356164384,1.5607496968044536,CLEAN-TREND,US,92.25,34.24999999999999,68.49999999999999,27747.25,27712.75,-34.5,-70.5,STOP,2.2,141.75
1785346140,2026-07-29,-1,23.066666666666663,0.4244031830238727,-0.3126732410156862,CLEAN-TREND,US,-80.0,34.599999999999994,69.19999999999999,27654.5,27689.5,-35.0,-71.5,STOP,3.3,25.25
1785347400,2026-07-29,1,19.266666666666666,0.3415492957746479,0.314294931565435,BUILDING,US,48.5,28.9,57.8,27706.75,27677.5,-29.25,-60.0,STOP,7.6,346.75
1785348000,2026-07-29,1,25.916666666666668,0.7214700193423598,6.174411546120006,CLEAN-TREND,US,186.5,38.875,77.75,27850.75,27811.0,-39.75,-81.0,STOP,0.5,246.25
1785349080,2026-07-29,-1,41.016666666666666,0.2471083070452155,-0.1050054994278458,BUILDING,US,-58.75,61.525,123.05,27770.75,27832.75,-62.0,-125.5,STOP,19.1,67.0
1785350400,2026-07-29,1,45.45,0.5697569756975698,3.23787240536577,CLEAN-TREND,US,158.25,68.17500000000001,136.35000000000002,27905.75,28042.1,136.35,271.2,TARGET,6.7,194.0
1785351180,2026-07-29,1,43.81666666666667,0.7767175572519084,1.2363241870883426,CLEAN-TREND,US,203.5,65.72500000000001,131.45000000000002,28067.5,28001.5,-66.0,-133.5,STOP,10.2,32.25
1785351900,2026-07-29,-1,39.96666666666667,0.2736077481840194,0.4491391875347998,BUILDING,US,-84.75,59.95,119.9,27956.0,27836.1,119.9,238.3,TARGET,12.0,756.0
1785352800,2026-07-29,-1,45.516666666666666,0.5503759398496241,1.2879536764525297,CLEAN-TREND,US,-183.0,68.275,136.55,27773.0,27636.45,136.55,271.6,TARGET,12.3,573.0
1785353880,2026-07-29,-1,47.78333333333333,0.5269256987048399,0.4807998010045288,CLEAN-TREND,US,-193.25,71.675,143.35,27527.75,27384.4,143.35,285.2,TARGET,16.0,327.75
1785355020,2026-07-29,-1,42.86666666666667,0.522508038585209,0.2076529282614087,CLEAN-TREND,US,-162.5,64.3,128.6,27346.25,27217.65,128.6,255.7,TARGET,6.2,146.25
1785356760,2026-07-29,-1,32.68333333333333,0.1894273127753304,-0.2599911697520631,VIOLENT-WHIPSAW,OVERNIGHT,-43.0,49.02499999999999,98.04999999999998,27227.5,27277.0,-49.5,-100.5,STOP,7.1,21.75
1785357480,2026-07-29,1,27.466666666666665,0.149478563151796,-0.601288758384858,VIOLENT-WHIPSAW,OVERNIGHT,32.25,41.199999999999996,82.39999999999999,27310.5,27269.0,-41.5,-84.5,STOP,11.0,22.75
1785358740,2026-07-29,-1,19.3,0.384321223709369,0.0759152161995099,BUILDING,OVERNIGHT,-50.25,28.950000000000003,57.900000000000006,27259.5,27211.75,47.75,94.0,TIME,60.0,54.75
1785363960,2026-07-29,-1,23.73333333333333,0.3089005235602094,-0.6719087080387891,BUILDING,OVERNIGHT,-59.0,35.599999999999994,71.19999999999999,27415.25,27451.25,-36.0,-73.5,STOP,9.1,20.0
1785365100,2026-07-29,1,15.966666666666669,0.4773218142548596,1.117185289104085,CLEAN-TREND,OVERNIGHT,55.25,23.950000000000003,47.900000000000006,27476.5,27452.0,-24.5,-50.5,STOP,0.8,82.75
1785365520,2026-07-29,-1,15.683333333333334,0.2692307692307692,-1.4029274738698378,BUILDING,OVERNIGHT,-31.5,23.525,47.05,27429.0,27453.0,-24.0,-49.5,STOP,7.0,8.5
1785366120,2026-07-29,1,12.666666666666666,0.2739273927392739,-0.1174561480475748,BUILDING,OVERNIGHT,20.75,19.0,38.0,27464.75,27502.75,38.0,74.5,TARGET,5.8,94.5
1785367680,2026-07-29,1,16.1,0.5019607843137255,-1.40647763748794,CLEAN-TREND,OVERNIGHT,64.0,24.150000000000002,48.300000000000004,27537.75,27513.25,-24.5,-50.5,STOP,12.0,69.75
1785369720,2026-07-30,-1,24.216666666666665,0.3190271816881259,-1.6575327497873285,BUILDING,OVERNIGHT,-55.75,36.324999999999996,72.64999999999999,27494.25,27531.0,-36.75,-75.0,STOP,2.7,22.0
1785369960,2026-07-30,1,29.83333333333333,0.279395900755124,2.2668689138998026,BUILDING,OVERNIGHT,64.75,44.74999999999999,89.49999999999999,27575.0,27530.0,-45.0,-91.5,STOP,31.4,58.5
1785372060,2026-07-30,-1,22.433333333333334,0.4156976744186046,-0.009383007902512,CLEAN-TREND,OVERNIGHT,-71.5,33.65,67.3,27518.5,27552.5,-34.0,-69.5,STOP,18.0,29.5
1785373440,2026-07-30,1,22.28333333333333,0.3453038674033149,-0.5762004198174205,BUILDING,OVERNIGHT,62.5,33.425,66.85,27589.25,27656.1,66.85,132.2,TARGET,3.6,107.75
1785374700,2026-07-30,1,20.383333333333333,0.1652892561983471,0.1591076209865664,VIOLENT-WHIPSAW,OVERNIGHT,20.0,30.575,61.15,27629.5,27690.65,61.15,120.8,TARGET,11.7,67.5
1785376380,2026-07-30,-1,14.85,0.3473684210526316,-1.1944522599959322,BUILDING,OVERNIGHT,-24.75,22.275,44.55,27658.0,27682.0,-24.0,-49.5,STOP,1.8,98.75
1785376740,2026-07-30,-1,16.6,0.2340425531914893,0.0180822624623599,BUILDING,OVERNIGHT,-24.75,24.900000000000002,49.800000000000004,27650.75,27676.25,-25.5,-52.5,STOP,0.6,111.75
1785377040,2026-07-30,-1,17.666666666666668,0.2862190812720848,-2.3267578068131844,BUILDING,OVERNIGHT,-40.5,26.5,53.0,27640.75,27667.5,-26.75,-55.0,STOP,7.1,104.75
1785377760,2026-07-30,-1,16.866666666666667,0.3422222222222222,-0.2068984661644871,BUILDING,OVERNIGHT,-38.5,25.3,50.6,27626.75,27652.5,-25.75,-53.0,STOP,8.3,144.5
1785378360,2026-07-30,-1,17.166666666666668,0.3345724907063197,0.2138538298453196,BUILDING,OVERNIGHT,-45.0,25.75,51.5,27615.25,27563.75,51.5,101.5,TARGET,14.8,143.75
1785379680,2026-07-30,1,17.866666666666667,0.1762711864406779,0.8531811186778439,VIOLENT-WHIPSAW,OVERNIGHT,26.0,26.8,53.6,27616.0,27588.75,-27.25,-56.0,STOP,0.7,0.0
1785380280,2026-07-30,-1,19.58333333333333,0.3169319826338639,-2.531140495943616,BUILDING,OVERNIGHT,-54.75,29.374999999999993,58.749999999999986,27545.25,27575.0,-29.75,-61.0,STOP,3.9,73.75
1785380880,2026-07-30,-1,18.33333333333333,0.3273809523809524,0.5003077344521563,BUILDING,OVERNIGHT,-55.0,27.499999999999993,54.999999999999986,27533.75,27478.75,55.0,108.5,TARGET,10.3,62.25
1785382020,2026-07-30,1,15.916666666666666,0.2133676092544987,-1.214751545092001,BUILDING,OVERNIGHT,20.75,23.875,47.75,27513.5,27489.25,-24.25,-50.0,STOP,2.4,50.0
1785382380,2026-07-30,1,19.3,0.359504132231405,-1.5861670253755582,BUILDING,OVERNIGHT,43.5,28.950000000000003,57.900000000000006,27537.0,27507.75,-29.25,-60.0,STOP,2.6,26.5
1785384420,2026-07-30,-1,17.066666666666666,0.352,0.2048026097938761,BUILDING,OVERNIGHT,-44.0,25.6,51.2,27510.5,27459.3,51.2,100.9,TARGET,11.6,89.25
1785385500,2026-07-30,1,15.866666666666667,0.1604938271604938,-0.3123915971505537,VIOLENT-WHIPSAW,OVERNIGHT,13.0,23.8,47.6,27501.0,27476.75,-24.25,-50.0,STOP,16.6,42.5
1785386580,2026-07-30,-1,17.3,0.4788135593220339,0.6774391274072222,CLEAN-TREND,OVERNIGHT,-56.5,25.950000000000003,51.900000000000006,27467.75,27494.25,-26.5,-54.5,STOP,2.7,47.25
1785387420,2026-07-30,-1,17.566666666666666,0.2093023255813953,1.0323197137306956,BUILDING,OVERNIGHT,-27.0,26.35,52.7,27444.0,27470.75,-26.75,-55.0,STOP,17.5,23.5
1785388680,2026-07-30,1,16.65,0.5058823529411764,0.7623636595581931,CLEAN-TREND,OVERNIGHT,53.75,24.974999999999998,49.949999999999996,27481.25,27456.0,-25.25,-52.0,STOP,3.4,66.0
1785390120,2026-07-30,1,18.633333333333333,0.3165618448637317,0.7418535701403682,BUILDING,OVERNIGHT,37.75,27.95,55.9,27513.0,27484.75,-28.25,-58.0,STOP,6.8,34.25
1785390780,2026-07-30,-1,16.616666666666667,0.1614255765199161,0.5376562093872365,VIOLENT-WHIPSAW,OVERNIGHT,-19.25,24.925,49.85,27478.25,27503.75,-25.5,-52.5,STOP,13.3,47.25
1785392100,2026-07-30,-1,15.166666666666666,0.284313725490196,-1.220195079422825,BUILDING,OVERNIGHT,-29.0,22.75,45.5,27454.5,27477.5,-23.0,-47.5,STOP,7.6,40.0
1785392700,2026-07-30,1,14.916666666666666,0.1710526315789473,0.4305443619296634,NORMAL-CHOP,OVERNIGHT,19.5,22.375,44.75,27489.5,27466.75,-22.75,-47.0,STOP,4.5,32.0
1785393600,2026-07-30,-1,13.7,0.598705501618123,1.0982410117023484,CLEAN-TREND,OVERNIGHT,-46.25,20.549999999999997,41.099999999999994,27443.5,27464.5,-21.0,-43.5,STOP,19.7,91.75
1785394860,2026-07-30,1,19.78333333333333,0.2988505747126437,7.864063244734138,BUILDING,PRE-OPEN,52.0,29.674999999999997,59.349999999999994,27507.25,27477.25,-30.0,-61.5,STOP,6.0,14.25
1785395760,2026-07-30,-1,24.716666666666665,0.3026634382566586,0.010720131266518,BUILDING,PRE-OPEN,-62.5,37.074999999999996,74.14999999999999,27445.25,27371.1,74.15,146.8,TARGET,18.8,108.25
1785396960,2026-07-30,-1,18.916666666666668,0.4212765957446808,0.4802271516136852,CLEAN-TREND,PRE-OPEN,-49.5,28.375,56.75,27359.25,27388.0,-28.75,-59.0,STOP,1.0,22.25
1785397380,2026-07-30,1,18.4,0.2135593220338983,-0.4834915097629507,BUILDING,PRE-OPEN,31.5,27.599999999999998,55.199999999999996,27443.75,27415.75,-28.0,-57.5,STOP,6.1,83.25
1785398100,2026-07-30,-1,16.1,0.1124497991967871,-0.3895205863228996,VIOLENT-WHIPSAW,PRE-OPEN,-14.0,24.150000000000002,48.300000000000004,27405.75,27357.45,48.3,95.1,TARGET,5.2,68.75
1785399000,2026-07-30,1,25.23333333333333,0.2328431372549019,0.6431467071248695,BUILDING,PRE-OPEN,47.5,37.849999999999994,75.69999999999999,27453.0,27509.0,56.0,110.5,TIME,60.0,74.0
1785402840,2026-07-30,1,15.2,0.5661971830985916,-2.311007261501414,CLEAN-TREND,PRE-OPEN,50.25,22.799999999999997,45.599999999999994,27535.25,27580.85,45.6,89.7,TARGET,20.4,50.75
1785405480,2026-07-30,-1,9.516666666666667,0.1314741035856573,-1.3839251087009758,DEAD-CHOP,PRE-OPEN,-8.25,14.275000000000002,28.550000000000004,27531.25,27502.7,28.55,55.6,TARGET,1.2,43.25
1785406620,2026-07-30,1,15.4,0.452755905511811,-0.8584290441088508,CLEAN-TREND,PRE-OPEN,57.5,23.1,46.2,27576.25,27622.45,46.2,90.9,TARGET,8.0,117.5
1785409440,2026-07-30,1,14.316666666666666,0.2139737991266375,0.4307608032069957,BUILDING,PRE-OPEN,24.5,21.475,42.95,27658.25,27701.2,42.95,84.4,TARGET,13.7,94.75
1785410700,2026-07-30,1,13.033333333333331,0.3721518987341772,-0.4937208818813418,BUILDING,PRE-OPEN,36.75,19.549999999999997,39.099999999999994,27707.5,27687.5,-20.0,-41.5,STOP,6.7,58.5
1785411480,2026-07-30,1,13.583333333333334,0.3568464730290456,0.9770102915700966,BUILDING,PRE-OPEN,43.0,20.375,40.75,27724.75,27704.0,-20.75,-43.0,STOP,0.9,66.0
1785412080,2026-07-30,1,16.8,0.2920863309352518,1.8190830185745248,BUILDING,PRE-OPEN,50.75,25.200000000000003,50.400000000000006,27728.5,27703.0,-25.5,-52.5,STOP,12.5,76.5
1785412980,2026-07-30,1,15.783333333333331,0.1396648044692737,1.1218091186244308,VIOLENT-WHIPSAW,PRE-OPEN,18.75,23.674999999999997,47.349999999999994,27748.25,27724.25,-24.0,-49.5,STOP,16.3,108.5
1785414600,2026-07-30,1,18.85,0.1598513011152416,2.50735295090857,VIOLENT-WHIPSAW,PRE-OPEN,21.5,28.275000000000002,56.550000000000004,27772.75,27743.75,-29.0,-59.5,STOP,0.4,120.0
1785416220,2026-07-30,1,16.133333333333333,0.147239263803681,-1.2865194895507086,VIOLENT-WHIPSAW,PRE-OPEN,12.0,24.2,48.4,27807.75,27856.15,48.4,95.3,TARGET,5.9,330.5
1785418920,2026-07-30,1,45.766666666666666,0.392812887236679,6.202486255877977,BUILDING,US,79.25,68.65,137.3,27937.75,28075.05,137.3,273.1,TARGET,7.8,308.0
1785419700,2026-07-30,1,39.9,0.7405485544848036,1.1127810610747937,CLEAN-TREND,US,249.75,59.849999999999994,119.69999999999999,28129.75,28069.5,-60.25,-122.0,STOP,14.6,116.0
1785421260,2026-07-30,1,32.25,0.130659767141009,1.998411828639594,VIOLENT-WHIPSAW,US,25.25,48.375,96.75,28154.5,28105.75,-48.75,-99.0,STOP,30.9,91.25
1785423180,2026-07-30,-1,28.4,0.6499356499356499,-0.2041339090312733,CLEAN-TREND,US,-126.25,42.599999999999994,85.19999999999999,28092.25,28135.25,-43.0,-87.5,STOP,15.4,96.75
1785426300,2026-07-30,1,29.1,0.4547461368653421,-0.5501622972840579,CLEAN-TREND,US,103.0,43.650000000000006,87.30000000000001,28110.25,28066.25,-44.0,-89.5,STOP,6.5,82.5
1785427440,2026-07-30,1,29.216666666666665,0.142578125,2.2674081536773545,VIOLENT-WHIPSAW,US,36.5,43.824999999999996,87.64999999999999,28151.25,28107.0,-44.25,-90.0,STOP,35.2,41.5
1785429660,2026-07-30,-1,18.066666666666663,0.5538160469667319,-1.1597308027690547,CLEAN-TREND,US,-70.75,27.099999999999994,54.19999999999999,28079.0,28106.5,-27.5,-56.5,STOP,4.3,23.75
1785430800,2026-07-30,1,19.6,0.3868613138686131,4.603129919133326,BUILDING,US,66.25,29.400000000000002,58.800000000000004,28159.25,28192.0,32.75,64.0,TIME,60.0,49.25
1785438000,2026-07-30,1,12.15,0.3356401384083045,1.6320437266534646,BUILDING,US,24.25,18.225,36.45,28195.0,28231.45,36.45,71.4,TARGET,6.4,103.0
1785438480,2026-07-30,1,13.35,0.7432098765432099,0.0120488128198505,CLEAN-TREND,US,75.25,20.025,40.05,28243.0,28283.05,40.05,78.6,TARGET,2.2,122.5
1785438720,2026-07-30,1,15.616666666666667,0.8372093023255814,0.9264757810189276,CLEAN-TREND,US,126.0,23.425,46.85,28291.0,28267.25,-23.75,-49.0,STOP,2.5,74.5
1785439740,2026-07-30,-1,14.083333333333334,0.2665245202558635,-1.7927974523662644,BUILDING,US,-31.25,21.125,42.25,28243.5,28265.5,-22.0,-45.5,STOP,31.0,41.25
1785442740,2026-07-30,1,20.73333333333333,0.1341107871720116,-0.2458488138284376,VIOLENT-WHIPSAW,OVERNIGHT,23.0,31.099999999999994,62.19999999999999,28355.5,28324.0,-31.5,-64.5,STOP,10.3,54.5
1785450060,2026-07-30,-1,14.483333333333333,0.0929203539823008,0.1954115614975812,NORMAL-CHOP,OVERNIGHT,-10.5,21.724999999999998,43.449999999999996,28370.75,28392.75,-22.0,-45.5,STOP,20.2,38.75
1785451440,2026-07-30,1,13.966666666666669,0.4895833333333333,1.0352891896374716,CLEAN-TREND,OVERNIGHT,47.0,20.950000000000003,41.900000000000006,28403.0,28381.75,-21.25,-44.0,STOP,25.2,22.5
1785453360,2026-07-30,-1,9.8,0.6203389830508474,-1.3693285273569986,BUILDING,OVERNIGHT,-45.75,14.700000000000001,29.400000000000002,28376.0,28391.0,-15.0,-31.5,STOP,8.4,18.25
1785454860,2026-07-30,1,13.383333333333333,0.3985507246376811,2.291146603109855,BUILDING,OVERNIGHT,27.5,20.075,40.15,28409.5,28449.65,40.15,78.8,TARGET,24.1,100.5
1785456840,2026-07-31,1,18.133333333333333,0.3604887983706721,2.00586575872234,BUILDING,OVERNIGHT,44.25,27.2,54.4,28468.25,28522.65,54.4,107.3,TARGET,44.6,101.75
1785459600,2026-07-31,1,12.616666666666667,0.3391304347826087,-1.1562347487491855,BUILDING,OVERNIGHT,39.0,18.925,37.85,28535.0,28572.85,37.85,74.2,TARGET,14.6,45.0
1785461460,2026-07-31,-1,11.0,0.3783783783783784,0.2251412378100743,BUILDING,OVERNIGHT,-28.0,16.5,33.0,28537.0,28504.0,33.0,64.5,TARGET,5.5,136.5
1785462360,2026-07-31,-1,13.45,0.6460176991150443,-0.1482330225512795,CLEAN-TREND,OVERNIGHT,-54.75,20.174999999999997,40.349999999999994,28483.0,28442.65,40.35,79.2,TARGET,18.4,93.25
1785464040,2026-07-31,-1,17.05,0.2739965095986038,-1.1236162971096504,BUILDING,OVERNIGHT,-39.25,25.575000000000003,51.150000000000006,28437.5,28418.75,18.75,36.0,TIME,60.0,47.75
1785467760,2026-07-31,1,13.983333333333333,0.1959798994974874,2.759473740920842,NORMAL-CHOP,OVERNIGHT,19.5,20.974999999999998,41.949999999999996,28439.5,28472.25,32.75,64.0,TIME,60.0,39.25
1785471480,2026-07-31,1,11.3,0.4523809523809524,-0.9864304031294072,BUILDING,OVERNIGHT,38.0,16.950000000000003,33.900000000000006,28483.75,28517.65,33.9,66.3,TARGET,13.7,86.25
1785472380,2026-07-31,1,10.333333333333334,0.6129032258064516,2.1369063114518965,BUILDING,OVERNIGHT,42.75,15.5,31.0,28526.25,28557.25,31.0,60.5,TARGET,33.1,56.5
1785475680,2026-07-31,1,7.2,0.5129533678756477,6.845016716881816,BUILDING,OVERNIGHT,24.75,10.8,21.6,28578.25,28567.0,-11.25,-24.0,STOP,2.3,34.0
1785476040,2026-07-31,-1,8.7,0.1169811320754717,-1.29383968621753,DEAD-CHOP,OVERNIGHT,-7.75,13.049999999999999,26.099999999999998,28546.75,28560.25,-13.5,-28.5,STOP,4.7,26.75
1785477600,2026-07-31,1,11.166666666666666,0.3453453453453453,2.9099566636242917,BUILDING,OVERNIGHT,28.75,16.75,33.5,28593.0,28576.0,-17.0,-35.5,STOP,29.5,19.25
1785479520,2026-07-31,-1,9.4,0.7297297297297297,0.649044910808308,BUILDING,OVERNIGHT,-54.0,14.100000000000001,28.200000000000003,28554.75,28526.55,28.2,54.9,TARGET,1.2,104.5
1785479700,2026-07-31,-1,12.65,0.8350515463917526,-3.183201274407325,CLEAN-TREND,OVERNIGHT,-101.25,18.975,37.95,28495.25,28457.3,37.95,74.4,TARGET,11.9,45.0
1785481920,2026-07-31,1,17.283333333333335,0.3358348968105065,1.2891989849762615,BUILDING,PRE-OPEN,44.75,25.925000000000004,51.85000000000001,28532.0,28505.75,-26.25,-54.0,STOP,4.1,58.75
1785482340,2026-07-31,1,15.266666666666667,0.618421052631579,1.7010276938211613,CLEAN-TREND,PRE-OPEN,70.5,22.900000000000002,45.800000000000004,28549.25,28526.0,-23.25,-48.0,STOP,2.3,51.75
1785482820,2026-07-31,1,16.133333333333333,0.2513562386980108,-0.2676145215865868,BUILDING,PRE-OPEN,34.75,24.2,48.4,28568.5,28543.75,-24.75,-51.0,STOP,2.0,34.25
1785483900,2026-07-31,1,13.583333333333334,0.3367609254498714,1.523014182508568,BUILDING,PRE-OPEN,32.75,20.375,40.75,28580.0,28559.25,-20.75,-43.0,STOP,2.8,31.25
1785484980,2026-07-31,-1,14.55,0.151639344262295,-0.206223863141177,NORMAL-CHOP,PRE-OPEN,-18.5,21.825000000000003,43.650000000000006,28540.25,28562.5,-22.25,-46.0,STOP,3.4,16.5
1785485940,2026-07-31,1,18.183333333333334,0.3413793103448276,2.9608480926575536,BUILDING,PRE-OPEN,49.5,27.275,54.55,28593.5,28565.75,-27.75,-57.0,STOP,3.7,48.5
1785487200,2026-07-31,-1,11.9,0.3491525423728813,-0.7883865315313987,BUILDING,PRE-OPEN,-25.75,17.85,35.7,28565.5,28583.75,-18.25,-38.0,STOP,5.9,31.5
1785488160,2026-07-31,1,12.3,0.4049586776859504,-0.0631009612221303,BUILDING,PRE-OPEN,36.75,18.450000000000003,36.900000000000006,28603.75,28640.65,36.9,72.3,TARGET,13.6,38.25
1785490080,2026-07-31,-1,11.1,0.4912280701754385,-0.0908602227094195,BUILDING,PRE-OPEN,-42.0,16.65,33.3,28587.75,28554.45,33.3,65.1,TARGET,7.2,68.5
1785490680,2026-07-31,-1,11.8,0.7398373983739838,-1.0621879715243316,BUILDING,PRE-OPEN,-68.25,17.700000000000003,35.400000000000006,28537.5,28555.75,-18.25,-38.0,STOP,2.7,18.25
1785491760,2026-07-31,-1,11.5,0.1666666666666666,-0.1295523995201963,NORMAL-CHOP,PRE-OPEN,-14.0,17.25,34.5,28538.0,28555.5,-17.5,-36.5,STOP,16.0,18.75
1785493140,2026-07-31,1,10.116666666666667,0.4462540716612377,0.4104036660942895,BUILDING,PRE-OPEN,34.25,15.175,30.35,28565.75,28550.25,-15.5,-32.5,STOP,29.9,60.25
1785495660,2026-07-31,1,13.216666666666669,0.2347417840375587,-0.8905316328996946,BUILDING,PRE-OPEN,25.0,19.825000000000003,39.650000000000006,28601.25,28581.0,-20.25,-42.0,STOP,13.9,24.75
1785496560,2026-07-31,-1,13.916666666666666,0.3421750663129973,-2.8118673738153976,BUILDING,PRE-OPEN,-32.25,20.875,41.75,28566.5,28524.75,41.75,82.0,TARGET,16.7,109.5
1785499200,2026-07-31,-1,10.816666666666666,0.1615120274914089,-1.234806858151904,NORMAL-CHOP,PRE-OPEN,-11.75,16.225,32.45,28531.25,28498.8,32.45,63.4,TARGET,5.4,99.25
1785499800,2026-07-31,-1,12.45,0.6392572944297082,-2.0783033399077624,CLEAN-TREND,PRE-OPEN,-60.25,18.674999999999997,37.349999999999994,28487.5,28450.15,37.35,73.2,TARGET,8.8,55.5
1785500880,2026-07-31,1,15.833333333333334,0.0544090056285178,-0.110239557875075,VIOLENT-WHIPSAW,PRE-OPEN,7.25,23.75,47.5,28498.5,28473.75,-24.75,-51.0,STOP,1.0,85.0
1785501720,2026-07-31,-1,20.666666666666668,0.3596673596673597,-0.9953678685466116,BUILDING,PRE-OPEN,-43.25,31.0,62.0,28437.0,28468.25,-31.25,-64.0,STOP,8.8,3.25
1785502320,2026-07-31,1,17.433333333333334,0.234866828087167,0.2948668335871416,BUILDING,PRE-OPEN,24.25,26.15,52.3,28485.75,28459.25,-26.5,-54.5,STOP,7.2,240.0
1785502980,2026-07-31,1,14.216666666666669,0.4364896073903002,-0.8175600961970683,CLEAN-TREND,PRE-OPEN,47.25,21.325000000000003,42.650000000000006,28492.5,28535.15,42.65,83.8,TARGET,11.0,233.25
1785503760,2026-07-31,1,11.983333333333333,0.7182448036951501,0.1242165120502967,BUILDING,PRE-OPEN,77.75,17.974999999999998,35.949999999999996,28544.25,28580.2,35.95,70.4,TARGET,11.0,181.5
1785504600,2026-07-31,1,18.633333333333333,0.6600985221674877,2.5589833066884373,CLEAN-TREND,US,67.0,27.95,55.9,28600.75,28656.65,55.9,110.3,TARGET,1.5,125.0
1785504780,2026-07-31,1,25.2,0.8701298701298701,2.451396647962154,CLEAN-TREND,US,150.75,37.8,75.6,28686.75,28648.5,-38.25,-78.0,STOP,3.8,39.0
1785505200,2026-07-31,-1,42.28333333333333,0.0756302521008403,0.6418626387082695,VIOLENT-WHIPSAW,US,-24.75,63.425,126.85,28536.25,28409.4,126.85,252.2,TARGET,4.8,456.5
1785505560,2026-07-31,-1,54.583333333333336,0.5362997658079626,-1.2595909288904796,CLEAN-TREND,US,-229.0,81.875,163.75,28396.0,28232.25,163.75,326.0,TARGET,18.0,316.25
1785506760,2026-07-31,-1,52.61666666666667,0.4554973821989528,-1.4770604829076908,CLEAN-TREND,US,-174.0,78.925,157.85,28211.5,28290.75,-79.25,-160.0,STOP,30.0,131.75
1785509280,2026-07-31,1,38.05,0.3240482822655524,1.5786775136564524,BUILDING,US,87.25,57.074999999999996,114.14999999999999,28316.25,28258.75,-57.5,-116.5,STOP,7.0,31.0
1785510660,2026-07-31,-1,34.36666666666667,0.3657984144960362,-1.3172131530431967,BUILDING,US,-80.75,51.55,103.1,28233.25,28285.25,-52.0,-105.5,STOP,2.3,117.75
1785511440,2026-07-31,-1,38.68333333333333,0.303689687795648,-0.3724827238903778,BUILDING,US,-80.25,58.02499999999999,116.04999999999998,28196.75,28255.25,-58.5,-118.5,STOP,13.6,81.25
1785513120,2026-07-31,1,34.916666666666664,0.1710526315789473,1.131547326157808,VIOLENT-WHIPSAW,US,45.5,52.375,104.75,28264.0,28368.75,104.75,208.0,TARGET,37.0,125.0
1785515580,2026-07-31,1,21.2,0.5648,-0.0608848702835849,CLEAN-TREND,US,88.25,31.799999999999997,63.599999999999994,28385.0,28352.75,-32.25,-66.0,STOP,7.1,96.25
1785517020,2026-07-31,1,20.166666666666668,0.3987473903966597,-0.4209223350545112,BUILDING,US,47.75,30.25,60.5,28385.5,28446.0,60.5,119.5,TARGET,26.5,117.25
1785518700,2026-07-31,1,15.466666666666669,0.6194331983805668,0.335222621215508,CLEAN-TREND,US,76.5,23.200000000000003,46.400000000000006,28461.25,28437.75,-23.5,-48.5,STOP,22.0,41.5
1785520080,2026-07-31,-1,17.733333333333334,0.3188180404354588,-0.7293320424189786,BUILDING,US,-51.25,26.6,53.2,28427.25,28454.5,-27.25,-56.0,STOP,3.1,32.0
1785521460,2026-07-31,-1,17.283333333333335,0.3663366336633663,-1.2333628060313842,BUILDING,US,-46.25,25.925000000000004,51.85000000000001,28401.5,28427.75,-26.25,-54.0,STOP,5.3,6.25
1785523800,2026-07-31,1,12.75,0.3608815426997245,1.811966489807168,BUILDING,US,32.75,19.125,38.25,28457.75,28438.25,-19.5,-40.5,STOP,4.7,60.75
1785525420,2026-07-31,1,15.216666666666669,0.1888111888111888,0.5257011872946463,NORMAL-CHOP,US,20.25,22.825000000000003,45.650000000000006,28454.75,28500.4,45.65,89.8,TARGET,28.2,69.75
1785527340,2026-07-31,1,17.366666666666667,0.3366666666666666,1.3914067765497065,BUILDING,US,50.5,26.05,52.1,28509.5,28483.0,-26.5,-54.5,STOP,1.1,15.0
1785527940,2026-07-31,-1,27.33333333333333,0.3083743842364532,-6.919239298179798,BUILDING,US,-78.25,40.99999999999999,81.99999999999999,28402.25,28320.25,82.0,162.5,TARGET,53.6,136.25
1785531360,2026-07-31,-1,14.983333333333333,0.7674418604651163,-0.130868831849224,CLEAN-TREND,OVERNIGHT,-82.5,22.474999999999998,44.949999999999996,28311.25,28266.3,44.95,88.4,TARGET,2.7,45.25
1785716100,2026-08-03,1,22.5,0.2826855123674912,,BUILDING,OVERNIGHT,40.0,33.75,67.5,28620.25,28586.25,-34.0,-69.5,STOP,7.5,14.75
1785716700,2026-08-03,-1,18.08333333333333,0.2062256809338521,,BUILDING,OVERNIGHT,-26.5,27.124999999999993,54.249999999999986,28570.75,28598.25,-27.5,-56.5,STOP,13.0,34.25
1785718080,2026-08-03,1,18.95,0.2752613240418118,0.6331450742249076,BUILDING,OVERNIGHT,39.5,28.424999999999997,56.849999999999994,28611.25,28582.5,-28.75,-59.0,STOP,2.7,23.75
1785719580,2026-08-03,-1,15.166666666666666,0.2850241545893719,-3.3339961700926035,BUILDING,OVERNIGHT,-29.5,22.75,45.5,28585.75,28608.75,-23.0,-47.5,STOP,13.1,21.75
1785721260,2026-08-03,1,12.633333333333333,0.2216494845360824,-1.6085584569207585,BUILDING,OVERNIGHT,21.5,18.95,37.9,28622.75,28660.65,37.9,74.3,TARGET,21.3,58.0
1785723180,2026-08-03,1,11.8,0.2125984251968504,1.2631843981576525,BUILDING,OVERNIGHT,20.25,17.700000000000003,35.400000000000006,28666.5,28648.5,-18.0,-37.5,STOP,14.5,14.25
1785724140,2026-08-03,-1,9.016666666666667,0.3096085409252669,1.1205754296359025,BUILDING,OVERNIGHT,-21.75,13.525000000000002,27.050000000000004,28639.0,28653.0,-14.0,-29.5,STOP,0.6,4.5
1785726060,2026-08-03,1,7.583333333333333,0.4239130434782608,0.653886333959643,BUILDING,OVERNIGHT,19.5,11.375,22.75,28669.75,28658.0,-11.75,-25.0,STOP,1.8,28.5
1785727320,2026-08-03,-1,7.533333333333333,0.1330049261083744,0.5852811479952277,DEAD-CHOP,OVERNIGHT,-6.75,11.3,22.6,28654.25,28666.0,-11.75,-25.0,STOP,16.1,13.75
1785728400,2026-08-03,1,8.716666666666667,0.4752475247524752,-0.0568379363692832,BUILDING,OVERNIGHT,24.0,13.075,26.15,28668.25,28694.4,26.15,50.8,TARGET,9.6,30.0
1785729060,2026-08-03,1,8.283333333333333,0.6785714285714286,0.0696231041733932,BUILDING,OVERNIGHT,38.0,12.425,24.85,28696.25,28683.5,-12.75,-27.0,STOP,3.8,1.75
1785729660,2026-08-03,-1,8.8,0.0884353741496598,1.3039280542810467,DEAD-CHOP,OVERNIGHT,-6.5,13.200000000000001,26.400000000000002,28660.75,28674.25,-13.5,-28.5,STOP,18.9,14.75
1785730860,2026-08-03,1,6.566666666666666,0.4,0.2941152528735075,BUILDING,OVERNIGHT,21.0,9.85,19.7,28682.25,28672.0,-10.25,-22.0,STOP,18.0,7.25
1785732480,2026-08-03,1,6.05,0.0635838150289017,2.3296621651874423,DEAD-CHOP,OVERNIGHT,2.75,9.075,18.15,28684.75,28675.25,-9.5,-20.5,STOP,1.8,4.75
1785732660,2026-08-03,-1,7.05,0.3047619047619048,-1.3963832451437246,BUILDING,OVERNIGHT,-16.0,10.575,21.15,28660.25,28639.1,21.15,40.8,TARGET,13.8,37.75
1785734100,2026-08-03,-1,9.7,0.437125748502994,1.0445267500425697,BUILDING,OVERNIGHT,-36.5,14.549999999999999,29.099999999999998,28628.0,28643.0,-15.0,-31.5,STOP,9.9,10.5
1785736380,2026-08-03,-1,7.416666666666667,0.3333333333333333,0.408002171136913,BUILDING,OVERNIGHT,-12.75,11.125,22.25,28627.0,28639.0,-12.0,-25.5,STOP,3.2,43.5
1785736980,2026-08-03,1,9.05,0.1659919028340081,0.9625725957675948,DEAD-CHOP,OVERNIGHT,10.25,13.575000000000001,27.150000000000002,28653.5,28639.5,-14.0,-29.5,STOP,2.6,7.75
1785737460,2026-08-03,1,10.233333333333333,0.3626373626373626,0.2281333327197428,BUILDING,OVERNIGHT,24.75,15.349999999999998,30.699999999999996,28659.0,28643.25,-15.75,-33.0,STOP,2.9,2.0
1785738300,2026-08-03,-1,8.9,0.6612021857923497,-3.204796977977978,BUILDING,OVERNIGHT,-30.25,13.350000000000001,26.700000000000003,28625.75,28639.5,-13.75,-29.0,STOP,5.7,63.0
1785739440,2026-08-03,-1,9.016666666666667,0.2058823529411764,2.5047721439150217,BUILDING,OVERNIGHT,-14.0,13.525000000000002,27.050000000000004,28610.25,28583.2,27.05,52.6,TARGET,10.5,50.25
1785740700,2026-08-03,1,12.75,0.195710455764075,0.7086070650310027,NORMAL-CHOP,PRE-OPEN,18.25,19.125,38.25,28611.25,28591.75,-19.5,-40.5,STOP,11.3,24.0
1785742500,2026-08-03,1,11.983333333333333,0.3028571428571429,1.4932675587894253,BUILDING,PRE-OPEN,26.5,17.974999999999998,35.949999999999996,28613.25,28594.75,-18.5,-38.5,STOP,0.5,0.5
1785742860,2026-08-03,-1,11.716666666666669,0.43026706231454,0.7291015457888963,BUILDING,PRE-OPEN,-36.25,17.575000000000003,35.150000000000006,28567.75,28585.75,-18.0,-37.5,STOP,7.3,95.75
1785744120,2026-08-03,-1,11.616666666666667,0.1827242524916943,-1.3040873668076696,NORMAL-CHOP,PRE-OPEN,-13.75,17.425,34.85,28555.25,28520.4,34.85,68.2,TARGET,5.5,83.25
1785745140,2026-08-03,-1,14.733333333333333,0.1631799163179916,-0.6055771593193386,NORMAL-CHOP,PRE-OPEN,-19.5,22.099999999999998,44.199999999999996,28513.25,28536.0,-22.75,-47.0,STOP,19.5,41.25
1785746460,2026-08-03,1,15.833333333333334,0.388034188034188,-0.2131027290239412,BUILDING,PRE-OPEN,56.75,23.75,47.5,28544.5,28592.0,47.5,93.5,TARGET,15.1,57.0
1785748260,2026-08-03,-1,12.883333333333333,0.3990147783251231,1.8745371875457089,BUILDING,PRE-OPEN,-40.5,19.325,38.65,28547.5,28567.25,-19.75,-41.0,STOP,4.2,27.0
1785750240,2026-08-03,-1,12.216666666666669,0.129973474801061,0.3123105213441483,NORMAL-CHOP,PRE-OPEN,-12.25,18.325000000000003,36.650000000000006,28544.25,28563.0,-18.75,-39.0,STOP,14.0,55.75
1785752220,2026-08-03,-1,11.466666666666669,0.3680297397769517,1.4459836090680251,BUILDING,PRE-OPEN,-24.75,17.200000000000003,34.400000000000006,28522.5,28540.0,-17.5,-36.5,STOP,0.7,56.0
1785752400,2026-08-03,-1,12.8,0.3802083333333333,2.0698423909234718,BUILDING,PRE-OPEN,-36.5,19.200000000000003,38.400000000000006,28508.75,28528.25,-19.5,-40.5,STOP,17.1,42.25
1785754560,2026-08-03,1,10.15,0.3608247422680412,1.3912642709562848,BUILDING,PRE-OPEN,17.5,15.225000000000001,30.450000000000003,28542.75,28527.25,-15.5,-32.5,STOP,3.2,5.0
1785754860,2026-08-03,-1,13.166666666666666,0.3121693121693121,1.727628800887382,BUILDING,PRE-OPEN,-29.5,19.75,39.5,28494.5,28455.0,39.5,77.5,TARGET,38.3,103.5
1785757680,2026-08-03,-1,13.583333333333334,0.4977578475336323,-2.7562193471966068,CLEAN-TREND,PRE-OPEN,-55.5,20.375,40.75,28445.5,28404.75,40.75,80.0,TARGET,7.1,62.75
1785758400,2026-08-03,-1,14.533333333333331,0.563169164882227,-1.0442645890867086,CLEAN-TREND,PRE-OPEN,-65.75,21.799999999999997,43.599999999999994,28402.5,28424.75,-22.25,-46.0,STOP,12.3,19.75
1785759240,2026-08-03,1,13.566666666666666,0.1435643564356435,-0.2977451236028317,NORMAL-CHOP,PRE-OPEN,14.5,20.35,40.7,28435.5,28476.2,40.7,79.9,TARGET,28.3,56.0
1785761040,2026-08-03,1,12.9,0.4269340974212034,-0.5003178922824476,CLEAN-TREND,PRE-OPEN,37.25,19.35,38.7,28486.75,28467.0,-19.75,-41.0,STOP,2.8,53.5
1785763080,2026-08-03,1,14.916666666666666,0.328735632183908,2.3190607402289447,BUILDING,PRE-OPEN,35.75,22.375,44.75,28489.25,28466.5,-22.75,-47.0,STOP,2.9,149.75
1785763500,2026-08-03,-1,16.6,0.2115732368896926,-0.4161687585841848,BUILDING,PRE-OPEN,-29.25,24.900000000000002,49.800000000000004,28435.25,28385.45,49.8,98.1,TARGET,4.8,122.25
1785763860,2026-08-03,-1,25.933333333333334,0.592814371257485,-6.290221935521773,CLEAN-TREND,US,-123.75,38.9,77.8,28349.75,28389.0,-39.25,-80.0,STOP,2.1,36.75
1785764160,2026-08-03,1,40.11666666666667,0.1058823529411764,1.3534742083118954,VIOLENT-WHIPSAW,US,33.75,60.175,120.35,28500.75,28440.0,-60.75,-123.0,STOP,3.6,211.25
1785765300,2026-08-03,1,45.05,0.2389758179231863,0.2736851363464023,BUILDING,US,84.0,67.57499999999999,135.14999999999998,28557.5,28692.65,135.15,268.8,TARGET,39.7,244.5
1785767760,2026-08-03,1,20.53333333333333,0.5483870967741935,1.951728901046059,CLEAN-TREND,US,59.5,30.799999999999997,61.599999999999994,28709.0,28770.6,61.6,121.7,TARGET,14.7,96.0
1785768720,2026-08-03,1,19.45,0.5774058577405857,-0.1482902073423557,CLEAN-TREND,US,69.0,29.174999999999997,58.349999999999994,28781.25,28751.75,-29.5,-60.5,STOP,19.3,23.75
1785770400,2026-08-03,1,17.866666666666667,0.2039312039312039,1.0868141177443127,BUILDING,US,20.75,26.8,53.6,28798.25,28771.0,-27.25,-56.0,STOP,1.4,49.25
1785770880,2026-08-03,-1,19.8,0.2527075812274368,-1.3196597851566854,BUILDING,US,-35.0,29.700000000000003,59.400000000000006,28735.5,28765.5,-30.0,-61.5,STOP,2.2,5.75
1785772380,2026-08-03,1,14.066666666666666,0.6826568265682657,5.062294863661012,CLEAN-TREND,US,46.25,21.1,42.2,28807.25,28785.75,-21.5,-44.5,STOP,3.3,40.25
1785773820,2026-08-03,1,12.716666666666669,0.389937106918239,0.2696336935543398,BUILDING,US,31.0,19.075000000000003,38.150000000000006,28835.25,28815.75,-19.5,-40.5,STOP,20.2,31.75
1785776400,2026-08-03,-1,10.066666666666666,0.2229729729729729,-1.73507694872981,BUILDING,US,-16.5,15.1,30.2,28815.25,28830.75,-15.5,-32.5,STOP,1.6,0.25
1785776940,2026-08-03,1,9.916666666666666,0.2244897959183673,-0.0284553816381135,BUILDING,US,13.75,14.875,29.75,28837.5,28867.25,29.75,58.0,TARGET,8.6,121.0
1785777720,2026-08-03,1,9.633333333333333,0.6900369003690037,1.0425794519073537,BUILDING,US,46.75,14.45,28.9,28874.25,28903.15,28.9,56.3,TARGET,32.3,90.75
1785779820,2026-08-03,1,7.466666666666667,0.7348066298342542,-0.4363837751163962,BUILDING,US,33.25,11.2,22.4,28918.0,28940.4,22.4,43.3,TARGET,6.2,47.0
1785780300,2026-08-03,1,8.583333333333334,0.9761904761904762,-0.8073273078436001,BUILDING,US,61.5,12.875,25.75,28954.0,28940.75,-13.25,-28.0,STOP,2.1,11.0
1785780600,2026-08-03,1,9.7,0.7931034482758621,2.0234148821112483,BUILDING,US,51.75,14.549999999999999,29.099999999999998,28961.5,28946.5,-15.0,-31.5,STOP,0.7,0.5
1785781140,2026-08-03,-1,11.933333333333334,0.1820728291316526,-0.5136549413152959,NORMAL-CHOP,US,-16.25,17.9,35.8,28928.0,28892.2,35.8,70.1,TARGET,8.8,45.75
1785782640,2026-08-03,1,11.9,0.2901023890784983,1.064748721405922,BUILDING,US,21.25,17.85,35.7,28913.25,28895.0,-18.25,-38.0,STOP,1.4,30.5
1785783660,2026-08-03,1,12.45,0.2666666666666666,-0.1878670853241679,BUILDING,US,28.0,18.674999999999997,37.349999999999994,28937.5,28918.5,-19.0,-39.5,STOP,3.7,6.25
1785785580,2026-08-03,-1,9.866666666666667,0.1906614785992217,-0.460122923487649,DEAD-CHOP,US,-12.25,14.8,29.6,28903.5,28918.75,-15.25,-32.0,STOP,1.5,37.75
1785786900,2026-08-03,-1,13.983333333333333,0.2777777777777778,-1.448282877294617,BUILDING,US,-27.5,20.974999999999998,41.949999999999996,28881.25,28902.5,-21.25,-44.0,STOP,3.0,15.5
1785788100,2026-08-03,1,13.033333333333331,0.5176470588235295,-0.6095657714437267,CLEAN-TREND,OVERNIGHT,44.0,19.549999999999997,39.099999999999994,28924.5,28929.0,4.5,7.5,TIME,44.0,18.0
1785796440,2026-08-03,1,6.616666666666666,0.1812865497076023,-4.541245517616135,DEAD-CHOP,OVERNIGHT,7.75,9.924999999999999,19.849999999999998,28951.25,28940.75,-10.5,-22.5,STOP,0.1,11.0
1785796800,2026-08-03,1,8.066666666666666,0.316017316017316,2.3042845651835964,BUILDING,OVERNIGHT,18.25,12.1,24.2,28961.25,28948.75,-12.5,-26.5,STOP,4.4,0.75
1785798060,2026-08-03,-1,5.966666666666667,0.4193548387096774,-1.343327700393429,BUILDING,OVERNIGHT,-13.0,8.95,17.9,28937.75,28947.0,-9.25,-20.0,STOP,0.6,8.25
1785798360,2026-08-03,-1,6.65,0.2356020942408377,-2.788076902877848,BUILDING,OVERNIGHT,-11.25,9.975000000000001,19.950000000000003,28932.0,28942.25,-10.25,-22.0,STOP,8.9,1.5
1785799140,2026-08-03,1,6.383333333333334,0.3116883116883117,-0.3364304838371568,BUILDING,OVERNIGHT,12.0,9.575000000000001,19.150000000000002,28951.25,28941.25,-10.0,-21.5,STOP,6.1,27.75
1785800280,2026-08-03,-1,6.8,0.282258064516129,-1.67066289542177,BUILDING,OVERNIGHT,-17.5,10.2,20.4,28935.0,28945.75,-10.75,-23.0,STOP,2.3,63.25
1785800820,2026-08-03,1,7.783333333333333,0.0875912408759124,4.84367414630177,DEAD-CHOP,OVERNIGHT,6.0,11.675,23.35,28959.5,28947.5,-12.0,-25.5,STOP,12.4,19.5
1785802320,2026-08-04,-1,15.166666666666666,0.2535885167464115,-6.825135935116659,BUILDING,OVERNIGHT,-26.5,22.75,45.5,28931.5,28886.0,45.5,89.5,TARGET,21.8,100.0
1785803700,2026-08-04,-1,12.016666666666667,0.5269922879177378,-1.0436225693248626,BUILDING,OVERNIGHT,-51.25,18.025000000000002,36.050000000000004,28873.25,28891.75,-18.5,-38.5,STOP,3.7,41.75
1785804060,2026-08-04,-1,12.766666666666667,0.5555555555555556,-0.9174414792475336,CLEAN-TREND,OVERNIGHT,-51.25,19.150000000000002,38.300000000000004,28870.5,28890.0,-19.5,-40.5,STOP,1.8,39.0
1785804780,2026-08-04,1,14.866666666666667,0.2180451127819548,1.22097395732909,BUILDING,OVERNIGHT,21.75,22.3,44.6,28906.25,28883.0,-23.25,-48.0,STOP,1.3,131.75
1785805200,2026-08-04,-1,15.1,0.2085308056872037,-2.430086453334482,BUILDING,OVERNIGHT,-22.0,22.65,45.3,28855.75,28878.75,-23.0,-47.5,STOP,14.3,24.25
1785806400,2026-08-04,1,14.85,0.2391304347826087,2.134861233949013,BUILDING,OVERNIGHT,27.5,22.275,44.55,28888.25,28932.8,44.55,87.6,TARGET,14.7,161.0
1785807840,2026-08-04,1,13.016666666666667,0.3677419354838709,0.4486356637430665,BUILDING,OVERNIGHT,42.75,19.525000000000002,39.050000000000004,28942.5,28981.55,39.05,76.6,TARGET,6.7,106.75
1785808320,2026-08-04,1,13.3,0.8212058212058212,0.3787141259036082,CLEAN-TREND,OVERNIGHT,98.75,19.950000000000003,39.900000000000006,29012.75,28992.5,-20.25,-42.0,STOP,13.2,36.5
1785809400,2026-08-04,-1,15.183333333333334,0.5258620689655172,1.890119192230842,CLEAN-TREND,OVERNIGHT,-61.0,22.775,45.55,28975.75,28955.0,20.75,40.0,TIME,60.0,33.0
1785814020,2026-08-04,1,11.2,0.6439393939393939,-0.2972915433874217,BUILDING,OVERNIGHT,42.5,16.799999999999997,33.599999999999994,28981.25,28963.75,-17.5,-36.5,STOP,13.7,35.5
1785815760,2026-08-04,1,9.333333333333334,0.4453125,0.1668067904381505,BUILDING,OVERNIGHT,28.5,14.0,28.0,28994.5,28980.25,-14.25,-30.0,STOP,8.9,29.0
1785816660,2026-08-04,-1,10.166666666666666,0.216867469879518,1.1207237254038107,BUILDING,OVERNIGHT,-18.0,15.25,30.5,28976.5,28992.0,-15.5,-32.5,STOP,5.2,8.0
1785817140,2026-08-04,1,9.95,0.2823529411764706,1.454250629182288,BUILDING,OVERNIGHT,24.0,14.924999999999999,29.849999999999998,29006.75,28991.5,-15.25,-32.0,STOP,50.5,16.75
1785820260,2026-08-04,-1,10.816666666666666,0.3846153846153846,-0.5962629151728134,BUILDING,OVERNIGHT,-32.5,16.225,32.45,28988.5,29005.0,-16.5,-34.5,STOP,8.0,10.0
1785821040,2026-08-04,1,10.083333333333334,0.15625,0.6754580427254475,DEAD-CHOP,OVERNIGHT,12.5,15.125,30.25,29019.5,29049.75,30.25,59.0,TARGET,10.6,76.0
1785821760,2026-08-04,1,10.316666666666666,0.660377358490566,0.9728729208398612,BUILDING,OVERNIGHT,52.5,15.475,30.95,29062.5,29046.75,-15.75,-33.0,STOP,3.2,36.5
1785823020,2026-08-04,1,8.033333333333333,0.2620320855614973,-0.0327074595438055,BUILDING,OVERNIGHT,12.25,12.05,24.1,29068.25,29092.35,24.1,46.7,TARGET,15.1,30.75
1785825000,2026-08-04,-1,7.833333333333333,0.2924528301886792,-0.5038421745603646,BUILDING,OVERNIGHT,-15.5,11.75,23.5,29074.75,29086.75,-12.0,-25.5,STOP,0.8,37.5
1785825240,2026-08-04,-1,8.7,0.1746031746031746,-0.0897164996359774,DEAD-CHOP,OVERNIGHT,-11.0,13.049999999999999,26.099999999999998,29071.0,29044.9,26.1,50.7,TARGET,7.2,33.75
1785826740,2026-08-04,1,7.366666666666666,0.2921810699588477,-0.5873045273078191,BUILDING,OVERNIGHT,17.75,11.049999999999999,22.099999999999998,29073.5,29095.6,22.1,42.7,TARGET,2.2,44.75
1785828240,2026-08-04,1,13.3,0.3479318734793187,-0.9221097981140104,BUILDING,PRE-OPEN,35.75,19.950000000000003,39.900000000000006,29091.0,29070.75,-20.25,-42.0,STOP,31.8,41.25
1785830220,2026-08-04,-1,9.5,0.1310344827586207,-0.2161783503681343,DEAD-CHOP,PRE-OPEN,-9.5,14.25,28.5,29067.25,29081.75,-14.5,-30.5,STOP,3.4,29.5
1785831600,2026-08-04,1,11.35,0.2227488151658767,0.943110599280745,BUILDING,PRE-OPEN,11.75,17.025,34.05,29127.25,29109.75,-17.5,-36.5,STOP,3.2,5.0
1785832020,2026-08-04,-1,10.55,0.1737704918032787,1.6318139458851109,NORMAL-CHOP,PRE-OPEN,-13.25,15.825000000000001,31.650000000000002,29098.75,29067.1,31.65,61.8,TARGET,6.5,91.25
1785833100,2026-08-04,-1,11.383333333333333,0.5411764705882353,-4.0408106371325845,BUILDING,PRE-OPEN,-46.0,17.075,34.15,29054.75,29072.5,-17.75,-37.0,STOP,9.1,47.25
1785833760,2026-08-04,1,10.083333333333334,0.1117166212534059,0.4393023246797001,DEAD-CHOP,PRE-OPEN,10.25,15.125,30.25,29077.0,29061.5,-15.5,-32.5,STOP,2.3,9.0
1785834360,2026-08-04,-1,10.116666666666667,0.3422818791946309,-3.101094444854415,BUILDING,PRE-OPEN,-25.5,15.175,30.35,29035.5,29051.0,-15.5,-32.5,STOP,23.5,28.0
1785835980,2026-08-04,1,9.216666666666669,0.6761904761904762,1.1898449794373376,BUILDING,PRE-OPEN,35.5,13.825000000000003,27.650000000000006,29054.0,29081.65,27.65,53.8,TARGET,11.7,61.75
1785837960,2026-08-04,1,8.75,0.4829268292682926,0.2572544563929431,BUILDING,PRE-OPEN,24.75,13.125,26.25,29088.75,29115.0,26.25,51.0,TARGET,17.3,58.25
1785839760,2026-08-04,-1,9.483333333333333,0.395017793594306,-6.120737568457025,BUILDING,PRE-OPEN,-27.75,14.224999999999998,28.449999999999996,29080.0,29094.5,-14.5,-30.5,STOP,6.3,6.5
1785840240,2026-08-04,1,13.633333333333333,0.2179487179487179,8.864979306726724,BUILDING,PRE-OPEN,25.5,20.45,40.9,29121.75,29162.65,40.9,80.3,TARGET,36.8,90.75
1785842880,2026-08-04,1,9.7,0.4296875,0.0591388946979196,BUILDING,PRE-OPEN,27.5,14.549999999999999,29.099999999999998,29169.0,29154.0,-15.0,-31.5,STOP,11.5,77.0
1785843780,2026-08-04,1,11.883333333333333,0.2623376623376623,10.7960184960225,BUILDING,PRE-OPEN,25.25,17.825,35.65,29194.75,29176.5,-18.25,-38.0,STOP,0.4,51.25
1785844140,2026-08-04,1,15.816666666666666,0.4107142857142857,-0.1728962249081644,CLEAN-TREND,PRE-OPEN,46.0,23.725,47.45,29216.25,29197.75,-18.5,-38.5,TIME,60.0,29.75
1785848520,2026-08-04,1,11.683333333333334,0.2597864768683274,3.49429423323744,BUILDING,PRE-OPEN,18.25,17.525,35.05,29220.5,29255.55,35.05,68.6,TARGET,17.7,284.0
1785850200,2026-08-04,1,24.166666666666668,0.3524057217165149,0.5630625835935613,BUILDING,US,67.75,36.25,72.5,29302.75,29375.25,72.5,143.5,TARGET,3.9,261.5
1785850500,2026-08-04,1,28.416666666666668,0.5514018691588785,1.5039246986192571,CLEAN-TREND,US,132.75,42.625,85.25,29403.75,29360.75,-43.0,-87.5,STOP,1.5,164.0
1785850860,2026-08-04,1,35.28333333333333,0.6106623586429726,0.9246305841116732,CLEAN-TREND,US,189.0,52.925,105.85,29428.25,29534.1,105.85,210.2,TARGET,29.8,151.0
1785852720,2026-08-04,1,24.23333333333333,0.6654929577464789,1.2561674628451325,CLEAN-TREND,US,94.5,36.349999999999994,72.69999999999999,29536.5,29499.75,-36.75,-75.0,STOP,6.6,78.5
1785853620,2026-08-04,1,23.316666666666663,0.0782312925170068,1.6017379892851145,VIOLENT-WHIPSAW,US,11.5,34.974999999999994,69.94999999999999,29548.5,29618.45,69.95,138.4,TARGET,45.2,116.0
1785856740,2026-08-04,1,11.966666666666669,0.5815384615384616,0.8913377779724959,BUILDING,US,47.25,17.950000000000003,35.900000000000006,29632.5,29668.4,35.9,70.3,TARGET,18.6,75.25
1785858300,2026-08-04,1,14.15,0.5106382978723404,0.7864224161962918,CLEAN-TREND,US,48.0,21.225,42.45,29684.75,29663.25,-21.5,-44.5,STOP,25.6,50.0
1785860340,2026-08-04,1,10.583333333333334,0.2048192771084337,1.3945874871798134,BUILDING,US,17.0,15.875,31.75,29704.75,29736.5,31.75,62.0,TARGET,26.6,99.5
1785862020,2026-08-04,1,8.983333333333333,0.3085501858736059,-0.5310943686357588,BUILDING,US,20.75,13.474999999999998,26.949999999999996,29737.75,29764.7,26.95,52.4,TARGET,13.1,152.0
1785863040,2026-08-04,1,10.083333333333334,0.4951456310679611,0.6484245024934466,BUILDING,US,38.25,15.125,30.25,29781.25,29811.5,30.25,59.0,TARGET,21.0,117.0
1785864960,2026-08-04,1,11.983333333333333,0.5074183976261127,0.5335878713775022,BUILDING,US,42.75,17.974999999999998,35.949999999999996,29830.0,29865.95,35.95,70.4,TARGET,8.0,68.25
1785865560,2026-08-04,1,11.2,0.8543417366946778,-1.0321647980977595,BUILDING,US,76.25,16.799999999999997,33.599999999999994,29885.0,29867.75,-17.25,-36.0,STOP,3.3,13.25
1785866400,2026-08-04,-1,17.033333333333335,0.4684512428298279,-4.495849561544723,CLEAN-TREND,US,-61.25,25.550000000000004,51.10000000000001,29819.25,29845.25,-26.0,-53.5,STOP,1.0,9.25
1785867240,2026-08-04,1,20.05,0.1597845601436265,1.7596851657323478,VIOLENT-WHIPSAW,US,22.25,30.075000000000003,60.150000000000006,29860.25,29920.4,60.15,118.8,TARGET,46.6,76.25
1785870120,2026-08-04,1,11.733333333333333,0.436046511627907,-0.5136250243436565,BUILDING,US,37.5,17.599999999999998,35.199999999999996,29922.5,29904.5,-18.0,-37.5,STOP,2.9,34.0
1785870540,2026-08-04,1,12.316666666666666,0.5519125683060109,1.1715114263635116,BUILDING,US,50.5,18.475,36.95,29930.5,29911.75,-18.75,-39.0,STOP,15.7,26.0
1785871560,2026-08-04,-1,11.5,0.3531353135313531,-0.2197103114134812,BUILDING,US,-26.75,17.25,34.5,29905.75,29923.25,-17.5,-36.5,STOP,10.2,148.0
1785872520,2026-08-04,1,11.916666666666666,0.4864864864864865,-0.4954403030541733,BUILDING,US,36.0,17.875,35.75,29941.5,29923.25,-18.25,-38.0,STOP,5.2,15.0
1785873240,2026-08-04,-1,15.983333333333333,0.447191011235955,-3.538560647437425,CLEAN-TREND,US,-49.75,23.974999999999998,47.949999999999996,29871.5,29895.75,-24.25,-50.0,STOP,5.1,113.75
1785873960,2026-08-04,1,26.266666666666666,0.2081081081081081,0.3339978238430717,BUILDING,OVERNIGHT,38.5,39.4,78.8,29937.0,29897.0,-40.0,-81.5,STOP,4.5,1.0
1785874500,2026-08-04,-1,27.466666666666665,0.152963671128107,-2.43330237748376,VIOLENT-WHIPSAW,OVERNIGHT,-40.0,41.199999999999996,82.39999999999999,29821.25,29819.25,2.0,2.5,TIME,44.0,63.5
1785883380,2026-08-04,-1,9.15,0.528957528957529,-4.11860859492878,BUILDING,OVERNIGHT,-34.25,13.725000000000001,27.450000000000003,29796.25,29810.25,-14.0,-29.5,STOP,2.8,3.25
1785884220,2026-08-04,1,8.783333333333333,0.0658682634730539,1.0853974025735014,DEAD-CHOP,OVERNIGHT,5.5,13.175,26.35,29820.5,29846.85,26.35,51.2,TARGET,7.0,36.75
1785885840,2026-08-04,-1,6.166666666666667,0.2923076923076923,-2.53614763513589,BUILDING,OVERNIGHT,-9.5,9.25,18.5,29828.75,29810.25,18.5,35.5,TARGET,9.1,26.0
1785886800,2026-08-04,1,11.033333333333331,0.1561643835616438,1.7130823946105138,NORMAL-CHOP,OVERNIGHT,14.25,16.549999999999997,33.099999999999994,29838.5,29820.0,-18.5,-38.5,STOP,19.5,39.0
1785888360,2026-08-05,1,17.033333333333335,0.1132075471698113,3.954566675035714,VIOLENT-WHIPSAW,OVERNIGHT,15.0,25.550000000000004,51.10000000000001,29861.0,29835.0,-26.0,-53.5,STOP,1.7,16.5
1785889560,2026-08-05,1,10.7,0.088235294117647,-1.73540896783799,NORMAL-CHOP,OVERNIGHT,7.5,16.049999999999997,32.099999999999994,29858.25,29841.75,-16.5,-34.5,STOP,12.1,19.25
1785890820,2026-08-05,-1,10.866666666666667,0.6758893280632411,-0.8367728803091796,BUILDING,OVERNIGHT,-42.75,16.3,32.6,29825.75,29842.5,-16.75,-35.0,STOP,3.9,29.0
1785892200,2026-08-05,1,11.933333333333334,0.1775147928994082,1.4192400685672135,NORMAL-CHOP,OVERNIGHT,15.0,17.9,35.8,29857.0,29838.75,-18.25,-38.0,STOP,2.9,32.0
1785893520,2026-08-05,1,11.95,0.2887537993920973,0.5734691784877365,BUILDING,OVERNIGHT,23.75,17.924999999999997,35.849999999999994,29839.0,29820.75,-18.25,-38.0,STOP,1.0,50.0
1785894300,2026-08-05,1,14.316666666666666,0.2170818505338078,1.097713848249228,BUILDING,OVERNIGHT,30.5,21.475,42.95,29854.75,29862.75,8.0,14.5,TIME,60.0,34.25
1785897960,2026-08-05,1,8.833333333333334,0.3261648745519713,-0.1682684714450688,BUILDING,OVERNIGHT,22.75,13.25,26.5,29870.75,29857.25,-13.5,-28.5,STOP,2.6,22.0
1785898980,2026-08-05,1,8.85,0.2170542635658914,-0.4884492059214519,BUILDING,OVERNIGHT,14.0,13.274999999999999,26.549999999999997,29876.0,29862.25,-13.75,-29.0,STOP,26.0,18.25
1785901200,2026-08-05,1,6.716666666666667,0.2268041237113402,1.9502534735150925,BUILDING,OVERNIGHT,11.0,10.075,20.15,29887.25,29876.5,-10.75,-23.0,STOP,7.5,20.0
1785902820,2026-08-05,1,5.05,0.2058823529411764,1.1791697205264735,BUILDING,OVERNIGHT,7.0,7.574999999999999,15.149999999999999,29895.25,29887.25,-8.0,-17.5,STOP,4.4,40.0
1785903300,2026-08-05,-1,6.033333333333333,0.1733333333333333,0.0902911110831597,DEAD-CHOP,OVERNIGHT,-6.5,9.05,18.1,29880.75,29862.65,18.1,34.7,TARGET,5.5,21.5
1785904320,2026-08-05,1,6.666666666666667,0.1603053435114503,1.6435999395468734,DEAD-CHOP,OVERNIGHT,10.5,10.0,20.0,29888.5,29908.5,20.0,38.5,TARGET,10.2,60.5
1785905820,2026-08-05,1,6.816666666666666,0.1595744680851064,1.697883404872119,DEAD-CHOP,OVERNIGHT,7.5,10.225,20.45,29913.5,29903.0,-10.5,-22.5,STOP,1.7,67.5
1785906060,2026-08-05,1,8.716666666666667,0.2323943661971831,0.8912701885811215,BUILDING,OVERNIGHT,16.5,13.075,26.15,29922.25,29948.4,26.15,50.8,TARGET,25.0,64.5
1785907800,2026-08-05,-1,6.95,0.2727272727272727,-6.596032222156377,BUILDING,OVERNIGHT,-15.0,10.425,20.85,29925.5,29936.25,-10.75,-23.0,STOP,10.5,5.25
1785908820,2026-08-05,1,6.533333333333333,0.475,0.2084010087326412,BUILDING,OVERNIGHT,19.0,9.8,19.6,29946.5,29966.1,19.6,37.7,TARGET,3.1,44.25
1785909240,2026-08-05,1,6.833333333333333,0.8867924528301887,0.4777902622463174,BUILDING,OVERNIGHT,47.0,10.25,20.5,29977.0,29966.5,-10.5,-22.5,STOP,6.8,13.75
1785910200,2026-08-05,1,7.466666666666667,0.1703056768558952,0.5548888122595992,DEAD-CHOP,OVERNIGHT,9.75,11.2,22.4,29988.5,29977.0,-11.5,-24.5,STOP,4.6,2.25
1785910860,2026-08-05,-1,8.95,0.3226666666666666,-1.0809193787524447,BUILDING,OVERNIGHT,-30.25,13.424999999999999,26.849999999999998,29939.25,29953.0,-13.75,-29.0,STOP,10.4,14.0
1785912900,2026-08-05,1,8.933333333333334,0.2941176470588235,-0.1317223863334083,BUILDING,OVERNIGHT,18.75,13.4,26.8,29965.75,29952.0,-13.75,-29.0,STOP,14.3,21.5
1785913920,2026-08-05,-1,13.916666666666666,0.2232142857142857,0.454419448614383,BUILDING,PRE-OPEN,-25.0,20.875,41.75,29940.75,29899.0,41.75,82.0,TARGET,17.7,78.0
1785915300,2026-08-05,-1,11.683333333333334,0.5287958115183246,-1.6387005921439886,BUILDING,PRE-OPEN,-50.5,17.525,35.05,29887.5,29905.5,-18.0,-37.5,STOP,2.3,80.75
1785917340,2026-08-05,-1,11.533333333333331,0.0748299319727891,0.4658969366698435,NORMAL-CHOP,PRE-OPEN,-5.5,17.299999999999997,34.599999999999994,29888.75,29854.15,34.6,67.7,TARGET,4.5,92.0
1785917880,2026-08-05,-1,12.933333333333334,0.675531914893617,-1.0902764074230522,CLEAN-TREND,PRE-OPEN,-63.5,19.4,38.8,29851.75,29812.95,38.8,76.1,TARGET,11.5,55.0
1785920100,2026-08-05,1,13.833333333333334,0.4744525547445255,0.4782615471887352,CLEAN-TREND,PRE-OPEN,32.5,20.75,41.5,29840.75,29819.75,-21.0,-43.5,STOP,20.0,53.75
1785921480,2026-08-05,-1,10.233333333333333,0.4,-0.0058767658723277,BUILDING,PRE-OPEN,-26.0,15.349999999999998,30.699999999999996,29816.75,29832.5,-15.75,-33.0,STOP,1.1,1.25
1785922200,2026-08-05,1,11.066666666666666,0.6139240506329114,1.0378285512300447,BUILDING,PRE-OPEN,48.5,16.6,33.2,29870.75,29853.75,-17.0,-35.5,STOP,22.1,23.75
1785924600,2026-08-05,-1,9.85,0.3283018867924528,-0.5304576413684162,BUILDING,PRE-OPEN,-21.75,14.774999999999999,29.549999999999997,29843.0,29858.25,-15.25,-32.0,STOP,6.5,10.0
1785925560,2026-08-05,1,7.683333333333334,0.6455696202531646,2.088561354409701,BUILDING,PRE-OPEN,25.5,11.525,23.05,29862.5,29850.5,-12.0,-25.5,STOP,3.8,58.75
1785925920,2026-08-05,1,7.833333333333333,0.3215859030837004,0.432220868743073,BUILDING,PRE-OPEN,18.25,11.75,23.5,29868.25,29856.25,-12.0,-25.5,STOP,9.6,55.0
1785926700,2026-08-05,-1,9.8,0.1530944625407166,2.8402005781846147,DEAD-CHOP,PRE-OPEN,-11.75,14.700000000000001,29.400000000000002,29838.75,29853.75,-15.0,-31.5,STOP,6.9,5.0
1785927600,2026-08-05,1,10.966666666666669,0.485254691689008,8.860896827896724,BUILDING,PRE-OPEN,45.25,16.450000000000003,32.900000000000006,29884.0,29916.9,32.9,64.3,TARGET,8.4,59.75
1785929160,2026-08-05,1,9.35,0.2863849765258216,-0.0845971079797952,BUILDING,PRE-OPEN,15.25,14.024999999999999,28.049999999999997,29919.25,29904.75,-14.5,-30.5,STOP,2.9,24.5
1785930540,2026-08-05,1,10.75,0.1929824561403508,0.6476398280883312,NORMAL-CHOP,PRE-OPEN,13.75,16.125,32.25,29940.25,29923.75,-16.5,-34.5,STOP,2.8,6.75
1785931440,2026-08-05,-1,11.366666666666667,0.3576642335766423,-2.5167957808261527,BUILDING,PRE-OPEN,-36.75,17.05,34.1,29902.75,29920.25,-17.5,-36.5,STOP,8.6,14.25
1785932820,2026-08-05,1,15.433333333333334,0.2322834645669291,3.7200107508399607,BUILDING,PRE-OPEN,29.5,23.15,46.3,29935.5,29912.0,-23.5,-48.5,STOP,3.9,19.0
1785934320,2026-08-05,-1,8.65,0.3482142857142857,-0.77234792266107,BUILDING,PRE-OPEN,-19.5,12.975000000000001,25.950000000000003,29923.25,29936.5,-13.25,-28.0,STOP,9.2,27.5
1785935100,2026-08-05,1,9.783333333333331,0.0833333333333333,2.969205963425832,DEAD-CHOP,PRE-OPEN,7.5,14.674999999999997,29.349999999999994,29946.25,29931.25,-15.0,-31.5,STOP,8.1,127.0
1785935760,2026-08-05,-1,9.683333333333334,0.2740213523131672,0.3933696501335972,BUILDING,PRE-OPEN,-19.25,14.525,29.05,29914.0,29929.0,-15.0,-31.5,STOP,9.2,18.25
1785936420,2026-08-05,1,12.05,0.1016949152542373,0.9356429375190692,NORMAL-CHOP,PRE-OPEN,9.0,18.075000000000003,36.150000000000006,29945.0,29981.15,36.15,70.8,TARGET,2.0,128.25
1785936780,2026-08-05,1,22.866666666666667,0.4141935483870967,1.212557809219632,CLEAN-TREND,US,80.25,34.3,68.6,29996.75,29962.0,-34.75,-71.0,STOP,2.4,76.5
1785937380,2026-08-05,1,46.65,0.2653362897265336,-0.1834821898095433,BUILDING,US,89.75,69.975,139.95,30052.0,29981.75,-70.25,-142.0,STOP,10.5,21.25
1785938460,2026-08-05,-1,41.86666666666667,0.228995057660626,-2.2227619128338083,BUILDING,US,-69.5,62.8,125.6,29961.5,30024.75,-63.25,-128.0,STOP,7.3,173.75
1785940200,2026-08-05,-1,35.7,0.4699029126213592,-2.297206548344531,CLEAN-TREND,US,-121.0,53.550000000000004,107.10000000000001,29892.0,29784.9,107.1,212.7,TARGET,47.1,129.75
1785944700,2026-08-05,-1,21.95,0.1773049645390071,-1.4182853081592328,VIOLENT-WHIPSAW,US,-25.0,32.925,65.85,29804.5,29738.65,65.85,130.2,TARGET,11.2,102.75
1785946800,2026-08-05,1,23.8,0.1340523882896764,1.3397440670905003,VIOLENT-WHIPSAW,US,21.75,35.7,71.4,29777.75,29763.5,-14.25,-30.0,TIME,60.0,62.25
1785950520,2026-08-05,-1,17.966666666666665,0.2051756007393715,-1.271592257443502,BUILDING,US,-27.75,26.949999999999996,53.89999999999999,29742.0,29769.25,-27.25,-56.0,STOP,2.4,7.75
1785953040,2026-08-05,1,13.8,0.2044817927170868,1.3821763711726334,BUILDING,US,18.25,20.700000000000003,41.400000000000006,29781.75,29760.75,-21.0,-43.5,STOP,1.6,3.25
1785954600,2026-08-05,-1,11.733333333333333,0.3432835820895522,-0.0732098496112617,BUILDING,US,-34.5,17.599999999999998,35.199999999999996,29747.5,29765.5,-18.0,-37.5,STOP,17.4,29.5
1785956100,2026-08-05,-1,11.433333333333334,0.1385767790262172,-0.1048106576371093,NORMAL-CHOP,US,-9.25,17.15,34.3,29732.25,29749.75,-17.5,-36.5,STOP,5.7,43.5
1785956700,2026-08-05,1,13.25,0.1457286432160804,5.7863680462755145,NORMAL-CHOP,US,14.5,19.875,39.75,29772.5,29752.25,-20.25,-42.0,STOP,24.0,7.5
1785958260,2026-08-05,-1,11.383333333333333,0.3313953488372093,-0.0346736941858996,BUILDING,US,-28.5,17.075,34.15,29743.0,29708.85,34.15,66.8,TARGET,12.3,212.25
1785959160,2026-08-05,-1,14.166666666666666,0.4657534246575342,-6.849198182306531,CLEAN-TREND,US,-51.0,21.25,42.5,29692.5,29714.0,-21.5,-44.5,STOP,2.8,161.75
1785959760,2026-08-05,-1,15.85,0.3690987124463519,-1.2942892985060217,BUILDING,US,-43.0,23.775,47.55,29680.75,29633.2,47.55,93.6,TARGET,2.7,150.0
1785962040,2026-08-05,1,10.883333333333333,0.3554502369668246,-0.3526498965867269,BUILDING,OVERNIGHT,18.75,16.325,32.65,29591.5,29574.75,-16.75,-35.0,STOP,2.1,15.5
1785962460,2026-08-05,1,11.083333333333334,0.3872053872053872,-0.5153176597220704,BUILDING,OVERNIGHT,28.75,16.625,33.25,29595.25,29578.0,-17.25,-36.0,STOP,10.3,11.75
1785968400,2026-08-05,1,10.7,0.3148148148148148,-0.0329760435351112,BUILDING,OVERNIGHT,25.5,16.049999999999997,32.099999999999994,29600.25,29632.35,32.1,62.7,TARGET,2.4,78.5
1785969120,2026-08-05,1,11.2,0.6997578692493946,0.7230611080086768,BUILDING,OVERNIGHT,72.25,16.799999999999997,33.599999999999994,29654.75,29637.5,-17.25,-36.0,STOP,17.8,24.0
1785970260,2026-08-05,-1,9.866666666666667,0.3978494623655914,1.0807101386118754,BUILDING,OVERNIGHT,-27.75,14.8,29.6,29634.0,29649.25,-15.25,-32.0,STOP,35.2,67.5
1785972720,2026-08-05,-1,10.583333333333334,0.3161290322580645,-3.185480226604986,BUILDING,OVERNIGHT,-24.5,15.875,31.75,29601.75,29570.0,31.75,62.0,TARGET,15.7,55.5
1785974400,2026-08-06,-1,12.033333333333331,0.2161383285302593,-3.377278585961304,BUILDING,OVERNIGHT,-18.75,18.049999999999997,36.099999999999994,29561.5,29580.0,-18.5,-38.5,STOP,1.3,36.5
1785974880,2026-08-06,1,16.133333333333333,0.0926365795724465,2.0521660994565845,VIOLENT-WHIPSAW,OVERNIGHT,9.75,24.2,48.4,29592.5,29568.0,-24.5,-50.5,STOP,1.7,16.25
1785975840,2026-08-06,1,17.866666666666667,0.0595813204508856,1.2086020924319918,VIOLENT-WHIPSAW,OVERNIGHT,9.25,26.8,53.6,29604.25,29577.0,-27.25,-56.0,STOP,1.9,4.5
1785976260,2026-08-06,-1,15.116666666666667,0.1124031007751938,-0.4353733135742563,NORMAL-CHOP,OVERNIGHT,-14.5,22.675,45.35,29551.75,29574.75,-23.0,-47.5,STOP,5.6,97.5
1785977520,2026-08-06,-1,14.1,0.1417624521072797,-4.374753219985555,NORMAL-CHOP,OVERNIGHT,-18.5,21.15,42.3,29545.25,29502.95,42.3,83.1,TARGET,13.0,91.0
1785978960,2026-08-06,-1,14.133333333333333,0.112,-1.625656126014848,NORMAL-CHOP,OVERNIGHT,-14.0,21.2,42.4,29496.75,29454.35,42.4,83.3,TARGET,10.1,42.5
1785980880,2026-08-06,1,14.783333333333331,0.1865671641791045,0.7459831878729416,NORMAL-CHOP,OVERNIGHT,25.0,22.174999999999997,44.349999999999994,29518.5,29496.0,-22.5,-46.5,STOP,3.3,102.5
1785982080,2026-08-06,1,12.55,0.0949720670391061,1.2000658816123373,NORMAL-CHOP,OVERNIGHT,8.5,18.825000000000003,37.650000000000006,29522.5,29560.15,37.65,73.8,TARGET,11.8,98.5
1785982980,2026-08-06,1,13.716666666666669,0.4541387024608501,0.8171111198624053,CLEAN-TREND,OVERNIGHT,50.75,20.575000000000003,41.150000000000006,29573.25,29552.25,-21.0,-43.5,STOP,3.6,47.75
1785983580,2026-08-06,1,13.033333333333331,0.3287671232876712,0.9787611115668088,BUILDING,OVERNIGHT,36.0,19.549999999999997,39.099999999999994,29582.75,29562.75,-20.0,-41.5,STOP,43.7,38.25
1785986340,2026-08-06,-1,9.383333333333333,0.7333333333333333,-0.4397477265350628,BUILDING,OVERNIGHT,-49.5,14.075,28.15,29556.25,29528.1,28.15,54.8,TARGET,13.5,33.5
1785988020,2026-08-06,1,11.866666666666667,0.4511278195488721,0.3831430778359429,BUILDING,OVERNIGHT,30.0,17.8,35.6,29568.0,29549.75,-18.25,-38.0,STOP,5.5,32.5
1785988740,2026-08-06,1,11.633333333333333,0.362126245847176,3.3334648967547698,BUILDING,OVERNIGHT,27.25,17.45,34.9,29581.0,29563.25,-17.75,-37.0,STOP,0.4,19.5
1785988980,2026-08-06,-1,12.916666666666666,0.2857142857142857,-1.1928545798613326,BUILDING,OVERNIGHT,-29.0,19.375,38.75,29537.5,29557.25,-19.75,-41.0,STOP,1.7,1.5
1785990120,2026-08-06,1,10.683333333333334,0.2134831460674157,1.130722554608212,BUILDING,OVERNIGHT,19.0,16.025,32.05,29584.25,29567.75,-16.5,-34.5,STOP,11.4,16.25
1785991140,2026-08-06,-1,10.616666666666667,0.3983739837398374,-0.3741146793404808,BUILDING,OVERNIGHT,-36.75,15.925,31.85,29549.5,29565.75,-16.25,-34.0,STOP,12.3,6.0
1785992040,2026-08-06,1,9.166666666666666,0.2565789473684211,0.4498714778786327,BUILDING,OVERNIGHT,19.5,13.75,27.5,29573.0,29559.0,-14.0,-29.5,STOP,5.9,23.0
1785992520,2026-08-06,1,11.883333333333333,0.3454545454545454,-0.2215945290462112,BUILDING,OVERNIGHT,33.25,17.825,35.65,29589.5,29571.25,-18.25,-38.0,STOP,7.1,6.5
1785994380,2026-08-06,-1,10.166666666666666,0.1508771929824561,-0.3272745967025369,DEAD-CHOP,OVERNIGHT,-10.75,15.25,30.5,29561.0,29576.75,-15.75,-33.0,STOP,10.7,77.0
1785995280,2026-08-06,-1,12.75,0.1573033707865168,-0.5633757448184881,NORMAL-CHOP,OVERNIGHT,-14.0,19.125,38.25,29547.75,29567.25,-19.5,-40.5,STOP,4.9,63.75
1785996360,2026-08-06,-1,13.333333333333334,0.0496453900709219,-3.625102457811084,NORMAL-CHOP,OVERNIGHT,-5.25,20.0,40.0,29539.75,29499.75,40.0,78.5,TARGET,7.4,55.75
1785997020,2026-08-06,-1,10.483333333333333,0.816793893129771,-2.6345619015637016,BUILDING,OVERNIGHT,-53.5,15.724999999999998,31.449999999999996,29488.75,29504.75,-16.0,-33.5,STOP,4.7,4.75
1785997620,2026-08-06,1,12.183333333333334,0.1951219512195122,0.0068484651706497,NORMAL-CHOP,OVERNIGHT,20.0,18.275,36.55,29543.25,29524.5,-18.75,-39.0,STOP,2.8,20.75
1785998400,2026-08-06,-1,10.866666666666667,0.2875318066157761,-0.5764123875549031,BUILDING,OVERNIGHT,-28.25,16.3,32.6,29499.0,29515.75,-16.75,-35.0,STOP,15.0,12.75
1785999480,2026-08-06,1,8.633333333333333,0.3392070484581498,0.231234592272306,BUILDING,OVERNIGHT,19.25,12.95,25.9,29522.0,29508.75,-13.25,-28.0,STOP,2.5,42.0
1785999960,2026-08-06,1,11.4,0.5313531353135313,-2.220897144357189,BUILDING,PRE-OPEN,40.25,17.1,34.2,29545.5,29527.75,-17.75,-37.0,STOP,20.1,18.5
1786001760,2026-08-06,-1,9.65,0.4329501915708812,-2.433375202453794,BUILDING,PRE-OPEN,-28.25,14.475000000000001,28.950000000000003,29521.5,29536.25,-14.75,-31.0,STOP,12.5,77.25
1786003320,2026-08-06,-1,11.283333333333331,0.2931937172774869,-1.8673195703627408,BUILDING,PRE-OPEN,-28.0,16.924999999999997,33.849999999999994,29495.0,29461.15,33.85,66.2,TARGET,6.9,50.75
1786003800,2026-08-06,-1,17.166666666666668,0.4085470085470085,-6.418192915313028,CLEAN-TREND,PRE-OPEN,-59.75,25.75,51.5,29449.75,29475.75,-26.0,-53.5,STOP,5.8,12.0
1786004760,2026-08-06,1,14.333333333333334,0.5091383812010444,0.2261374568854341,CLEAN-TREND,PRE-OPEN,48.75,21.5,43.0,29500.0,29478.25,-21.75,-45.0,STOP,37.0,32.75
1786007040,2026-08-06,-1,11.516666666666667,0.2268518518518518,0.6917056495402326,BUILDING,PRE-OPEN,-24.5,17.275000000000002,34.550000000000004,29474.5,29439.95,34.55,67.6,TARGET,5.9,36.75
1786008180,2026-08-06,1,11.566666666666666,0.308457711442786,-0.7333668960525833,BUILDING,PRE-OPEN,31.0,17.35,34.7,29485.75,29520.45,34.7,67.9,TARGET,32.2,51.75
1786010220,2026-08-06,1,8.15,0.4714285714285714,-1.498444619932689,BUILDING,PRE-OPEN,33.0,12.225000000000001,24.450000000000003,29528.75,29516.25,-12.5,-26.5,STOP,2.8,8.75
1786011000,2026-08-06,-1,8.816666666666666,0.1760797342192691,-0.4313991161011936,DEAD-CHOP,PRE-OPEN,-13.25,13.225,26.45,29504.25,29517.75,-13.5,-28.5,STOP,9.9,139.5
1786012080,2026-08-06,1,8.35,0.4185022026431718,-1.1793021266759878,BUILDING,PRE-OPEN,23.75,12.524999999999999,25.049999999999997,29524.5,29511.5,-13.0,-27.5,STOP,1.9,1.25
1786012500,2026-08-06,-1,8.216666666666667,0.3398058252427184,0.5232455015730604,BUILDING,PRE-OPEN,-17.5,12.325,24.65,29499.0,29474.35,24.65,47.8,TARGET,9.4,134.25
1786013820,2026-08-06,-1,9.266666666666667,0.2369477911646586,0.0404491985426608,BUILDING,PRE-OPEN,-14.75,13.900000000000002,27.800000000000004,29469.0,29483.25,-14.25,-30.0,STOP,1.8,104.25
1786014000,2026-08-06,-1,13.333333333333334,0.3893129770992366,-0.5011286728202518,BUILDING,PRE-OPEN,-51.0,20.0,40.0,29422.75,29382.75,40.0,78.5,TARGET,3.2,58.0
1786014360,2026-08-06,-1,17.8,0.5949720670391061,-1.4987415182739825,CLEAN-TREND,PRE-OPEN,-106.5,26.700000000000003,53.400000000000006,29370.5,29397.5,-27.0,-55.5,STOP,1.1,5.75
1786014960,2026-08-06,1,17.666666666666668,0.2246998284734133,-0.4217051628133939,BUILDING,PRE-OPEN,32.75,26.5,53.0,29439.0,29492.0,53.0,104.5,TARGET,14.0,77.0
1786016100,2026-08-06,1,12.7,0.5977011494252874,1.3074879186488526,CLEAN-TREND,PRE-OPEN,52.0,19.049999999999997,38.099999999999994,29505.75,29486.25,-19.5,-40.5,STOP,12.0,10.25
1786017060,2026-08-06,-1,14.633333333333333,0.5550239234449761,-1.2668249340909912,CLEAN-TREND,PRE-OPEN,-58.0,21.95,43.9,29444.25,29466.5,-22.25,-46.0,STOP,3.9,56.0
1786017660,2026-08-06,-1,17.516666666666666,0.4421252371916508,-1.3659771894745376,CLEAN-TREND,PRE-OPEN,-58.25,26.275,52.55,29431.25,29458.0,-26.75,-55.0,STOP,34.0,57.0
1786020360,2026-08-06,-1,11.85,0.2909698996655518,-0.755363745616446,BUILDING,PRE-OPEN,-21.75,17.775,35.55,29418.75,29437.0,-18.25,-38.0,STOP,3.5,177.75
1786020900,2026-08-06,-1,11.916666666666666,0.4,-0.6983098658445374,BUILDING,PRE-OPEN,-38.0,17.875,35.75,29404.25,29368.5,35.75,70.0,TARGET,9.9,163.25
1786021620,2026-08-06,-1,13.616666666666667,0.4761061946902655,-4.712079213378384,CLEAN-TREND,PRE-OPEN,-67.25,20.425,40.85,29358.0,29317.15,40.85,80.2,TARGET,23.0,117.0
1786023120,2026-08-06,-1,23.133333333333333,0.6084656084656085,4.66091524023833,CLEAN-TREND,US,-86.25,34.7,69.4,29262.75,29297.75,-35.0,-71.5,STOP,1.2,21.75
1786023360,2026-08-06,1,34.75,0.2017857142857143,5.742350897177585,BUILDING,US,56.5,52.125,104.25,29414.0,29518.25,104.25,207.0,TARGET,11.0,252.5
1786024140,2026-08-06,1,38.61666666666667,0.597444089456869,-0.1653547045651551,CLEAN-TREND,US,187.0,57.925,115.85,29526.5,29642.35,115.85,230.2,TARGET,27.3,140.0
1786027140,2026-08-06,-1,31.633333333333333,0.3770491803278688,-1.2875867381516193,BUILDING,US,-80.5,47.45,94.9,29552.75,29600.5,-47.75,-97.0,STOP,2.0,20.0
1786027560,2026-08-06,-1,32.45,0.2064026958719461,-0.3943407116431494,BUILDING,US,-61.25,48.675000000000004,97.35000000000001,29536.5,29585.5,-49.0,-99.5,STOP,3.4,5.75
1786028160,2026-08-06,1,32.6,0.1414055884843353,1.7453581519487562,VIOLENT-WHIPSAW,US,41.75,48.900000000000006,97.80000000000001,29636.25,29587.0,-49.25,-100.0,STOP,22.5,50.0
1786030440,2026-08-06,-1,25.48333333333333,0.1444600280504908,-0.7329906150614984,VIOLENT-WHIPSAW,US,-25.75,38.224999999999994,76.44999999999999,29552.25,29590.75,-38.5,-78.5,STOP,12.0,103.5
1786031280,2026-08-06,1,24.566666666666663,0.1716417910447761,1.4559512120861646,VIOLENT-WHIPSAW,US,34.5,36.849999999999994,73.69999999999999,29611.0,29573.75,-37.25,-76.0,STOP,2.5,14.5
1786031640,2026-08-06,-1,29.566666666666663,0.1587462082912032,-1.5605872597233768,VIOLENT-WHIPSAW,US,-39.25,44.349999999999994,88.69999999999999,29526.5,29510.5,16.0,30.5,TIME,60.0,77.75
1786035480,2026-08-06,1,19.08333333333333,0.2927536231884058,0.1810116062288941,BUILDING,US,50.5,28.624999999999993,57.249999999999986,29542.0,29513.0,-29.0,-59.5,STOP,16.7,32.25
1786037940,2026-08-06,-1,16.133333333333333,0.1111111111111111,-2.431861879860859,VIOLENT-WHIPSAW,US,-11.75,24.2,48.4,29511.5,29536.0,-24.5,-50.5,STOP,20.1,18.25
1786040040,2026-08-06,1,14.783333333333331,0.1286307053941908,0.4991603908281112,NORMAL-CHOP,US,15.5,22.174999999999997,44.349999999999994,29543.0,29520.5,-22.5,-46.5,STOP,1.1,33.0
1786040520,2026-08-06,1,17.883333333333333,0.277992277992278,1.0478147042177457,BUILDING,US,36.0,26.825,53.65,29573.25,29546.0,-27.25,-56.0,STOP,10.0,2.5
1786041180,2026-08-06,-1,12.45,0.228169014084507,-0.6204718576706414,BUILDING,US,-20.25,18.674999999999997,37.349999999999994,29541.75,29504.4,37.35,73.2,TARGET,8.0,53.0
1786042860,2026-08-06,1,12.133333333333333,0.1666666666666666,0.2295112324790763,NORMAL-CHOP,US,15.5,18.2,36.4,29545.0,29526.5,-18.5,-38.5,STOP,15.3,25.75
1786044240,2026-08-06,-1,12.416666666666666,0.5279805352798054,-0.6005499949785847,CLEAN-TREND,US,-54.25,18.625,37.25,29508.5,29527.5,-19.0,-39.5,STOP,6.7,33.5
1786045620,2026-08-06,-1,12.066666666666666,0.5095367847411444,0.4970188375865117,BUILDING,US,-46.75,18.1,36.2,29488.5,29507.0,-18.5,-38.5,STOP,1.9,13.5
1786045800,2026-08-06,-1,13.266666666666667,0.4569536423841059,-5.3562022165781125,CLEAN-TREND,US,-51.75,19.900000000000002,39.800000000000004,29480.25,29500.5,-20.25,-42.0,STOP,2.5,5.25
1786046040,2026-08-06,1,17.166666666666668,0.1404399323181049,-1.0229486342597538,VIOLENT-WHIPSAW,US,20.75,25.75,51.5,29531.5,29505.5,-26.0,-53.5,STOP,4.1,20.0
1786047480,2026-08-06,-1,10.833333333333334,0.1772151898734177,0.4930733390392728,NORMAL-CHOP,OVERNIGHT,-14.0,16.25,32.5,29520.25,29487.75,32.5,63.5,TARGET,8.7,40.25
1786048080,2026-08-06,-1,11.65,0.5351351351351351,0.3117101253510216,BUILDING,OVERNIGHT,-49.5,17.475,34.95,29484.75,29502.5,-17.75,-37.0,STOP,5.4,4.75
1786049700,2026-08-06,1,5.166666666666667,0.2649572649572649,0.1648779649686158,BUILDING,OVERNIGHT,7.75,7.75,15.5,29500.25,29504.25,4.0,6.5,TIME,4.0,6.75
1786054440,2026-08-06,1,13.45,,-0.2117278534326122,UNKNOWN,OVERNIGHT,0.0,20.174999999999997,40.349999999999994,29572.25,29551.75,-20.5,-42.5,STOP,8.2,8.75
1786055520,2026-08-06,-1,9.45,0.6015325670498084,-2.046841347156391,BUILDING,OVERNIGHT,-39.25,14.174999999999999,28.349999999999998,29532.5,29547.0,-14.5,-30.5,STOP,8.1,3.25
1786057020,2026-08-06,1,5.85,0.4436090225563909,0.5444938390119656,BUILDING,OVERNIGHT,14.75,8.774999999999999,17.549999999999997,29562.25,29579.8,17.55,33.6,TARGET,21.5,41.75
1786060140,2026-08-06,1,9.2,0.1119402985074626,2.208453512021295,DEAD-CHOP,OVERNIGHT,7.5,13.799999999999999,27.599999999999998,29595.75,29578.5,-17.25,-36.0,STOP,10.0,23.5
1786060920,2026-08-07,1,10.416666666666666,0.2684563758389262,-1.108474015391703,BUILDING,OVERNIGHT,20.0,15.625,31.25,29607.5,29591.5,-16.0,-33.5,STOP,3.7,11.75
1786061700,2026-08-07,-1,16.516666666666666,0.3445378151260504,-4.793316744252856,BUILDING,OVERNIGHT,-41.0,24.775,49.55,29545.5,29570.75,-25.25,-52.0,STOP,18.8,49.25
1786063920,2026-08-07,1,19.8,0.0920245398773006,0.2067498445083591,VIOLENT-WHIPSAW,OVERNIGHT,15.0,29.700000000000003,59.400000000000006,29557.75,29527.75,-30.0,-61.5,STOP,20.6,24.75
1786065540,2026-08-07,-1,15.183333333333334,0.5625,-0.1420945578989947,CLEAN-TREND,OVERNIGHT,-63.0,22.775,45.55,29507.75,29531.0,-23.25,-48.0,STOP,8.3,25.0
1786066200,2026-08-07,1,15.3,0.164882226980728,-0.4712039505587944,VIOLENT-WHIPSAW,OVERNIGHT,19.25,22.950000000000003,45.900000000000006,29544.0,29520.75,-23.25,-48.0,STOP,7.5,37.5
1786068180,2026-08-07,1,13.45,0.3141486810551558,4.089634489166941,BUILDING,OVERNIGHT,32.75,20.174999999999997,40.349999999999994,29543.0,29522.5,-20.5,-42.5,STOP,1.9,5.5
1786068540,2026-08-07,-1,14.15,0.1026785714285714,-0.926321226570448,NORMAL-CHOP,OVERNIGHT,-11.5,21.225,42.45,29511.5,29533.0,-21.5,-44.5,STOP,3.5,35.5
1786069380,2026-08-07,1,13.333333333333334,0.1102204408817635,0.743191353333607,NORMAL-CHOP,OVERNIGHT,13.75,20.0,40.0,29541.75,29521.5,-20.25,-42.0,STOP,3.0,7.5
1786069800,2026-08-07,-1,10.483333333333333,0.263456090651558,-0.8841497501543975,BUILDING,OVERNIGHT,-23.25,15.724999999999998,31.449999999999996,29512.5,29481.05,31.45,61.4,TARGET,8.4,36.5
1786070820,2026-08-07,1,14.133333333333333,0.0641509433962264,-0.766963584400453,NORMAL-CHOP,OVERNIGHT,8.5,21.2,42.4,29521.0,29499.5,-21.5,-44.5,STOP,31.2,28.25
1786073520,2026-08-07,1,11.983333333333333,0.0700280112044818,0.3800647662663954,NORMAL-CHOP,OVERNIGHT,6.25,17.974999999999998,35.949999999999996,29522.0,29503.75,-18.25,-38.0,STOP,1.7,3.75
1786075200,2026-08-07,-1,7.8,0.3958333333333333,-2.299267717238895,BUILDING,OVERNIGHT,-19.0,11.7,23.4,29483.0,29495.0,-12.0,-25.5,STOP,5.4,28.0
1786075980,2026-08-07,-1,8.5,0.2254901960784313,-6.989189287503516,BUILDING,OVERNIGHT,-11.5,12.75,25.5,29476.5,29489.5,-13.0,-27.5,STOP,6.4,21.5
1786076460,2026-08-07,1,11.6,0.175531914893617,3.172562643169801,NORMAL-CHOP,OVERNIGHT,16.5,17.4,34.8,29509.5,29491.75,-17.75,-37.0,STOP,4.7,47.5
1786077000,2026-08-07,1,12.816666666666666,0.4857142857142857,0.8651606289653611,CLEAN-TREND,OVERNIGHT,51.0,19.225,38.45,29523.75,29504.25,-19.5,-40.5,STOP,6.6,33.25
1786078440,2026-08-07,1,7.25,0.1018518518518518,0.1177874114722451,DEAD-CHOP,OVERNIGHT,5.5,10.875,21.75,29507.75,29529.5,21.75,42.0,TARGET,8.6,49.25
1786079280,2026-08-07,1,9.716666666666669,0.8217821782178217,6.944108392087021,BUILDING,OVERNIGHT,62.25,14.575000000000003,29.150000000000006,29554.25,29539.25,-15.0,-31.5,STOP,1.1,5.75
1786080720,2026-08-07,-1,7.766666666666667,0.099009900990099,-0.078101790009726,DEAD-CHOP,OVERNIGHT,-5.0,11.65,23.3,29535.75,29547.75,-12.0,-25.5,STOP,33.9,16.5
1786082820,2026-08-07,1,8.133333333333333,0.4151624548736462,0.936501481977678,BUILDING,OVERNIGHT,28.75,12.2,24.4,29559.0,29546.5,-12.5,-26.5,STOP,13.7,25.75
1786083840,2026-08-07,1,8.0,0.2313167259786477,0.2813807067635988,BUILDING,OVERNIGHT,16.25,12.0,24.0,29569.25,29557.0,-12.25,-26.0,STOP,15.5,23.75
1786084860,2026-08-07,-1,9.516666666666667,0.1854304635761589,-0.5805895487526282,DEAD-CHOP,OVERNIGHT,-14.0,14.275000000000002,28.550000000000004,29546.0,29560.75,-14.75,-31.0,STOP,24.4,14.25
1786086420,2026-08-07,1,9.766666666666667,0.4357142857142857,-0.1557940208310874,BUILDING,PRE-OPEN,30.5,14.650000000000002,29.300000000000004,29571.5,29600.8,29.3,57.1,TARGET,52.3,42.75
1786089720,2026-08-07,1,9.833333333333334,0.400611620795107,-1.7077868418879052,BUILDING,PRE-OPEN,32.75,14.75,29.5,29612.25,29597.25,-15.0,-31.5,STOP,2.9,36.5
1786090260,2026-08-07,1,10.45,0.3440860215053763,-0.029777301820433,BUILDING,PRE-OPEN,32.0,15.674999999999999,31.349999999999998,29616.25,29600.25,-16.0,-33.5,STOP,8.4,32.5
1786091400,2026-08-07,1,9.1,0.0476190476190476,4.717315237319396,DEAD-CHOP,PRE-OPEN,3.0,13.649999999999999,27.299999999999997,29632.25,29618.25,-14.0,-29.5,STOP,5.6,18.25
1786093260,2026-08-07,1,8.75,0.203883495145631,0.0212789236897355,BUILDING,PRE-OPEN,10.5,13.125,26.25,29640.0,29625.75,-14.25,-30.0,STOP,5.9,10.5
1786095720,2026-08-07,-1,7.466666666666667,0.1093117408906882,-3.0960110419529907,DEAD-CHOP,PRE-OPEN,-6.75,11.2,22.4,29625.75,29603.35,22.4,43.3,TARGET,34.0,33.5
1786098060,2026-08-07,-1,7.233333333333333,0.5025380710659898,2.353423294902644,BUILDING,PRE-OPEN,-24.75,10.85,21.7,29597.75,29609.0,-11.25,-24.0,STOP,3.2,5.5
1786099980,2026-08-07,-1,6.683333333333334,0.3377483443708609,-2.5059469383152986,BUILDING,PRE-OPEN,-12.75,10.025,20.05,29605.0,29615.5,-10.5,-22.5,STOP,6.2,2.75
1786101900,2026-08-07,1,7.283333333333333,0.2688172043010752,2.6748259775998218,BUILDING,PRE-OPEN,12.5,10.925,21.85,29652.25,29641.0,-11.25,-24.0,STOP,26.7,20.75
1786103640,2026-08-07,-1,6.533333333333333,0.5443037974683544,0.2597521095781434,BUILDING,PRE-OPEN,-21.5,9.8,19.6,29639.0,29619.4,19.6,37.7,TARGET,3.6,43.0
1786105680,2026-08-07,1,10.116666666666667,0.2202166064981949,1.8900453710632448,BUILDING,PRE-OPEN,15.25,15.175,30.35,29676.25,29660.75,-15.5,-32.5,STOP,0.8,191.0
1786105800,2026-08-07,1,23.2,0.443207126948775,0.9272633479353596,CLEAN-TREND,PRE-OPEN,49.75,34.8,69.6,29716.0,29785.6,69.6,137.7,TARGET,8.4,151.25
1786106520,2026-08-07,1,34.61666666666667,0.7875166002656042,-0.3434942641048055,CLEAN-TREND,PRE-OPEN,148.25,51.925,103.85,29810.0,29757.75,-52.25,-106.0,STOP,28.3,57.25
1786108320,2026-08-07,-1,17.333333333333332,0.6,1.7339516989375832,CLEAN-TREND,PRE-OPEN,-93.75,26.0,52.0,29744.0,29692.0,52.0,102.5,TARGET,15.0,179.75
1786109520,2026-08-07,1,24.48333333333333,0.2546230440967283,-0.8565370558020577,BUILDING,US,44.75,36.724999999999994,73.44999999999999,29774.25,29737.25,-37.0,-75.5,STOP,3.4,47.5
1786110960,2026-08-07,-1,38.53333333333333,0.075268817204301,-3.391161027321081,VIOLENT-WHIPSAW,US,-21.0,57.8,115.6,29693.75,29578.15,115.6,229.7,TARGET,15.1,129.5
1786112280,2026-08-07,1,41.55,0.1140657802659202,0.7328087530565718,VIOLENT-WHIPSAW,US,40.75,62.324999999999996,124.64999999999999,29695.0,29764.0,69.0,136.5,TIME,60.0,88.0
1786116180,2026-08-07,1,18.45,0.1696606786427145,0.904727331310727,VIOLENT-WHIPSAW,US,21.25,27.674999999999997,55.349999999999994,29789.0,29844.35,55.35,109.2,TARGET,6.1,66.0
1786116720,2026-08-07,1,14.383333333333333,0.8595744680851064,0.1645594946788774,CLEAN-TREND,US,101.0,21.575,43.15,29854.25,29832.25,-22.0,-45.5,STOP,2.2,0.75
1786117260,2026-08-07,-1,15.133333333333333,0.1618257261410788,-0.3547089276537121,NORMAL-CHOP,US,-19.5,22.7,45.4,29799.25,29822.25,-23.0,-47.5,STOP,2.3,130.25
1786119540,2026-08-07,-1,12.7,0.2336448598130841,-3.245723242976108,BUILDING,US,-18.75,19.049999999999997,38.099999999999994,29794.0,29813.5,-19.5,-40.5,STOP,0.3,125.0
1786119660,2026-08-07,-1,15.75,0.4077669902912621,-1.5578990769602172,CLEAN-TREND,US,-42.0,23.625,47.25,29775.25,29728.0,47.25,93.0,TARGET,3.6,106.25
1786119960,2026-08-07,-1,20.416666666666668,0.7894736842105263,-1.215055638517192,CLEAN-TREND,US,-123.75,30.625,61.25,29700.25,29731.25,-31.0,-63.5,STOP,7.6,31.25
1786121100,2026-08-07,1,17.483333333333334,0.5941558441558441,1.3441864853734018,CLEAN-TREND,US,91.5,26.225,52.45,29768.0,29741.5,-26.5,-54.5,STOP,7.1,12.75
1786122000,2026-08-07,-1,13.883333333333333,0.380352644836272,-1.0719028013000411,BUILDING,US,-37.75,20.825,41.65,29730.25,29751.5,-21.25,-44.0,STOP,1.4,4.75
1786124340,2026-08-07,1,11.9,0.3630573248407643,0.1744305535017641,BUILDING,US,28.5,17.85,35.7,29762.0,29743.75,-18.25,-38.0,STOP,1.5,1.0
1786126320,2026-08-07,-1,8.933333333333334,0.4074074074074074,0.0035202319691115,BUILDING,US,-24.75,13.4,26.8,29732.25,29705.45,26.8,52.1,TARGET,15.6,55.5
1786127700,2026-08-07,-1,12.016666666666667,0.3535911602209944,-2.59142334589978,BUILDING,US,-32.0,18.025000000000002,36.050000000000004,29692.75,29711.25,-18.5,-38.5,STOP,15.9,16.0
1786129140,2026-08-07,1,11.0,0.4521963824289405,4.752952190940617,BUILDING,US,43.75,16.5,33.0,29724.0,29757.0,33.0,64.5,TARGET,1.4,136.5
1786129560,2026-08-07,1,14.45,0.5378323108384458,0.888311938295461,CLEAN-TREND,US,65.75,21.674999999999997,43.349999999999994,29777.0,29820.35,43.35,85.2,TARGET,9.0,83.5
1786131000,2026-08-07,-1,13.766666666666667,0.272,1.2737363425641428,BUILDING,US,-34.0,20.650000000000002,41.300000000000004,29786.0,29807.0,-21.0,-43.5,STOP,19.5,14.0
1786132380,2026-08-07,1,13.25,0.3071253071253071,0.3122976962550702,BUILDING,US,31.25,19.875,39.75,29827.5,29807.25,-20.25,-42.0,STOP,13.4,33.0
1786134540,2026-08-07,-1,5.25,0.4776119402985074,0.1466395037831673,BUILDING,OVERNIGHT,-16.0,7.875,15.75,29804.25,29812.5,-8.25,-18.0,STOP,4.5,1.75
1786134960,2026-08-07,1,4.8,0.3538461538461538,0.0176515979183904,BUILDING,OVERNIGHT,11.5,7.199999999999999,14.399999999999999,29821.5,29814.0,-7.5,-16.5,STOP,6.1,22.5
1786136220,2026-08-07,1,4.783333333333333,0.3088235294117647,-0.1415646754053657,BUILDING,OVERNIGHT,10.5,7.175,14.35,29828.75,29843.1,14.35,27.2,TARGET,1.7,15.25
1786321380,2026-08-10,-1,15.0,0.18359375,,NORMAL-CHOP,OVERNIGHT,-23.5,22.5,45.0,29856.25,29811.25,45.0,88.5,TARGET,14.9,68.25
1786322520,2026-08-10,-1,15.3,0.549367088607595,-2.4630385540094584,CLEAN-TREND,OVERNIGHT,-54.25,22.950000000000003,45.900000000000006,29802.75,29826.0,-23.25,-48.0,STOP,5.8,14.75
1786324380,2026-08-10,1,12.966666666666669,0.55,1.0965468213631335,CLEAN-TREND,OVERNIGHT,38.5,19.450000000000003,38.900000000000006,29840.5,29879.4,38.9,76.3,TARGET,10.6,54.75
1786325460,2026-08-10,-1,12.533333333333331,0.1949367088607595,-1.172247272622898,NORMAL-CHOP,OVERNIGHT,-19.25,18.799999999999997,37.599999999999994,29844.25,29863.5,-19.25,-40.0,STOP,4.3,2.5
1786326360,2026-08-10,1,12.316666666666666,0.4465753424657534,2.14380367609332,BUILDING,OVERNIGHT,40.75,18.475,36.95,29884.25,29865.5,-18.75,-39.0,STOP,28.6,11.0
1786328160,2026-08-10,-1,8.816666666666666,0.20625,-0.1593453460242062,BUILDING,OVERNIGHT,-16.5,13.225,26.45,29859.5,29873.0,-13.5,-28.5,STOP,1.9,11.0
1786329300,2026-08-10,-1,7.783333333333333,0.2126696832579185,-0.5018132406369438,BUILDING,OVERNIGHT,-11.75,11.675,23.35,29852.5,29864.5,-12.0,-25.5,STOP,2.1,-0.0
1786329540,2026-08-10,1,7.95,0.3870967741935484,1.9168943696467144,BUILDING,OVERNIGHT,24.0,11.925,23.85,29882.25,29870.0,-12.25,-26.0,STOP,33.7,17.0
1786331880,2026-08-10,1,6.866666666666666,0.2349726775956284,0.7998964552428686,BUILDING,OVERNIGHT,10.75,10.299999999999999,20.599999999999998,29890.75,29880.0,-10.75,-23.0,STOP,2.4,11.25
1786333020,2026-08-10,1,8.283333333333333,0.225531914893617,0.0058454325669142,BUILDING,OVERNIGHT,13.25,12.425,24.85,29897.0,29884.25,-12.75,-27.0,STOP,16.7,7.0
1786334100,2026-08-10,-1,6.283333333333333,0.4044943820224719,2.3987704126940934,BUILDING,OVERNIGHT,-18.0,9.425,18.85,29872.75,29882.5,-9.75,-21.0,STOP,2.6,9.0
1786334940,2026-08-10,1,8.533333333333333,0.1891891891891892,0.6259390735006918,DEAD-CHOP,OVERNIGHT,14.0,12.8,25.6,29897.5,29884.25,-13.25,-28.0,STOP,26.9,16.5
1786336800,2026-08-10,-1,7.1,0.4921875,-1.3707000526944753,BUILDING,OVERNIGHT,-31.5,10.649999999999999,21.299999999999997,29869.5,29880.5,-11.0,-23.5,STOP,2.2,1.75
1786338300,2026-08-10,1,8.066666666666666,0.1637931034482758,1.8329581037051876,DEAD-CHOP,OVERNIGHT,9.5,12.1,24.2,29906.0,29930.2,24.2,46.9,TARGET,52.0,36.5
1786341600,2026-08-10,1,5.933333333333334,0.6043956043956044,2.09302709491508,BUILDING,OVERNIGHT,27.5,8.9,17.8,29934.75,29952.55,17.8,34.1,TARGET,10.2,29.0
1786342320,2026-08-10,1,7.1,0.4342629482071713,-0.1796760097527526,BUILDING,OVERNIGHT,27.25,10.649999999999999,21.299999999999997,29957.5,29946.5,-11.0,-23.5,STOP,7.5,6.25
1786343160,2026-08-10,-1,10.816666666666666,0.4063400576368876,0.8166540340386008,BUILDING,OVERNIGHT,-35.25,16.225,32.45,29915.25,29931.75,-16.5,-34.5,STOP,53.0,28.5
1786347300,2026-08-10,1,7.733333333333333,0.391812865497076,0.4887176888690839,BUILDING,PRE-OPEN,16.75,11.6,23.2,29958.25,29981.45,23.2,44.9,TARGET,9.3,26.75
1786348080,2026-08-10,-1,8.066666666666666,0.0880829015544041,-1.9041369398221564,DEAD-CHOP,PRE-OPEN,-4.25,12.1,24.2,29948.75,29961.25,-12.5,-26.5,STOP,11.3,13.0
1786348920,2026-08-10,1,9.433333333333334,0.2977099236641221,0.2317313681582094,BUILDING,PRE-OPEN,19.5,14.15,28.3,29975.25,29960.75,-14.5,-30.5,STOP,3.7,6.0
1786350060,2026-08-10,-1,10.016666666666667,0.22397476340694,-0.8068309518240236,BUILDING,PRE-OPEN,-17.75,15.025000000000002,30.050000000000004,29942.75,29958.25,-15.5,-32.5,STOP,3.1,3.75
1786352280,2026-08-10,1,6.216666666666667,0.4782608695652174,-0.0221738495166433,BUILDING,PRE-OPEN,19.25,9.325,18.65,29973.0,29963.0,-10.0,-21.5,STOP,20.7,11.25
1786354560,2026-08-10,-1,7.316666666666666,0.2838427947598253,0.982286752972023,BUILDING,PRE-OPEN,-16.25,10.975,21.95,29952.75,29930.8,21.95,42.4,TARGET,34.4,37.5
1786356780,2026-08-10,-1,8.55,0.3411764705882353,-0.6381793733159851,BUILDING,PRE-OPEN,-21.75,12.825000000000001,25.650000000000002,29921.5,29934.75,-13.25,-28.0,STOP,6.2,69.75
1786357440,2026-08-10,1,7.166666666666667,0.1587982832618025,-0.6180269530901286,DEAD-CHOP,PRE-OPEN,9.25,10.75,21.5,29951.5,29940.5,-11.0,-23.5,STOP,1.9,0.0
1786358100,2026-08-10,-1,7.15,0.1475409836065573,2.514154452905035,DEAD-CHOP,PRE-OPEN,-9.0,10.725000000000001,21.450000000000003,29927.25,29938.25,-11.0,-23.5,STOP,16.2,75.5
1786359600,2026-08-10,-1,9.616666666666667,0.3417721518987341,-1.2957271250712927,BUILDING,PRE-OPEN,-27.0,14.425,28.85,29894.0,29865.15,28.85,56.2,TARGET,11.4,48.75
1786360860,2026-08-10,1,11.2,0.0848329048843187,1.7395712329488489,NORMAL-CHOP,PRE-OPEN,8.25,16.799999999999997,33.599999999999994,29891.0,29873.75,-17.25,-36.0,STOP,3.5,24.0
1786361220,2026-08-10,1,11.033333333333331,0.4455958549222797,1.0743730280123935,BUILDING,PRE-OPEN,43.0,16.549999999999997,33.099999999999994,29898.5,29881.5,-17.0,-35.5,STOP,15.0,16.5
1786362180,2026-08-10,-1,10.566666666666666,0.3129251700680272,0.4603481433830503,BUILDING,PRE-OPEN,-23.0,15.85,31.7,29876.0,29844.3,31.7,61.9,TARGET,30.7,95.75
1786364160,2026-08-10,-1,11.183333333333334,0.2779220779220779,-2.672839584490115,BUILDING,PRE-OPEN,-26.75,16.775,33.55,29835.0,29801.45,33.55,65.6,TARGET,17.2,64.0
1786365300,2026-08-10,-1,9.666666666666666,0.6305220883534136,-2.259584589398989,BUILDING,PRE-OPEN,-39.25,14.5,29.0,29793.25,29808.0,-14.75,-31.0,STOP,0.9,66.5
1786366260,2026-08-10,-1,11.066666666666666,0.4125412541254125,-3.1346591062673363,BUILDING,PRE-OPEN,-31.25,16.6,33.2,29778.25,29795.25,-17.0,-35.5,STOP,8.3,59.25
1786367160,2026-08-10,1,9.866666666666667,0.5365853658536586,1.5815092697381854,BUILDING,PRE-OPEN,22.0,14.8,29.6,29800.5,29830.1,29.6,57.7,TARGET,23.2,60.75
1786368840,2026-08-10,-1,24.616666666666667,0.3703703703703703,-22.03639974451549,BUILDING,US,-75.0,36.925,73.85,29740.5,29777.75,-37.25,-76.0,STOP,0.8,21.5
1786369740,2026-08-10,1,31.03333333333333,0.4157894736842105,0.6422203225758939,CLEAN-TREND,US,79.0,46.55,93.1,29818.25,29771.25,-47.0,-95.5,STOP,2.8,81.75
1786370760,2026-08-10,1,30.28333333333333,0.2757201646090535,2.5887685535702305,BUILDING,US,50.25,45.425,90.85,29857.25,29811.5,-45.75,-93.0,STOP,18.4,42.75
1786373580,2026-08-10,-1,19.58333333333333,0.3533568904593639,-0.5488516382223406,BUILDING,US,-50.0,29.374999999999993,58.749999999999986,29808.0,29749.25,58.75,116.0,TARGET,40.5,66.75
1786376580,2026-08-10,1,15.883333333333333,0.1825192802056555,0.529699343276336,VIOLENT-WHIPSAW,US,17.75,23.825,47.65,29796.75,29844.4,47.65,93.8,TARGET,10.1,62.0
1786377420,2026-08-10,1,13.0,0.6147186147186147,0.2843203671910488,CLEAN-TREND,US,71.0,19.5,39.0,29853.0,29833.25,-19.75,-41.0,STOP,8.4,5.75
1786378080,2026-08-10,-1,10.866666666666667,0.1156069364161849,0.3058024976116018,NORMAL-CHOP,US,-10.0,16.3,32.6,29822.5,29839.25,-16.75,-35.0,STOP,15.9,92.25
1786379520,2026-08-10,-1,15.166666666666666,0.3596837944664031,-0.0747433808342624,BUILDING,US,-45.5,22.75,45.5,29781.0,29735.5,45.5,89.5,TARGET,10.6,50.75
1786381140,2026-08-10,1,12.65,0.3777777777777777,-0.1842029955282465,BUILDING,US,38.25,18.975,37.95,29780.5,29761.25,-19.25,-40.0,STOP,4.0,31.0
1786381620,2026-08-10,1,12.416666666666666,0.3426573426573426,0.8983959457862573,BUILDING,US,36.75,18.625,37.25,29787.5,29768.5,-19.0,-39.5,STOP,29.8,24.0
1786383840,2026-08-10,-1,8.45,0.4889867841409692,-0.1393017286602537,BUILDING,US,-27.75,12.674999999999999,25.349999999999998,29759.5,29772.5,-13.0,-27.5,STOP,26.6,17.25
1786385700,2026-08-10,-1,8.666666666666666,0.2785388127853881,0.5034887707417129,BUILDING,US,-15.25,13.0,26.0,29748.25,29761.5,-13.25,-28.0,STOP,15.8,6.0
1786387320,2026-08-10,1,7.95,0.4007782101167315,2.573120600386233,BUILDING,US,25.75,11.925,23.85,29771.75,29759.5,-12.25,-26.0,STOP,6.4,24.75
1786388220,2026-08-10,1,7.533333333333333,0.1931330472103004,2.048494065995233,DEAD-CHOP,US,11.25,11.3,22.6,29783.0,29771.25,-11.75,-25.0,STOP,43.5,13.5
1786391100,2026-08-10,-1,8.216666666666667,0.2520325203252032,-0.6266107398780053,BUILDING,US,-15.5,12.325,24.65,29766.75,29779.5,-12.75,-27.0,STOP,3.3,44.0
1786391400,2026-08-10,-1,10.633333333333333,0.2578313253012048,-10.648571629532167,BUILDING,US,-26.75,15.95,31.9,29748.5,29764.75,-16.25,-34.0,STOP,57.3,25.75
1786395240,2026-08-10,1,4.916666666666667,0.5407407407407407,0.0634413752026241,BUILDING,OVERNIGHT,18.25,7.375,14.75,29769.0,29763.5,-5.5,-12.5,TIME,5.0,1.0
1786400340,2026-08-10,-1,7.033333333333333,0.5767195767195767,0.4306993820404626,BUILDING,OVERNIGHT,-27.25,10.55,21.1,29745.5,29724.4,21.1,40.7,TARGET,14.3,26.25
1786402320,2026-08-10,1,4.533333333333333,0.1111111111111111,0.9177506950284652,DEAD-CHOP,OVERNIGHT,4.0,6.8,13.6,29734.5,29727.25,-7.25,-16.0,STOP,0.6,2.25
1786403940,2026-08-10,-1,3.283333333333333,0.36,-0.7199823387665231,BUILDING,OVERNIGHT,-6.75,4.925,9.85,29724.25,29714.4,9.85,18.2,TARGET,0.8,58.25
1786406100,2026-08-10,-1,7.9,0.4923857868020304,-4.004634946405577,BUILDING,OVERNIGHT,-24.25,11.850000000000001,23.700000000000003,29685.0,29697.25,-12.25,-26.0,STOP,3.5,19.0
1786406520,2026-08-11,-1,11.7,0.4576271186440678,-3.4196683545748585,BUILDING,OVERNIGHT,-47.25,17.549999999999997,35.099999999999994,29671.0,29689.0,-18.0,-37.5,STOP,2.0,3.5
1786407000,2026-08-11,1,15.016666666666667,0.2768595041322314,0.0526359698456427,BUILDING,OVERNIGHT,33.5,22.525000000000002,45.050000000000004,29718.75,29763.8,45.05,88.6,TARGET,16.6,84.25
1786409040,2026-08-11,1,8.316666666666666,0.2694063926940639,1.5340197530405897,BUILDING,OVERNIGHT,14.75,12.475,24.95,29779.25,29766.5,-12.75,-27.0,STOP,17.8,60.5
1786410480,2026-08-11,-1,8.733333333333333,0.4887892376681614,-0.9431267724386294,BUILDING,OVERNIGHT,-27.25,13.099999999999998,26.199999999999996,29766.0,29779.5,-13.5,-28.5,STOP,0.8,0.75
1786410780,2026-08-11,1,11.533333333333331,0.3301204819277108,-0.4505160475434678,BUILDING,OVERNIGHT,34.25,17.299999999999997,34.599999999999994,29821.75,29820.0,-1.75,-5.0,TIME,60.0,21.0
1786415400,2026-08-11,1,5.55,0.3557046979865771,-1.4796613223718384,BUILDING,OVERNIGHT,13.25,8.325,16.65,29830.75,29822.0,-8.75,-19.0,STOP,23.4,16.75
1786417020,2026-08-11,-1,5.8,0.6617647058823529,0.1733997578865774,BUILDING,OVERNIGHT,-22.5,8.7,17.4,29816.0,29825.0,-9.0,-19.5,STOP,4.9,1.25
1786418580,2026-08-11,1,5.8,0.4110429447852761,0.1493815131868204,BUILDING,OVERNIGHT,16.75,8.7,17.4,29839.0,29830.0,-9.0,-19.5,STOP,9.5,11.75
1786421400,2026-08-11,1,5.016666666666667,0.1724137931034483,0.8908278074322317,DEAD-CHOP,OVERNIGHT,7.5,7.525,15.05,29846.0,29861.05,15.05,28.6,TARGET,20.9,16.0
1786423380,2026-08-11,-1,5.583333333333333,0.28125,-0.9170101319393336,BUILDING,OVERNIGHT,-13.5,8.375,16.75,29838.5,29847.25,-8.75,-19.0,STOP,3.7,39.75
1786424880,2026-08-11,1,5.366666666666666,0.3166666666666666,0.9587985606631876,BUILDING,OVERNIGHT,9.5,8.049999999999999,16.099999999999998,29846.75,29838.25,-8.5,-18.5,STOP,9.5,8.25
1786425540,2026-08-11,-1,6.0,0.1578947368421052,-1.857163809312729,DEAD-CHOP,OVERNIGHT,-7.5,9.0,18.0,29827.75,29809.75,18.0,34.5,TARGET,10.2,40.75
1786426260,2026-08-11,-1,7.3,0.8640776699029126,2.516829047209924,BUILDING,OVERNIGHT,-44.5,10.95,21.9,29802.25,29813.5,-11.25,-24.0,STOP,2.6,39.25
1786427340,2026-08-11,-1,7.85,0.324074074074074,-1.8655336976072183,BUILDING,OVERNIGHT,-17.5,11.774999999999999,23.549999999999997,29798.5,29810.75,-12.25,-26.0,STOP,12.3,66.25
1786428180,2026-08-11,1,7.8,0.2135922330097087,-0.2639561646049292,BUILDING,OVERNIGHT,11.0,11.7,23.4,29815.75,29803.5,-12.25,-26.0,STOP,14.7,11.75
1786429140,2026-08-11,-1,7.45,0.3497942386831276,1.9078401476110536,BUILDING,OVERNIGHT,-21.25,11.175,22.35,29792.0,29769.65,22.35,43.2,TARGET,6.3,59.75
1786429920,2026-08-11,-1,10.533333333333331,0.6813186813186813,2.2878745361484936,BUILDING,OVERNIGHT,-62.0,15.799999999999997,31.599999999999994,29745.75,29762.0,-16.25,-34.0,STOP,6.5,19.75
1786430400,2026-08-11,1,13.15,0.0695443645083932,-3.691875440104672,NORMAL-CHOP,OVERNIGHT,7.25,19.725,39.45,29781.75,29761.75,-20.0,-41.5,STOP,8.7,7.5
1786431240,2026-08-11,-1,8.266666666666667,0.5798319327731093,0.412371879647892,BUILDING,OVERNIGHT,-34.5,12.400000000000002,24.800000000000004,29740.75,29753.5,-12.75,-27.0,STOP,4.9,14.75
1786433580,2026-08-11,1,11.25,0.3869047619047619,0.1790297447249028,BUILDING,PRE-OPEN,32.5,16.875,33.75,29769.25,29803.0,33.75,66.0,TARGET,29.9,36.25
1786435740,2026-08-11,-1,13.2,0.086859688195991,-2.062571539777198,NORMAL-CHOP,PRE-OPEN,-9.75,19.799999999999997,39.599999999999994,29748.0,29721.5,26.5,51.5,TIME,60.0,30.5
1786439880,2026-08-11,1,11.85,0.3253012048192771,0.650599476933382,BUILDING,PRE-OPEN,33.75,17.775,35.55,29759.5,29770.75,11.25,21.0,TIME,60.0,24.75
1786443540,2026-08-11,1,7.416666666666667,0.2300884955752212,1.794405259375404,BUILDING,PRE-OPEN,13.0,11.125,22.25,29773.5,29795.75,22.25,43.0,TARGET,2.8,113.5
1786443780,2026-08-11,1,7.933333333333334,0.5389830508474577,-2.252269713744391,BUILDING,PRE-OPEN,39.75,11.9,23.8,29802.0,29825.8,23.8,46.1,TARGET,4.3,85.0
1786445280,2026-08-11,1,5.866666666666666,0.3055555555555556,0.3093433434035509,BUILDING,PRE-OPEN,11.0,8.799999999999999,17.599999999999998,29819.25,29836.85,17.6,33.7,TARGET,12.1,67.75
1786447020,2026-08-11,-1,11.816666666666666,0.3377049180327869,0.3772057479927078,BUILDING,PRE-OPEN,-25.75,17.725,35.45,29850.5,29815.05,35.45,69.4,TARGET,19.5,40.0
1786448280,2026-08-11,-1,6.9,0.4124293785310734,-0.7021352494400724,BUILDING,PRE-OPEN,-18.25,10.350000000000001,20.700000000000003,29813.25,29824.0,-10.75,-23.0,STOP,1.6,2.75
1786449900,2026-08-11,1,7.116666666666666,0.2574257425742574,0.3493866801151915,BUILDING,PRE-OPEN,13.0,10.674999999999999,21.349999999999998,29840.0,29861.35,21.35,41.2,TARGET,7.1,31.5
1786450560,2026-08-11,1,7.916666666666667,0.6747404844290658,1.4278278536089866,BUILDING,PRE-OPEN,48.75,11.875,23.75,29871.0,29858.75,-12.25,-26.0,STOP,2.8,0.0
1786450980,2026-08-11,-1,10.6,0.3374233128834356,-1.3229864959860087,BUILDING,PRE-OPEN,-27.5,15.899999999999999,31.799999999999997,29821.5,29837.75,-16.25,-34.0,STOP,10.8,8.5
1786452660,2026-08-11,-1,6.683333333333334,0.3099415204678362,-0.171388091142318,BUILDING,PRE-OPEN,-13.25,10.025,20.05,29835.75,29846.25,-10.5,-22.5,STOP,5.5,199.75
1786453920,2026-08-11,-1,8.75,0.2103746397694524,1.7717506708845576,BUILDING,PRE-OPEN,-18.25,13.125,26.25,29825.25,29838.75,-13.5,-28.5,STOP,4.6,189.25
1786454880,2026-08-11,1,9.516666666666667,0.2319391634980988,2.1371654497977643,BUILDING,PRE-OPEN,15.25,14.275000000000002,28.550000000000004,29844.25,29829.5,-14.75,-31.0,STOP,1.0,-0.5
1786455060,2026-08-11,-1,15.883333333333333,0.4645669291338583,1.2648569046247793,CLEAN-TREND,US,-59.0,23.825,47.65,29766.25,29718.6,47.65,93.8,TARGET,3.4,130.25
1786455960,2026-08-11,-1,35.333333333333336,0.4035785288270377,0.2170229153824454,CLEAN-TREND,US,-101.5,53.0,106.0,29664.0,29717.25,-53.25,-108.0,STOP,12.5,28.0
1786456800,2026-08-11,1,30.433333333333334,0.286036036036036,1.5820879640401146,BUILDING,US,63.5,45.65,91.3,29745.5,29782.75,37.25,73.0,TIME,60.0,59.5
1786460700,2026-08-11,-1,15.7,0.0916666666666666,-1.6431502696981843,VIOLENT-WHIPSAW,US,-11.0,23.549999999999997,47.099999999999994,29756.0,29708.9,47.1,92.7,TARGET,4.5,109.0
1786461480,2026-08-11,-1,15.966666666666669,0.826302729528536,-0.6473619547628124,CLEAN-TREND,US,-83.25,23.950000000000003,47.900000000000006,29698.5,29722.75,-24.25,-50.0,STOP,2.5,51.5
1786462380,2026-08-11,-1,14.45,0.0254403131115459,-1.4003662604561693,NORMAL-CHOP,US,-3.25,21.674999999999997,43.349999999999994,29696.0,29652.65,43.35,85.2,TARGET,28.8,74.0
1786464180,2026-08-11,-1,11.55,0.2732394366197183,-0.7925370419052481,BUILDING,US,-24.25,17.325000000000003,34.650000000000006,29648.5,29666.25,-17.75,-37.0,STOP,1.8,44.25
1786465500,2026-08-11,-1,12.633333333333333,0.4418604651162791,-4.463927988172316,CLEAN-TREND,US,-42.75,18.95,37.9,29634.75,29654.0,-19.25,-40.0,STOP,10.5,61.75
1786466760,2026-08-11,-1,10.15,0.1858974358974359,-1.6671939824681927,DEAD-CHOP,US,-14.5,15.225000000000001,30.450000000000003,29621.75,29637.25,-15.5,-32.5,STOP,3.0,48.75
1786467720,2026-08-11,-1,9.266666666666667,0.2432432432432432,-1.7982423037487785,BUILDING,US,-15.75,13.900000000000002,27.800000000000004,29607.5,29622.25,-14.75,-31.0,STOP,3.8,34.5
1786468260,2026-08-11,-1,10.45,0.4313099041533546,-1.3874769112462202,BUILDING,US,-33.75,15.674999999999999,31.349999999999998,29593.25,29609.25,-16.0,-33.5,STOP,9.7,20.25
1786469700,2026-08-11,1,12.266666666666667,0.2880258899676375,1.6078977931714102,BUILDING,US,22.25,18.400000000000002,36.800000000000004,29623.5,29604.75,-18.75,-39.0,STOP,3.2,17.5
1786470120,2026-08-11,1,10.566666666666666,0.4018126888217522,1.116255748836975,BUILDING,US,33.25,15.85,31.7,29637.25,29621.0,-16.25,-34.0,STOP,17.3,3.75
1786471560,2026-08-11,-1,9.216666666666669,0.4063604240282685,-2.25003642927271,BUILDING,US,-28.75,13.825000000000003,27.650000000000006,29605.5,29577.85,27.65,53.8,TARGET,14.5,72.0
1786472820,2026-08-11,-1,10.366666666666667,0.6395759717314488,-7.731736111076831,BUILDING,US,-45.25,15.55,31.1,29561.75,29577.75,-16.0,-33.5,STOP,21.2,28.25
1786474320,2026-08-11,1,9.65,0.3370473537604457,0.0674295051355649,BUILDING,US,30.25,14.475000000000001,28.950000000000003,29592.25,29577.5,-14.75,-31.0,STOP,7.6,68.0
1786475220,2026-08-11,-1,9.75,0.2873563218390804,-1.2645410794225411,BUILDING,US,-18.75,14.625,29.25,29572.25,29587.25,-15.0,-31.5,STOP,2.3,0.75
1786475580,2026-08-11,1,10.8,0.3109243697478991,1.8339346126468192,BUILDING,US,27.75,16.200000000000003,32.400000000000006,29614.25,29646.65,32.4,63.3,TARGET,23.1,46.0
1786477080,2026-08-11,1,9.733333333333333,0.6933797909407665,0.2354213877855853,BUILDING,US,49.75,14.599999999999998,29.199999999999996,29658.25,29643.25,-15.0,-31.5,STOP,2.6,19.25
1786479360,2026-08-11,1,10.333333333333334,0.238095238095238,0.0937175442467475,BUILDING,OVERNIGHT,12.5,15.5,31.0,29648.75,29647.0,-1.75,-5.0,TIME,43.0,28.75
1786487460,2026-08-11,-1,5.2,0.3076923076923077,0.8599349330564096,BUILDING,OVERNIGHT,-10.0,7.800000000000001,15.600000000000001,29644.0,29652.25,-8.25,-18.0,STOP,1.4,10.25
1786488180,2026-08-11,-1,6.766666666666667,0.2669683257918552,-2.5713197893966875,BUILDING,OVERNIGHT,-14.75,10.15,20.3,29640.0,29650.5,-10.5,-22.5,STOP,9.5,6.25
1786490820,2026-08-11,1,3.716666666666667,0.0642201834862385,1.5500362389522395,DEAD-CHOP,OVERNIGHT,1.75,5.575,11.15,29650.5,29644.5,-6.0,-13.5,STOP,3.1,25.5
1786492200,2026-08-11,1,5.183333333333334,0.4409937888198758,4.114460891146442,BUILDING,OVERNIGHT,17.75,7.775,15.55,29656.5,29648.25,-8.25,-18.0,STOP,9.0,25.0
1786492860,2026-08-12,-1,9.816666666666666,0.0638297872340425,-7.3260052091651,DEAD-CHOP,OVERNIGHT,-4.5,14.725,29.45,29633.75,29648.75,-15.0,-31.5,STOP,0.6,8.0
1786494060,2026-08-12,1,10.6,0.3900709219858156,1.8703316044810367,BUILDING,OVERNIGHT,27.5,15.899999999999999,31.799999999999997,29669.5,29653.25,-16.25,-34.0,STOP,19.5,12.0
1786496580,2026-08-12,1,7.55,0.1529411764705882,-0.701352085471325,DEAD-CHOP,OVERNIGHT,6.5,11.325,22.65,29674.0,29662.25,-11.75,-25.0,STOP,4.0,10.75
1786497360,2026-08-12,-1,7.75,0.0974729241877256,0.3325440466644267,DEAD-CHOP,OVERNIGHT,-6.75,11.625,23.25,29661.75,29673.75,-12.0,-25.5,STOP,26.9,22.75
1786499040,2026-08-12,1,7.683333333333334,0.2313725490196078,-0.7003690351694817,BUILDING,OVERNIGHT,14.75,11.525,23.05,29678.25,29666.25,-12.0,-25.5,STOP,7.0,16.25
1786501500,2026-08-12,1,6.416666666666667,0.2203389830508474,-1.0458922931308423,BUILDING,OVERNIGHT,13.0,9.625,19.25,29672.5,29691.75,19.25,37.0,TARGET,8.3,38.0
1786502820,2026-08-12,1,4.433333333333334,0.3278688524590163,0.5311401703912975,BUILDING,OVERNIGHT,10.0,6.65,13.3,29695.0,29708.3,13.3,25.1,TARGET,12.6,15.5
1786506240,2026-08-12,-1,5.116666666666666,0.4,0.055414922744985,BUILDING,OVERNIGHT,-11.0,7.674999999999999,15.349999999999998,29691.5,29699.5,-8.0,-17.5,STOP,4.5,8.5
1786506780,2026-08-12,-1,4.75,0.2436974789915966,-2.4579509889399107,BUILDING,OVERNIGHT,-7.25,7.125,14.25,29688.25,29695.75,-7.5,-16.5,STOP,4.0,5.25
1786507560,2026-08-12,1,5.316666666666666,0.0643274853801169,-0.0081615625219772,DEAD-CHOP,OVERNIGHT,2.75,7.975,15.95,29700.5,29692.25,-8.25,-18.0,STOP,1.6,16.25
1786508640,2026-08-12,1,3.466666666666667,0.2347826086956521,0.1892443804687376,BUILDING,OVERNIGHT,6.75,5.2,10.4,29701.25,29695.75,-5.5,-12.5,STOP,3.1,15.5
1786509120,2026-08-12,-1,4.016666666666667,0.2878787878787879,-1.0663432400917034,BUILDING,OVERNIGHT,-9.5,6.025,12.05,29688.75,29695.25,-6.5,-14.5,STOP,3.6,20.75
1786510020,2026-08-12,1,4.8,0.4558823529411764,3.504965850989985,BUILDING,OVERNIGHT,15.5,7.199999999999999,14.399999999999999,29704.0,29696.5,-7.5,-16.5,STOP,18.2,12.75
1786511460,2026-08-12,-1,5.133333333333334,0.5730337078651685,-0.2083009722963409,BUILDING,OVERNIGHT,-25.5,7.700000000000001,15.400000000000002,29688.0,29672.6,15.4,29.3,TARGET,8.9,20.0
1786512120,2026-08-12,-1,6.05,0.4885844748858447,-3.112919148760514,BUILDING,OVERNIGHT,-26.75,9.075,18.15,29669.0,29678.5,-9.5,-20.5,STOP,1.4,1.0
1786512600,2026-08-12,1,6.583333333333333,0.1774193548387097,0.3663697466625303,DEAD-CHOP,OVERNIGHT,11.0,9.875,19.75,29696.25,29716.0,19.75,38.0,TARGET,24.1,28.25
1786514400,2026-08-12,1,4.6,0.6058394160583942,2.3933907786844038,BUILDING,OVERNIGHT,20.75,6.8999999999999995,13.799999999999999,29721.0,29713.75,-7.25,-16.0,STOP,10.3,28.0
1786515180,2026-08-12,-1,5.5,0.0909090909090909,-0.6175465154867916,DEAD-CHOP,OVERNIGHT,-3.75,8.25,16.5,29709.5,29718.0,-8.5,-18.5,STOP,3.6,11.75
1786515720,2026-08-12,-1,7.05,0.3480176211453744,-0.8159215049124378,BUILDING,OVERNIGHT,-19.75,10.575,21.15,29702.25,29713.25,-11.0,-23.5,STOP,6.9,4.5
1786516620,2026-08-12,1,5.183333333333334,0.4899328859060403,1.5342928242307097,BUILDING,OVERNIGHT,18.25,7.775,15.55,29719.5,29711.25,-8.25,-18.0,STOP,4.2,35.25
1786517940,2026-08-12,1,5.016666666666667,0.6551724137931034,1.899455614913547,BUILDING,OVERNIGHT,19.0,7.525,15.05,29737.0,29752.05,15.05,28.6,TARGET,6.4,17.75
1786519140,2026-08-12,-1,6.033333333333333,0.17,-0.2866012238226949,DEAD-CHOP,PRE-OPEN,-8.5,9.05,18.1,29737.5,29747.0,-9.5,-20.5,STOP,39.9,9.5
1786521600,2026-08-12,1,4.816666666666666,0.6880733944954128,7.040949582744071,BUILDING,PRE-OPEN,18.75,7.225,14.45,29753.75,29768.2,14.45,27.4,TARGET,1.3,45.75
1786521780,2026-08-12,1,6.433333333333334,0.8431372549019608,0.855780009668953,BUILDING,PRE-OPEN,43.0,9.65,19.3,29776.75,29766.75,-10.0,-21.5,STOP,1.7,27.5
1786522740,2026-08-12,1,6.516666666666667,0.1757575757575757,0.0656924106705302,DEAD-CHOP,PRE-OPEN,7.25,9.775,19.55,29779.75,29769.5,-10.25,-22.0,STOP,12.9,36.0
1786523580,2026-08-12,-1,5.85,0.2039800995024875,-0.1057715668446303,BUILDING,PRE-OPEN,-10.25,8.774999999999999,17.549999999999997,29767.0,29776.25,-9.25,-20.0,STOP,6.1,4.5
1786524420,2026-08-12,1,5.816666666666666,0.4074074074074074,0.0001969038278918,BUILDING,PRE-OPEN,19.25,8.725,17.45,29790.0,29807.45,17.45,33.4,TARGET,16.6,59.0
1786525740,2026-08-12,1,5.1,0.3617021276595745,3.0473530000630817,BUILDING,PRE-OPEN,12.75,7.6499999999999995,15.299999999999999,29811.0,29826.3,15.3,29.1,TARGET,13.7,38.0
1786526640,2026-08-12,1,6.983333333333333,0.72,-3.7811219319356617,BUILDING,PRE-OPEN,36.0,10.475,20.95,29845.25,29834.5,-10.75,-23.0,STOP,1.0,3.75
1786527900,2026-08-12,-1,5.716666666666667,0.1566265060240964,0.9271734072977658,DEAD-CHOP,PRE-OPEN,-6.5,8.575,17.15,29821.0,29830.25,-9.25,-20.0,STOP,4.1,18.5
1786528260,2026-08-12,-1,6.2,0.5757575757575758,0.2774644269166915,BUILDING,PRE-OPEN,-23.75,9.3,18.6,29813.25,29823.0,-9.75,-21.0,STOP,9.0,31.0
1786529400,2026-08-12,1,6.083333333333333,0.5617977528089888,0.2795626666655161,BUILDING,PRE-OPEN,25.0,9.125,18.25,29837.0,29827.5,-9.5,-20.5,STOP,38.0,8.25
1786532940,2026-08-12,1,7.466666666666667,0.3762376237623762,0.5229239155460793,BUILDING,PRE-OPEN,19.0,11.2,22.4,29836.75,29825.25,-11.5,-24.5,STOP,4.0,21.25
1786533300,2026-08-12,-1,6.916666666666667,0.3014354066985646,-0.2566077241701052,BUILDING,PRE-OPEN,-15.75,10.375,20.75,29812.25,29823.0,-10.75,-23.0,STOP,18.1,6.75
1786534740,2026-08-12,1,6.533333333333333,0.3660714285714285,-0.8969723097433847,BUILDING,PRE-OPEN,20.5,9.8,19.6,29827.5,29847.1,19.6,37.7,TARGET,19.9,122.5
1786536060,2026-08-12,1,6.366666666666666,0.7701149425287356,1.5163526180359954,BUILDING,PRE-OPEN,33.5,9.549999999999999,19.099999999999998,29856.5,29846.5,-10.0,-21.5,STOP,3.3,93.5
1786536960,2026-08-12,-1,7.316666666666666,0.5234042553191489,2.173048403453024,BUILDING,PRE-OPEN,-30.75,10.975,21.95,29825.0,29836.25,-11.25,-24.0,STOP,4.7,80.0
1786537440,2026-08-12,1,8.25,0.2355555555555555,-1.356444591241973,BUILDING,PRE-OPEN,13.25,12.375,24.75,29844.75,29869.5,24.75,48.0,TARGET,4.0,137.0
1786537740,2026-08-12,1,13.666666666666666,0.6551724137931034,10.96927174289922,CLEAN-TREND,PRE-OPEN,76.0,20.5,41.0,29906.0,29947.0,41.0,80.5,TARGET,0.0,86.25
1786539960,2026-08-12,1,9.533333333333331,0.5242290748898678,0.1984626482471955,BUILDING,PRE-OPEN,29.75,14.299999999999997,28.599999999999994,29937.5,29922.75,-14.75,-31.0,STOP,0.9,64.0
1786540500,2026-08-12,1,8.85,0.316546762589928,0.5798471462759841,BUILDING,PRE-OPEN,22.0,13.274999999999999,26.549999999999997,29942.75,29969.3,26.55,51.6,TARGET,4.2,58.75
1786540860,2026-08-12,1,8.583333333333334,0.4953271028037383,1.392100932712258,BUILDING,PRE-OPEN,39.75,12.875,25.75,29976.5,29963.25,-13.25,-28.0,STOP,4.1,25.0
1786541220,2026-08-12,1,10.033333333333331,0.719626168224299,3.275672691637821,BUILDING,PRE-OPEN,57.75,15.049999999999997,30.099999999999994,29983.0,29967.5,-15.5,-32.5,STOP,2.7,18.5
1786541460,2026-08-12,-1,16.85,0.1417910447761194,4.048449869701118,VIOLENT-WHIPSAW,US,-19.0,25.275000000000002,50.550000000000004,29927.75,29877.2,50.55,99.6,TARGET,3.0,92.0
1786542480,2026-08-12,1,33.71666666666667,0.2032967032967033,3.3468139724062533,BUILDING,US,55.5,50.575,101.15,29967.25,29916.25,-51.0,-103.5,STOP,2.6,2.0
1786542960,2026-08-12,-1,29.416666666666668,0.0961737331954498,-1.7971754985173611,VIOLENT-WHIPSAW,US,-23.25,44.125,88.25,29863.5,29908.0,-44.5,-90.5,STOP,1.4,27.75
1786543440,2026-08-12,-1,28.716666666666665,0.447680690399137,-1.2296598843885855,CLEAN-TREND,US,-103.75,43.074999999999996,86.14999999999999,29857.25,29900.75,-43.5,-88.5,STOP,1.5,21.5
1786543800,2026-08-12,1,26.53333333333333,0.1111111111111111,2.3556249667563125,VIOLENT-WHIPSAW,US,24.0,39.8,79.6,29925.75,29885.5,-40.25,-82.0,STOP,2.2,20.5
1786544760,2026-08-12,1,22.466666666666665,0.1165980795610425,2.3452877325874364,VIOLENT-WHIPSAW,US,21.25,33.699999999999996,67.39999999999999,29942.5,29908.5,-34.0,-69.5,STOP,2.8,1.75
1786546440,2026-08-12,-1,20.73333333333333,0.3811965811965812,-0.0983837047911867,BUILDING,US,-55.75,31.099999999999994,62.19999999999999,29861.25,29837.75,23.5,45.5,TIME,60.0,42.5
1786550460,2026-08-12,1,11.666666666666666,0.1932367149758454,0.8259017297462025,NORMAL-CHOP,US,20.0,17.5,35.0,29856.0,29891.0,35.0,68.5,TARGET,38.9,63.25
1786553400,2026-08-12,1,9.95,0.7125382262996942,3.3560674351117696,BUILDING,US,58.25,14.924999999999999,29.849999999999998,29911.75,29896.5,-15.25,-32.0,STOP,21.3,12.75
1786554900,2026-08-12,-1,8.3,0.2191235059760956,-1.5739376811477157,BUILDING,US,-13.75,12.450000000000001,24.900000000000002,29895.5,29908.25,-12.75,-27.0,STOP,5.8,7.25
1786555500,2026-08-12,1,9.0,0.0861423220973782,0.4223283463512527,DEAD-CHOP,US,5.75,13.5,27.0,29914.75,29901.0,-13.75,-29.0,STOP,4.9,9.25
1786557300,2026-08-12,-1,6.616666666666666,0.3076923076923077,-0.0529356454806241,BUILDING,US,-14.0,9.924999999999999,19.849999999999998,29902.5,29912.75,-10.25,-22.0,STOP,3.0,12.75
1786557780,2026-08-12,-1,7.116666666666666,0.2941176470588235,-0.2948457878119574,BUILDING,US,-13.75,10.674999999999999,21.349999999999998,29900.5,29911.75,-11.25,-24.0,STOP,7.6,15.75
1786560000,2026-08-12,1,6.633333333333334,0.3532338308457711,0.8431936635965074,BUILDING,US,17.75,9.950000000000001,19.900000000000002,29921.25,29911.0,-10.25,-22.0,STOP,6.4,7.5
1786560900,2026-08-12,-1,6.983333333333333,0.3224489795918367,-0.3070343714173094,BUILDING,US,-19.75,10.475,20.95,29899.25,29878.3,20.95,40.4,TARGET,18.7,73.0
1786562400,2026-08-12,-1,8.033333333333333,0.4838709677419355,-2.391966584415151,BUILDING,US,-22.5,12.05,24.1,29876.75,29852.65,24.1,46.7,TARGET,13.1,51.25
1786563720,2026-08-12,-1,8.666666666666666,0.2816901408450704,0.7955070850408743,BUILDING,US,-20.0,13.0,26.0,29837.0,29850.25,-13.25,-28.0,STOP,1.3,27.5
1786564140,2026-08-12,1,9.883333333333333,0.0965732087227414,0.1771342824117889,DEAD-CHOP,US,7.75,14.825,29.65,29866.75,29851.5,-15.25,-32.0,STOP,0.0,39.25
1786564500,2026-08-12,-1,14.35,0.167608286252354,6.365875188613548,NORMAL-CHOP,US,-22.25,21.525,43.05,29829.0,29851.0,-22.0,-45.5,STOP,3.3,19.5
1786564860,2026-08-12,1,16.183333333333334,0.2150537634408602,0.1261777571128669,BUILDING,OVERNIGHT,30.0,24.275,48.55,29871.75,29847.0,-24.75,-51.0,STOP,9.9,34.25
1786566120,2026-08-12,-1,9.983333333333333,0.4444444444444444,-0.3724562364917118,BUILDING,OVERNIGHT,-38.0,14.974999999999998,29.949999999999996,29826.0,29807.5,18.5,35.5,TIME,37.0,24.0
1786572960,2026-08-12,-1,7.85,0.4035087719298245,-3.0273216766354487,BUILDING,OVERNIGHT,-17.25,11.774999999999999,23.549999999999997,29799.75,29812.0,-12.25,-26.0,STOP,55.4,19.25
1786577160,2026-08-12,-1,4.4,0.1623931623931624,-1.6092147642239716,DEAD-CHOP,OVERNIGHT,-4.75,6.6000000000000005,13.200000000000001,29802.5,29809.5,-7.0,-15.5,STOP,11.0,10.0
1786579200,2026-08-13,1,8.15,0.2592592592592592,1.1358402376341807,BUILDING,OVERNIGHT,15.75,12.225000000000001,24.450000000000003,29823.5,29847.95,24.45,47.4,TARGET,2.3,43.0
1786579560,2026-08-13,1,10.566666666666666,0.6453488372093024,-1.2551738634431326,BUILDING,OVERNIGHT,55.5,15.85,31.7,29857.25,29841.0,-16.25,-34.0,STOP,10.1,9.25
1786581060,2026-08-13,-1,10.066666666666666,0.150375939849624,1.376817853555436,DEAD-CHOP,OVERNIGHT,-10.0,15.1,30.2,29832.0,29847.5,-15.5,-32.5,STOP,2.4,23.75
1786582920,2026-08-13,-1,8.933333333333334,0.3406593406593406,1.9056084405364244,BUILDING,OVERNIGHT,-23.25,13.4,26.8,29822.5,29836.25,-13.75,-29.0,STOP,2.7,14.25
1786584060,2026-08-13,-1,8.533333333333333,0.2058823529411764,-0.797539370629409,BUILDING,OVERNIGHT,-14.0,12.8,25.6,29822.75,29836.0,-13.25,-28.0,STOP,12.9,14.5
1786585920,2026-08-13,1,7.266666666666667,0.1441860465116279,0.2029289690324013,DEAD-CHOP,OVERNIGHT,7.75,10.9,21.8,29844.5,29866.3,21.8,42.1,TARGET,10.7,33.25
1786588200,2026-08-13,-1,5.45,0.1891891891891892,-1.5112074319589732,DEAD-CHOP,OVERNIGHT,-8.75,8.175,16.35,29852.75,29836.4,16.35,31.2,TARGET,2.4,21.75
1786588860,2026-08-13,1,8.833333333333334,0.0235690235690235,1.3222989880887477,DEAD-CHOP,OVERNIGHT,1.75,13.25,26.5,29869.25,29875.5,6.25,11.0,TIME,60.0,11.0
1786593780,2026-08-13,1,2.75,0.3548387096774194,6.238796251033213,BUILDING,OVERNIGHT,5.5,4.125,8.25,29882.0,29890.25,8.25,15.0,TARGET,6.0,14.25
1786594440,2026-08-13,-1,4.466666666666667,0.2242424242424242,-1.3299013166770122,BUILDING,OVERNIGHT,-9.25,6.7,13.4,29869.75,29856.35,13.4,25.3,TARGET,7.7,15.75
1786595700,2026-08-13,1,7.083333333333333,0.3098039215686274,-0.7657748355689012,BUILDING,OVERNIGHT,19.75,10.625,21.25,29890.5,29879.25,-11.25,-24.0,STOP,4.2,33.75
1786597380,2026-08-13,1,5.95,0.1518324607329843,1.4911676386310608,DEAD-CHOP,OVERNIGHT,7.25,8.925,17.85,29896.0,29913.85,17.85,34.2,TARGET,10.2,28.25
1786600740,2026-08-13,-1,6.016666666666667,0.3725490196078431,-1.1029269950727385,BUILDING,OVERNIGHT,-19.0,9.025,18.05,29884.0,29893.5,-9.5,-20.5,STOP,13.0,25.5
1786602060,2026-08-13,1,6.85,0.3076923076923077,-0.9083974410816708,BUILDING,OVERNIGHT,16.0,10.274999999999999,20.549999999999997,29900.75,29890.0,-10.75,-23.0,STOP,8.5,5.0
1786602900,2026-08-13,-1,7.9,0.1678832116788321,1.0226976466606938,DEAD-CHOP,OVERNIGHT,-11.5,11.850000000000001,23.700000000000003,29883.75,29860.05,23.7,45.9,TARGET,11.0,40.0
1786604160,2026-08-13,1,5.683333333333334,0.1025641025641025,0.0782802545205652,DEAD-CHOP,OVERNIGHT,4.0,8.525,17.05,29875.75,29892.8,17.05,32.6,TARGET,3.1,17.75
1786604640,2026-08-13,-1,8.583333333333334,0.0853242320819112,-0.90493265343635,DEAD-CHOP,PRE-OPEN,-6.25,12.875,25.75,29855.75,29869.0,-13.25,-28.0,STOP,19.0,27.0
1786605840,2026-08-13,1,6.866666666666666,0.3958333333333333,-0.7558117463189533,BUILDING,PRE-OPEN,19.0,10.299999999999999,20.599999999999998,29870.5,29859.75,-10.75,-23.0,STOP,33.1,11.5
1786607940,2026-08-13,-1,6.433333333333334,0.4883720930232558,0.0008358241777977,BUILDING,PRE-OPEN,-21.0,9.65,19.3,29859.5,29869.5,-10.0,-21.5,STOP,1.5,32.0
1786608120,2026-08-13,-1,7.75,0.3152173913043478,-2.527679122310019,BUILDING,PRE-OPEN,-14.5,11.625,23.25,29851.75,29863.75,-12.0,-25.5,STOP,4.1,24.25
1786609440,2026-08-13,1,10.666666666666666,0.0691823899371069,0.7434021652126503,NORMAL-CHOP,PRE-OPEN,5.5,16.0,32.0,29853.25,29837.0,-16.25,-34.0,STOP,49.8,22.0
1786612500,2026-08-13,-1,7.783333333333333,0.7403846153846154,2.556107976811942,BUILDING,PRE-OPEN,-38.5,11.675,23.35,29828.25,29840.25,-12.0,-25.5,STOP,4.0,1.25
1786613580,2026-08-13,1,6.3,0.391304347826087,-1.390737745420073,BUILDING,PRE-OPEN,18.0,9.45,18.9,29855.25,29874.15,18.9,36.3,TARGET,22.0,29.25
1786615020,2026-08-13,1,4.6,0.5862068965517241,1.1605166528082504,BUILDING,PRE-OPEN,21.25,6.8999999999999995,13.799999999999999,29877.75,29870.5,-7.25,-16.0,STOP,3.3,8.5
1786616220,2026-08-13,1,5.283333333333333,0.5596330275229358,1.021470805630354,BUILDING,PRE-OPEN,15.25,7.925,15.85,29881.25,29873.0,-8.25,-18.0,STOP,6.9,11.0
1786618020,2026-08-13,1,3.716666666666667,0.5,0.1780931126528323,BUILDING,PRE-OPEN,11.5,5.575,11.15,29882.25,29876.25,-6.0,-13.5,STOP,2.8,12.75
1786618800,2026-08-13,1,5.033333333333333,0.3205128205128205,5.705087692134772,BUILDING,PRE-OPEN,12.5,7.55,15.1,29888.5,29880.25,-8.25,-18.0,STOP,1.3,6.5
1786619580,2026-08-13,-1,6.633333333333334,0.2205128205128205,-0.9441255791637858,BUILDING,PRE-OPEN,-10.75,9.950000000000001,19.900000000000002,29871.0,29881.25,-10.25,-22.0,STOP,23.2,39.5
1786621080,2026-08-13,1,6.216666666666667,0.5328467153284672,0.9364614311996964,BUILDING,PRE-OPEN,18.25,9.325,18.65,29883.0,29873.25,-9.75,-21.0,STOP,11.6,12.0
1786622400,2026-08-13,-1,7.716666666666667,0.4896551724137931,-3.350731311959714,BUILDING,PRE-OPEN,-35.5,11.575,23.15,29857.5,29834.35,23.15,44.8,TARGET,9.8,44.5
1786623480,2026-08-13,-1,8.983333333333333,0.3,-2.5717736275349603,BUILDING,PRE-OPEN,-21.0,13.474999999999998,26.949999999999996,29819.75,29833.5,-13.75,-29.0,STOP,8.0,6.75
1786624140,2026-08-13,1,10.983333333333333,0.303834808259587,0.4311910065671912,BUILDING,PRE-OPEN,25.75,16.474999999999998,32.949999999999996,29848.0,29880.95,32.95,64.4,TARGET,0.0,73.0
1786625520,2026-08-13,1,13.566666666666666,0.2594339622641509,-1.6068817323552869,BUILDING,PRE-OPEN,27.5,20.35,40.7,29871.5,29912.2,40.7,79.9,TARGET,12.3,284.0
1786626540,2026-08-13,1,9.066666666666666,0.5652173913043478,-0.7930625986313952,BUILDING,PRE-OPEN,45.5,13.6,27.2,29917.75,29903.75,-14.0,-29.5,STOP,3.3,272.5
1786627800,2026-08-13,-1,9.3,0.1557788944723618,-4.905798114452666,DEAD-CHOP,US,-7.75,13.950000000000001,27.900000000000002,29893.75,29865.85,27.9,54.3,TARGET,1.2,31.0
1786628040,2026-08-13,1,17.566666666666666,0.2548330404217926,9.888516150923042,BUILDING,US,36.25,26.35,52.7,29945.25,29997.95,52.7,103.9,TARGET,1.7,321.5
1786628220,2026-08-13,1,22.85,0.5643105446118193,-1.925919173515554,CLEAN-TREND,US,121.75,34.275000000000006,68.55000000000001,30030.75,29996.0,-34.75,-71.0,STOP,6.3,236.25
1786628700,2026-08-13,1,32.45,0.4996265870052278,2.208194395339091,CLEAN-TREND,US,167.25,48.675000000000004,97.35000000000001,30064.5,30161.85,97.35,193.2,TARGET,12.2,202.5
1786629600,2026-08-13,1,23.25,0.5852760736196319,-0.6621682420822205,CLEAN-TREND,US,119.25,34.875,69.75,30183.5,30253.25,69.75,138.0,TARGET,31.4,83.5
1786631640,2026-08-13,1,13.45,0.7325905292479109,0.2621096898203139,CLEAN-TREND,US,65.75,20.174999999999997,40.349999999999994,30263.0,30242.5,-20.5,-42.5,STOP,3.6,4.0
1786632300,2026-08-13,-1,12.666666666666666,0.154228855721393,-3.1783543014625493,NORMAL-CHOP,US,-15.5,19.0,38.0,30219.75,30239.0,-19.25,-40.0,STOP,0.9,91.25
1786632600,2026-08-13,-1,14.2,0.4724770642201835,-0.3653665562642848,CLEAN-TREND,US,-51.5,21.299999999999997,42.599999999999994,30210.0,30231.75,-21.75,-45.0,STOP,11.4,84.5
1786634880,2026-08-13,-1,17.0,0.3505376344086021,-0.5795248504056719,BUILDING,US,-40.75,25.5,51.0,30183.0,30132.0,51.0,100.5,TARGET,8.2,79.0
1786636260,2026-08-13,-1,15.15,0.1608133086876155,-1.7459209882816522,NORMAL-CHOP,US,-21.75,22.725,45.45,30120.25,30143.25,-23.0,-47.5,STOP,9.6,16.25
1786636920,2026-08-13,1,14.833333333333334,0.1450676982591876,0.7263327640327569,NORMAL-CHOP,US,18.75,22.25,44.5,30158.0,30135.5,-22.5,-46.5,STOP,14.0,60.0
1786638300,2026-08-13,1,12.116666666666667,0.2171428571428571,2.2885762680988435,BUILDING,US,19.0,18.175,36.35,30184.75,30221.1,36.35,71.2,TARGET,39.5,65.5
1786641360,2026-08-13,1,7.25,0.4029850746268656,0.2139542738740153,BUILDING,US,20.25,10.875,21.75,30232.5,30221.25,-11.25,-24.0,STOP,22.1,17.75
1786643040,2026-08-13,-1,7.25,0.4166666666666667,-0.6509762825396719,BUILDING,US,-22.5,10.875,21.75,30214.75,30226.0,-11.25,-24.0,STOP,0.7,33.75
1786643640,2026-08-13,-1,7.716666666666667,0.2991452991452991,-0.3897773488150672,BUILDING,US,-17.5,11.575,23.15,30206.75,30218.75,-12.0,-25.5,STOP,3.8,25.75
1786644360,2026-08-13,-1,8.283333333333333,0.1941391941391941,-0.2471781725992711,DEAD-CHOP,US,-13.25,12.425,24.85,30200.25,30213.0,-12.75,-27.0,STOP,26.1,19.25
1786646460,2026-08-13,1,8.816666666666666,0.4470588235294118,1.2339658428582176,BUILDING,US,38.0,13.225,26.45,30231.5,30257.95,26.45,51.4,TARGET,24.1,41.75
1786648080,2026-08-13,1,7.95,0.4545454545454545,3.3975540338982086,BUILDING,US,26.25,11.925,23.85,30268.75,30256.5,-12.25,-26.0,STOP,3.2,4.5
1786648380,2026-08-13,-1,9.433333333333334,0.092063492063492,-2.2498234775675647,DEAD-CHOP,US,-7.25,14.15,28.3,30235.0,30206.7,28.3,55.1,TARGET,30.5,94.0
1786650300,2026-08-13,-1,8.533333333333333,0.5360824742268041,-0.6456486906681007,BUILDING,US,-26.0,12.8,25.6,30198.25,30172.65,25.6,49.7,TARGET,15.1,57.25
1786651320,2026-08-13,1,17.833333333333332,0.160621761658031,0.4159120909421311,VIOLENT-WHIPSAW,OVERNIGHT,15.5,26.75,53.5,30213.0,30216.0,3.0,4.5,TIME,57.0,6.5
1786662420,2026-08-13,1,3.583333333333333,0.5,0.6120588921345573,BUILDING,OVERNIGHT,11.5,5.375,10.75,30214.0,30208.25,-5.75,-13.0,STOP,0.2,18.5
1786662600,2026-08-13,1,3.8,0.40625,0.6730350399066839,BUILDING,OVERNIGHT,13.0,5.699999999999999,11.399999999999999,30216.25,30210.25,-6.0,-13.5,STOP,7.7,16.25
1786663380,2026-08-13,-1,6.283333333333333,0.2336448598130841,-2.962189384998392,BUILDING,OVERNIGHT,-12.5,9.425,18.85,30196.75,30206.5,-9.75,-21.0,STOP,36.0,18.75
1786665660,2026-08-14,1,5.45,0.5838926174496645,0.4304839037027949,BUILDING,OVERNIGHT,21.75,8.175,16.35,30218.25,30209.75,-8.5,-18.5,STOP,4.6,14.25
1786666560,2026-08-14,-1,11.533333333333331,0.4606060606060606,-7.669569833500801,BUILDING,OVERNIGHT,-38.0,17.299999999999997,34.599999999999994,30180.75,30146.15,34.6,67.7,TARGET,45.8,56.5
1786669380,2026-08-14,-1,8.0,0.6030534351145038,2.927768094645849,BUILDING,OVERNIGHT,-39.5,12.0,24.0,30135.5,30147.75,-12.25,-26.0,STOP,1.9,11.25
1786671480,2026-08-14,1,7.133333333333334,0.1330049261083744,0.3985618907249513,DEAD-CHOP,OVERNIGHT,6.75,10.700000000000001,21.400000000000002,30156.0,30177.4,21.4,41.3,TARGET,57.0,25.0
1786674960,2026-08-14,1,5.3,0.4142857142857143,0.6100158546114708,BUILDING,OVERNIGHT,14.5,7.949999999999999,15.899999999999999,30179.75,30171.5,-8.25,-18.0,STOP,3.0,8.5
1786675560,2026-08-14,-1,5.983333333333333,0.1055276381909547,1.51538440085236,DEAD-CHOP,OVERNIGHT,-5.25,8.975,17.95,30163.75,30173.0,-9.25,-20.0,STOP,35.1,14.75
1786677840,2026-08-14,1,4.233333333333333,0.5206611570247934,-0.9963050047374206,BUILDING,OVERNIGHT,15.75,6.35,12.7,30176.0,30169.25,-6.75,-15.0,STOP,5.2,12.25
1786678500,2026-08-14,-1,5.466666666666667,0.093167701863354,0.0820920748738882,DEAD-CHOP,OVERNIGHT,-3.75,8.2,16.4,30164.25,30147.85,16.4,31.3,TARGET,25.4,25.25
1786682100,2026-08-14,-1,5.216666666666667,0.4074074074074074,-5.5097756448170045,BUILDING,OVERNIGHT,-13.75,7.825,15.65,30143.5,30151.75,-8.25,-18.0,STOP,2.0,15.5
1786683720,2026-08-14,-1,3.933333333333333,0.4324324324324324,-0.5767830482206325,BUILDING,OVERNIGHT,-8.0,5.8999999999999995,11.799999999999999,30142.25,30130.45,11.8,22.1,TARGET,5.3,14.25
1786685640,2026-08-14,1,4.8,0.4081632653061224,3.3653887523610413,BUILDING,OVERNIGHT,10.0,7.199999999999999,14.399999999999999,30152.75,30167.15,14.4,27.3,TARGET,9.7,31.25
1786686420,2026-08-14,1,5.15,0.441340782122905,1.1060040573048222,BUILDING,OVERNIGHT,19.75,7.7250000000000005,15.450000000000001,30169.75,30161.75,-8.0,-17.5,STOP,14.4,14.25
1786687380,2026-08-14,-1,5.383333333333334,0.2631578947368421,1.1840564162475793,BUILDING,OVERNIGHT,-10.0,8.075000000000001,16.150000000000002,30159.75,30168.25,-8.5,-18.5,STOP,45.0,14.0
1786690200,2026-08-14,1,4.1,0.5259259259259259,-1.613892571008696,BUILDING,OVERNIGHT,17.75,6.1499999999999995,12.299999999999999,30171.75,30184.05,12.3,23.1,TARGET,9.4,32.0
1786690980,2026-08-14,1,5.15,0.7062937062937062,5.431857116871398,BUILDING,PRE-OPEN,25.25,7.7250000000000005,15.450000000000001,30192.75,30184.75,-8.0,-17.5,STOP,1.4,18.5
1786692720,2026-08-14,1,4.866666666666666,0.1830985915492957,0.5685787321611538,DEAD-CHOP,PRE-OPEN,6.5,7.299999999999999,14.599999999999998,30184.5,30199.1,14.6,27.7,TARGET,11.9,53.5
1786694400,2026-08-14,1,6.05,0.1830985915492957,2.393101850143172,DEAD-CHOP,PRE-OPEN,9.75,9.075,18.15,30209.0,30199.5,-9.5,-20.5,STOP,0.7,35.5
1786694700,2026-08-14,1,9.833333333333334,0.2298850574712643,6.663957200631179,BUILDING,PRE-OPEN,20.0,14.75,29.5,30220.75,30205.75,-15.0,-31.5,STOP,16.8,23.75
1786696200,2026-08-14,1,8.683333333333334,0.0307692307692307,1.485962609519691,DEAD-CHOP,PRE-OPEN,2.0,13.025,26.05,30233.0,30219.5,-13.5,-28.5,STOP,29.0,11.5
1786699440,2026-08-14,1,5.733333333333333,0.515625,-0.205754825073604,BUILDING,PRE-OPEN,16.5,8.6,17.2,30231.75,30222.75,-9.0,-19.5,STOP,5.2,18.25
1786699980,2026-08-14,-1,5.783333333333333,0.1666666666666666,0.2688369679288332,DEAD-CHOP,PRE-OPEN,-6.5,8.675,17.35,30213.75,30222.75,-9.0,-19.5,STOP,14.7,7.75
1786701060,2026-08-14,1,5.583333333333333,0.3526011560693641,0.0268167478559707,BUILDING,PRE-OPEN,15.25,8.375,16.75,30227.5,30244.25,16.75,32.0,TARGET,12.3,22.5
1786702740,2026-08-14,-1,4.15,0.4482758620689655,-0.142110880351371,BUILDING,PRE-OPEN,-9.75,6.2250000000000005,12.450000000000001,30233.75,30240.25,-6.5,-14.5,STOP,25.3,11.25
1786704720,2026-08-14,1,5.166666666666667,0.3265306122448979,-2.184527822687985,BUILDING,PRE-OPEN,16.0,7.75,15.5,30244.75,30260.25,15.5,29.5,TARGET,9.1,23.25
1786706400,2026-08-14,-1,5.316666666666666,0.4125874125874126,0.5465544186012498,BUILDING,PRE-OPEN,-14.75,7.975,15.95,30244.75,30253.25,-8.5,-18.5,STOP,5.6,38.0
1786707060,2026-08-14,-1,5.4,0.2650602409638554,-1.0107360371827925,BUILDING,PRE-OPEN,-11.0,8.100000000000001,16.200000000000003,30240.75,30249.25,-8.5,-18.5,STOP,0.4,34.0
1786707360,2026-08-14,1,5.916666666666667,0.2156862745098039,-0.7087499256914331,BUILDING,PRE-OPEN,11.0,8.875,17.75,30258.5,30249.25,-9.25,-20.0,STOP,2.9,21.75
1786708080,2026-08-14,1,6.116666666666666,0.2705882352941176,1.574912688636226,BUILDING,PRE-OPEN,11.5,9.174999999999999,18.349999999999998,30261.5,30279.85,18.35,35.2,TARGET,15.0,18.75
1786709460,2026-08-14,-1,8.0,0.2191235059760956,0.3762712583296735,BUILDING,PRE-OPEN,-13.75,12.0,24.0,30250.0,30226.0,24.0,46.5,TARGET,1.5,43.25
1786710480,2026-08-14,1,8.916666666666666,0.2170542635658914,1.0223867814582002,BUILDING,PRE-OPEN,14.0,13.375,26.75,30251.25,30278.0,26.75,52.0,TARGET,4.2,36.0
1786712700,2026-08-14,1,6.766666666666667,0.2521739130434782,2.590173613183285,BUILDING,PRE-OPEN,14.5,10.15,20.3,30281.0,30270.5,-10.5,-22.5,STOP,0.2,-0.25
1786713120,2026-08-14,-1,7.9,0.1986970684039088,-0.1916525863638783,DEAD-CHOP,PRE-OPEN,-15.25,11.850000000000001,23.700000000000003,30258.75,30235.05,23.7,45.9,TARGET,17.0,88.75
1786714380,2026-08-14,-1,16.7,0.4173669467787115,-4.536795342540827,CLEAN-TREND,US,-37.25,25.049999999999997,50.099999999999994,30213.25,30238.75,-25.5,-52.5,STOP,8.9,84.25
1786716960,2026-08-14,-1,19.716666666666665,0.1098696461824953,-2.5786141927887845,VIOLENT-WHIPSAW,US,-14.75,29.574999999999996,59.14999999999999,30207.5,30148.35,59.15,116.8,TARGET,10.5,120.0
1786717800,2026-08-14,-1,22.2,0.5829528158295282,-1.822053478283816,CLEAN-TREND,US,-95.75,33.3,66.6,30131.75,30165.5,-33.75,-69.0,STOP,5.4,99.25
1786719540,2026-08-14,-1,13.666666666666666,0.2935560859188544,-2.482821883052349,BUILDING,US,-30.75,20.5,41.0,30123.5,30144.25,-20.75,-43.0,STOP,1.1,98.5
1786719720,2026-08-14,-1,14.55,0.3302752293577982,-0.077833013524456,BUILDING,US,-36.0,21.825000000000003,43.650000000000006,30119.5,30075.85,43.65,85.8,TARGET,19.5,94.5
1786721040,2026-08-14,-1,13.95,0.5730858468677494,1.171866119347399,CLEAN-TREND,US,-61.75,20.924999999999997,41.849999999999994,30045.75,30067.0,-21.25,-44.0,STOP,4.5,20.75
1786723200,2026-08-14,1,12.0,0.2074468085106383,1.10003909235914,BUILDING,US,19.5,18.0,36.0,30083.5,30065.25,-18.25,-38.0,STOP,5.2,24.0
1786724460,2026-08-14,1,9.333333333333334,0.4625550660792951,0.7513550384781036,BUILDING,US,26.25,14.0,28.0,30092.5,30078.25,-14.25,-30.0,STOP,10.2,15.0
1786726320,2026-08-14,-1,9.3,0.5298804780876494,-0.6458182368665046,BUILDING,US,-33.25,13.950000000000001,27.900000000000002,30059.0,30073.25,-14.25,-30.0,STOP,14.8,12.0
1786727460,2026-08-14,1,8.95,0.1484375,0.8228784828874719,DEAD-CHOP,US,9.5,13.424999999999999,26.849999999999998,30077.25,30063.5,-13.75,-29.0,STOP,1.8,14.5
1786728240,2026-08-14,-1,9.666666666666666,0.167235494880546,-1.4996413088074994,DEAD-CHOP,US,-12.25,14.5,29.0,30053.25,30068.0,-14.75,-31.0,STOP,6.9,6.25
1786729800,2026-08-14,-1,8.133333333333333,0.3333333333333333,-0.3370494443876285,BUILDING,US,-18.0,12.2,24.4,30053.0,30065.5,-12.5,-26.5,STOP,1.4,1.5
1786729980,2026-08-14,1,8.0,0.3386454183266932,1.732584180730903,BUILDING,US,21.25,12.0,24.0,30074.25,30098.25,24.0,46.5,TARGET,56.7,29.75
1786733460,2026-08-14,1,6.033333333333333,0.6326530612244898,0.533852428932601,BUILDING,US,31.0,9.05,18.1,30101.0,30091.5,-9.5,-20.5,STOP,1.5,28.75
1786735560,2026-08-14,1,6.65,0.2068965517241379,1.1032162239815757,BUILDING,US,9.0,9.975000000000001,19.950000000000003,30095.0,30114.95,19.95,38.4,TARGET,16.9,58.0
1786736940,2026-08-14,1,7.25,0.2977777777777777,-0.1685314840557235,BUILDING,US,16.75,10.875,21.75,30119.75,30141.5,21.75,42.0,TARGET,9.8,33.25
1786739460,2026-08-14,1,3.3666666666666667,0.2098765432098765,-0.7038111256331809,BUILDING,OVERNIGHT,4.25,5.05,10.1,30136.75,30146.85,10.1,18.7,TARGET,16.0,18.0
1786741080,2026-08-14,1,3.35,0.2525252525252525,-0.2166438117468839,BUILDING,OVERNIGHT,6.25,5.025,10.05,30148.75,30154.5,5.75,10.0,TIME,1.0,6.0
